#! /c/Source/iverilog-install/bin/vvp
:ivl_version "12.0 (devel)" "(s20150603-1539-g2693dd32b)";
:ivl_delay_selection "TYPICAL";
:vpi_time_precision - 12;
:vpi_module "C:\iverilog\lib\ivl\system.vpi";
:vpi_module "C:\iverilog\lib\ivl\vhdl_sys.vpi";
:vpi_module "C:\iverilog\lib\ivl\vhdl_textio.vpi";
:vpi_module "C:\iverilog\lib\ivl\v2005_math.vpi";
:vpi_module "C:\iverilog\lib\ivl\va_math.vpi";
:vpi_module "C:\iverilog\lib\ivl\v2009.vpi";
S_0000014175d13a20 .scope package, "$unit" "$unit" 2 1;
 .timescale 0 0;
S_0000014175c3a2b0 .scope module, "controller_tb" "controller_tb" 3 4;
 .timescale -9 -12;
P_0000014175ba7db0 .param/l "FIFO_DEPTH" 0 3 9, +C4<00000000000000000000000010000000>;
P_0000014175ba7de8 .param/l "FIFO_WIDTH" 0 3 10, +C4<00000000000000000000000001000000>;
v0000014175d9be40_0 .var "cfg_data", 63 0;
v0000014175d9bd00_0 .var "cfg_en", 0 0;
v0000014175d9bf80_0 .var "clk", 0 0;
v0000014175d95e00_0 .var "core_done_vec", 63 0;
v0000014175d95400_0 .net "core_id_cmt_core", 5 0, v0000014175d72f30_0;  1 drivers
v0000014175d96c60_0 .net "dispatch_addr", 31 0, v0000014175d99d20_0;  1 drivers
v0000014175d94500_0 .net "dispatch_core_id", 5 0, v0000014175d996e0_0;  1 drivers
v0000014175d96b20_0 .net "done_ack", 0 0, v0000014175d731b0_0;  1 drivers
o0000014175d2cc18 .functor BUFZ 4, C4<zzzz>; HiZ drive
v0000014175d95d60_0 .net "err_bus", 3 0, o0000014175d2cc18;  0 drivers
v0000014175d945a0_0 .net "full", 0 0, L_0000014175d94960;  1 drivers
v0000014175d96760_0 .var "rst_n", 0 0;
S_0000014175d1d660 .scope begin, "$ivl_for_loop2" "$ivl_for_loop2" 3 191, 3 191 0, S_0000014175c3a2b0;
 .timescale -9 -12;
v0000014175ce73e0_0 .var/2s "i", 31 0;
S_0000014175d07910 .scope begin, "$ivl_for_loop3" "$ivl_for_loop3" 3 198, 3 198 0, S_0000014175c3a2b0;
 .timescale -9 -12;
v0000014175ce7480_0 .var/2s "b", 31 0;
S_0000014175d16090 .scope begin, "$ivl_for_loop4" "$ivl_for_loop4" 3 247, 3 247 0, S_0000014175c3a2b0;
 .timescale -9 -12;
v0000014175ce6e40_0 .var/2s "i", 31 0;
S_0000014175c3bf90 .scope begin, "$ivl_for_loop5" "$ivl_for_loop5" 3 253, 3 253 0, S_0000014175c3a2b0;
 .timescale -9 -12;
v0000014175ce7fc0_0 .var/2s "i", 31 0;
S_0000014175d083f0 .scope begin, "$ivl_for_loop6" "$ivl_for_loop6" 3 276, 3 276 0, S_0000014175c3a2b0;
 .timescale -9 -12;
v0000014175ce7020_0 .var/2s "i", 31 0;
S_0000014175bd2120 .scope begin, "$ivl_for_loop7" "$ivl_for_loop7" 3 359, 3 359 0, S_0000014175c3a2b0;
 .timescale -9 -12;
v0000014175ce6ee0_0 .var/2s "i", 31 0;
S_0000014175bd22b0 .scope task, "finish_active_cores" "finish_active_cores" 3 121, 3 121 0, S_0000014175c3a2b0;
 .timescale -9 -12;
v0000014175ce7160_0 .var "mask", 63 0;
E_0000014175cfc360 .event posedge, v0000014175ce75c0_0;
TD_controller_tb.finish_active_cores ;
    %wait E_0000014175cfc360;
    ; show_stmt_assign_vector: Get l-value for compressed |= operand
    %load/vec4 v0000014175d95e00_0;
    %load/vec4 v0000014175ce7160_0;
    %or;
    %store/vec4 v0000014175d95e00_0, 0, 64;
    %end;
S_0000014175b82ce0 .scope task, "host_send_task" "host_send_task" 3 97, 3 97 0, S_0000014175c3a2b0;
 .timescale -9 -12;
v0000014175ce78e0_0 .var "addr", 31 0;
v0000014175ce77a0_0 .var "dep", 9 0;
v0000014175ce8380_0 .var "id", 9 0;
v0000014175ce7e80_0 .var "quota", 9 0;
E_0000014175cfbde0 .event negedge, v0000014175d72530_0;
TD_controller_tb.host_send_task ;
    %load/vec4 v0000014175d945a0_0;
    %flag_set/vec4 8;
    %jmp/0xz  T_1.0, 8;
    %vpi_call/w 3 99 "$display", "[WARN] FIFO Full. Waiting for system to drain..." {0 0 0};
    %wait E_0000014175cfbde0;
T_1.0 ;
    %wait E_0000014175cfc360;
    %vpi_call/w 3 104 "$display", "LOG_HOST,%0t,%0d,%0d,%0d", $time, v0000014175ce8380_0, v0000014175ce7e80_0, v0000014175ce77a0_0 {0 0 0};
    %load/vec4 v0000014175ce8380_0;
    %load/vec4 v0000014175ce7e80_0;
    %concat/vec4; draw_concat_vec4
    %load/vec4 v0000014175ce78e0_0;
    %concat/vec4; draw_concat_vec4
    %load/vec4 v0000014175ce77a0_0;
    %concat/vec4; draw_concat_vec4
    %concati/vec4 0, 0, 2;
    %store/vec4 v0000014175d9be40_0, 0, 64;
    %pushi/vec4 1, 0, 1;
    %store/vec4 v0000014175d9bd00_0, 0, 1;
    %wait E_0000014175cfc360;
    %pushi/vec4 0, 0, 1;
    %store/vec4 v0000014175d9bd00_0, 0, 1;
    %pushi/vec4 0, 0, 64;
    %store/vec4 v0000014175d9be40_0, 0, 64;
    %end;
S_0000014175b82e70 .scope task, "print_tmt_snapshot" "print_tmt_snapshot" 3 143, 3 143 0, S_0000014175c3a2b0;
 .timescale -9 -12;
TD_controller_tb.print_tmt_snapshot ;
    %vpi_call/w 3 144 "$display", "\012=====================================================================" {0 0 0};
    %vpi_call/w 3 145 "$display", "=                  TMT SNAPSHOT @ TIME %0t                   =", $time {0 0 0};
    %vpi_call/w 3 146 "$display", "=====================================================================" {0 0 0};
    %vpi_call/w 3 147 "$display", "IDX | VALID | TASK_ID | QUOTA | DISP_CNT | FINISHED_CNT | STATE" {0 0 0};
    %fork t_1, S_0000014175c01e30;
    %jmp t_0;
    .scope S_0000014175c01e30;
t_1 ;
    %pushi/vec4 0, 0, 32;
    %store/vec4 v0000014175ce6b20_0, 0, 32;
T_2.2 ;
    %load/vec4 v0000014175ce6b20_0;
    %cmpi/s 16, 0, 32;
    %jmp/0xz T_2.3, 5;
    %load/vec4 v0000014175d9a720_0;
    %load/vec4 v0000014175ce6b20_0;
    %part/s 1;
    %flag_set/vec4 8;
    %jmp/0xz  T_2.4, 8;
    %vpi_call/w 3 150 "$display", "%3d |   1   |   %4d  |  %4d |    %4d  |      %4d    |   %2b", v0000014175ce6b20_0, &A<v0000014175d9a5e0, v0000014175ce6b20_0 >, &A<v0000014175d9a040, v0000014175ce6b20_0 >, &A<v0000014175d9a900, v0000014175ce6b20_0 >, &A<v0000014175d99500, v0000014175ce6b20_0 >, &A<v0000014175d9a400, v0000014175ce6b20_0 > {0 0 0};
T_2.4 ;
    ; show_stmt_assign_vector: Get l-value for compressed += operand
    %load/vec4 v0000014175ce6b20_0;
    %pushi/vec4 1, 0, 32;
    %add;
    %cast2;
    %store/vec4 v0000014175ce6b20_0, 0, 32;
    %jmp T_2.2;
T_2.3 ;
    %end;
    .scope S_0000014175b82e70;
t_0 %join;
    %vpi_call/w 3 156 "$display", "=====================================================================\012" {0 0 0};
    %end;
S_0000014175c01e30 .scope begin, "$ivl_for_loop1" "$ivl_for_loop1" 3 148, 3 148 0, S_0000014175b82e70;
 .timescale -9 -12;
v0000014175ce6b20_0 .var/2s "i", 31 0;
S_0000014175c01fc0 .scope task, "run_random_completions" "run_random_completions" 3 127, 3 127 0, S_0000014175c3a2b0;
 .timescale -9 -12;
v0000014175ce6800_0 .var/2s "cycles", 31 0;
TD_controller_tb.run_random_completions ;
    %load/vec4 v0000014175ce6800_0;
T_3.6 %dup/vec4;
    %pushi/vec4 0, 0, 32;
    %cmp/s;
    %jmp/1xz T_3.7, 5;
    %jmp/1 T_3.7, 4;
    %pushi/vec4 1, 0, 32;
    %sub;
    %wait E_0000014175cfc360;
    %fork t_3, S_0000014175bf7460;
    %jmp t_2;
    .scope S_0000014175bf7460;
t_3 ;
    %pushi/vec4 0, 0, 32;
    %store/vec4 v0000014175ce7520_0, 0, 32;
T_3.8 ;
    %load/vec4 v0000014175ce7520_0;
    %cmpi/s 64, 0, 32;
    %jmp/0xz T_3.9, 5;
    %load/vec4 v0000014175ce6580_0;
    %load/vec4 v0000014175ce7520_0;
    %part/s 1;
    %cmpi/e 1, 0, 1;
    %flag_get/vec4 4;
    %jmp/0 T_3.12, 4;
    %load/vec4 v0000014175d95e00_0;
    %load/vec4 v0000014175ce7520_0;
    %part/s 1;
    %pushi/vec4 0, 0, 1;
    %cmp/e;
    %flag_get/vec4 4;
    %and;
T_3.12;
    %flag_set/vec4 8;
    %jmp/0xz  T_3.10, 8;
    %vpi_func 3 135 "$urandom" 32 {0 0 0};
    %pushi/vec4 100, 0, 32;
    %mod;
    %cmpi/u 2, 0, 32;
    %jmp/0xz  T_3.13, 5;
    %pushi/vec4 1, 0, 1;
    %ix/load 5, 0, 0;
    %ix/getv/s 4, v0000014175ce7520_0;
    %assign/vec4/off/d v0000014175d95e00_0, 4, 5;
T_3.13 ;
T_3.10 ;
    ; show_stmt_assign_vector: Get l-value for compressed += operand
    %load/vec4 v0000014175ce7520_0;
    %pushi/vec4 1, 0, 32;
    %add;
    %cast2;
    %store/vec4 v0000014175ce7520_0, 0, 32;
    %jmp T_3.8;
T_3.9 ;
    %end;
    .scope S_0000014175c01fc0;
t_2 %join;
    %jmp T_3.6;
T_3.7 ;
    %pop/vec4 1;
    %end;
S_0000014175bf7460 .scope begin, "$ivl_for_loop0" "$ivl_for_loop0" 3 131, 3 131 0, S_0000014175c01fc0;
 .timescale -9 -12;
v0000014175ce7520_0 .var/2s "i", 31 0;
S_0000014175bf75f0 .scope module, "uut" "controller" 3 38, 4 7 0, S_0000014175c3a2b0;
 .timescale -9 -12;
    .port_info 0 /INPUT 1 "i_clk";
    .port_info 1 /INPUT 1 "i_rst_n";
    .port_info 2 /INPUT 1 "i_cfg_en";
    .port_info 3 /INPUT 64 "i_cfg_data";
    .port_info 4 /OUTPUT 1 "o_full";
    .port_info 5 /OUTPUT 32 "dispatch_addr";
    .port_info 6 /OUTPUT 6 "dispatch_core_id";
    .port_info 7 /INPUT 64 "core_done_vec";
    .port_info 8 /OUTPUT 6 "core_id_cmt_core";
    .port_info 9 /OUTPUT 1 "done_ack";
    .port_info 10 /OUTPUT 4 "o_err_bus";
P_0000014175ba7130 .param/l "FIFO_DEPTH" 0 4 8, +C4<00000000000000000000000010000000>;
P_0000014175ba7168 .param/l "FIFO_WIDTH" 0 4 9, +C4<00000000000000000000000001000000>;
v0000014175d9acc0_0 .net *"_ivl_0", 3 0, L_0000014175d96620;  1 drivers
v0000014175d9b4e0_0 .net "ava_core_id_wire", 5 0, L_0000014175c39910;  1 drivers
v0000014175d9a7c0_0 .net "ava_core_valid_wire", 0 0, L_0000014175c39bb0;  1 drivers
v0000014175d99820_0 .net "cmt_err_wire", 1 0, v0000014175d727b0_0;  1 drivers
v0000014175d9a9a0_0 .net "core_done_vec", 63 0, v0000014175d95e00_0;  1 drivers
v0000014175d9aae0_0 .net "core_id_cmt_core", 5 0, v0000014175d72f30_0;  alias, 1 drivers
v0000014175d9ab80_0 .net "dispatch_addr", 31 0, v0000014175d99d20_0;  alias, 1 drivers
v0000014175d9ac20_0 .net "dispatch_core_id", 5 0, v0000014175d996e0_0;  alias, 1 drivers
v0000014175d9ae00_0 .net "done_ack", 0 0, v0000014175d731b0_0;  alias, 1 drivers
v0000014175d9aea0_0 .net "empty_wire", 0 0, L_0000014175d961c0;  1 drivers
v0000014175d9afe0_0 .net "err_bus", 0 0, L_0000014175d95cc0;  1 drivers
v0000014175d9b080_0 .net "fifo_tmt_data_wire", 63 0, L_0000014175cf5710;  1 drivers
v0000014175d9b580_0 .net "i_cfg_data", 63 0, v0000014175d9be40_0;  1 drivers
v0000014175d9b9e0_0 .net "i_cfg_en", 0 0, v0000014175d9bd00_0;  1 drivers
v0000014175d9bb20_0 .net "i_clk", 0 0, v0000014175d9bf80_0;  1 drivers
v0000014175d9b260_0 .net "i_rst_n", 0 0, v0000014175d96760_0;  1 drivers
v0000014175d99b40_0 .net "instance_id_tmt_cmt_wire", 9 0, v0000014175d9b620_0;  1 drivers
v0000014175d99640_0 .net "o_err_bus", 3 0, o0000014175d2cc18;  alias, 0 drivers
v0000014175d9b3a0_0 .net "o_full", 0 0, L_0000014175d94960;  alias, 1 drivers
v0000014175d9bda0_0 .net "task_done_pulse_wire", 0 0, v0000014175d728f0_0;  1 drivers
v0000014175d9c340_0 .net "task_id_tmt_cmt_wire", 9 0, v0000014175d9bbc0_0;  1 drivers
v0000014175d9c020_0 .net "terminated_tmt_idx_wire", 3 0, v0000014175d71590_0;  1 drivers
v0000014175d9c0c0_0 .net "tmt_cmt_ack_wire", 0 0, v0000014175d995a0_0;  1 drivers
v0000014175d9c160_0 .net "tmt_err_wire", 1 0, v0000014175d9a4a0_0;  1 drivers
v0000014175d9c200_0 .net "tmt_fifo_ack_wire", 0 0, L_0000014175cf5160;  1 drivers
v0000014175d9bee0_0 .net "tmt_idx_tmt_cmt_wire", 3 0, v0000014175d9b940_0;  1 drivers
L_0000014175d96620 .concat [ 2 2 0 0], v0000014175d727b0_0, v0000014175d9a4a0_0;
L_0000014175d95cc0 .part L_0000014175d96620, 0, 1;
S_0000014175bbac80 .scope module, "inst_cmt" "cmt" 4 132, 5 3 0, S_0000014175bf75f0;
 .timescale -9 -12;
    .port_info 0 /INPUT 1 "i_clk";
    .port_info 1 /INPUT 1 "i_rst_n";
    .port_info 2 /OUTPUT 1 "o_ava_core_valid";
    .port_info 3 /OUTPUT 6 "o_ava_core_id";
    .port_info 4 /INPUT 10 "i_task_id_tmt_cmt";
    .port_info 5 /INPUT 4 "i_tmt_idx_tmt_cmt";
    .port_info 6 /INPUT 10 "i_instance_num_tmt_cmt";
    .port_info 7 /INPUT 1 "i_tmt_cmt_ack";
    .port_info 8 /OUTPUT 1 "o_task_done_pulse";
    .port_info 9 /OUTPUT 4 "o_terminated_tmt_idx";
    .port_info 10 /INPUT 64 "i_core_done_vec";
    .port_info 11 /OUTPUT 6 "o_core_id_cmt_core";
    .port_info 12 /OUTPUT 1 "o_done_ack";
    .port_info 13 /OUTPUT 2 "o_err";
L_0000014175cf51d0 .functor NOT 64, v0000014175ce6580_0, C4<0000000000000000000000000000000000000000000000000000000000000000>, C4<0000000000000000000000000000000000000000000000000000000000000000>, C4<0000000000000000000000000000000000000000000000000000000000000000>;
L_0000014175c39440 .functor NOT 64, L_0000014175cf51d0, C4<0000000000000000000000000000000000000000000000000000000000000000>, C4<0000000000000000000000000000000000000000000000000000000000000000>, C4<0000000000000000000000000000000000000000000000000000000000000000>;
L_0000014175c396e0 .functor AND 64, L_0000014175cf51d0, L_0000014175dfd620, C4<1111111111111111111111111111111111111111111111111111111111111111>, C4<1111111111111111111111111111111111111111111111111111111111111111>;
L_0000014175c39bb0 .functor BUFZ 1, v0000014175ce6620_0, C4<0>, C4<0>, C4<0>;
L_0000014175c39910 .functor BUFZ 6, v0000014175ce64e0_0, C4<000000>, C4<000000>, C4<000000>;
L_0000014175c39980 .functor NOT 64, v0000014175d95e00_0, C4<0000000000000000000000000000000000000000000000000000000000000000>, C4<0000000000000000000000000000000000000000000000000000000000000000>, C4<0000000000000000000000000000000000000000000000000000000000000000>;
L_0000014175c39b40 .functor AND 64, v0000014175d95e00_0, L_0000014175dfc860, C4<1111111111111111111111111111111111111111111111111111111111111111>, C4<1111111111111111111111111111111111111111111111111111111111111111>;
v0000014175ce8060_0 .net *"_ivl_14", 63 0, L_0000014175c39980;  1 drivers
L_0000014175d9f248 .functor BUFT 1, C4<0000000000000000000000000000000000000000000000000000000000000001>, C4<0>, C4<0>, C4<0>;
v0000014175ce6a80_0 .net/2u *"_ivl_16", 63 0, L_0000014175d9f248;  1 drivers
v0000014175ce7980_0 .net *"_ivl_18", 63 0, L_0000014175dfc860;  1 drivers
v0000014175ce7d40_0 .net *"_ivl_2", 63 0, L_0000014175c39440;  1 drivers
L_0000014175d9f200 .functor BUFT 1, C4<0000000000000000000000000000000000000000000000000000000000000001>, C4<0>, C4<0>, C4<0>;
v0000014175ce7660_0 .net/2u *"_ivl_4", 63 0, L_0000014175d9f200;  1 drivers
v0000014175ce7ac0_0 .net *"_ivl_6", 63 0, L_0000014175dfd620;  1 drivers
v0000014175ce6580_0 .var "core_busy", 63 0;
v0000014175ce6760_0 .net "core_idle", 63 0, L_0000014175cf51d0;  1 drivers
v0000014175ce69e0 .array "core_instance_number", 63 0, 9 0;
v0000014175ce8100 .array "core_task_id", 63 0, 9 0;
v0000014175ce6d00 .array "core_tmt_idx", 63 0, 3 0;
v0000014175ce75c0_0 .net "i_clk", 0 0, v0000014175d9bf80_0;  alias, 1 drivers
v0000014175ce7700_0 .net "i_core_done_vec", 63 0, v0000014175d95e00_0;  alias, 1 drivers
v0000014175ce6c60_0 .net "i_instance_num_tmt_cmt", 9 0, v0000014175d9b620_0;  alias, 1 drivers
v0000014175ce7840_0 .net "i_rst_n", 0 0, v0000014175d96760_0;  alias, 1 drivers
v0000014175ce7c00_0 .net "i_task_id_tmt_cmt", 9 0, v0000014175d9bbc0_0;  alias, 1 drivers
v0000014175ce82e0_0 .net "i_tmt_cmt_ack", 0 0, v0000014175d995a0_0;  alias, 1 drivers
v0000014175ce7de0_0 .net "i_tmt_idx_tmt_cmt", 3 0, v0000014175d9b940_0;  alias, 1 drivers
v0000014175ce64e0_0 .var "idle_core_id_comb", 5 0;
v0000014175ce6620_0 .var "idle_valid_comb", 0 0;
v0000014175d71770_0 .var/i "k", 31 0;
v0000014175d71810_0 .net "lowest_done_bit", 63 0, L_0000014175c39b40;  1 drivers
v0000014175d72df0_0 .net "lowest_idle_bit", 63 0, L_0000014175c396e0;  1 drivers
v0000014175d72350_0 .net "o_ava_core_id", 5 0, L_0000014175c39910;  alias, 1 drivers
v0000014175d719f0_0 .net "o_ava_core_valid", 0 0, L_0000014175c39bb0;  alias, 1 drivers
v0000014175d72f30_0 .var "o_core_id_cmt_core", 5 0;
v0000014175d731b0_0 .var "o_done_ack", 0 0;
v0000014175d727b0_0 .var "o_err", 1 0;
v0000014175d728f0_0 .var "o_task_done_pulse", 0 0;
v0000014175d71590_0 .var "o_terminated_tmt_idx", 3 0;
v0000014175d71450_0 .var "term_core_id_comb", 5 0;
v0000014175d718b0_0 .var "term_valid_comb", 0 0;
E_0000014175cfc4e0/0 .event negedge, v0000014175ce7840_0;
E_0000014175cfc4e0/1 .event posedge, v0000014175ce75c0_0;
E_0000014175cfc4e0 .event/or E_0000014175cfc4e0/0, E_0000014175cfc4e0/1;
E_0000014175cfc6e0 .event anyedge, v0000014175ce7700_0, v0000014175d71810_0;
E_0000014175cfc5a0 .event anyedge, v0000014175ce6760_0, v0000014175d72df0_0;
L_0000014175dfd620 .arith/sum 64, L_0000014175c39440, L_0000014175d9f200;
L_0000014175dfc860 .arith/sum 64, L_0000014175c39980, L_0000014175d9f248;
S_0000014175bbae10 .scope module, "inst_fifo" "fifo" 4 82, 6 3 0, S_0000014175bf75f0;
 .timescale -9 -12;
    .port_info 0 /INPUT 1 "i_clk";
    .port_info 1 /INPUT 1 "i_rst_n";
    .port_info 2 /INPUT 1 "i_cfg_en";
    .port_info 3 /INPUT 64 "i_cfg_data";
    .port_info 4 /OUTPUT 1 "o_full";
    .port_info 5 /INPUT 1 "i_tmt_fifo_ack";
    .port_info 6 /OUTPUT 1 "o_empty";
    .port_info 7 /OUTPUT 64 "o_fifo_tmt_data";
P_0000014175bdcbc0 .param/l "FIFO_DEPTH" 0 6 4, +C4<00000000000000000000000010000000>;
P_0000014175bdcbf8 .param/l "FIFO_WIDTH" 0 6 5, +C4<00000000000000000000000001000000>;
P_0000014175bdcc30 .param/l "PTR_WIDTH" 1 6 22, +C4<00000000000000000000000000000111>;
L_0000014175cf5710 .functor BUFZ 64, L_0000014175d94640, C4<0000000000000000000000000000000000000000000000000000000000000000>, C4<0000000000000000000000000000000000000000000000000000000000000000>, C4<0000000000000000000000000000000000000000000000000000000000000000>;
L_0000014175cf5010 .functor NOT 2, L_0000014175d955e0, C4<00>, C4<00>, C4<00>;
v0000014175d72a30 .array "FIFO_mem_array", 127 0, 63 0;
v0000014175d716d0_0 .net *"_ivl_0", 63 0, L_0000014175d94640;  1 drivers
v0000014175d72030_0 .net *"_ivl_13", 1 0, L_0000014175d955e0;  1 drivers
v0000014175d72990_0 .net *"_ivl_14", 1 0, L_0000014175cf5010;  1 drivers
v0000014175d71b30_0 .net *"_ivl_17", 5 0, L_0000014175d96800;  1 drivers
v0000014175d723f0_0 .net *"_ivl_18", 7 0, L_0000014175d96a80;  1 drivers
v0000014175d72c10_0 .net *"_ivl_3", 6 0, L_0000014175d95040;  1 drivers
v0000014175d71950_0 .net *"_ivl_4", 8 0, L_0000014175d948c0;  1 drivers
L_0000014175d9c4b8 .functor BUFT 1, C4<00>, C4<0>, C4<0>, C4<0>;
v0000014175d72b70_0 .net *"_ivl_7", 1 0, L_0000014175d9c4b8;  1 drivers
v0000014175d72ad0_0 .net "i_cfg_data", 63 0, v0000014175d9be40_0;  alias, 1 drivers
v0000014175d720d0_0 .net "i_cfg_en", 0 0, v0000014175d9bd00_0;  alias, 1 drivers
v0000014175d71a90_0 .net "i_clk", 0 0, v0000014175d9bf80_0;  alias, 1 drivers
v0000014175d71bd0_0 .net "i_rst_n", 0 0, v0000014175d96760_0;  alias, 1 drivers
v0000014175d72710_0 .net "i_tmt_fifo_ack", 0 0, L_0000014175cf5160;  alias, 1 drivers
v0000014175d72fd0_0 .net "o_empty", 0 0, L_0000014175d961c0;  alias, 1 drivers
v0000014175d72490_0 .net "o_fifo_tmt_data", 63 0, L_0000014175cf5710;  alias, 1 drivers
v0000014175d72530_0 .net "o_full", 0 0, L_0000014175d94960;  alias, 1 drivers
v0000014175d72e90_0 .var "rd_ptr_bin", 7 0;
v0000014175d71c70_0 .var "rd_ptr_gray", 7 0;
v0000014175d71d10_0 .var "wr_ptr_bin", 7 0;
v0000014175d71ef0_0 .var "wr_ptr_gray", 7 0;
L_0000014175d94640 .array/port v0000014175d72a30, L_0000014175d948c0;
L_0000014175d95040 .part v0000014175d72e90_0, 0, 7;
L_0000014175d948c0 .concat [ 7 2 0 0], L_0000014175d95040, L_0000014175d9c4b8;
L_0000014175d961c0 .cmp/eq 8, v0000014175d71ef0_0, v0000014175d71c70_0;
L_0000014175d955e0 .part v0000014175d71c70_0, 6, 2;
L_0000014175d96800 .part v0000014175d71c70_0, 0, 6;
L_0000014175d96a80 .concat [ 6 2 0 0], L_0000014175d96800, L_0000014175cf5010;
L_0000014175d94960 .cmp/eq 8, v0000014175d71ef0_0, L_0000014175d96a80;
S_0000014175d7bf60 .scope module, "inst_tmt" "tmt" 4 100, 7 3 0, S_0000014175bf75f0;
 .timescale -9 -12;
    .port_info 0 /INPUT 1 "i_clk";
    .port_info 1 /INPUT 1 "i_rst_n";
    .port_info 2 /INPUT 64 "i_fifo_tmt_data";
    .port_info 3 /INPUT 1 "i_empty";
    .port_info 4 /OUTPUT 1 "o_tmt_fifo_ack";
    .port_info 5 /INPUT 1 "i_ava_core_valid";
    .port_info 6 /INPUT 6 "i_ava_core_id";
    .port_info 7 /OUTPUT 1 "o_tmt_cmt_ack";
    .port_info 8 /OUTPUT 4 "o_tmt_idx_tmt_cmt";
    .port_info 9 /OUTPUT 10 "o_task_id_tmt_cmt";
    .port_info 10 /OUTPUT 10 "o_instance_id_tmt_cmt";
    .port_info 11 /INPUT 1 "i_task_done_pulse";
    .port_info 12 /INPUT 4 "i_terminated_tmt_idx";
    .port_info 13 /OUTPUT 32 "o_dispatch_addr";
    .port_info 14 /OUTPUT 6 "o_dispatch_core_id";
    .port_info 15 /OUTPUT 2 "o_err";
P_0000014175d08580 .param/l "STATE_ALLOCATED" 1 7 107, C4<10>;
P_0000014175d085b8 .param/l "STATE_PENDING" 1 7 105, C4<00>;
P_0000014175d085f0 .param/l "STATE_READY" 1 7 106, C4<01>;
P_0000014175d08628 .param/l "STATE_TERMINATED" 1 7 108, C4<11>;
L_0000014175cf4e50 .functor NOT 16, v0000014175d9a720_0, C4<0000000000000000>, C4<0000000000000000>, C4<0000000000000000>;
L_0000014175cf5160 .functor AND 1, L_0000014175e03de0, L_0000014175e03b60, C4<1>, C4<1>;
v0000014175d90950_0 .net *"_ivl_105", 3 0, L_0000014175e01540;  1 drivers
v0000014175d90db0_0 .net *"_ivl_107", 0 0, L_0000014175e02580;  1 drivers
v0000014175d909f0_0 .net *"_ivl_111", 3 0, L_0000014175e02bc0;  1 drivers
v0000014175d91b70_0 .net *"_ivl_113", 0 0, L_0000014175e032a0;  1 drivers
v0000014175d91fd0_0 .net *"_ivl_117", 3 0, L_0000014175e02a80;  1 drivers
v0000014175d910d0_0 .net *"_ivl_119", 0 0, L_0000014175e03340;  1 drivers
v0000014175d924d0_0 .net *"_ivl_124", 3 0, L_0000014175e03ca0;  1 drivers
v0000014175d91c10_0 .net *"_ivl_126", 0 0, L_0000014175e03480;  1 drivers
v0000014175d91cb0_0 .net *"_ivl_128", 0 0, L_0000014175e035c0;  1 drivers
L_0000014175d9ed80 .functor BUFT 1, C4<00>, C4<0>, C4<0>, C4<0>;
v0000014175d91210_0 .net/2u *"_ivl_129", 1 0, L_0000014175d9ed80;  1 drivers
v0000014175d92070_0 .net *"_ivl_132", 0 0, L_0000014175e03660;  1 drivers
L_0000014175d9edc8 .functor BUFT 1, C4<01>, C4<0>, C4<0>, C4<0>;
v0000014175d92110_0 .net/2u *"_ivl_133", 1 0, L_0000014175d9edc8;  1 drivers
v0000014175d921b0_0 .net *"_ivl_136", 0 0, L_0000014175e04420;  1 drivers
L_0000014175d9ee10 .functor BUFT 1, C4<10>, C4<0>, C4<0>, C4<0>;
v0000014175d92250_0 .net/2u *"_ivl_137", 1 0, L_0000014175d9ee10;  1 drivers
L_0000014175d9ee58 .functor BUFT 1, C4<11>, C4<0>, C4<0>, C4<0>;
v0000014175d92390_0 .net/2u *"_ivl_139", 1 0, L_0000014175d9ee58;  1 drivers
v0000014175d92610_0 .net *"_ivl_141", 1 0, L_0000014175e04240;  1 drivers
v0000014175d92f70_0 .net *"_ivl_143", 1 0, L_0000014175e03f20;  1 drivers
v0000014175d93ab0_0 .net *"_ivl_148", 0 0, L_0000014175e041a0;  1 drivers
L_0000014175d9eea0 .functor BUFT 1, C4<00>, C4<0>, C4<0>, C4<0>;
v0000014175d93bf0_0 .net/2u *"_ivl_149", 1 0, L_0000014175d9eea0;  1 drivers
v0000014175d93b50_0 .net *"_ivl_152", 0 0, L_0000014175e04100;  1 drivers
L_0000014175d9eee8 .functor BUFT 1, C4<01>, C4<0>, C4<0>, C4<0>;
v0000014175d92e30_0 .net/2u *"_ivl_153", 1 0, L_0000014175d9eee8;  1 drivers
v0000014175d935b0_0 .net *"_ivl_156", 0 0, L_0000014175e042e0;  1 drivers
L_0000014175d9ef30 .functor BUFT 1, C4<10>, C4<0>, C4<0>, C4<0>;
v0000014175d93a10_0 .net/2u *"_ivl_157", 1 0, L_0000014175d9ef30;  1 drivers
L_0000014175d9ef78 .functor BUFT 1, C4<11>, C4<0>, C4<0>, C4<0>;
v0000014175d92ed0_0 .net/2u *"_ivl_159", 1 0, L_0000014175d9ef78;  1 drivers
v0000014175d93970_0 .net *"_ivl_161", 1 0, L_0000014175e04380;  1 drivers
v0000014175d93c90_0 .net *"_ivl_163", 1 0, L_0000014175e03d40;  1 drivers
v0000014175d930b0_0 .net *"_ivl_168", 0 0, L_0000014175e03de0;  1 drivers
v0000014175d93830_0 .net *"_ivl_184", 3 0, L_0000014175dfd6c0;  1 drivers
v0000014175d93790_0 .net *"_ivl_186", 0 0, L_0000014175dfeac0;  1 drivers
v0000014175d93470_0 .net *"_ivl_190", 3 0, L_0000014175dfcea0;  1 drivers
v0000014175d93150_0 .net *"_ivl_192", 0 0, L_0000014175dfc9a0;  1 drivers
v0000014175d93d30_0 .net *"_ivl_196", 3 0, L_0000014175dfe3e0;  1 drivers
v0000014175d931f0_0 .net *"_ivl_198", 0 0, L_0000014175dfd4e0;  1 drivers
v0000014175d93010_0 .net *"_ivl_203", 3 0, L_0000014175dfd9e0;  1 drivers
v0000014175d940f0_0 .net *"_ivl_205", 0 0, L_0000014175dfe700;  1 drivers
v0000014175d93290_0 .net *"_ivl_207", 0 0, L_0000014175dfcfe0;  1 drivers
L_0000014175d9efc0 .functor BUFT 1, C4<00>, C4<0>, C4<0>, C4<0>;
v0000014175d93dd0_0 .net/2u *"_ivl_208", 1 0, L_0000014175d9efc0;  1 drivers
v0000014175d93330_0 .net *"_ivl_211", 0 0, L_0000014175dfcb80;  1 drivers
L_0000014175d9f008 .functor BUFT 1, C4<01>, C4<0>, C4<0>, C4<0>;
v0000014175d92d90_0 .net/2u *"_ivl_212", 1 0, L_0000014175d9f008;  1 drivers
v0000014175d933d0_0 .net *"_ivl_215", 0 0, L_0000014175dfcae0;  1 drivers
L_0000014175d9f050 .functor BUFT 1, C4<10>, C4<0>, C4<0>, C4<0>;
v0000014175d93650_0 .net/2u *"_ivl_216", 1 0, L_0000014175d9f050;  1 drivers
L_0000014175d9f098 .functor BUFT 1, C4<11>, C4<0>, C4<0>, C4<0>;
v0000014175d94230_0 .net/2u *"_ivl_218", 1 0, L_0000014175d9f098;  1 drivers
v0000014175d93510_0 .net *"_ivl_220", 1 0, L_0000014175dfc900;  1 drivers
v0000014175d93e70_0 .net *"_ivl_222", 1 0, L_0000014175dfe160;  1 drivers
v0000014175d938d0_0 .net *"_ivl_227", 0 0, L_0000014175dfc5e0;  1 drivers
L_0000014175d9f0e0 .functor BUFT 1, C4<00>, C4<0>, C4<0>, C4<0>;
v0000014175d936f0_0 .net/2u *"_ivl_228", 1 0, L_0000014175d9f0e0;  1 drivers
v0000014175d93f10_0 .net *"_ivl_231", 0 0, L_0000014175dfda80;  1 drivers
L_0000014175d9f128 .functor BUFT 1, C4<01>, C4<0>, C4<0>, C4<0>;
v0000014175d93fb0_0 .net/2u *"_ivl_232", 1 0, L_0000014175d9f128;  1 drivers
v0000014175d94370_0 .net *"_ivl_235", 0 0, L_0000014175dfd120;  1 drivers
L_0000014175d9f170 .functor BUFT 1, C4<10>, C4<0>, C4<0>, C4<0>;
v0000014175d942d0_0 .net/2u *"_ivl_236", 1 0, L_0000014175d9f170;  1 drivers
L_0000014175d9f1b8 .functor BUFT 1, C4<11>, C4<0>, C4<0>, C4<0>;
v0000014175d94050_0 .net/2u *"_ivl_238", 1 0, L_0000014175d9f1b8;  1 drivers
v0000014175d94190_0 .net *"_ivl_240", 1 0, L_0000014175dfca40;  1 drivers
v0000014175d92cf0_0 .net *"_ivl_242", 1 0, L_0000014175dfd080;  1 drivers
v0000014175d99be0 .array "dep_matrix", 15 0, 15 0;
v0000014175d9b6c0_0 .net "free_group_enc", 1 0, L_0000014175e03fc0;  1 drivers
v0000014175d9a680_0 .var "free_idx_comb", 3 0;
v0000014175d9ba80_0 .net "free_slot_valid_comb", 0 0, L_0000014175e03b60;  1 drivers
v0000014175d9b1c0_0 .net "free_slots", 15 0, L_0000014175cf4e50;  1 drivers
v0000014175d99aa0_0 .net "free_within_group_enc", 1 0, L_0000014175e04060;  1 drivers
v0000014175d99c80_0 .net "group_free_valid", 3 0, L_0000014175e033e0;  1 drivers
v0000014175d9b120_0 .net "group_ready_valid", 3 0, L_0000014175dfd940;  1 drivers
v0000014175d9a220_0 .var/i "i", 31 0;
v0000014175d9a180_0 .net "i_ava_core_id", 5 0, L_0000014175c39910;  alias, 1 drivers
v0000014175d99fa0_0 .net "i_ava_core_valid", 0 0, L_0000014175c39bb0;  alias, 1 drivers
v0000014175d99a00_0 .net "i_clk", 0 0, v0000014175d9bf80_0;  alias, 1 drivers
v0000014175d9a860_0 .net "i_empty", 0 0, L_0000014175d961c0;  alias, 1 drivers
v0000014175d9ad60_0 .net "i_fifo_tmt_data", 63 0, L_0000014175cf5710;  alias, 1 drivers
v0000014175d9af40_0 .net "i_rst_n", 0 0, v0000014175d96760_0;  alias, 1 drivers
v0000014175d9b300_0 .net "i_task_done_pulse", 0 0, v0000014175d728f0_0;  alias, 1 drivers
v0000014175d9aa40_0 .net "i_terminated_tmt_idx", 3 0, v0000014175d71590_0;  alias, 1 drivers
v0000014175d9a2c0_0 .net "incoming_addr", 31 0, L_0000014175dfd8a0;  1 drivers
v0000014175d9b760_0 .net "incoming_dep_id", 9 0, L_0000014175dfe0c0;  1 drivers
v0000014175d9b8a0_0 .net "incoming_dep_match", 15 0, L_0000014175d972a0;  1 drivers
v0000014175d998c0_0 .net "incoming_quota", 9 0, L_0000014175dfc7c0;  1 drivers
v0000014175d9a0e0_0 .net "incoming_task_id", 9 0, L_0000014175e03e80;  1 drivers
v0000014175d9a540_0 .var/i "j", 31 0;
v0000014175d99d20_0 .var "o_dispatch_addr", 31 0;
v0000014175d996e0_0 .var "o_dispatch_core_id", 5 0;
v0000014175d9a4a0_0 .var "o_err", 1 0;
v0000014175d9b620_0 .var "o_instance_id_tmt_cmt", 9 0;
v0000014175d9bbc0_0 .var "o_task_id_tmt_cmt", 9 0;
v0000014175d995a0_0 .var "o_tmt_cmt_ack", 0 0;
v0000014175d9a360_0 .net "o_tmt_fifo_ack", 0 0, L_0000014175cf5160;  alias, 1 drivers
v0000014175d9b940_0 .var "o_tmt_idx_tmt_cmt", 3 0;
v0000014175d9b800_0 .net "ready_group_enc", 1 0, L_0000014175dfe8e0;  1 drivers
v0000014175d99f00_0 .var "ready_idx_comb", 3 0;
v0000014175d9bc60_0 .net "ready_slots", 15 0, L_0000014175e03200;  1 drivers
v0000014175d99dc0_0 .net "ready_valid_comb", 0 0, L_0000014175dfccc0;  1 drivers
v0000014175d99780_0 .net "ready_within_group_enc", 1 0, L_0000014175dfe7a0;  1 drivers
v0000014175d99e60_0 .var "selected_free_group", 3 0;
v0000014175d9b440_0 .var "selected_ready_group", 3 0;
v0000014175d99960 .array "trf_addr", 15 0, 31 0;
v0000014175d9a900 .array "trf_dispatched_count", 15 0, 9 0;
v0000014175d99500 .array "trf_finished_count", 15 0, 9 0;
v0000014175d9a400 .array "trf_fsm_state", 15 0;
v0000014175d9a400_0 .net v0000014175d9a400 0, 1 0, L_0000014175d97020; 1 drivers
v0000014175d9a400_1 .net v0000014175d9a400 1, 1 0, L_0000014175d98380; 1 drivers
v0000014175d9a400_2 .net v0000014175d9a400 2, 1 0, L_0000014175d99000; 1 drivers
v0000014175d9a400_3 .net v0000014175d9a400 3, 1 0, L_0000014175d98920; 1 drivers
v0000014175d9a400_4 .net v0000014175d9a400 4, 1 0, L_0000014175d97160; 1 drivers
v0000014175d9a400_5 .net v0000014175d9a400 5, 1 0, L_0000014175e012c0; 1 drivers
v0000014175d9a400_6 .net v0000014175d9a400 6, 1 0, L_0000014175e00e60; 1 drivers
v0000014175d9a400_7 .net v0000014175d9a400 7, 1 0, L_0000014175dff1a0; 1 drivers
v0000014175d9a400_8 .net v0000014175d9a400 8, 1 0, L_0000014175dff100; 1 drivers
v0000014175d9a400_9 .net v0000014175d9a400 9, 1 0, L_0000014175dffa60; 1 drivers
v0000014175d9a400_10 .net v0000014175d9a400 10, 1 0, L_0000014175dff600; 1 drivers
v0000014175d9a400_11 .net v0000014175d9a400 11, 1 0, L_0000014175e00f00; 1 drivers
v0000014175d9a400_12 .net v0000014175d9a400 12, 1 0, L_0000014175e017c0; 1 drivers
v0000014175d9a400_13 .net v0000014175d9a400 13, 1 0, L_0000014175e01720; 1 drivers
v0000014175d9a400_14 .net v0000014175d9a400 14, 1 0, L_0000014175e01f40; 1 drivers
v0000014175d9a400_15 .net v0000014175d9a400 15, 1 0, L_0000014175e02940; 1 drivers
v0000014175d9a040 .array "trf_quota", 15 0, 9 0;
v0000014175d9a5e0 .array "trf_task_id", 15 0, 9 0;
v0000014175d9a720_0 .var "trf_valid", 15 0;
E_0000014175cfc720 .event anyedge, v0000014175d9b800_0, v0000014175d99780_0;
E_0000014175cfbce0 .event anyedge, v0000014175d9b800_0, v0000014175d9bc60_0;
E_0000014175cfbd20 .event anyedge, v0000014175d9b6c0_0, v0000014175d99aa0_0;
E_0000014175cfc7a0 .event anyedge, v0000014175d9b6c0_0, v0000014175d9b1c0_0;
L_0000014175d954a0 .part v0000014175d9a720_0, 0, 1;
L_0000014175d95220 .part v0000014175d9a720_0, 1, 1;
L_0000014175d96440 .part v0000014175d9a720_0, 2, 1;
L_0000014175d95ea0 .part v0000014175d9a720_0, 3, 1;
L_0000014175d94aa0 .part v0000014175d9a720_0, 4, 1;
L_0000014175d95540 .part v0000014175d9a720_0, 5, 1;
L_0000014175d95680 .part v0000014175d9a720_0, 6, 1;
L_0000014175d96bc0 .part v0000014175d9a720_0, 7, 1;
L_0000014175d94c80 .part v0000014175d9a720_0, 8, 1;
L_0000014175d96940 .part v0000014175d9a720_0, 9, 1;
L_0000014175d94f00 .part v0000014175d9a720_0, 10, 1;
L_0000014175d963a0 .part v0000014175d9a720_0, 11, 1;
L_0000014175d99320 .part v0000014175d9a720_0, 12, 1;
L_0000014175d98b00 .part v0000014175d9a720_0, 13, 1;
L_0000014175d981a0 .part v0000014175d9a720_0, 14, 1;
LS_0000014175d972a0_0_0 .concat8 [ 1 1 1 1], L_0000014175d957c0, L_0000014175d95ae0, L_0000014175d96260, L_0000014175d96300;
LS_0000014175d972a0_0_4 .concat8 [ 1 1 1 1], L_0000014175d946e0, L_0000014175d95f40, L_0000014175d94b40, L_0000014175d95900;
LS_0000014175d972a0_0_8 .concat8 [ 1 1 1 1], L_0000014175d94dc0, L_0000014175d95fe0, L_0000014175d969e0, L_0000014175d97480;
LS_0000014175d972a0_0_12 .concat8 [ 1 1 1 1], L_0000014175d98100, L_0000014175d96f80, L_0000014175d97700, L_0000014175d97ac0;
L_0000014175d972a0 .concat8 [ 4 4 4 4], LS_0000014175d972a0_0_0, LS_0000014175d972a0_0_4, LS_0000014175d972a0_0_8, LS_0000014175d972a0_0_12;
L_0000014175d98d80 .part v0000014175d9a720_0, 15, 1;
L_0000014175d98ec0 .part v0000014175d9a720_0, 0, 1;
L_0000014175d97de0 .part v0000014175d9a720_0, 1, 1;
L_0000014175d98420 .part v0000014175d9a720_0, 2, 1;
L_0000014175d970c0 .part v0000014175d9a720_0, 3, 1;
L_0000014175d96da0 .part v0000014175d9a720_0, 4, 1;
L_0000014175e01220 .part v0000014175d9a720_0, 5, 1;
L_0000014175dfef20 .part v0000014175d9a720_0, 6, 1;
L_0000014175dffe20 .part v0000014175d9a720_0, 7, 1;
L_0000014175dffec0 .part v0000014175d9a720_0, 8, 1;
L_0000014175dfff60 .part v0000014175d9a720_0, 9, 1;
L_0000014175dff420 .part v0000014175d9a720_0, 10, 1;
L_0000014175e000a0 .part v0000014175d9a720_0, 11, 1;
L_0000014175e00fa0 .part v0000014175d9a720_0, 12, 1;
L_0000014175e02b20 .part v0000014175d9a720_0, 13, 1;
L_0000014175e01fe0 .part v0000014175d9a720_0, 14, 1;
L_0000014175e03840 .part v0000014175d9a720_0, 15, 1;
LS_0000014175e03200_0_0 .concat8 [ 1 1 1 1], L_0000014175e015e0, L_0000014175e02800, L_0000014175e030c0, L_0000014175e03ac0;
LS_0000014175e03200_0_4 .concat8 [ 1 1 1 1], L_0000014175e01e00, L_0000014175e02300, L_0000014175e02080, L_0000014175e02120;
LS_0000014175e03200_0_8 .concat8 [ 1 1 1 1], L_0000014175e023a0, L_0000014175e02440, L_0000014175e03020, L_0000014175e03520;
LS_0000014175e03200_0_12 .concat8 [ 1 1 1 1], L_0000014175e03a20, L_0000014175e029e0, L_0000014175e03160, L_0000014175e03c00;
L_0000014175e03200 .concat8 [ 4 4 4 4], LS_0000014175e03200_0_0, LS_0000014175e03200_0_4, LS_0000014175e03200_0_8, LS_0000014175e03200_0_12;
L_0000014175e03b60 .reduce/or L_0000014175cf4e50;
L_0000014175e01540 .part L_0000014175cf4e50, 0, 4;
L_0000014175e02580 .reduce/or L_0000014175e01540;
L_0000014175e02bc0 .part L_0000014175cf4e50, 4, 4;
L_0000014175e032a0 .reduce/or L_0000014175e02bc0;
L_0000014175e02a80 .part L_0000014175cf4e50, 8, 4;
L_0000014175e03340 .reduce/or L_0000014175e02a80;
L_0000014175e033e0 .concat8 [ 1 1 1 1], L_0000014175e02580, L_0000014175e032a0, L_0000014175e03340, L_0000014175e03480;
L_0000014175e03ca0 .part L_0000014175cf4e50, 12, 4;
L_0000014175e03480 .reduce/or L_0000014175e03ca0;
L_0000014175e035c0 .part L_0000014175e033e0, 0, 1;
L_0000014175e03660 .part L_0000014175e033e0, 1, 1;
L_0000014175e04420 .part L_0000014175e033e0, 2, 1;
L_0000014175e04240 .functor MUXZ 2, L_0000014175d9ee58, L_0000014175d9ee10, L_0000014175e04420, C4<>;
L_0000014175e03f20 .functor MUXZ 2, L_0000014175e04240, L_0000014175d9edc8, L_0000014175e03660, C4<>;
L_0000014175e03fc0 .functor MUXZ 2, L_0000014175e03f20, L_0000014175d9ed80, L_0000014175e035c0, C4<>;
L_0000014175e041a0 .part v0000014175d99e60_0, 0, 1;
L_0000014175e04100 .part v0000014175d99e60_0, 1, 1;
L_0000014175e042e0 .part v0000014175d99e60_0, 2, 1;
L_0000014175e04380 .functor MUXZ 2, L_0000014175d9ef78, L_0000014175d9ef30, L_0000014175e042e0, C4<>;
L_0000014175e03d40 .functor MUXZ 2, L_0000014175e04380, L_0000014175d9eee8, L_0000014175e04100, C4<>;
L_0000014175e04060 .functor MUXZ 2, L_0000014175e03d40, L_0000014175d9eea0, L_0000014175e041a0, C4<>;
L_0000014175e03de0 .reduce/nor L_0000014175d961c0;
L_0000014175e03e80 .part L_0000014175cf5710, 54, 10;
L_0000014175dfc7c0 .part L_0000014175cf5710, 44, 10;
L_0000014175dfd8a0 .part L_0000014175cf5710, 12, 32;
L_0000014175dfe0c0 .part L_0000014175cf5710, 2, 10;
L_0000014175dfccc0 .reduce/or L_0000014175e03200;
L_0000014175dfd6c0 .part L_0000014175e03200, 0, 4;
L_0000014175dfeac0 .reduce/or L_0000014175dfd6c0;
L_0000014175dfcea0 .part L_0000014175e03200, 4, 4;
L_0000014175dfc9a0 .reduce/or L_0000014175dfcea0;
L_0000014175dfe3e0 .part L_0000014175e03200, 8, 4;
L_0000014175dfd4e0 .reduce/or L_0000014175dfe3e0;
L_0000014175dfd940 .concat8 [ 1 1 1 1], L_0000014175dfeac0, L_0000014175dfc9a0, L_0000014175dfd4e0, L_0000014175dfe700;
L_0000014175dfd9e0 .part L_0000014175e03200, 12, 4;
L_0000014175dfe700 .reduce/or L_0000014175dfd9e0;
L_0000014175dfcfe0 .part L_0000014175dfd940, 0, 1;
L_0000014175dfcb80 .part L_0000014175dfd940, 1, 1;
L_0000014175dfcae0 .part L_0000014175dfd940, 2, 1;
L_0000014175dfc900 .functor MUXZ 2, L_0000014175d9f098, L_0000014175d9f050, L_0000014175dfcae0, C4<>;
L_0000014175dfe160 .functor MUXZ 2, L_0000014175dfc900, L_0000014175d9f008, L_0000014175dfcb80, C4<>;
L_0000014175dfe8e0 .functor MUXZ 2, L_0000014175dfe160, L_0000014175d9efc0, L_0000014175dfcfe0, C4<>;
L_0000014175dfc5e0 .part v0000014175d9b440_0, 0, 1;
L_0000014175dfda80 .part v0000014175d9b440_0, 1, 1;
L_0000014175dfd120 .part v0000014175d9b440_0, 2, 1;
L_0000014175dfca40 .functor MUXZ 2, L_0000014175d9f1b8, L_0000014175d9f170, L_0000014175dfd120, C4<>;
L_0000014175dfd080 .functor MUXZ 2, L_0000014175dfca40, L_0000014175d9f128, L_0000014175dfda80, C4<>;
L_0000014175dfe7a0 .functor MUXZ 2, L_0000014175dfd080, L_0000014175d9f0e0, L_0000014175dfc5e0, C4<>;
S_0000014175d7b920 .scope generate, "gen_match[0]" "gen_match[0]" 7 96, 7 96 0, S_0000014175d7bf60;
 .timescale -9 -12;
P_0000014175cfc120 .param/l "g" 0 7 96, +C4<00>;
L_0000014175cf4c90 .functor AND 1, L_0000014175d954a0, L_0000014175d94820, C4<1>, C4<1>;
L_0000014175d9c500 .functor BUFT 1, C4<0000000000>, C4<0>, C4<0>, C4<0>;
v0000014175d71db0_0 .net/2u *"_ivl_0", 9 0, L_0000014175d9c500;  1 drivers
v0000014175d72850_0 .net *"_ivl_11", 0 0, L_0000014175cf4c90;  1 drivers
v0000014175d72cb0_0 .net *"_ivl_12", 0 0, L_0000014175d957c0;  1 drivers
v0000014175d725d0_0 .net *"_ivl_2", 0 0, L_0000014175d94a00;  1 drivers
L_0000014175d9c548 .functor BUFT 1, C4<0>, C4<0>, C4<0>, C4<0>;
v0000014175d71630_0 .net/2u *"_ivl_4", 0 0, L_0000014175d9c548;  1 drivers
v0000014175d73070_0 .net *"_ivl_6", 0 0, L_0000014175d954a0;  1 drivers
v0000014175d73110_0 .net *"_ivl_8", 0 0, L_0000014175d94820;  1 drivers
L_0000014175d94a00 .cmp/eq 10, L_0000014175dfe0c0, L_0000014175d9c500;
v0000014175d9a5e0_0 .array/port v0000014175d9a5e0, 0;
L_0000014175d94820 .cmp/eq 10, v0000014175d9a5e0_0, L_0000014175dfe0c0;
L_0000014175d957c0 .functor MUXZ 1, L_0000014175cf4c90, L_0000014175d9c548, L_0000014175d94a00, C4<>;
S_0000014175d7bdd0 .scope generate, "gen_match[1]" "gen_match[1]" 7 96, 7 96 0, S_0000014175d7bf60;
 .timescale -9 -12;
P_0000014175cfc7e0 .param/l "g" 0 7 96, +C4<01>;
L_0000014175cf4f30 .functor AND 1, L_0000014175d95220, L_0000014175d952c0, C4<1>, C4<1>;
L_0000014175d9c590 .functor BUFT 1, C4<0000000000>, C4<0>, C4<0>, C4<0>;
v0000014175d722b0_0 .net/2u *"_ivl_0", 9 0, L_0000014175d9c590;  1 drivers
v0000014175d71e50_0 .net *"_ivl_11", 0 0, L_0000014175cf4f30;  1 drivers
v0000014175d72170_0 .net *"_ivl_12", 0 0, L_0000014175d95ae0;  1 drivers
v0000014175d73250_0 .net *"_ivl_2", 0 0, L_0000014175d95720;  1 drivers
L_0000014175d9c5d8 .functor BUFT 1, C4<0>, C4<0>, C4<0>, C4<0>;
v0000014175d72d50_0 .net/2u *"_ivl_4", 0 0, L_0000014175d9c5d8;  1 drivers
v0000014175d71f90_0 .net *"_ivl_6", 0 0, L_0000014175d95220;  1 drivers
v0000014175d72210_0 .net *"_ivl_8", 0 0, L_0000014175d952c0;  1 drivers
L_0000014175d95720 .cmp/eq 10, L_0000014175dfe0c0, L_0000014175d9c590;
v0000014175d9a5e0_1 .array/port v0000014175d9a5e0, 1;
L_0000014175d952c0 .cmp/eq 10, v0000014175d9a5e0_1, L_0000014175dfe0c0;
L_0000014175d95ae0 .functor MUXZ 1, L_0000014175cf4f30, L_0000014175d9c5d8, L_0000014175d95720, C4<>;
S_0000014175d7c280 .scope generate, "gen_match[2]" "gen_match[2]" 7 96, 7 96 0, S_0000014175d7bf60;
 .timescale -9 -12;
P_0000014175cfbd60 .param/l "g" 0 7 96, +C4<010>;
L_0000014175cf4ad0 .functor AND 1, L_0000014175d96440, L_0000014175d964e0, C4<1>, C4<1>;
L_0000014175d9c620 .functor BUFT 1, C4<0000000000>, C4<0>, C4<0>, C4<0>;
v0000014175d732f0_0 .net/2u *"_ivl_0", 9 0, L_0000014175d9c620;  1 drivers
v0000014175d72670_0 .net *"_ivl_11", 0 0, L_0000014175cf4ad0;  1 drivers
v0000014175d714f0_0 .net *"_ivl_12", 0 0, L_0000014175d96260;  1 drivers
v0000014175d7d250_0 .net *"_ivl_2", 0 0, L_0000014175d95360;  1 drivers
L_0000014175d9c668 .functor BUFT 1, C4<0>, C4<0>, C4<0>, C4<0>;
v0000014175d7d890_0 .net/2u *"_ivl_4", 0 0, L_0000014175d9c668;  1 drivers
v0000014175d7cf30_0 .net *"_ivl_6", 0 0, L_0000014175d96440;  1 drivers
v0000014175d7d4d0_0 .net *"_ivl_8", 0 0, L_0000014175d964e0;  1 drivers
L_0000014175d95360 .cmp/eq 10, L_0000014175dfe0c0, L_0000014175d9c620;
v0000014175d9a5e0_2 .array/port v0000014175d9a5e0, 2;
L_0000014175d964e0 .cmp/eq 10, v0000014175d9a5e0_2, L_0000014175dfe0c0;
L_0000014175d96260 .functor MUXZ 1, L_0000014175cf4ad0, L_0000014175d9c668, L_0000014175d95360, C4<>;
S_0000014175d7bc40 .scope generate, "gen_match[3]" "gen_match[3]" 7 96, 7 96 0, S_0000014175d7bf60;
 .timescale -9 -12;
P_0000014175cfc820 .param/l "g" 0 7 96, +C4<011>;
L_0000014175cf52b0 .functor AND 1, L_0000014175d95ea0, L_0000014175d94fa0, C4<1>, C4<1>;
L_0000014175d9c6b0 .functor BUFT 1, C4<0000000000>, C4<0>, C4<0>, C4<0>;
v0000014175d7c850_0 .net/2u *"_ivl_0", 9 0, L_0000014175d9c6b0;  1 drivers
v0000014175d7dcf0_0 .net *"_ivl_11", 0 0, L_0000014175cf52b0;  1 drivers
v0000014175d7cdf0_0 .net *"_ivl_12", 0 0, L_0000014175d96300;  1 drivers
v0000014175d7cfd0_0 .net *"_ivl_2", 0 0, L_0000014175d95860;  1 drivers
L_0000014175d9c6f8 .functor BUFT 1, C4<0>, C4<0>, C4<0>, C4<0>;
v0000014175d7d2f0_0 .net/2u *"_ivl_4", 0 0, L_0000014175d9c6f8;  1 drivers
v0000014175d7ded0_0 .net *"_ivl_6", 0 0, L_0000014175d95ea0;  1 drivers
v0000014175d7ccb0_0 .net *"_ivl_8", 0 0, L_0000014175d94fa0;  1 drivers
L_0000014175d95860 .cmp/eq 10, L_0000014175dfe0c0, L_0000014175d9c6b0;
v0000014175d9a5e0_3 .array/port v0000014175d9a5e0, 3;
L_0000014175d94fa0 .cmp/eq 10, v0000014175d9a5e0_3, L_0000014175dfe0c0;
L_0000014175d96300 .functor MUXZ 1, L_0000014175cf52b0, L_0000014175d9c6f8, L_0000014175d95860, C4<>;
S_0000014175d7c0f0 .scope generate, "gen_match[4]" "gen_match[4]" 7 96, 7 96 0, S_0000014175d7bf60;
 .timescale -9 -12;
P_0000014175cfbe60 .param/l "g" 0 7 96, +C4<0100>;
L_0000014175cf4fa0 .functor AND 1, L_0000014175d94aa0, L_0000014175d95b80, C4<1>, C4<1>;
L_0000014175d9c740 .functor BUFT 1, C4<0000000000>, C4<0>, C4<0>, C4<0>;
v0000014175d7c8f0_0 .net/2u *"_ivl_0", 9 0, L_0000014175d9c740;  1 drivers
v0000014175d7ea10_0 .net *"_ivl_11", 0 0, L_0000014175cf4fa0;  1 drivers
v0000014175d7df70_0 .net *"_ivl_12", 0 0, L_0000014175d946e0;  1 drivers
v0000014175d7d750_0 .net *"_ivl_2", 0 0, L_0000014175d966c0;  1 drivers
L_0000014175d9c788 .functor BUFT 1, C4<0>, C4<0>, C4<0>, C4<0>;
v0000014175d7d930_0 .net/2u *"_ivl_4", 0 0, L_0000014175d9c788;  1 drivers
v0000014175d7d390_0 .net *"_ivl_6", 0 0, L_0000014175d94aa0;  1 drivers
v0000014175d7d7f0_0 .net *"_ivl_8", 0 0, L_0000014175d95b80;  1 drivers
L_0000014175d966c0 .cmp/eq 10, L_0000014175dfe0c0, L_0000014175d9c740;
v0000014175d9a5e0_4 .array/port v0000014175d9a5e0, 4;
L_0000014175d95b80 .cmp/eq 10, v0000014175d9a5e0_4, L_0000014175dfe0c0;
L_0000014175d946e0 .functor MUXZ 1, L_0000014175cf4fa0, L_0000014175d9c788, L_0000014175d966c0, C4<>;
S_0000014175d7bab0 .scope generate, "gen_match[5]" "gen_match[5]" 7 96, 7 96 0, S_0000014175d7bf60;
 .timescale -9 -12;
P_0000014175cfbb20 .param/l "g" 0 7 96, +C4<0101>;
L_0000014175cf55c0 .functor AND 1, L_0000014175d95540, L_0000014175d94780, C4<1>, C4<1>;
L_0000014175d9c7d0 .functor BUFT 1, C4<0000000000>, C4<0>, C4<0>, C4<0>;
v0000014175d7cad0_0 .net/2u *"_ivl_0", 9 0, L_0000014175d9c7d0;  1 drivers
v0000014175d7e3d0_0 .net *"_ivl_11", 0 0, L_0000014175cf55c0;  1 drivers
v0000014175d7d1b0_0 .net *"_ivl_12", 0 0, L_0000014175d95f40;  1 drivers
v0000014175d7d070_0 .net *"_ivl_2", 0 0, L_0000014175d95c20;  1 drivers
L_0000014175d9c818 .functor BUFT 1, C4<0>, C4<0>, C4<0>, C4<0>;
v0000014175d7d9d0_0 .net/2u *"_ivl_4", 0 0, L_0000014175d9c818;  1 drivers
v0000014175d7d430_0 .net *"_ivl_6", 0 0, L_0000014175d95540;  1 drivers
v0000014175d7e470_0 .net *"_ivl_8", 0 0, L_0000014175d94780;  1 drivers
L_0000014175d95c20 .cmp/eq 10, L_0000014175dfe0c0, L_0000014175d9c7d0;
v0000014175d9a5e0_5 .array/port v0000014175d9a5e0, 5;
L_0000014175d94780 .cmp/eq 10, v0000014175d9a5e0_5, L_0000014175dfe0c0;
L_0000014175d95f40 .functor MUXZ 1, L_0000014175cf55c0, L_0000014175d9c818, L_0000014175d95c20, C4<>;
S_0000014175d7b470 .scope generate, "gen_match[6]" "gen_match[6]" 7 96, 7 96 0, S_0000014175d7bf60;
 .timescale -9 -12;
P_0000014175cfbea0 .param/l "g" 0 7 96, +C4<0110>;
L_0000014175cf5780 .functor AND 1, L_0000014175d95680, L_0000014175d968a0, C4<1>, C4<1>;
L_0000014175d9c860 .functor BUFT 1, C4<0000000000>, C4<0>, C4<0>, C4<0>;
v0000014175d7e650_0 .net/2u *"_ivl_0", 9 0, L_0000014175d9c860;  1 drivers
v0000014175d7e6f0_0 .net *"_ivl_11", 0 0, L_0000014175cf5780;  1 drivers
v0000014175d7cc10_0 .net *"_ivl_12", 0 0, L_0000014175d94b40;  1 drivers
v0000014175d7ca30_0 .net *"_ivl_2", 0 0, L_0000014175d950e0;  1 drivers
L_0000014175d9c8a8 .functor BUFT 1, C4<0>, C4<0>, C4<0>, C4<0>;
v0000014175d7e8d0_0 .net/2u *"_ivl_4", 0 0, L_0000014175d9c8a8;  1 drivers
v0000014175d7e0b0_0 .net *"_ivl_6", 0 0, L_0000014175d95680;  1 drivers
v0000014175d7d570_0 .net *"_ivl_8", 0 0, L_0000014175d968a0;  1 drivers
L_0000014175d950e0 .cmp/eq 10, L_0000014175dfe0c0, L_0000014175d9c860;
v0000014175d9a5e0_6 .array/port v0000014175d9a5e0, 6;
L_0000014175d968a0 .cmp/eq 10, v0000014175d9a5e0_6, L_0000014175dfe0c0;
L_0000014175d94b40 .functor MUXZ 1, L_0000014175cf5780, L_0000014175d9c8a8, L_0000014175d950e0, C4<>;
S_0000014175d7b600 .scope generate, "gen_match[7]" "gen_match[7]" 7 96, 7 96 0, S_0000014175d7bf60;
 .timescale -9 -12;
P_0000014175cfc1e0 .param/l "g" 0 7 96, +C4<0111>;
L_0000014175cf57f0 .functor AND 1, L_0000014175d96bc0, L_0000014175d94be0, C4<1>, C4<1>;
L_0000014175d9c8f0 .functor BUFT 1, C4<0000000000>, C4<0>, C4<0>, C4<0>;
v0000014175d7d610_0 .net/2u *"_ivl_0", 9 0, L_0000014175d9c8f0;  1 drivers
v0000014175d7e970_0 .net *"_ivl_11", 0 0, L_0000014175cf57f0;  1 drivers
v0000014175d7e790_0 .net *"_ivl_12", 0 0, L_0000014175d95900;  1 drivers
v0000014175d7d110_0 .net *"_ivl_2", 0 0, L_0000014175d96080;  1 drivers
L_0000014175d9c938 .functor BUFT 1, C4<0>, C4<0>, C4<0>, C4<0>;
v0000014175d7d6b0_0 .net/2u *"_ivl_4", 0 0, L_0000014175d9c938;  1 drivers
v0000014175d7dbb0_0 .net *"_ivl_6", 0 0, L_0000014175d96bc0;  1 drivers
v0000014175d7da70_0 .net *"_ivl_8", 0 0, L_0000014175d94be0;  1 drivers
L_0000014175d96080 .cmp/eq 10, L_0000014175dfe0c0, L_0000014175d9c8f0;
v0000014175d9a5e0_7 .array/port v0000014175d9a5e0, 7;
L_0000014175d94be0 .cmp/eq 10, v0000014175d9a5e0_7, L_0000014175dfe0c0;
L_0000014175d95900 .functor MUXZ 1, L_0000014175cf57f0, L_0000014175d9c938, L_0000014175d96080, C4<>;
S_0000014175d7b790 .scope generate, "gen_match[8]" "gen_match[8]" 7 96, 7 96 0, S_0000014175d7bf60;
 .timescale -9 -12;
P_0000014175cfc3a0 .param/l "g" 0 7 96, +C4<01000>;
L_0000014175cf5630 .functor AND 1, L_0000014175d94c80, L_0000014175d94d20, C4<1>, C4<1>;
L_0000014175d9c980 .functor BUFT 1, C4<0000000000>, C4<0>, C4<0>, C4<0>;
v0000014175d7cb70_0 .net/2u *"_ivl_0", 9 0, L_0000014175d9c980;  1 drivers
v0000014175d7db10_0 .net *"_ivl_11", 0 0, L_0000014175cf5630;  1 drivers
v0000014175d7eab0_0 .net *"_ivl_12", 0 0, L_0000014175d94dc0;  1 drivers
v0000014175d7dc50_0 .net *"_ivl_2", 0 0, L_0000014175d95180;  1 drivers
L_0000014175d9c9c8 .functor BUFT 1, C4<0>, C4<0>, C4<0>, C4<0>;
v0000014175d7dd90_0 .net/2u *"_ivl_4", 0 0, L_0000014175d9c9c8;  1 drivers
v0000014175d7de30_0 .net *"_ivl_6", 0 0, L_0000014175d94c80;  1 drivers
v0000014175d7ebf0_0 .net *"_ivl_8", 0 0, L_0000014175d94d20;  1 drivers
L_0000014175d95180 .cmp/eq 10, L_0000014175dfe0c0, L_0000014175d9c980;
v0000014175d9a5e0_8 .array/port v0000014175d9a5e0, 8;
L_0000014175d94d20 .cmp/eq 10, v0000014175d9a5e0_8, L_0000014175dfe0c0;
L_0000014175d94dc0 .functor MUXZ 1, L_0000014175cf5630, L_0000014175d9c9c8, L_0000014175d95180, C4<>;
S_0000014175d85f30 .scope generate, "gen_match[9]" "gen_match[9]" 7 96, 7 96 0, S_0000014175d7bf60;
 .timescale -9 -12;
P_0000014175cfb9e0 .param/l "g" 0 7 96, +C4<01001>;
L_0000014175cf50f0 .functor AND 1, L_0000014175d96940, L_0000014175d94e60, C4<1>, C4<1>;
L_0000014175d9ca10 .functor BUFT 1, C4<0000000000>, C4<0>, C4<0>, C4<0>;
v0000014175d7e010_0 .net/2u *"_ivl_0", 9 0, L_0000014175d9ca10;  1 drivers
v0000014175d7c5d0_0 .net *"_ivl_11", 0 0, L_0000014175cf50f0;  1 drivers
v0000014175d7c670_0 .net *"_ivl_12", 0 0, L_0000014175d95fe0;  1 drivers
v0000014175d7e830_0 .net *"_ivl_2", 0 0, L_0000014175d96580;  1 drivers
L_0000014175d9ca58 .functor BUFT 1, C4<0>, C4<0>, C4<0>, C4<0>;
v0000014175d7e150_0 .net/2u *"_ivl_4", 0 0, L_0000014175d9ca58;  1 drivers
v0000014175d7e1f0_0 .net *"_ivl_6", 0 0, L_0000014175d96940;  1 drivers
v0000014175d7eb50_0 .net *"_ivl_8", 0 0, L_0000014175d94e60;  1 drivers
L_0000014175d96580 .cmp/eq 10, L_0000014175dfe0c0, L_0000014175d9ca10;
v0000014175d9a5e0_9 .array/port v0000014175d9a5e0, 9;
L_0000014175d94e60 .cmp/eq 10, v0000014175d9a5e0_9, L_0000014175dfe0c0;
L_0000014175d95fe0 .functor MUXZ 1, L_0000014175cf50f0, L_0000014175d9ca58, L_0000014175d96580, C4<>;
S_0000014175d844a0 .scope generate, "gen_match[10]" "gen_match[10]" 7 96, 7 96 0, S_0000014175d7bf60;
 .timescale -9 -12;
P_0000014175cfc320 .param/l "g" 0 7 96, +C4<01010>;
L_0000014175cf49f0 .functor AND 1, L_0000014175d94f00, L_0000014175d95a40, C4<1>, C4<1>;
L_0000014175d9caa0 .functor BUFT 1, C4<0000000000>, C4<0>, C4<0>, C4<0>;
v0000014175d7c490_0 .net/2u *"_ivl_0", 9 0, L_0000014175d9caa0;  1 drivers
v0000014175d7ce90_0 .net *"_ivl_11", 0 0, L_0000014175cf49f0;  1 drivers
v0000014175d7e510_0 .net *"_ivl_12", 0 0, L_0000014175d969e0;  1 drivers
v0000014175d7c710_0 .net *"_ivl_2", 0 0, L_0000014175d959a0;  1 drivers
L_0000014175d9cae8 .functor BUFT 1, C4<0>, C4<0>, C4<0>, C4<0>;
v0000014175d7c530_0 .net/2u *"_ivl_4", 0 0, L_0000014175d9cae8;  1 drivers
v0000014175d7cd50_0 .net *"_ivl_6", 0 0, L_0000014175d94f00;  1 drivers
v0000014175d7c7b0_0 .net *"_ivl_8", 0 0, L_0000014175d95a40;  1 drivers
L_0000014175d959a0 .cmp/eq 10, L_0000014175dfe0c0, L_0000014175d9caa0;
v0000014175d9a5e0_10 .array/port v0000014175d9a5e0, 10;
L_0000014175d95a40 .cmp/eq 10, v0000014175d9a5e0_10, L_0000014175dfe0c0;
L_0000014175d969e0 .functor MUXZ 1, L_0000014175cf49f0, L_0000014175d9cae8, L_0000014175d959a0, C4<>;
S_0000014175d855d0 .scope generate, "gen_match[11]" "gen_match[11]" 7 96, 7 96 0, S_0000014175d7bf60;
 .timescale -9 -12;
P_0000014175cfc8a0 .param/l "g" 0 7 96, +C4<01011>;
L_0000014175cf56a0 .functor AND 1, L_0000014175d963a0, L_0000014175d98560, C4<1>, C4<1>;
L_0000014175d9cb30 .functor BUFT 1, C4<0000000000>, C4<0>, C4<0>, C4<0>;
v0000014175d7c990_0 .net/2u *"_ivl_0", 9 0, L_0000014175d9cb30;  1 drivers
v0000014175d7e290_0 .net *"_ivl_11", 0 0, L_0000014175cf56a0;  1 drivers
v0000014175d7e330_0 .net *"_ivl_12", 0 0, L_0000014175d97480;  1 drivers
v0000014175d7e5b0_0 .net *"_ivl_2", 0 0, L_0000014175d96120;  1 drivers
L_0000014175d9cb78 .functor BUFT 1, C4<0>, C4<0>, C4<0>, C4<0>;
v0000014175d7f410_0 .net/2u *"_ivl_4", 0 0, L_0000014175d9cb78;  1 drivers
v0000014175d7f870_0 .net *"_ivl_6", 0 0, L_0000014175d963a0;  1 drivers
v0000014175d7f5f0_0 .net *"_ivl_8", 0 0, L_0000014175d98560;  1 drivers
L_0000014175d96120 .cmp/eq 10, L_0000014175dfe0c0, L_0000014175d9cb30;
v0000014175d9a5e0_11 .array/port v0000014175d9a5e0, 11;
L_0000014175d98560 .cmp/eq 10, v0000014175d9a5e0_11, L_0000014175dfe0c0;
L_0000014175d97480 .functor MUXZ 1, L_0000014175cf56a0, L_0000014175d9cb78, L_0000014175d96120, C4<>;
S_0000014175d84f90 .scope generate, "gen_match[12]" "gen_match[12]" 7 96, 7 96 0, S_0000014175d7bf60;
 .timescale -9 -12;
P_0000014175cfc0e0 .param/l "g" 0 7 96, +C4<01100>;
L_0000014175cf4d00 .functor AND 1, L_0000014175d99320, L_0000014175d97ca0, C4<1>, C4<1>;
L_0000014175d9cbc0 .functor BUFT 1, C4<0000000000>, C4<0>, C4<0>, C4<0>;
v0000014175d7fcd0_0 .net/2u *"_ivl_0", 9 0, L_0000014175d9cbc0;  1 drivers
v0000014175d7f550_0 .net *"_ivl_11", 0 0, L_0000014175cf4d00;  1 drivers
v0000014175d7f9b0_0 .net *"_ivl_12", 0 0, L_0000014175d98100;  1 drivers
v0000014175d7f910_0 .net *"_ivl_2", 0 0, L_0000014175d97660;  1 drivers
L_0000014175d9cc08 .functor BUFT 1, C4<0>, C4<0>, C4<0>, C4<0>;
v0000014175d7ed30_0 .net/2u *"_ivl_4", 0 0, L_0000014175d9cc08;  1 drivers
v0000014175d7f4b0_0 .net *"_ivl_6", 0 0, L_0000014175d99320;  1 drivers
v0000014175d7f690_0 .net *"_ivl_8", 0 0, L_0000014175d97ca0;  1 drivers
L_0000014175d97660 .cmp/eq 10, L_0000014175dfe0c0, L_0000014175d9cbc0;
v0000014175d9a5e0_12 .array/port v0000014175d9a5e0, 12;
L_0000014175d97ca0 .cmp/eq 10, v0000014175d9a5e0_12, L_0000014175dfe0c0;
L_0000014175d98100 .functor MUXZ 1, L_0000014175cf4d00, L_0000014175d9cc08, L_0000014175d97660, C4<>;
S_0000014175d85da0 .scope generate, "gen_match[13]" "gen_match[13]" 7 96, 7 96 0, S_0000014175d7bf60;
 .timescale -9 -12;
P_0000014175cfc8e0 .param/l "g" 0 7 96, +C4<01101>;
L_0000014175cf4910 .functor AND 1, L_0000014175d98b00, L_0000014175d97a20, C4<1>, C4<1>;
L_0000014175d9cc50 .functor BUFT 1, C4<0000000000>, C4<0>, C4<0>, C4<0>;
v0000014175d7ef10_0 .net/2u *"_ivl_0", 9 0, L_0000014175d9cc50;  1 drivers
v0000014175d801d0_0 .net *"_ivl_11", 0 0, L_0000014175cf4910;  1 drivers
v0000014175d7fb90_0 .net *"_ivl_12", 0 0, L_0000014175d96f80;  1 drivers
v0000014175d80130_0 .net *"_ivl_2", 0 0, L_0000014175d97d40;  1 drivers
L_0000014175d9cc98 .functor BUFT 1, C4<0>, C4<0>, C4<0>, C4<0>;
v0000014175d7f0f0_0 .net/2u *"_ivl_4", 0 0, L_0000014175d9cc98;  1 drivers
v0000014175d7fa50_0 .net *"_ivl_6", 0 0, L_0000014175d98b00;  1 drivers
v0000014175d7faf0_0 .net *"_ivl_8", 0 0, L_0000014175d97a20;  1 drivers
L_0000014175d97d40 .cmp/eq 10, L_0000014175dfe0c0, L_0000014175d9cc50;
v0000014175d9a5e0_13 .array/port v0000014175d9a5e0, 13;
L_0000014175d97a20 .cmp/eq 10, v0000014175d9a5e0_13, L_0000014175dfe0c0;
L_0000014175d96f80 .functor MUXZ 1, L_0000014175cf4910, L_0000014175d9cc98, L_0000014175d97d40, C4<>;
S_0000014175d85440 .scope generate, "gen_match[14]" "gen_match[14]" 7 96, 7 96 0, S_0000014175d7bf60;
 .timescale -9 -12;
P_0000014175cfbee0 .param/l "g" 0 7 96, +C4<01110>;
L_0000014175cf5400 .functor AND 1, L_0000014175d981a0, L_0000014175d98240, C4<1>, C4<1>;
L_0000014175d9cce0 .functor BUFT 1, C4<0000000000>, C4<0>, C4<0>, C4<0>;
v0000014175d7fc30_0 .net/2u *"_ivl_0", 9 0, L_0000014175d9cce0;  1 drivers
v0000014175d7fd70_0 .net *"_ivl_11", 0 0, L_0000014175cf5400;  1 drivers
v0000014175d7fe10_0 .net *"_ivl_12", 0 0, L_0000014175d97700;  1 drivers
v0000014175d7f370_0 .net *"_ivl_2", 0 0, L_0000014175d98740;  1 drivers
L_0000014175d9cd28 .functor BUFT 1, C4<0>, C4<0>, C4<0>, C4<0>;
v0000014175d7f730_0 .net/2u *"_ivl_4", 0 0, L_0000014175d9cd28;  1 drivers
v0000014175d80270_0 .net *"_ivl_6", 0 0, L_0000014175d981a0;  1 drivers
v0000014175d7ee70_0 .net *"_ivl_8", 0 0, L_0000014175d98240;  1 drivers
L_0000014175d98740 .cmp/eq 10, L_0000014175dfe0c0, L_0000014175d9cce0;
v0000014175d9a5e0_14 .array/port v0000014175d9a5e0, 14;
L_0000014175d98240 .cmp/eq 10, v0000014175d9a5e0_14, L_0000014175dfe0c0;
L_0000014175d97700 .functor MUXZ 1, L_0000014175cf5400, L_0000014175d9cd28, L_0000014175d98740, C4<>;
S_0000014175d85760 .scope generate, "gen_match[15]" "gen_match[15]" 7 96, 7 96 0, S_0000014175d7bf60;
 .timescale -9 -12;
P_0000014175cfc920 .param/l "g" 0 7 96, +C4<01111>;
L_0000014175cf4d70 .functor AND 1, L_0000014175d98d80, L_0000014175d97520, C4<1>, C4<1>;
L_0000014175d9cd70 .functor BUFT 1, C4<0000000000>, C4<0>, C4<0>, C4<0>;
v0000014175d7f050_0 .net/2u *"_ivl_0", 9 0, L_0000014175d9cd70;  1 drivers
v0000014175d7f7d0_0 .net *"_ivl_11", 0 0, L_0000014175cf4d70;  1 drivers
v0000014175d80310_0 .net *"_ivl_12", 0 0, L_0000014175d97ac0;  1 drivers
v0000014175d7feb0_0 .net *"_ivl_2", 0 0, L_0000014175d97fc0;  1 drivers
L_0000014175d9cdb8 .functor BUFT 1, C4<0>, C4<0>, C4<0>, C4<0>;
v0000014175d7ff50_0 .net/2u *"_ivl_4", 0 0, L_0000014175d9cdb8;  1 drivers
v0000014175d7fff0_0 .net *"_ivl_6", 0 0, L_0000014175d98d80;  1 drivers
v0000014175d7ec90_0 .net *"_ivl_8", 0 0, L_0000014175d97520;  1 drivers
L_0000014175d97fc0 .cmp/eq 10, L_0000014175dfe0c0, L_0000014175d9cd70;
v0000014175d9a5e0_15 .array/port v0000014175d9a5e0, 15;
L_0000014175d97520 .cmp/eq 10, v0000014175d9a5e0_15, L_0000014175dfe0c0;
L_0000014175d97ac0 .functor MUXZ 1, L_0000014175cf4d70, L_0000014175d9cdb8, L_0000014175d97fc0, C4<>;
S_0000014175d860c0 .scope generate, "gen_ready[0]" "gen_ready[0]" 7 131, 7 131 0, S_0000014175d7bf60;
 .timescale -9 -12;
P_0000014175cfba20 .param/l "g" 0 7 131, +C4<00>;
L_0000014175d9e900 .functor BUFT 1, C4<01>, C4<0>, C4<0>, C4<0>;
v0000014175d80090_0 .net/2u *"_ivl_1", 1 0, L_0000014175d9e900;  1 drivers
v0000014175d7efb0_0 .net *"_ivl_3", 0 0, L_0000014175e015e0;  1 drivers
L_0000014175e015e0 .cmp/eq 2, L_0000014175d97020, L_0000014175d9e900;
S_0000014175d84630 .scope generate, "gen_ready[1]" "gen_ready[1]" 7 131, 7 131 0, S_0000014175d7bf60;
 .timescale -9 -12;
P_0000014175cfc260 .param/l "g" 0 7 131, +C4<01>;
L_0000014175d9e948 .functor BUFT 1, C4<01>, C4<0>, C4<0>, C4<0>;
v0000014175d7edd0_0 .net/2u *"_ivl_1", 1 0, L_0000014175d9e948;  1 drivers
v0000014175d7f190_0 .net *"_ivl_3", 0 0, L_0000014175e02800;  1 drivers
L_0000014175e02800 .cmp/eq 2, L_0000014175d98380, L_0000014175d9e948;
S_0000014175d86250 .scope generate, "gen_ready[2]" "gen_ready[2]" 7 131, 7 131 0, S_0000014175d7bf60;
 .timescale -9 -12;
P_0000014175cfb960 .param/l "g" 0 7 131, +C4<010>;
L_0000014175d9e990 .functor BUFT 1, C4<01>, C4<0>, C4<0>, C4<0>;
v0000014175d7f230_0 .net/2u *"_ivl_1", 1 0, L_0000014175d9e990;  1 drivers
v0000014175d7f2d0_0 .net *"_ivl_3", 0 0, L_0000014175e030c0;  1 drivers
L_0000014175e030c0 .cmp/eq 2, L_0000014175d99000, L_0000014175d9e990;
S_0000014175d84c70 .scope generate, "gen_ready[3]" "gen_ready[3]" 7 131, 7 131 0, S_0000014175d7bf60;
 .timescale -9 -12;
P_0000014175cfb9a0 .param/l "g" 0 7 131, +C4<011>;
L_0000014175d9e9d8 .functor BUFT 1, C4<01>, C4<0>, C4<0>, C4<0>;
v0000014175d80e00_0 .net/2u *"_ivl_1", 1 0, L_0000014175d9e9d8;  1 drivers
v0000014175d80680_0 .net *"_ivl_3", 0 0, L_0000014175e03ac0;  1 drivers
L_0000014175e03ac0 .cmp/eq 2, L_0000014175d98920, L_0000014175d9e9d8;
S_0000014175d847c0 .scope generate, "gen_ready[4]" "gen_ready[4]" 7 131, 7 131 0, S_0000014175d7bf60;
 .timescale -9 -12;
P_0000014175cfbf60 .param/l "g" 0 7 131, +C4<0100>;
L_0000014175d9ea20 .functor BUFT 1, C4<01>, C4<0>, C4<0>, C4<0>;
v0000014175d80860_0 .net/2u *"_ivl_1", 1 0, L_0000014175d9ea20;  1 drivers
v0000014175d82c00_0 .net *"_ivl_3", 0 0, L_0000014175e01e00;  1 drivers
L_0000014175e01e00 .cmp/eq 2, L_0000014175d97160, L_0000014175d9ea20;
S_0000014175d84ae0 .scope generate, "gen_ready[5]" "gen_ready[5]" 7 131, 7 131 0, S_0000014175d7bf60;
 .timescale -9 -12;
P_0000014175cfbfa0 .param/l "g" 0 7 131, +C4<0101>;
L_0000014175d9ea68 .functor BUFT 1, C4<01>, C4<0>, C4<0>, C4<0>;
v0000014175d81bc0_0 .net/2u *"_ivl_1", 1 0, L_0000014175d9ea68;  1 drivers
v0000014175d816c0_0 .net *"_ivl_3", 0 0, L_0000014175e02300;  1 drivers
L_0000014175e02300 .cmp/eq 2, L_0000014175e012c0, L_0000014175d9ea68;
S_0000014175d84e00 .scope generate, "gen_ready[6]" "gen_ready[6]" 7 131, 7 131 0, S_0000014175d7bf60;
 .timescale -9 -12;
P_0000014175cfbfe0 .param/l "g" 0 7 131, +C4<0110>;
L_0000014175d9eab0 .functor BUFT 1, C4<01>, C4<0>, C4<0>, C4<0>;
v0000014175d814e0_0 .net/2u *"_ivl_1", 1 0, L_0000014175d9eab0;  1 drivers
v0000014175d81da0_0 .net *"_ivl_3", 0 0, L_0000014175e02080;  1 drivers
L_0000014175e02080 .cmp/eq 2, L_0000014175e00e60, L_0000014175d9eab0;
S_0000014175d858f0 .scope generate, "gen_ready[7]" "gen_ready[7]" 7 131, 7 131 0, S_0000014175d7bf60;
 .timescale -9 -12;
P_0000014175cfd7e0 .param/l "g" 0 7 131, +C4<0111>;
L_0000014175d9eaf8 .functor BUFT 1, C4<01>, C4<0>, C4<0>, C4<0>;
v0000014175d81300_0 .net/2u *"_ivl_1", 1 0, L_0000014175d9eaf8;  1 drivers
v0000014175d80540_0 .net *"_ivl_3", 0 0, L_0000014175e02120;  1 drivers
L_0000014175e02120 .cmp/eq 2, L_0000014175dff1a0, L_0000014175d9eaf8;
S_0000014175d85120 .scope generate, "gen_ready[8]" "gen_ready[8]" 7 131, 7 131 0, S_0000014175d7bf60;
 .timescale -9 -12;
P_0000014175cfd120 .param/l "g" 0 7 131, +C4<01000>;
L_0000014175d9eb40 .functor BUFT 1, C4<01>, C4<0>, C4<0>, C4<0>;
v0000014175d80ea0_0 .net/2u *"_ivl_1", 1 0, L_0000014175d9eb40;  1 drivers
v0000014175d807c0_0 .net *"_ivl_3", 0 0, L_0000014175e023a0;  1 drivers
L_0000014175e023a0 .cmp/eq 2, L_0000014175dff100, L_0000014175d9eb40;
S_0000014175d84950 .scope generate, "gen_ready[9]" "gen_ready[9]" 7 131, 7 131 0, S_0000014175d7bf60;
 .timescale -9 -12;
P_0000014175cfd660 .param/l "g" 0 7 131, +C4<01001>;
L_0000014175d9eb88 .functor BUFT 1, C4<01>, C4<0>, C4<0>, C4<0>;
v0000014175d823e0_0 .net/2u *"_ivl_1", 1 0, L_0000014175d9eb88;  1 drivers
v0000014175d81260_0 .net *"_ivl_3", 0 0, L_0000014175e02440;  1 drivers
L_0000014175e02440 .cmp/eq 2, L_0000014175dffa60, L_0000014175d9eb88;
S_0000014175d852b0 .scope generate, "gen_ready[10]" "gen_ready[10]" 7 131, 7 131 0, S_0000014175d7bf60;
 .timescale -9 -12;
P_0000014175cfcda0 .param/l "g" 0 7 131, +C4<01010>;
L_0000014175d9ebd0 .functor BUFT 1, C4<01>, C4<0>, C4<0>, C4<0>;
v0000014175d80900_0 .net/2u *"_ivl_1", 1 0, L_0000014175d9ebd0;  1 drivers
v0000014175d82840_0 .net *"_ivl_3", 0 0, L_0000014175e03020;  1 drivers
L_0000014175e03020 .cmp/eq 2, L_0000014175dff600, L_0000014175d9ebd0;
S_0000014175d85c10 .scope generate, "gen_ready[11]" "gen_ready[11]" 7 131, 7 131 0, S_0000014175d7bf60;
 .timescale -9 -12;
P_0000014175cfc960 .param/l "g" 0 7 131, +C4<01011>;
L_0000014175d9ec18 .functor BUFT 1, C4<01>, C4<0>, C4<0>, C4<0>;
v0000014175d82700_0 .net/2u *"_ivl_1", 1 0, L_0000014175d9ec18;  1 drivers
v0000014175d80ae0_0 .net *"_ivl_3", 0 0, L_0000014175e03520;  1 drivers
L_0000014175e03520 .cmp/eq 2, L_0000014175e00f00, L_0000014175d9ec18;
S_0000014175d85a80 .scope generate, "gen_ready[12]" "gen_ready[12]" 7 131, 7 131 0, S_0000014175d7bf60;
 .timescale -9 -12;
P_0000014175cfca60 .param/l "g" 0 7 131, +C4<01100>;
L_0000014175d9ec60 .functor BUFT 1, C4<01>, C4<0>, C4<0>, C4<0>;
v0000014175d81440_0 .net/2u *"_ivl_1", 1 0, L_0000014175d9ec60;  1 drivers
v0000014175d825c0_0 .net *"_ivl_3", 0 0, L_0000014175e03a20;  1 drivers
L_0000014175e03a20 .cmp/eq 2, L_0000014175e017c0, L_0000014175d9ec60;
S_0000014175d87f40 .scope generate, "gen_ready[13]" "gen_ready[13]" 7 131, 7 131 0, S_0000014175d7bf60;
 .timescale -9 -12;
P_0000014175cfcde0 .param/l "g" 0 7 131, +C4<01101>;
L_0000014175d9eca8 .functor BUFT 1, C4<01>, C4<0>, C4<0>, C4<0>;
v0000014175d80f40_0 .net/2u *"_ivl_1", 1 0, L_0000014175d9eca8;  1 drivers
v0000014175d80b80_0 .net *"_ivl_3", 0 0, L_0000014175e029e0;  1 drivers
L_0000014175e029e0 .cmp/eq 2, L_0000014175e01720, L_0000014175d9eca8;
S_0000014175d867d0 .scope generate, "gen_ready[14]" "gen_ready[14]" 7 131, 7 131 0, S_0000014175d7bf60;
 .timescale -9 -12;
P_0000014175cfcb20 .param/l "g" 0 7 131, +C4<01110>;
L_0000014175d9ecf0 .functor BUFT 1, C4<01>, C4<0>, C4<0>, C4<0>;
v0000014175d80c20_0 .net/2u *"_ivl_1", 1 0, L_0000014175d9ecf0;  1 drivers
v0000014175d82020_0 .net *"_ivl_3", 0 0, L_0000014175e03160;  1 drivers
L_0000014175e03160 .cmp/eq 2, L_0000014175e01f40, L_0000014175d9ecf0;
S_0000014175d86640 .scope generate, "gen_ready[15]" "gen_ready[15]" 7 131, 7 131 0, S_0000014175d7bf60;
 .timescale -9 -12;
P_0000014175cfd720 .param/l "g" 0 7 131, +C4<01111>;
L_0000014175d9ed38 .functor BUFT 1, C4<01>, C4<0>, C4<0>, C4<0>;
v0000014175d82980_0 .net/2u *"_ivl_1", 1 0, L_0000014175d9ed38;  1 drivers
v0000014175d80cc0_0 .net *"_ivl_3", 0 0, L_0000014175e03c00;  1 drivers
L_0000014175e03c00 .cmp/eq 2, L_0000014175e02940, L_0000014175d9ed38;
S_0000014175d864b0 .scope generate, "gen_state[0]" "gen_state[0]" 7 116, 7 116 0, S_0000014175d7bf60;
 .timescale -9 -12;
P_0000014175cfce20 .param/l "g" 0 7 116, +C4<00>;
v0000014175d809a0_0 .net *"_ivl_1", 0 0, L_0000014175d98ec0;  1 drivers
L_0000014175d9ce48 .functor BUFT 1, C4<11>, C4<0>, C4<0>, C4<0>;
v0000014175d82a20_0 .net/2u *"_ivl_10", 1 0, L_0000014175d9ce48;  1 drivers
v0000014175d81e40_0 .net *"_ivl_14", 0 0, L_0000014175d973e0;  1 drivers
L_0000014175d9ce90 .functor BUFT 1, C4<10>, C4<0>, C4<0>, C4<0>;
v0000014175d81760_0 .net/2u *"_ivl_16", 1 0, L_0000014175d9ce90;  1 drivers
L_0000014175d9ced8 .functor BUFT 1, C4<0000000000000000>, C4<0>, C4<0>, C4<0>;
v0000014175d80d60_0 .net/2u *"_ivl_19", 15 0, L_0000014175d9ced8;  1 drivers
v0000014175d827a0_0 .net *"_ivl_21", 0 0, L_0000014175d986a0;  1 drivers
L_0000014175d9cf20 .functor BUFT 1, C4<01>, C4<0>, C4<0>, C4<0>;
v0000014175d81800_0 .net/2u *"_ivl_23", 1 0, L_0000014175d9cf20;  1 drivers
L_0000014175d9cf68 .functor BUFT 1, C4<00>, C4<0>, C4<0>, C4<0>;
v0000014175d819e0_0 .net/2u *"_ivl_25", 1 0, L_0000014175d9cf68;  1 drivers
v0000014175d82520_0 .net *"_ivl_27", 1 0, L_0000014175d97b60;  1 drivers
v0000014175d81580_0 .net *"_ivl_29", 1 0, L_0000014175d98f60;  1 drivers
v0000014175d81620_0 .net *"_ivl_3", 0 0, L_0000014175d97e80;  1 drivers
v0000014175d811c0_0 .net *"_ivl_31", 1 0, L_0000014175d98e20;  1 drivers
L_0000014175d9ce00 .functor BUFT 1, C4<00>, C4<0>, C4<0>, C4<0>;
v0000014175d81080_0 .net/2u *"_ivl_4", 1 0, L_0000014175d9ce00;  1 drivers
v0000014175d81a80_0 .net *"_ivl_8", 0 0, L_0000014175d989c0;  1 drivers
L_0000014175d97e80 .reduce/nor L_0000014175d98ec0;
v0000014175d99500_0 .array/port v0000014175d99500, 0;
v0000014175d9a040_0 .array/port v0000014175d9a040, 0;
L_0000014175d989c0 .cmp/eq 10, v0000014175d99500_0, v0000014175d9a040_0;
v0000014175d9a900_0 .array/port v0000014175d9a900, 0;
L_0000014175d973e0 .cmp/ge 10, v0000014175d9a900_0, v0000014175d9a040_0;
v0000014175d99be0_0 .array/port v0000014175d99be0, 0;
L_0000014175d986a0 .cmp/eq 16, v0000014175d99be0_0, L_0000014175d9ced8;
L_0000014175d97b60 .functor MUXZ 2, L_0000014175d9cf68, L_0000014175d9cf20, L_0000014175d986a0, C4<>;
L_0000014175d98f60 .functor MUXZ 2, L_0000014175d97b60, L_0000014175d9ce90, L_0000014175d973e0, C4<>;
L_0000014175d98e20 .functor MUXZ 2, L_0000014175d98f60, L_0000014175d9ce48, L_0000014175d989c0, C4<>;
L_0000014175d97020 .functor MUXZ 2, L_0000014175d98e20, L_0000014175d9ce00, L_0000014175d97e80, C4<>;
S_0000014175d86960 .scope generate, "gen_state[1]" "gen_state[1]" 7 116, 7 116 0, S_0000014175d7bf60;
 .timescale -9 -12;
P_0000014175cfd4a0 .param/l "g" 0 7 116, +C4<01>;
v0000014175d813a0_0 .net *"_ivl_1", 0 0, L_0000014175d97de0;  1 drivers
L_0000014175d9cff8 .functor BUFT 1, C4<11>, C4<0>, C4<0>, C4<0>;
v0000014175d805e0_0 .net/2u *"_ivl_10", 1 0, L_0000014175d9cff8;  1 drivers
v0000014175d818a0_0 .net *"_ivl_14", 0 0, L_0000014175d97f20;  1 drivers
L_0000014175d9d040 .functor BUFT 1, C4<10>, C4<0>, C4<0>, C4<0>;
v0000014175d82660_0 .net/2u *"_ivl_16", 1 0, L_0000014175d9d040;  1 drivers
L_0000014175d9d088 .functor BUFT 1, C4<0000000000000000>, C4<0>, C4<0>, C4<0>;
v0000014175d80fe0_0 .net/2u *"_ivl_19", 15 0, L_0000014175d9d088;  1 drivers
v0000014175d80a40_0 .net *"_ivl_21", 0 0, L_0000014175d97340;  1 drivers
L_0000014175d9d0d0 .functor BUFT 1, C4<01>, C4<0>, C4<0>, C4<0>;
v0000014175d828e0_0 .net/2u *"_ivl_23", 1 0, L_0000014175d9d0d0;  1 drivers
L_0000014175d9d118 .functor BUFT 1, C4<00>, C4<0>, C4<0>, C4<0>;
v0000014175d81940_0 .net/2u *"_ivl_25", 1 0, L_0000014175d9d118;  1 drivers
v0000014175d81b20_0 .net *"_ivl_27", 1 0, L_0000014175d982e0;  1 drivers
v0000014175d81120_0 .net *"_ivl_29", 1 0, L_0000014175d98060;  1 drivers
v0000014175d81c60_0 .net *"_ivl_3", 0 0, L_0000014175d975c0;  1 drivers
v0000014175d81d00_0 .net *"_ivl_31", 1 0, L_0000014175d98600;  1 drivers
L_0000014175d9cfb0 .functor BUFT 1, C4<00>, C4<0>, C4<0>, C4<0>;
v0000014175d81ee0_0 .net/2u *"_ivl_4", 1 0, L_0000014175d9cfb0;  1 drivers
v0000014175d81f80_0 .net *"_ivl_8", 0 0, L_0000014175d97980;  1 drivers
L_0000014175d975c0 .reduce/nor L_0000014175d97de0;
v0000014175d99500_1 .array/port v0000014175d99500, 1;
v0000014175d9a040_1 .array/port v0000014175d9a040, 1;
L_0000014175d97980 .cmp/eq 10, v0000014175d99500_1, v0000014175d9a040_1;
v0000014175d9a900_1 .array/port v0000014175d9a900, 1;
L_0000014175d97f20 .cmp/ge 10, v0000014175d9a900_1, v0000014175d9a040_1;
v0000014175d99be0_1 .array/port v0000014175d99be0, 1;
L_0000014175d97340 .cmp/eq 16, v0000014175d99be0_1, L_0000014175d9d088;
L_0000014175d982e0 .functor MUXZ 2, L_0000014175d9d118, L_0000014175d9d0d0, L_0000014175d97340, C4<>;
L_0000014175d98060 .functor MUXZ 2, L_0000014175d982e0, L_0000014175d9d040, L_0000014175d97f20, C4<>;
L_0000014175d98600 .functor MUXZ 2, L_0000014175d98060, L_0000014175d9cff8, L_0000014175d97980, C4<>;
L_0000014175d98380 .functor MUXZ 2, L_0000014175d98600, L_0000014175d9cfb0, L_0000014175d975c0, C4<>;
S_0000014175d86af0 .scope generate, "gen_state[2]" "gen_state[2]" 7 116, 7 116 0, S_0000014175d7bf60;
 .timescale -9 -12;
P_0000014175cfd1a0 .param/l "g" 0 7 116, +C4<010>;
v0000014175d82ac0_0 .net *"_ivl_1", 0 0, L_0000014175d98420;  1 drivers
L_0000014175d9d1a8 .functor BUFT 1, C4<11>, C4<0>, C4<0>, C4<0>;
v0000014175d820c0_0 .net/2u *"_ivl_10", 1 0, L_0000014175d9d1a8;  1 drivers
v0000014175d82160_0 .net *"_ivl_14", 0 0, L_0000014175d977a0;  1 drivers
L_0000014175d9d1f0 .functor BUFT 1, C4<10>, C4<0>, C4<0>, C4<0>;
v0000014175d80720_0 .net/2u *"_ivl_16", 1 0, L_0000014175d9d1f0;  1 drivers
L_0000014175d9d238 .functor BUFT 1, C4<0000000000000000>, C4<0>, C4<0>, C4<0>;
v0000014175d82200_0 .net/2u *"_ivl_19", 15 0, L_0000014175d9d238;  1 drivers
v0000014175d822a0_0 .net *"_ivl_21", 0 0, L_0000014175d984c0;  1 drivers
L_0000014175d9d280 .functor BUFT 1, C4<01>, C4<0>, C4<0>, C4<0>;
v0000014175d82340_0 .net/2u *"_ivl_23", 1 0, L_0000014175d9d280;  1 drivers
L_0000014175d9d2c8 .functor BUFT 1, C4<00>, C4<0>, C4<0>, C4<0>;
v0000014175d82480_0 .net/2u *"_ivl_25", 1 0, L_0000014175d9d2c8;  1 drivers
v0000014175d82b60_0 .net *"_ivl_27", 1 0, L_0000014175d993c0;  1 drivers
v0000014175d804a0_0 .net *"_ivl_29", 1 0, L_0000014175d987e0;  1 drivers
v0000014175d83880_0 .net *"_ivl_3", 0 0, L_0000014175d98ce0;  1 drivers
v0000014175d840a0_0 .net *"_ivl_31", 1 0, L_0000014175d99460;  1 drivers
L_0000014175d9d160 .functor BUFT 1, C4<00>, C4<0>, C4<0>, C4<0>;
v0000014175d82d40_0 .net/2u *"_ivl_4", 1 0, L_0000014175d9d160;  1 drivers
v0000014175d82e80_0 .net *"_ivl_8", 0 0, L_0000014175d978e0;  1 drivers
L_0000014175d98ce0 .reduce/nor L_0000014175d98420;
v0000014175d99500_2 .array/port v0000014175d99500, 2;
v0000014175d9a040_2 .array/port v0000014175d9a040, 2;
L_0000014175d978e0 .cmp/eq 10, v0000014175d99500_2, v0000014175d9a040_2;
v0000014175d9a900_2 .array/port v0000014175d9a900, 2;
L_0000014175d977a0 .cmp/ge 10, v0000014175d9a900_2, v0000014175d9a040_2;
v0000014175d99be0_2 .array/port v0000014175d99be0, 2;
L_0000014175d984c0 .cmp/eq 16, v0000014175d99be0_2, L_0000014175d9d238;
L_0000014175d993c0 .functor MUXZ 2, L_0000014175d9d2c8, L_0000014175d9d280, L_0000014175d984c0, C4<>;
L_0000014175d987e0 .functor MUXZ 2, L_0000014175d993c0, L_0000014175d9d1f0, L_0000014175d977a0, C4<>;
L_0000014175d99460 .functor MUXZ 2, L_0000014175d987e0, L_0000014175d9d1a8, L_0000014175d978e0, C4<>;
L_0000014175d99000 .functor MUXZ 2, L_0000014175d99460, L_0000014175d9d160, L_0000014175d98ce0, C4<>;
S_0000014175d872c0 .scope generate, "gen_state[3]" "gen_state[3]" 7 116, 7 116 0, S_0000014175d7bf60;
 .timescale -9 -12;
P_0000014175cfca20 .param/l "g" 0 7 116, +C4<011>;
v0000014175d832e0_0 .net *"_ivl_1", 0 0, L_0000014175d970c0;  1 drivers
L_0000014175d9d358 .functor BUFT 1, C4<11>, C4<0>, C4<0>, C4<0>;
v0000014175d82f20_0 .net/2u *"_ivl_10", 1 0, L_0000014175d9d358;  1 drivers
v0000014175d84140_0 .net *"_ivl_14", 0 0, L_0000014175d97200;  1 drivers
L_0000014175d9d3a0 .functor BUFT 1, C4<10>, C4<0>, C4<0>, C4<0>;
v0000014175d83380_0 .net/2u *"_ivl_16", 1 0, L_0000014175d9d3a0;  1 drivers
L_0000014175d9d3e8 .functor BUFT 1, C4<0000000000000000>, C4<0>, C4<0>, C4<0>;
v0000014175d82ca0_0 .net/2u *"_ivl_19", 15 0, L_0000014175d9d3e8;  1 drivers
v0000014175d83060_0 .net *"_ivl_21", 0 0, L_0000014175d96d00;  1 drivers
L_0000014175d9d430 .functor BUFT 1, C4<01>, C4<0>, C4<0>, C4<0>;
v0000014175d83740_0 .net/2u *"_ivl_23", 1 0, L_0000014175d9d430;  1 drivers
L_0000014175d9d478 .functor BUFT 1, C4<00>, C4<0>, C4<0>, C4<0>;
v0000014175d84000_0 .net/2u *"_ivl_25", 1 0, L_0000014175d9d478;  1 drivers
v0000014175d83d80_0 .net *"_ivl_27", 1 0, L_0000014175d99280;  1 drivers
v0000014175d837e0_0 .net *"_ivl_29", 1 0, L_0000014175d96ee0;  1 drivers
v0000014175d83100_0 .net *"_ivl_3", 0 0, L_0000014175d98c40;  1 drivers
v0000014175d83420_0 .net *"_ivl_31", 1 0, L_0000014175d98880;  1 drivers
L_0000014175d9d310 .functor BUFT 1, C4<00>, C4<0>, C4<0>, C4<0>;
v0000014175d831a0_0 .net/2u *"_ivl_4", 1 0, L_0000014175d9d310;  1 drivers
v0000014175d83f60_0 .net *"_ivl_8", 0 0, L_0000014175d991e0;  1 drivers
L_0000014175d98c40 .reduce/nor L_0000014175d970c0;
v0000014175d99500_3 .array/port v0000014175d99500, 3;
v0000014175d9a040_3 .array/port v0000014175d9a040, 3;
L_0000014175d991e0 .cmp/eq 10, v0000014175d99500_3, v0000014175d9a040_3;
v0000014175d9a900_3 .array/port v0000014175d9a900, 3;
L_0000014175d97200 .cmp/ge 10, v0000014175d9a900_3, v0000014175d9a040_3;
v0000014175d99be0_3 .array/port v0000014175d99be0, 3;
L_0000014175d96d00 .cmp/eq 16, v0000014175d99be0_3, L_0000014175d9d3e8;
L_0000014175d99280 .functor MUXZ 2, L_0000014175d9d478, L_0000014175d9d430, L_0000014175d96d00, C4<>;
L_0000014175d96ee0 .functor MUXZ 2, L_0000014175d99280, L_0000014175d9d3a0, L_0000014175d97200, C4<>;
L_0000014175d98880 .functor MUXZ 2, L_0000014175d96ee0, L_0000014175d9d358, L_0000014175d991e0, C4<>;
L_0000014175d98920 .functor MUXZ 2, L_0000014175d98880, L_0000014175d9d310, L_0000014175d98c40, C4<>;
S_0000014175d87770 .scope generate, "gen_state[4]" "gen_state[4]" 7 116, 7 116 0, S_0000014175d7bf60;
 .timescale -9 -12;
P_0000014175cfd160 .param/l "g" 0 7 116, +C4<0100>;
v0000014175d82fc0_0 .net *"_ivl_1", 0 0, L_0000014175d96da0;  1 drivers
L_0000014175d9d508 .functor BUFT 1, C4<11>, C4<0>, C4<0>, C4<0>;
v0000014175d834c0_0 .net/2u *"_ivl_10", 1 0, L_0000014175d9d508;  1 drivers
v0000014175d83560_0 .net *"_ivl_14", 0 0, L_0000014175d990a0;  1 drivers
L_0000014175d9d550 .functor BUFT 1, C4<10>, C4<0>, C4<0>, C4<0>;
v0000014175d83920_0 .net/2u *"_ivl_16", 1 0, L_0000014175d9d550;  1 drivers
L_0000014175d9d598 .functor BUFT 1, C4<0000000000000000>, C4<0>, C4<0>, C4<0>;
v0000014175d839c0_0 .net/2u *"_ivl_19", 15 0, L_0000014175d9d598;  1 drivers
v0000014175d83240_0 .net *"_ivl_21", 0 0, L_0000014175d99140;  1 drivers
L_0000014175d9d5e0 .functor BUFT 1, C4<01>, C4<0>, C4<0>, C4<0>;
v0000014175d83600_0 .net/2u *"_ivl_23", 1 0, L_0000014175d9d5e0;  1 drivers
L_0000014175d9d628 .functor BUFT 1, C4<00>, C4<0>, C4<0>, C4<0>;
v0000014175d841e0_0 .net/2u *"_ivl_25", 1 0, L_0000014175d9d628;  1 drivers
v0000014175d83e20_0 .net *"_ivl_27", 1 0, L_0000014175d98ba0;  1 drivers
v0000014175d84280_0 .net *"_ivl_29", 1 0, L_0000014175d96e40;  1 drivers
v0000014175d836a0_0 .net *"_ivl_3", 0 0, L_0000014175d97840;  1 drivers
v0000014175d84320_0 .net *"_ivl_31", 1 0, L_0000014175d97c00;  1 drivers
L_0000014175d9d4c0 .functor BUFT 1, C4<00>, C4<0>, C4<0>, C4<0>;
v0000014175d82de0_0 .net/2u *"_ivl_4", 1 0, L_0000014175d9d4c0;  1 drivers
v0000014175d83a60_0 .net *"_ivl_8", 0 0, L_0000014175d98a60;  1 drivers
L_0000014175d97840 .reduce/nor L_0000014175d96da0;
v0000014175d99500_4 .array/port v0000014175d99500, 4;
v0000014175d9a040_4 .array/port v0000014175d9a040, 4;
L_0000014175d98a60 .cmp/eq 10, v0000014175d99500_4, v0000014175d9a040_4;
v0000014175d9a900_4 .array/port v0000014175d9a900, 4;
L_0000014175d990a0 .cmp/ge 10, v0000014175d9a900_4, v0000014175d9a040_4;
v0000014175d99be0_4 .array/port v0000014175d99be0, 4;
L_0000014175d99140 .cmp/eq 16, v0000014175d99be0_4, L_0000014175d9d598;
L_0000014175d98ba0 .functor MUXZ 2, L_0000014175d9d628, L_0000014175d9d5e0, L_0000014175d99140, C4<>;
L_0000014175d96e40 .functor MUXZ 2, L_0000014175d98ba0, L_0000014175d9d550, L_0000014175d990a0, C4<>;
L_0000014175d97c00 .functor MUXZ 2, L_0000014175d96e40, L_0000014175d9d508, L_0000014175d98a60, C4<>;
L_0000014175d97160 .functor MUXZ 2, L_0000014175d97c00, L_0000014175d9d4c0, L_0000014175d97840, C4<>;
S_0000014175d86c80 .scope generate, "gen_state[5]" "gen_state[5]" 7 116, 7 116 0, S_0000014175d7bf60;
 .timescale -9 -12;
P_0000014175cfce60 .param/l "g" 0 7 116, +C4<0101>;
v0000014175d83ec0_0 .net *"_ivl_1", 0 0, L_0000014175e01220;  1 drivers
L_0000014175d9d6b8 .functor BUFT 1, C4<11>, C4<0>, C4<0>, C4<0>;
v0000014175d83b00_0 .net/2u *"_ivl_10", 1 0, L_0000014175d9d6b8;  1 drivers
v0000014175d83ba0_0 .net *"_ivl_14", 0 0, L_0000014175dffb00;  1 drivers
L_0000014175d9d700 .functor BUFT 1, C4<10>, C4<0>, C4<0>, C4<0>;
v0000014175d83c40_0 .net/2u *"_ivl_16", 1 0, L_0000014175d9d700;  1 drivers
L_0000014175d9d748 .functor BUFT 1, C4<0000000000000000>, C4<0>, C4<0>, C4<0>;
v0000014175d83ce0_0 .net/2u *"_ivl_19", 15 0, L_0000014175d9d748;  1 drivers
v0000014175d8d700_0 .net *"_ivl_21", 0 0, L_0000014175e00a00;  1 drivers
L_0000014175d9d790 .functor BUFT 1, C4<01>, C4<0>, C4<0>, C4<0>;
v0000014175d8d8e0_0 .net/2u *"_ivl_23", 1 0, L_0000014175d9d790;  1 drivers
L_0000014175d9d7d8 .functor BUFT 1, C4<00>, C4<0>, C4<0>, C4<0>;
v0000014175d8d7a0_0 .net/2u *"_ivl_25", 1 0, L_0000014175d9d7d8;  1 drivers
v0000014175d8c800_0 .net *"_ivl_27", 1 0, L_0000014175e00640;  1 drivers
v0000014175d8d520_0 .net *"_ivl_29", 1 0, L_0000014175e00780;  1 drivers
v0000014175d8d480_0 .net *"_ivl_3", 0 0, L_0000014175dfee80;  1 drivers
v0000014175d8d200_0 .net *"_ivl_31", 1 0, L_0000014175e001e0;  1 drivers
L_0000014175d9d670 .functor BUFT 1, C4<00>, C4<0>, C4<0>, C4<0>;
v0000014175d8d0c0_0 .net/2u *"_ivl_4", 1 0, L_0000014175d9d670;  1 drivers
v0000014175d8da20_0 .net *"_ivl_8", 0 0, L_0000014175e01400;  1 drivers
L_0000014175dfee80 .reduce/nor L_0000014175e01220;
v0000014175d99500_5 .array/port v0000014175d99500, 5;
v0000014175d9a040_5 .array/port v0000014175d9a040, 5;
L_0000014175e01400 .cmp/eq 10, v0000014175d99500_5, v0000014175d9a040_5;
v0000014175d9a900_5 .array/port v0000014175d9a900, 5;
L_0000014175dffb00 .cmp/ge 10, v0000014175d9a900_5, v0000014175d9a040_5;
v0000014175d99be0_5 .array/port v0000014175d99be0, 5;
L_0000014175e00a00 .cmp/eq 16, v0000014175d99be0_5, L_0000014175d9d748;
L_0000014175e00640 .functor MUXZ 2, L_0000014175d9d7d8, L_0000014175d9d790, L_0000014175e00a00, C4<>;
L_0000014175e00780 .functor MUXZ 2, L_0000014175e00640, L_0000014175d9d700, L_0000014175dffb00, C4<>;
L_0000014175e001e0 .functor MUXZ 2, L_0000014175e00780, L_0000014175d9d6b8, L_0000014175e01400, C4<>;
L_0000014175e012c0 .functor MUXZ 2, L_0000014175e001e0, L_0000014175d9d670, L_0000014175dfee80, C4<>;
S_0000014175d86e10 .scope generate, "gen_state[6]" "gen_state[6]" 7 116, 7 116 0, S_0000014175d7bf60;
 .timescale -9 -12;
P_0000014175cfd4e0 .param/l "g" 0 7 116, +C4<0110>;
v0000014175d8d2a0_0 .net *"_ivl_1", 0 0, L_0000014175dfef20;  1 drivers
L_0000014175d9d868 .functor BUFT 1, C4<11>, C4<0>, C4<0>, C4<0>;
v0000014175d8c580_0 .net/2u *"_ivl_10", 1 0, L_0000014175d9d868;  1 drivers
v0000014175d8d660_0 .net *"_ivl_14", 0 0, L_0000014175e005a0;  1 drivers
L_0000014175d9d8b0 .functor BUFT 1, C4<10>, C4<0>, C4<0>, C4<0>;
v0000014175d8e6a0_0 .net/2u *"_ivl_16", 1 0, L_0000014175d9d8b0;  1 drivers
L_0000014175d9d8f8 .functor BUFT 1, C4<0000000000000000>, C4<0>, C4<0>, C4<0>;
v0000014175d8cc60_0 .net/2u *"_ivl_19", 15 0, L_0000014175d9d8f8;  1 drivers
v0000014175d8ca80_0 .net *"_ivl_21", 0 0, L_0000014175e01040;  1 drivers
L_0000014175d9d940 .functor BUFT 1, C4<01>, C4<0>, C4<0>, C4<0>;
v0000014175d8e920_0 .net/2u *"_ivl_23", 1 0, L_0000014175d9d940;  1 drivers
L_0000014175d9d988 .functor BUFT 1, C4<00>, C4<0>, C4<0>, C4<0>;
v0000014175d8d840_0 .net/2u *"_ivl_25", 1 0, L_0000014175d9d988;  1 drivers
v0000014175d8dac0_0 .net *"_ivl_27", 1 0, L_0000014175e00500;  1 drivers
v0000014175d8d160_0 .net *"_ivl_29", 1 0, L_0000014175dfefc0;  1 drivers
v0000014175d8cf80_0 .net *"_ivl_3", 0 0, L_0000014175dff9c0;  1 drivers
v0000014175d8c9e0_0 .net *"_ivl_31", 1 0, L_0000014175e00140;  1 drivers
L_0000014175d9d820 .functor BUFT 1, C4<00>, C4<0>, C4<0>, C4<0>;
v0000014175d8dd40_0 .net/2u *"_ivl_4", 1 0, L_0000014175d9d820;  1 drivers
v0000014175d8d980_0 .net *"_ivl_8", 0 0, L_0000014175e00aa0;  1 drivers
L_0000014175dff9c0 .reduce/nor L_0000014175dfef20;
v0000014175d99500_6 .array/port v0000014175d99500, 6;
v0000014175d9a040_6 .array/port v0000014175d9a040, 6;
L_0000014175e00aa0 .cmp/eq 10, v0000014175d99500_6, v0000014175d9a040_6;
v0000014175d9a900_6 .array/port v0000014175d9a900, 6;
L_0000014175e005a0 .cmp/ge 10, v0000014175d9a900_6, v0000014175d9a040_6;
v0000014175d99be0_6 .array/port v0000014175d99be0, 6;
L_0000014175e01040 .cmp/eq 16, v0000014175d99be0_6, L_0000014175d9d8f8;
L_0000014175e00500 .functor MUXZ 2, L_0000014175d9d988, L_0000014175d9d940, L_0000014175e01040, C4<>;
L_0000014175dfefc0 .functor MUXZ 2, L_0000014175e00500, L_0000014175d9d8b0, L_0000014175e005a0, C4<>;
L_0000014175e00140 .functor MUXZ 2, L_0000014175dfefc0, L_0000014175d9d868, L_0000014175e00aa0, C4<>;
L_0000014175e00e60 .functor MUXZ 2, L_0000014175e00140, L_0000014175d9d820, L_0000014175dff9c0, C4<>;
S_0000014175d86fa0 .scope generate, "gen_state[7]" "gen_state[7]" 7 116, 7 116 0, S_0000014175d7bf60;
 .timescale -9 -12;
P_0000014175cfd1e0 .param/l "g" 0 7 116, +C4<0111>;
v0000014175d8e560_0 .net *"_ivl_1", 0 0, L_0000014175dffe20;  1 drivers
L_0000014175d9da18 .functor BUFT 1, C4<11>, C4<0>, C4<0>, C4<0>;
v0000014175d8dc00_0 .net/2u *"_ivl_10", 1 0, L_0000014175d9da18;  1 drivers
v0000014175d8c8a0_0 .net *"_ivl_14", 0 0, L_0000014175dff380;  1 drivers
L_0000014175d9da60 .functor BUFT 1, C4<10>, C4<0>, C4<0>, C4<0>;
v0000014175d8d340_0 .net/2u *"_ivl_16", 1 0, L_0000014175d9da60;  1 drivers
L_0000014175d9daa8 .functor BUFT 1, C4<0000000000000000>, C4<0>, C4<0>, C4<0>;
v0000014175d8db60_0 .net/2u *"_ivl_19", 15 0, L_0000014175d9daa8;  1 drivers
v0000014175d8e880_0 .net *"_ivl_21", 0 0, L_0000014175e01360;  1 drivers
L_0000014175d9daf0 .functor BUFT 1, C4<01>, C4<0>, C4<0>, C4<0>;
v0000014175d8c6c0_0 .net/2u *"_ivl_23", 1 0, L_0000014175d9daf0;  1 drivers
L_0000014175d9db38 .functor BUFT 1, C4<00>, C4<0>, C4<0>, C4<0>;
v0000014175d8df20_0 .net/2u *"_ivl_25", 1 0, L_0000014175d9db38;  1 drivers
v0000014175d8cd00_0 .net *"_ivl_27", 1 0, L_0000014175e00b40;  1 drivers
v0000014175d8dca0_0 .net *"_ivl_29", 1 0, L_0000014175dff880;  1 drivers
v0000014175d8e2e0_0 .net *"_ivl_3", 0 0, L_0000014175dff060;  1 drivers
v0000014175d8d5c0_0 .net *"_ivl_31", 1 0, L_0000014175dffd80;  1 drivers
L_0000014175d9d9d0 .functor BUFT 1, C4<00>, C4<0>, C4<0>, C4<0>;
v0000014175d8e9c0_0 .net/2u *"_ivl_4", 1 0, L_0000014175d9d9d0;  1 drivers
v0000014175d8ce40_0 .net *"_ivl_8", 0 0, L_0000014175dff4c0;  1 drivers
L_0000014175dff060 .reduce/nor L_0000014175dffe20;
v0000014175d99500_7 .array/port v0000014175d99500, 7;
v0000014175d9a040_7 .array/port v0000014175d9a040, 7;
L_0000014175dff4c0 .cmp/eq 10, v0000014175d99500_7, v0000014175d9a040_7;
v0000014175d9a900_7 .array/port v0000014175d9a900, 7;
L_0000014175dff380 .cmp/ge 10, v0000014175d9a900_7, v0000014175d9a040_7;
v0000014175d99be0_7 .array/port v0000014175d99be0, 7;
L_0000014175e01360 .cmp/eq 16, v0000014175d99be0_7, L_0000014175d9daa8;
L_0000014175e00b40 .functor MUXZ 2, L_0000014175d9db38, L_0000014175d9daf0, L_0000014175e01360, C4<>;
L_0000014175dff880 .functor MUXZ 2, L_0000014175e00b40, L_0000014175d9da60, L_0000014175dff380, C4<>;
L_0000014175dffd80 .functor MUXZ 2, L_0000014175dff880, L_0000014175d9da18, L_0000014175dff4c0, C4<>;
L_0000014175dff1a0 .functor MUXZ 2, L_0000014175dffd80, L_0000014175d9d9d0, L_0000014175dff060, C4<>;
S_0000014175d87130 .scope generate, "gen_state[8]" "gen_state[8]" 7 116, 7 116 0, S_0000014175d7bf60;
 .timescale -9 -12;
P_0000014175cfcf60 .param/l "g" 0 7 116, +C4<01000>;
v0000014175d8cb20_0 .net *"_ivl_1", 0 0, L_0000014175dffec0;  1 drivers
L_0000014175d9dbc8 .functor BUFT 1, C4<11>, C4<0>, C4<0>, C4<0>;
v0000014175d8e7e0_0 .net/2u *"_ivl_10", 1 0, L_0000014175d9dbc8;  1 drivers
v0000014175d8e4c0_0 .net *"_ivl_14", 0 0, L_0000014175dfede0;  1 drivers
L_0000014175d9dc10 .functor BUFT 1, C4<10>, C4<0>, C4<0>, C4<0>;
v0000014175d8d3e0_0 .net/2u *"_ivl_16", 1 0, L_0000014175d9dc10;  1 drivers
L_0000014175d9dc58 .functor BUFT 1, C4<0000000000000000>, C4<0>, C4<0>, C4<0>;
v0000014175d8dde0_0 .net/2u *"_ivl_19", 15 0, L_0000014175d9dc58;  1 drivers
v0000014175d8ea60_0 .net *"_ivl_21", 0 0, L_0000014175e00280;  1 drivers
L_0000014175d9dca0 .functor BUFT 1, C4<01>, C4<0>, C4<0>, C4<0>;
v0000014175d8de80_0 .net/2u *"_ivl_23", 1 0, L_0000014175d9dca0;  1 drivers
L_0000014175d9dce8 .functor BUFT 1, C4<00>, C4<0>, C4<0>, C4<0>;
v0000014175d8eb00_0 .net/2u *"_ivl_25", 1 0, L_0000014175d9dce8;  1 drivers
v0000014175d8dfc0_0 .net *"_ivl_27", 1 0, L_0000014175e014a0;  1 drivers
v0000014175d8c620_0 .net *"_ivl_29", 1 0, L_0000014175e00be0;  1 drivers
v0000014175d8e1a0_0 .net *"_ivl_3", 0 0, L_0000014175dff6a0;  1 drivers
v0000014175d8e420_0 .net *"_ivl_31", 1 0, L_0000014175dfed40;  1 drivers
L_0000014175d9db80 .functor BUFT 1, C4<00>, C4<0>, C4<0>, C4<0>;
v0000014175d8e060_0 .net/2u *"_ivl_4", 1 0, L_0000014175d9db80;  1 drivers
v0000014175d8c760_0 .net *"_ivl_8", 0 0, L_0000014175e010e0;  1 drivers
L_0000014175dff6a0 .reduce/nor L_0000014175dffec0;
v0000014175d99500_8 .array/port v0000014175d99500, 8;
v0000014175d9a040_8 .array/port v0000014175d9a040, 8;
L_0000014175e010e0 .cmp/eq 10, v0000014175d99500_8, v0000014175d9a040_8;
v0000014175d9a900_8 .array/port v0000014175d9a900, 8;
L_0000014175dfede0 .cmp/ge 10, v0000014175d9a900_8, v0000014175d9a040_8;
v0000014175d99be0_8 .array/port v0000014175d99be0, 8;
L_0000014175e00280 .cmp/eq 16, v0000014175d99be0_8, L_0000014175d9dc58;
L_0000014175e014a0 .functor MUXZ 2, L_0000014175d9dce8, L_0000014175d9dca0, L_0000014175e00280, C4<>;
L_0000014175e00be0 .functor MUXZ 2, L_0000014175e014a0, L_0000014175d9dc10, L_0000014175dfede0, C4<>;
L_0000014175dfed40 .functor MUXZ 2, L_0000014175e00be0, L_0000014175d9dbc8, L_0000014175e010e0, C4<>;
L_0000014175dff100 .functor MUXZ 2, L_0000014175dfed40, L_0000014175d9db80, L_0000014175dff6a0, C4<>;
S_0000014175d87450 .scope generate, "gen_state[9]" "gen_state[9]" 7 116, 7 116 0, S_0000014175d7bf60;
 .timescale -9 -12;
P_0000014175cfcb60 .param/l "g" 0 7 116, +C4<01001>;
v0000014175d8eba0_0 .net *"_ivl_1", 0 0, L_0000014175dfff60;  1 drivers
L_0000014175d9dd78 .functor BUFT 1, C4<11>, C4<0>, C4<0>, C4<0>;
v0000014175d8e100_0 .net/2u *"_ivl_10", 1 0, L_0000014175d9dd78;  1 drivers
v0000014175d8cbc0_0 .net *"_ivl_14", 0 0, L_0000014175e006e0;  1 drivers
L_0000014175d9ddc0 .functor BUFT 1, C4<10>, C4<0>, C4<0>, C4<0>;
v0000014175d8e240_0 .net/2u *"_ivl_16", 1 0, L_0000014175d9ddc0;  1 drivers
L_0000014175d9de08 .functor BUFT 1, C4<0000000000000000>, C4<0>, C4<0>, C4<0>;
v0000014175d8e380_0 .net/2u *"_ivl_19", 15 0, L_0000014175d9de08;  1 drivers
v0000014175d8e600_0 .net *"_ivl_21", 0 0, L_0000014175e00820;  1 drivers
L_0000014175d9de50 .functor BUFT 1, C4<01>, C4<0>, C4<0>, C4<0>;
v0000014175d8d020_0 .net/2u *"_ivl_23", 1 0, L_0000014175d9de50;  1 drivers
L_0000014175d9de98 .functor BUFT 1, C4<00>, C4<0>, C4<0>, C4<0>;
v0000014175d8e740_0 .net/2u *"_ivl_25", 1 0, L_0000014175d9de98;  1 drivers
v0000014175d8ec40_0 .net *"_ivl_27", 1 0, L_0000014175e00320;  1 drivers
v0000014175d8c4e0_0 .net *"_ivl_29", 1 0, L_0000014175dff240;  1 drivers
v0000014175d8c940_0 .net *"_ivl_3", 0 0, L_0000014175e01180;  1 drivers
v0000014175d8cda0_0 .net *"_ivl_31", 1 0, L_0000014175dff2e0;  1 drivers
L_0000014175d9dd30 .functor BUFT 1, C4<00>, C4<0>, C4<0>, C4<0>;
v0000014175d8cee0_0 .net/2u *"_ivl_4", 1 0, L_0000014175d9dd30;  1 drivers
v0000014175d8fa00_0 .net *"_ivl_8", 0 0, L_0000014175dff740;  1 drivers
L_0000014175e01180 .reduce/nor L_0000014175dfff60;
v0000014175d99500_9 .array/port v0000014175d99500, 9;
v0000014175d9a040_9 .array/port v0000014175d9a040, 9;
L_0000014175dff740 .cmp/eq 10, v0000014175d99500_9, v0000014175d9a040_9;
v0000014175d9a900_9 .array/port v0000014175d9a900, 9;
L_0000014175e006e0 .cmp/ge 10, v0000014175d9a900_9, v0000014175d9a040_9;
v0000014175d99be0_9 .array/port v0000014175d99be0, 9;
L_0000014175e00820 .cmp/eq 16, v0000014175d99be0_9, L_0000014175d9de08;
L_0000014175e00320 .functor MUXZ 2, L_0000014175d9de98, L_0000014175d9de50, L_0000014175e00820, C4<>;
L_0000014175dff240 .functor MUXZ 2, L_0000014175e00320, L_0000014175d9ddc0, L_0000014175e006e0, C4<>;
L_0000014175dff2e0 .functor MUXZ 2, L_0000014175dff240, L_0000014175d9dd78, L_0000014175dff740, C4<>;
L_0000014175dffa60 .functor MUXZ 2, L_0000014175dff2e0, L_0000014175d9dd30, L_0000014175e01180, C4<>;
S_0000014175d875e0 .scope generate, "gen_state[10]" "gen_state[10]" 7 116, 7 116 0, S_0000014175d7bf60;
 .timescale -9 -12;
P_0000014175cfd6a0 .param/l "g" 0 7 116, +C4<01010>;
v0000014175d8fb40_0 .net *"_ivl_1", 0 0, L_0000014175dff420;  1 drivers
L_0000014175d9df28 .functor BUFT 1, C4<11>, C4<0>, C4<0>, C4<0>;
v0000014175d8f0a0_0 .net/2u *"_ivl_10", 1 0, L_0000014175d9df28;  1 drivers
v0000014175d8f500_0 .net *"_ivl_14", 0 0, L_0000014175dff920;  1 drivers
L_0000014175d9df70 .functor BUFT 1, C4<10>, C4<0>, C4<0>, C4<0>;
v0000014175d902c0_0 .net/2u *"_ivl_16", 1 0, L_0000014175d9df70;  1 drivers
L_0000014175d9dfb8 .functor BUFT 1, C4<0000000000000000>, C4<0>, C4<0>, C4<0>;
v0000014175d8f460_0 .net/2u *"_ivl_19", 15 0, L_0000014175d9dfb8;  1 drivers
v0000014175d90360_0 .net *"_ivl_21", 0 0, L_0000014175e00460;  1 drivers
L_0000014175d9e000 .functor BUFT 1, C4<01>, C4<0>, C4<0>, C4<0>;
v0000014175d8faa0_0 .net/2u *"_ivl_23", 1 0, L_0000014175d9e000;  1 drivers
L_0000014175d9e048 .functor BUFT 1, C4<00>, C4<0>, C4<0>, C4<0>;
v0000014175d90180_0 .net/2u *"_ivl_25", 1 0, L_0000014175d9e048;  1 drivers
v0000014175d90040_0 .net *"_ivl_27", 1 0, L_0000014175dffc40;  1 drivers
v0000014175d8ed80_0 .net *"_ivl_29", 1 0, L_0000014175dff560;  1 drivers
v0000014175d8eec0_0 .net *"_ivl_3", 0 0, L_0000014175dffba0;  1 drivers
v0000014175d8f140_0 .net *"_ivl_31", 1 0, L_0000014175dffce0;  1 drivers
L_0000014175d9dee0 .functor BUFT 1, C4<00>, C4<0>, C4<0>, C4<0>;
v0000014175d8ee20_0 .net/2u *"_ivl_4", 1 0, L_0000014175d9dee0;  1 drivers
v0000014175d8ef60_0 .net *"_ivl_8", 0 0, L_0000014175e00000;  1 drivers
L_0000014175dffba0 .reduce/nor L_0000014175dff420;
v0000014175d99500_10 .array/port v0000014175d99500, 10;
v0000014175d9a040_10 .array/port v0000014175d9a040, 10;
L_0000014175e00000 .cmp/eq 10, v0000014175d99500_10, v0000014175d9a040_10;
v0000014175d9a900_10 .array/port v0000014175d9a900, 10;
L_0000014175dff920 .cmp/ge 10, v0000014175d9a900_10, v0000014175d9a040_10;
v0000014175d99be0_10 .array/port v0000014175d99be0, 10;
L_0000014175e00460 .cmp/eq 16, v0000014175d99be0_10, L_0000014175d9dfb8;
L_0000014175dffc40 .functor MUXZ 2, L_0000014175d9e048, L_0000014175d9e000, L_0000014175e00460, C4<>;
L_0000014175dff560 .functor MUXZ 2, L_0000014175dffc40, L_0000014175d9df70, L_0000014175dff920, C4<>;
L_0000014175dffce0 .functor MUXZ 2, L_0000014175dff560, L_0000014175d9df28, L_0000014175e00000, C4<>;
L_0000014175dff600 .functor MUXZ 2, L_0000014175dffce0, L_0000014175d9dee0, L_0000014175dffba0, C4<>;
S_0000014175d87900 .scope generate, "gen_state[11]" "gen_state[11]" 7 116, 7 116 0, S_0000014175d7bf60;
 .timescale -9 -12;
P_0000014175cfcba0 .param/l "g" 0 7 116, +C4<01011>;
v0000014175d900e0_0 .net *"_ivl_1", 0 0, L_0000014175e000a0;  1 drivers
L_0000014175d9e0d8 .functor BUFT 1, C4<11>, C4<0>, C4<0>, C4<0>;
v0000014175d90220_0 .net/2u *"_ivl_10", 1 0, L_0000014175d9e0d8;  1 drivers
v0000014175d8fdc0_0 .net *"_ivl_14", 0 0, L_0000014175e003c0;  1 drivers
L_0000014175d9e120 .functor BUFT 1, C4<10>, C4<0>, C4<0>, C4<0>;
v0000014175d8ece0_0 .net/2u *"_ivl_16", 1 0, L_0000014175d9e120;  1 drivers
L_0000014175d9e168 .functor BUFT 1, C4<0000000000000000>, C4<0>, C4<0>, C4<0>;
v0000014175d8f1e0_0 .net/2u *"_ivl_19", 15 0, L_0000014175d9e168;  1 drivers
v0000014175d8ffa0_0 .net *"_ivl_21", 0 0, L_0000014175e00960;  1 drivers
L_0000014175d9e1b0 .functor BUFT 1, C4<01>, C4<0>, C4<0>, C4<0>;
v0000014175d8f5a0_0 .net/2u *"_ivl_23", 1 0, L_0000014175d9e1b0;  1 drivers
L_0000014175d9e1f8 .functor BUFT 1, C4<00>, C4<0>, C4<0>, C4<0>;
v0000014175d8fbe0_0 .net/2u *"_ivl_25", 1 0, L_0000014175d9e1f8;  1 drivers
v0000014175d8f000_0 .net *"_ivl_27", 1 0, L_0000014175e00c80;  1 drivers
v0000014175d8f640_0 .net *"_ivl_29", 1 0, L_0000014175e00d20;  1 drivers
v0000014175d8f280_0 .net *"_ivl_3", 0 0, L_0000014175e008c0;  1 drivers
v0000014175d8fc80_0 .net *"_ivl_31", 1 0, L_0000014175e00dc0;  1 drivers
L_0000014175d9e090 .functor BUFT 1, C4<00>, C4<0>, C4<0>, C4<0>;
v0000014175d8fe60_0 .net/2u *"_ivl_4", 1 0, L_0000014175d9e090;  1 drivers
v0000014175d8fd20_0 .net *"_ivl_8", 0 0, L_0000014175dff7e0;  1 drivers
L_0000014175e008c0 .reduce/nor L_0000014175e000a0;
v0000014175d99500_11 .array/port v0000014175d99500, 11;
v0000014175d9a040_11 .array/port v0000014175d9a040, 11;
L_0000014175dff7e0 .cmp/eq 10, v0000014175d99500_11, v0000014175d9a040_11;
v0000014175d9a900_11 .array/port v0000014175d9a900, 11;
L_0000014175e003c0 .cmp/ge 10, v0000014175d9a900_11, v0000014175d9a040_11;
v0000014175d99be0_11 .array/port v0000014175d99be0, 11;
L_0000014175e00960 .cmp/eq 16, v0000014175d99be0_11, L_0000014175d9e168;
L_0000014175e00c80 .functor MUXZ 2, L_0000014175d9e1f8, L_0000014175d9e1b0, L_0000014175e00960, C4<>;
L_0000014175e00d20 .functor MUXZ 2, L_0000014175e00c80, L_0000014175d9e120, L_0000014175e003c0, C4<>;
L_0000014175e00dc0 .functor MUXZ 2, L_0000014175e00d20, L_0000014175d9e0d8, L_0000014175dff7e0, C4<>;
L_0000014175e00f00 .functor MUXZ 2, L_0000014175e00dc0, L_0000014175d9e090, L_0000014175e008c0, C4<>;
S_0000014175d87a90 .scope generate, "gen_state[12]" "gen_state[12]" 7 116, 7 116 0, S_0000014175d7bf60;
 .timescale -9 -12;
P_0000014175cfcea0 .param/l "g" 0 7 116, +C4<01100>;
v0000014175d8f8c0_0 .net *"_ivl_1", 0 0, L_0000014175e00fa0;  1 drivers
L_0000014175d9e288 .functor BUFT 1, C4<11>, C4<0>, C4<0>, C4<0>;
v0000014175d8f6e0_0 .net/2u *"_ivl_10", 1 0, L_0000014175d9e288;  1 drivers
v0000014175d8f320_0 .net *"_ivl_14", 0 0, L_0000014175e026c0;  1 drivers
L_0000014175d9e2d0 .functor BUFT 1, C4<10>, C4<0>, C4<0>, C4<0>;
v0000014175d8ff00_0 .net/2u *"_ivl_16", 1 0, L_0000014175d9e2d0;  1 drivers
L_0000014175d9e318 .functor BUFT 1, C4<0000000000000000>, C4<0>, C4<0>, C4<0>;
v0000014175d8f780_0 .net/2u *"_ivl_19", 15 0, L_0000014175d9e318;  1 drivers
v0000014175d8f820_0 .net *"_ivl_21", 0 0, L_0000014175e021c0;  1 drivers
L_0000014175d9e360 .functor BUFT 1, C4<01>, C4<0>, C4<0>, C4<0>;
v0000014175d8f3c0_0 .net/2u *"_ivl_23", 1 0, L_0000014175d9e360;  1 drivers
L_0000014175d9e3a8 .functor BUFT 1, C4<00>, C4<0>, C4<0>, C4<0>;
v0000014175d8f960_0 .net/2u *"_ivl_25", 1 0, L_0000014175d9e3a8;  1 drivers
v0000014175d92c50_0 .net *"_ivl_27", 1 0, L_0000014175e02d00;  1 drivers
v0000014175d92bb0_0 .net *"_ivl_29", 1 0, L_0000014175e038e0;  1 drivers
v0000014175d90590_0 .net *"_ivl_3", 0 0, L_0000014175e02c60;  1 drivers
v0000014175d91350_0 .net *"_ivl_31", 1 0, L_0000014175e01680;  1 drivers
L_0000014175d9e240 .functor BUFT 1, C4<00>, C4<0>, C4<0>, C4<0>;
v0000014175d904f0_0 .net/2u *"_ivl_4", 1 0, L_0000014175d9e240;  1 drivers
v0000014175d927f0_0 .net *"_ivl_8", 0 0, L_0000014175e03700;  1 drivers
L_0000014175e02c60 .reduce/nor L_0000014175e00fa0;
v0000014175d99500_12 .array/port v0000014175d99500, 12;
v0000014175d9a040_12 .array/port v0000014175d9a040, 12;
L_0000014175e03700 .cmp/eq 10, v0000014175d99500_12, v0000014175d9a040_12;
v0000014175d9a900_12 .array/port v0000014175d9a900, 12;
L_0000014175e026c0 .cmp/ge 10, v0000014175d9a900_12, v0000014175d9a040_12;
v0000014175d99be0_12 .array/port v0000014175d99be0, 12;
L_0000014175e021c0 .cmp/eq 16, v0000014175d99be0_12, L_0000014175d9e318;
L_0000014175e02d00 .functor MUXZ 2, L_0000014175d9e3a8, L_0000014175d9e360, L_0000014175e021c0, C4<>;
L_0000014175e038e0 .functor MUXZ 2, L_0000014175e02d00, L_0000014175d9e2d0, L_0000014175e026c0, C4<>;
L_0000014175e01680 .functor MUXZ 2, L_0000014175e038e0, L_0000014175d9e288, L_0000014175e03700, C4<>;
L_0000014175e017c0 .functor MUXZ 2, L_0000014175e01680, L_0000014175d9e240, L_0000014175e02c60, C4<>;
S_0000014175d87c20 .scope generate, "gen_state[13]" "gen_state[13]" 7 116, 7 116 0, S_0000014175d7bf60;
 .timescale -9 -12;
P_0000014175cfd860 .param/l "g" 0 7 116, +C4<01101>;
v0000014175d922f0_0 .net *"_ivl_1", 0 0, L_0000014175e02b20;  1 drivers
L_0000014175d9e438 .functor BUFT 1, C4<11>, C4<0>, C4<0>, C4<0>;
v0000014175d90bd0_0 .net/2u *"_ivl_10", 1 0, L_0000014175d9e438;  1 drivers
v0000014175d91ad0_0 .net *"_ivl_14", 0 0, L_0000014175e019a0;  1 drivers
L_0000014175d9e480 .functor BUFT 1, C4<10>, C4<0>, C4<0>, C4<0>;
v0000014175d912b0_0 .net/2u *"_ivl_16", 1 0, L_0000014175d9e480;  1 drivers
L_0000014175d9e4c8 .functor BUFT 1, C4<0000000000000000>, C4<0>, C4<0>, C4<0>;
v0000014175d92890_0 .net/2u *"_ivl_19", 15 0, L_0000014175d9e4c8;  1 drivers
v0000014175d929d0_0 .net *"_ivl_21", 0 0, L_0000014175e01860;  1 drivers
L_0000014175d9e510 .functor BUFT 1, C4<01>, C4<0>, C4<0>, C4<0>;
v0000014175d90630_0 .net/2u *"_ivl_23", 1 0, L_0000014175d9e510;  1 drivers
L_0000014175d9e558 .functor BUFT 1, C4<00>, C4<0>, C4<0>, C4<0>;
v0000014175d91d50_0 .net/2u *"_ivl_25", 1 0, L_0000014175d9e558;  1 drivers
v0000014175d915d0_0 .net *"_ivl_27", 1 0, L_0000014175e037a0;  1 drivers
v0000014175d91850_0 .net *"_ivl_29", 1 0, L_0000014175e01a40;  1 drivers
v0000014175d90c70_0 .net *"_ivl_3", 0 0, L_0000014175e01900;  1 drivers
v0000014175d92750_0 .net *"_ivl_31", 1 0, L_0000014175e024e0;  1 drivers
L_0000014175d9e3f0 .functor BUFT 1, C4<00>, C4<0>, C4<0>, C4<0>;
v0000014175d92a70_0 .net/2u *"_ivl_4", 1 0, L_0000014175d9e3f0;  1 drivers
v0000014175d90e50_0 .net *"_ivl_8", 0 0, L_0000014175e02260;  1 drivers
L_0000014175e01900 .reduce/nor L_0000014175e02b20;
v0000014175d99500_13 .array/port v0000014175d99500, 13;
v0000014175d9a040_13 .array/port v0000014175d9a040, 13;
L_0000014175e02260 .cmp/eq 10, v0000014175d99500_13, v0000014175d9a040_13;
v0000014175d9a900_13 .array/port v0000014175d9a900, 13;
L_0000014175e019a0 .cmp/ge 10, v0000014175d9a900_13, v0000014175d9a040_13;
v0000014175d99be0_13 .array/port v0000014175d99be0, 13;
L_0000014175e01860 .cmp/eq 16, v0000014175d99be0_13, L_0000014175d9e4c8;
L_0000014175e037a0 .functor MUXZ 2, L_0000014175d9e558, L_0000014175d9e510, L_0000014175e01860, C4<>;
L_0000014175e01a40 .functor MUXZ 2, L_0000014175e037a0, L_0000014175d9e480, L_0000014175e019a0, C4<>;
L_0000014175e024e0 .functor MUXZ 2, L_0000014175e01a40, L_0000014175d9e438, L_0000014175e02260, C4<>;
L_0000014175e01720 .functor MUXZ 2, L_0000014175e024e0, L_0000014175d9e3f0, L_0000014175e01900, C4<>;
S_0000014175d87db0 .scope generate, "gen_state[14]" "gen_state[14]" 7 116, 7 116 0, S_0000014175d7bf60;
 .timescale -9 -12;
P_0000014175cfd820 .param/l "g" 0 7 116, +C4<01110>;
v0000014175d91170_0 .net *"_ivl_1", 0 0, L_0000014175e01fe0;  1 drivers
L_0000014175d9e5e8 .functor BUFT 1, C4<11>, C4<0>, C4<0>, C4<0>;
v0000014175d913f0_0 .net/2u *"_ivl_10", 1 0, L_0000014175d9e5e8;  1 drivers
v0000014175d91490_0 .net *"_ivl_14", 0 0, L_0000014175e01ae0;  1 drivers
L_0000014175d9e630 .functor BUFT 1, C4<10>, C4<0>, C4<0>, C4<0>;
v0000014175d926b0_0 .net/2u *"_ivl_16", 1 0, L_0000014175d9e630;  1 drivers
L_0000014175d9e678 .functor BUFT 1, C4<0000000000000000>, C4<0>, C4<0>, C4<0>;
v0000014175d90f90_0 .net/2u *"_ivl_19", 15 0, L_0000014175d9e678;  1 drivers
v0000014175d90b30_0 .net *"_ivl_21", 0 0, L_0000014175e01ea0;  1 drivers
L_0000014175d9e6c0 .functor BUFT 1, C4<01>, C4<0>, C4<0>, C4<0>;
v0000014175d918f0_0 .net/2u *"_ivl_23", 1 0, L_0000014175d9e6c0;  1 drivers
L_0000014175d9e708 .functor BUFT 1, C4<00>, C4<0>, C4<0>, C4<0>;
v0000014175d91710_0 .net/2u *"_ivl_25", 1 0, L_0000014175d9e708;  1 drivers
v0000014175d908b0_0 .net *"_ivl_27", 1 0, L_0000014175e01b80;  1 drivers
v0000014175d91df0_0 .net *"_ivl_29", 1 0, L_0000014175e02ee0;  1 drivers
v0000014175d90ef0_0 .net *"_ivl_3", 0 0, L_0000014175e01c20;  1 drivers
v0000014175d90770_0 .net *"_ivl_31", 1 0, L_0000014175e02e40;  1 drivers
L_0000014175d9e5a0 .functor BUFT 1, C4<00>, C4<0>, C4<0>, C4<0>;
v0000014175d92930_0 .net/2u *"_ivl_4", 1 0, L_0000014175d9e5a0;  1 drivers
v0000014175d92570_0 .net *"_ivl_8", 0 0, L_0000014175e028a0;  1 drivers
L_0000014175e01c20 .reduce/nor L_0000014175e01fe0;
v0000014175d99500_14 .array/port v0000014175d99500, 14;
v0000014175d9a040_14 .array/port v0000014175d9a040, 14;
L_0000014175e028a0 .cmp/eq 10, v0000014175d99500_14, v0000014175d9a040_14;
v0000014175d9a900_14 .array/port v0000014175d9a900, 14;
L_0000014175e01ae0 .cmp/ge 10, v0000014175d9a900_14, v0000014175d9a040_14;
v0000014175d99be0_14 .array/port v0000014175d99be0, 14;
L_0000014175e01ea0 .cmp/eq 16, v0000014175d99be0_14, L_0000014175d9e678;
L_0000014175e01b80 .functor MUXZ 2, L_0000014175d9e708, L_0000014175d9e6c0, L_0000014175e01ea0, C4<>;
L_0000014175e02ee0 .functor MUXZ 2, L_0000014175e01b80, L_0000014175d9e630, L_0000014175e01ae0, C4<>;
L_0000014175e02e40 .functor MUXZ 2, L_0000014175e02ee0, L_0000014175d9e5e8, L_0000014175e028a0, C4<>;
L_0000014175e01f40 .functor MUXZ 2, L_0000014175e02e40, L_0000014175d9e5a0, L_0000014175e01c20, C4<>;
S_0000014175d880d0 .scope generate, "gen_state[15]" "gen_state[15]" 7 116, 7 116 0, S_0000014175d7bf60;
 .timescale -9 -12;
P_0000014175cfcca0 .param/l "g" 0 7 116, +C4<01111>;
v0000014175d917b0_0 .net *"_ivl_1", 0 0, L_0000014175e03840;  1 drivers
L_0000014175d9e798 .functor BUFT 1, C4<11>, C4<0>, C4<0>, C4<0>;
v0000014175d91e90_0 .net/2u *"_ivl_10", 1 0, L_0000014175d9e798;  1 drivers
v0000014175d92b10_0 .net *"_ivl_14", 0 0, L_0000014175e02620;  1 drivers
L_0000014175d9e7e0 .functor BUFT 1, C4<10>, C4<0>, C4<0>, C4<0>;
v0000014175d91030_0 .net/2u *"_ivl_16", 1 0, L_0000014175d9e7e0;  1 drivers
L_0000014175d9e828 .functor BUFT 1, C4<0000000000000000>, C4<0>, C4<0>, C4<0>;
v0000014175d91f30_0 .net/2u *"_ivl_19", 15 0, L_0000014175d9e828;  1 drivers
v0000014175d90a90_0 .net *"_ivl_21", 0 0, L_0000014175e02da0;  1 drivers
L_0000014175d9e870 .functor BUFT 1, C4<01>, C4<0>, C4<0>, C4<0>;
v0000014175d90d10_0 .net/2u *"_ivl_23", 1 0, L_0000014175d9e870;  1 drivers
L_0000014175d9e8b8 .functor BUFT 1, C4<00>, C4<0>, C4<0>, C4<0>;
v0000014175d91530_0 .net/2u *"_ivl_25", 1 0, L_0000014175d9e8b8;  1 drivers
v0000014175d92430_0 .net *"_ivl_27", 1 0, L_0000014175e03980;  1 drivers
v0000014175d91990_0 .net *"_ivl_29", 1 0, L_0000014175e02f80;  1 drivers
v0000014175d90810_0 .net *"_ivl_3", 0 0, L_0000014175e01d60;  1 drivers
v0000014175d91670_0 .net *"_ivl_31", 1 0, L_0000014175e01cc0;  1 drivers
L_0000014175d9e750 .functor BUFT 1, C4<00>, C4<0>, C4<0>, C4<0>;
v0000014175d906d0_0 .net/2u *"_ivl_4", 1 0, L_0000014175d9e750;  1 drivers
v0000014175d91a30_0 .net *"_ivl_8", 0 0, L_0000014175e02760;  1 drivers
L_0000014175e01d60 .reduce/nor L_0000014175e03840;
v0000014175d99500_15 .array/port v0000014175d99500, 15;
v0000014175d9a040_15 .array/port v0000014175d9a040, 15;
L_0000014175e02760 .cmp/eq 10, v0000014175d99500_15, v0000014175d9a040_15;
v0000014175d9a900_15 .array/port v0000014175d9a900, 15;
L_0000014175e02620 .cmp/ge 10, v0000014175d9a900_15, v0000014175d9a040_15;
v0000014175d99be0_15 .array/port v0000014175d99be0, 15;
L_0000014175e02da0 .cmp/eq 16, v0000014175d99be0_15, L_0000014175d9e828;
L_0000014175e03980 .functor MUXZ 2, L_0000014175d9e8b8, L_0000014175d9e870, L_0000014175e02da0, C4<>;
L_0000014175e02f80 .functor MUXZ 2, L_0000014175e03980, L_0000014175d9e7e0, L_0000014175e02620, C4<>;
L_0000014175e01cc0 .functor MUXZ 2, L_0000014175e02f80, L_0000014175d9e798, L_0000014175e02760, C4<>;
L_0000014175e02940 .functor MUXZ 2, L_0000014175e01cc0, L_0000014175d9e750, L_0000014175e01d60, C4<>;
S_0000014175d88260 .scope task, "wait_for_cores" "wait_for_cores" 3 113, 3 113 0, S_0000014175c3a2b0;
 .timescale -9 -12;
v0000014175d9c2a0_0 .var/2s "current_cores", 31 0;
v0000014175d9c3e0_0 .var/2s "target_cores", 31 0;
TD_controller_tb.wait_for_cores ;
T_4.15 ;
    %wait E_0000014175cfc360;
    %vpi_func 3 117 "$countones" 32, v0000014175ce6580_0 {0 0 0};
    %cast2;
    %store/vec4 v0000014175d9c2a0_0, 0, 32;
    %load/vec4 v0000014175d9c2a0_0;
    %load/vec4 v0000014175d9c3e0_0;
    %cmp/ne;
    %jmp/1 T_4.15, 4;
    %end;
    .scope S_0000014175bbae10;
T_5 ;
    %pushi/vec4 0, 0, 8;
    %store/vec4 v0000014175d71d10_0, 0, 8;
    %pushi/vec4 0, 0, 8;
    %store/vec4 v0000014175d72e90_0, 0, 8;
    %pushi/vec4 0, 0, 8;
    %store/vec4 v0000014175d71ef0_0, 0, 8;
    %pushi/vec4 0, 0, 8;
    %store/vec4 v0000014175d71c70_0, 0, 8;
    %end;
    .thread T_5, $init;
    .scope S_0000014175bbae10;
T_6 ;
    %wait E_0000014175cfc4e0;
    %load/vec4 v0000014175d71bd0_0;
    %nor/r;
    %flag_set/vec4 8;
    %jmp/0xz  T_6.0, 8;
    %pushi/vec4 0, 0, 8;
    %assign/vec4 v0000014175d71d10_0, 0;
    %pushi/vec4 0, 0, 8;
    %assign/vec4 v0000014175d71ef0_0, 0;
    %jmp T_6.1;
T_6.0 ;
    %load/vec4 v0000014175d720d0_0;
    %flag_set/vec4 9;
    %flag_get/vec4 9;
    %jmp/0 T_6.4, 9;
    %load/vec4 v0000014175d72530_0;
    %nor/r;
    %and;
T_6.4;
    %flag_set/vec4 8;
    %jmp/0xz  T_6.2, 8;
    %load/vec4 v0000014175d72ad0_0;
    %load/vec4 v0000014175d71d10_0;
    %parti/s 7, 0, 2;
    %pad/u 9;
    %ix/vec4 3;
    %ix/load 4, 0, 0; Constant delay
    %assign/vec4/a/d v0000014175d72a30, 0, 4;
    %load/vec4 v0000014175d71d10_0;
    %addi 1, 0, 8;
    %assign/vec4 v0000014175d71d10_0, 0;
    %load/vec4 v0000014175d71d10_0;
    %pad/u 32;
    %addi 1, 0, 32;
    %load/vec4 v0000014175d71d10_0;
    %pad/u 32;
    %addi 1, 0, 32;
    %ix/load 4, 1, 0;
    %flag_set/imm 4, 0;
    %shiftr 4;
    %xor;
    %pad/u 8;
    %assign/vec4 v0000014175d71ef0_0, 0;
T_6.2 ;
T_6.1 ;
    %jmp T_6;
    .thread T_6;
    .scope S_0000014175bbae10;
T_7 ;
    %wait E_0000014175cfc4e0;
    %load/vec4 v0000014175d71bd0_0;
    %nor/r;
    %flag_set/vec4 8;
    %jmp/0xz  T_7.0, 8;
    %pushi/vec4 0, 0, 8;
    %assign/vec4 v0000014175d72e90_0, 0;
    %pushi/vec4 0, 0, 8;
    %assign/vec4 v0000014175d71c70_0, 0;
    %jmp T_7.1;
T_7.0 ;
    %load/vec4 v0000014175d72710_0;
    %flag_set/vec4 9;
    %flag_get/vec4 9;
    %jmp/0 T_7.4, 9;
    %load/vec4 v0000014175d72fd0_0;
    %nor/r;
    %and;
T_7.4;
    %flag_set/vec4 8;
    %jmp/0xz  T_7.2, 8;
    %load/vec4 v0000014175d72e90_0;
    %addi 1, 0, 8;
    %assign/vec4 v0000014175d72e90_0, 0;
    %load/vec4 v0000014175d72e90_0;
    %pad/u 32;
    %addi 1, 0, 32;
    %load/vec4 v0000014175d72e90_0;
    %pad/u 32;
    %addi 1, 0, 32;
    %ix/load 4, 1, 0;
    %flag_set/imm 4, 0;
    %shiftr 4;
    %xor;
    %pad/u 8;
    %assign/vec4 v0000014175d71c70_0, 0;
T_7.2 ;
T_7.1 ;
    %jmp T_7;
    .thread T_7;
    .scope S_0000014175d7bf60;
T_8 ;
    %wait E_0000014175cfc7a0;
    %load/vec4 v0000014175d9b6c0_0;
    %dup/vec4;
    %pushi/vec4 0, 0, 2;
    %cmp/u;
    %jmp/1 T_8.0, 6;
    %dup/vec4;
    %pushi/vec4 1, 0, 2;
    %cmp/u;
    %jmp/1 T_8.1, 6;
    %dup/vec4;
    %pushi/vec4 2, 0, 2;
    %cmp/u;
    %jmp/1 T_8.2, 6;
    %dup/vec4;
    %pushi/vec4 3, 0, 2;
    %cmp/u;
    %jmp/1 T_8.3, 6;
    %pushi/vec4 0, 0, 4;
    %store/vec4 v0000014175d99e60_0, 0, 4;
    %jmp T_8.5;
T_8.0 ;
    %load/vec4 v0000014175d9b1c0_0;
    %parti/s 4, 0, 2;
    %store/vec4 v0000014175d99e60_0, 0, 4;
    %jmp T_8.5;
T_8.1 ;
    %load/vec4 v0000014175d9b1c0_0;
    %parti/s 4, 4, 4;
    %store/vec4 v0000014175d99e60_0, 0, 4;
    %jmp T_8.5;
T_8.2 ;
    %load/vec4 v0000014175d9b1c0_0;
    %parti/s 4, 8, 5;
    %store/vec4 v0000014175d99e60_0, 0, 4;
    %jmp T_8.5;
T_8.3 ;
    %load/vec4 v0000014175d9b1c0_0;
    %parti/s 4, 12, 5;
    %store/vec4 v0000014175d99e60_0, 0, 4;
    %jmp T_8.5;
T_8.5 ;
    %pop/vec4 1;
    %jmp T_8;
    .thread T_8, $push;
    .scope S_0000014175d7bf60;
T_9 ;
    %wait E_0000014175cfbd20;
    %load/vec4 v0000014175d9b6c0_0;
    %load/vec4 v0000014175d99aa0_0;
    %concat/vec4; draw_concat_vec4
    %store/vec4 v0000014175d9a680_0, 0, 4;
    %jmp T_9;
    .thread T_9, $push;
    .scope S_0000014175d7bf60;
T_10 ;
    %wait E_0000014175cfbce0;
    %load/vec4 v0000014175d9b800_0;
    %dup/vec4;
    %pushi/vec4 0, 0, 2;
    %cmp/u;
    %jmp/1 T_10.0, 6;
    %dup/vec4;
    %pushi/vec4 1, 0, 2;
    %cmp/u;
    %jmp/1 T_10.1, 6;
    %dup/vec4;
    %pushi/vec4 2, 0, 2;
    %cmp/u;
    %jmp/1 T_10.2, 6;
    %dup/vec4;
    %pushi/vec4 3, 0, 2;
    %cmp/u;
    %jmp/1 T_10.3, 6;
    %pushi/vec4 0, 0, 4;
    %store/vec4 v0000014175d9b440_0, 0, 4;
    %jmp T_10.5;
T_10.0 ;
    %load/vec4 v0000014175d9bc60_0;
    %parti/s 4, 0, 2;
    %store/vec4 v0000014175d9b440_0, 0, 4;
    %jmp T_10.5;
T_10.1 ;
    %load/vec4 v0000014175d9bc60_0;
    %parti/s 4, 4, 4;
    %store/vec4 v0000014175d9b440_0, 0, 4;
    %jmp T_10.5;
T_10.2 ;
    %load/vec4 v0000014175d9bc60_0;
    %parti/s 4, 8, 5;
    %store/vec4 v0000014175d9b440_0, 0, 4;
    %jmp T_10.5;
T_10.3 ;
    %load/vec4 v0000014175d9bc60_0;
    %parti/s 4, 12, 5;
    %store/vec4 v0000014175d9b440_0, 0, 4;
    %jmp T_10.5;
T_10.5 ;
    %pop/vec4 1;
    %jmp T_10;
    .thread T_10, $push;
    .scope S_0000014175d7bf60;
T_11 ;
    %wait E_0000014175cfc720;
    %load/vec4 v0000014175d9b800_0;
    %load/vec4 v0000014175d99780_0;
    %concat/vec4; draw_concat_vec4
    %store/vec4 v0000014175d99f00_0, 0, 4;
    %jmp T_11;
    .thread T_11, $push;
    .scope S_0000014175d7bf60;
T_12 ;
    %wait E_0000014175cfc4e0;
    %load/vec4 v0000014175d9af40_0;
    %nor/r;
    %flag_set/vec4 8;
    %jmp/0xz  T_12.0, 8;
    %pushi/vec4 0, 0, 16;
    %assign/vec4 v0000014175d9a720_0, 0;
    %pushi/vec4 0, 0, 1;
    %assign/vec4 v0000014175d995a0_0, 0;
    %pushi/vec4 0, 0, 4;
    %assign/vec4 v0000014175d9b940_0, 0;
    %pushi/vec4 0, 0, 10;
    %assign/vec4 v0000014175d9bbc0_0, 0;
    %pushi/vec4 0, 0, 10;
    %assign/vec4 v0000014175d9b620_0, 0;
    %pushi/vec4 0, 0, 32;
    %assign/vec4 v0000014175d99d20_0, 0;
    %pushi/vec4 0, 0, 6;
    %assign/vec4 v0000014175d996e0_0, 0;
    %pushi/vec4 0, 0, 2;
    %assign/vec4 v0000014175d9a4a0_0, 0;
    %pushi/vec4 0, 0, 32;
    %store/vec4 v0000014175d9a220_0, 0, 32;
T_12.2 ;
    %load/vec4 v0000014175d9a220_0;
    %cmpi/s 16, 0, 32;
    %jmp/0xz T_12.3, 5;
    %pushi/vec4 0, 0, 10;
    %ix/getv/s 3, v0000014175d9a220_0;
    %ix/load 4, 0, 0; Constant delay
    %assign/vec4/a/d v0000014175d9a5e0, 0, 4;
    %pushi/vec4 0, 0, 10;
    %ix/getv/s 3, v0000014175d9a220_0;
    %ix/load 4, 0, 0; Constant delay
    %assign/vec4/a/d v0000014175d9a040, 0, 4;
    %pushi/vec4 0, 0, 32;
    %ix/getv/s 3, v0000014175d9a220_0;
    %ix/load 4, 0, 0; Constant delay
    %assign/vec4/a/d v0000014175d99960, 0, 4;
    %pushi/vec4 0, 0, 10;
    %ix/getv/s 3, v0000014175d9a220_0;
    %ix/load 4, 0, 0; Constant delay
    %assign/vec4/a/d v0000014175d9a900, 0, 4;
    %pushi/vec4 0, 0, 10;
    %ix/getv/s 3, v0000014175d9a220_0;
    %ix/load 4, 0, 0; Constant delay
    %assign/vec4/a/d v0000014175d99500, 0, 4;
    %pushi/vec4 0, 0, 16;
    %ix/getv/s 3, v0000014175d9a220_0;
    %ix/load 4, 0, 0; Constant delay
    %assign/vec4/a/d v0000014175d99be0, 0, 4;
    %load/vec4 v0000014175d9a220_0;
    %addi 1, 0, 32;
    %store/vec4 v0000014175d9a220_0, 0, 32;
    %jmp T_12.2;
T_12.3 ;
    %jmp T_12.1;
T_12.0 ;
    %pushi/vec4 0, 0, 1;
    %assign/vec4 v0000014175d995a0_0, 0;
    %pushi/vec4 0, 0, 2;
    %assign/vec4 v0000014175d9a4a0_0, 0;
    %load/vec4 v0000014175d9a360_0;
    %flag_set/vec4 8;
    %jmp/0xz  T_12.4, 8;
    %pushi/vec4 1, 0, 1;
    %ix/load 5, 0, 0;
    %ix/getv 4, v0000014175d9a680_0;
    %assign/vec4/off/d v0000014175d9a720_0, 4, 5;
    %load/vec4 v0000014175d9a0e0_0;
    %load/vec4 v0000014175d9a680_0;
    %pad/u 6;
    %ix/vec4 3;
    %ix/load 4, 0, 0; Constant delay
    %assign/vec4/a/d v0000014175d9a5e0, 0, 4;
    %load/vec4 v0000014175d998c0_0;
    %load/vec4 v0000014175d9a680_0;
    %pad/u 6;
    %ix/vec4 3;
    %ix/load 4, 0, 0; Constant delay
    %assign/vec4/a/d v0000014175d9a040, 0, 4;
    %load/vec4 v0000014175d9a2c0_0;
    %load/vec4 v0000014175d9a680_0;
    %pad/u 6;
    %ix/vec4 3;
    %ix/load 4, 0, 0; Constant delay
    %assign/vec4/a/d v0000014175d99960, 0, 4;
    %pushi/vec4 0, 0, 10;
    %load/vec4 v0000014175d9a680_0;
    %pad/u 6;
    %ix/vec4 3;
    %ix/load 4, 0, 0; Constant delay
    %assign/vec4/a/d v0000014175d9a900, 0, 4;
    %pushi/vec4 0, 0, 10;
    %load/vec4 v0000014175d9a680_0;
    %pad/u 6;
    %ix/vec4 3;
    %ix/load 4, 0, 0; Constant delay
    %assign/vec4/a/d v0000014175d99500, 0, 4;
    %load/vec4 v0000014175d9b8a0_0;
    %load/vec4 v0000014175d9a680_0;
    %pad/u 6;
    %ix/vec4 3;
    %ix/load 4, 0, 0; Constant delay
    %assign/vec4/a/d v0000014175d99be0, 0, 4;
T_12.4 ;
    %load/vec4 v0000014175d99fa0_0;
    %flag_set/vec4 9;
    %flag_get/vec4 9;
    %jmp/0 T_12.8, 9;
    %load/vec4 v0000014175d99dc0_0;
    %and;
T_12.8;
    %flag_set/vec4 8;
    %jmp/0xz  T_12.6, 8;
    %pushi/vec4 1, 0, 1;
    %assign/vec4 v0000014175d995a0_0, 0;
    %load/vec4 v0000014175d99f00_0;
    %assign/vec4 v0000014175d9b940_0, 0;
    %load/vec4 v0000014175d99f00_0;
    %pad/u 6;
    %ix/vec4 4;
    %load/vec4a v0000014175d9a5e0, 4;
    %assign/vec4 v0000014175d9bbc0_0, 0;
    %load/vec4 v0000014175d99f00_0;
    %pad/u 6;
    %ix/vec4 4;
    %load/vec4a v0000014175d9a900, 4;
    %assign/vec4 v0000014175d9b620_0, 0;
    %load/vec4 v0000014175d99f00_0;
    %pad/u 6;
    %ix/vec4 4;
    %load/vec4a v0000014175d99960, 4;
    %assign/vec4 v0000014175d99d20_0, 0;
    %load/vec4 v0000014175d9a180_0;
    %assign/vec4 v0000014175d996e0_0, 0;
    %load/vec4 v0000014175d99f00_0;
    %pad/u 6;
    %ix/vec4 4;
    %load/vec4a v0000014175d9a900, 4;
    %addi 1, 0, 10;
    %load/vec4 v0000014175d99f00_0;
    %pad/u 6;
    %ix/vec4 3;
    %ix/load 4, 0, 0; Constant delay
    %assign/vec4/a/d v0000014175d9a900, 0, 4;
T_12.6 ;
    %load/vec4 v0000014175d9b300_0;
    %flag_set/vec4 9;
    %flag_get/vec4 9;
    %jmp/0 T_12.11, 9;
    %load/vec4 v0000014175d9a720_0;
    %load/vec4 v0000014175d9aa40_0;
    %part/u 1;
    %and;
T_12.11;
    %flag_set/vec4 8;
    %jmp/0xz  T_12.9, 8;
    %load/vec4 v0000014175d9aa40_0;
    %pad/u 6;
    %ix/vec4 4;
    %load/vec4a v0000014175d99500, 4;
    %addi 1, 0, 10;
    %load/vec4 v0000014175d9aa40_0;
    %pad/u 6;
    %ix/vec4 3;
    %ix/load 4, 0, 0; Constant delay
    %assign/vec4/a/d v0000014175d99500, 0, 4;
    %load/vec4 v0000014175d9aa40_0;
    %pad/u 6;
    %ix/vec4 4;
    %load/vec4a v0000014175d99500, 4;
    %addi 1, 0, 10;
    %load/vec4 v0000014175d9aa40_0;
    %pad/u 6;
    %ix/vec4 4;
    %load/vec4a v0000014175d9a040, 4;
    %cmp/e;
    %jmp/0xz  T_12.12, 4;
    %pushi/vec4 0, 0, 1;
    %ix/load 5, 0, 0;
    %ix/getv 4, v0000014175d9aa40_0;
    %assign/vec4/off/d v0000014175d9a720_0, 4, 5;
    %pushi/vec4 0, 0, 32;
    %store/vec4 v0000014175d9a540_0, 0, 32;
T_12.14 ;
    %load/vec4 v0000014175d9a540_0;
    %cmpi/s 16, 0, 32;
    %jmp/0xz T_12.15, 5;
    %pushi/vec4 0, 0, 1;
    %ix/getv/s 4, v0000014175d9a540_0;
    %flag_mov 8, 4;
    %ix/getv 5, v0000014175d9aa40_0;
    %flag_or 8, 4;
    %ix/load 6, 0, 0; Constant delay
    %ix/mov 3, 4;
    %flag_mov 4, 8;
    %assign/vec4/a/d v0000014175d99be0, 5, 6;
    %load/vec4 v0000014175d9a540_0;
    %addi 1, 0, 32;
    %store/vec4 v0000014175d9a540_0, 0, 32;
    %jmp T_12.14;
T_12.15 ;
T_12.12 ;
T_12.9 ;
    %load/vec4 v0000014175d9a720_0;
    %cmpi/e 65535, 0, 16;
    %flag_get/vec4 4;
    %jmp/0 T_12.18, 4;
    %load/vec4 v0000014175d99dc0_0;
    %nor/r;
    %and;
T_12.18;
    %flag_set/vec4 8;
    %jmp/0xz  T_12.16, 8;
    %pushi/vec4 1, 0, 2;
    %assign/vec4 v0000014175d9a4a0_0, 0;
T_12.16 ;
T_12.1 ;
    %jmp T_12;
    .thread T_12;
    .scope S_0000014175bbac80;
T_13 ;
    %wait E_0000014175cfc5a0;
    %load/vec4 v0000014175ce6760_0;
    %or/r;
    %store/vec4 v0000014175ce6620_0, 0, 1;
    %pushi/vec4 0, 0, 6;
    %store/vec4 v0000014175ce64e0_0, 0, 6;
    %load/vec4 v0000014175d72df0_0;
    %pushi/vec4 2863311530, 0, 32;
    %concati/vec4 2863311530, 0, 32;
    %and;
    %or/r;
    %ix/load 4, 0, 0;
    %flag_set/imm 4, 0;
    %store/vec4 v0000014175ce64e0_0, 4, 1;
    %load/vec4 v0000014175d72df0_0;
    %pushi/vec4 3435973836, 0, 32;
    %concati/vec4 3435973836, 0, 32;
    %and;
    %or/r;
    %ix/load 4, 1, 0;
    %flag_set/imm 4, 0;
    %store/vec4 v0000014175ce64e0_0, 4, 1;
    %load/vec4 v0000014175d72df0_0;
    %pushi/vec4 4042322160, 0, 32;
    %concati/vec4 4042322160, 0, 32;
    %and;
    %or/r;
    %ix/load 4, 2, 0;
    %flag_set/imm 4, 0;
    %store/vec4 v0000014175ce64e0_0, 4, 1;
    %load/vec4 v0000014175d72df0_0;
    %pushi/vec4 4278255360, 0, 32;
    %concati/vec4 4278255360, 0, 32;
    %and;
    %or/r;
    %ix/load 4, 3, 0;
    %flag_set/imm 4, 0;
    %store/vec4 v0000014175ce64e0_0, 4, 1;
    %load/vec4 v0000014175d72df0_0;
    %pushi/vec4 4294901760, 0, 32;
    %concati/vec4 4294901760, 0, 32;
    %and;
    %or/r;
    %ix/load 4, 4, 0;
    %flag_set/imm 4, 0;
    %store/vec4 v0000014175ce64e0_0, 4, 1;
    %load/vec4 v0000014175d72df0_0;
    %pushi/vec4 4294967295, 0, 32;
    %concati/vec4 0, 0, 32;
    %and;
    %or/r;
    %ix/load 4, 5, 0;
    %flag_set/imm 4, 0;
    %store/vec4 v0000014175ce64e0_0, 4, 1;
    %jmp T_13;
    .thread T_13, $push;
    .scope S_0000014175bbac80;
T_14 ;
    %wait E_0000014175cfc6e0;
    %load/vec4 v0000014175ce7700_0;
    %or/r;
    %store/vec4 v0000014175d718b0_0, 0, 1;
    %pushi/vec4 0, 0, 6;
    %store/vec4 v0000014175d71450_0, 0, 6;
    %load/vec4 v0000014175d71810_0;
    %pushi/vec4 2863311530, 0, 32;
    %concati/vec4 2863311530, 0, 32;
    %and;
    %or/r;
    %ix/load 4, 0, 0;
    %flag_set/imm 4, 0;
    %store/vec4 v0000014175d71450_0, 4, 1;
    %load/vec4 v0000014175d71810_0;
    %pushi/vec4 3435973836, 0, 32;
    %concati/vec4 3435973836, 0, 32;
    %and;
    %or/r;
    %ix/load 4, 1, 0;
    %flag_set/imm 4, 0;
    %store/vec4 v0000014175d71450_0, 4, 1;
    %load/vec4 v0000014175d71810_0;
    %pushi/vec4 4042322160, 0, 32;
    %concati/vec4 4042322160, 0, 32;
    %and;
    %or/r;
    %ix/load 4, 2, 0;
    %flag_set/imm 4, 0;
    %store/vec4 v0000014175d71450_0, 4, 1;
    %load/vec4 v0000014175d71810_0;
    %pushi/vec4 4278255360, 0, 32;
    %concati/vec4 4278255360, 0, 32;
    %and;
    %or/r;
    %ix/load 4, 3, 0;
    %flag_set/imm 4, 0;
    %store/vec4 v0000014175d71450_0, 4, 1;
    %load/vec4 v0000014175d71810_0;
    %pushi/vec4 4294901760, 0, 32;
    %concati/vec4 4294901760, 0, 32;
    %and;
    %or/r;
    %ix/load 4, 4, 0;
    %flag_set/imm 4, 0;
    %store/vec4 v0000014175d71450_0, 4, 1;
    %load/vec4 v0000014175d71810_0;
    %pushi/vec4 4294967295, 0, 32;
    %concati/vec4 0, 0, 32;
    %and;
    %or/r;
    %ix/load 4, 5, 0;
    %flag_set/imm 4, 0;
    %store/vec4 v0000014175d71450_0, 4, 1;
    %jmp T_14;
    .thread T_14, $push;
    .scope S_0000014175bbac80;
T_15 ;
    %wait E_0000014175cfc4e0;
    %load/vec4 v0000014175ce7840_0;
    %nor/r;
    %flag_set/vec4 8;
    %jmp/0xz  T_15.0, 8;
    %pushi/vec4 0, 0, 64;
    %assign/vec4 v0000014175ce6580_0, 0;
    %pushi/vec4 0, 0, 1;
    %assign/vec4 v0000014175d728f0_0, 0;
    %pushi/vec4 0, 0, 4;
    %assign/vec4 v0000014175d71590_0, 0;
    %pushi/vec4 0, 0, 1;
    %assign/vec4 v0000014175d731b0_0, 0;
    %pushi/vec4 0, 0, 6;
    %assign/vec4 v0000014175d72f30_0, 0;
    %pushi/vec4 0, 0, 2;
    %assign/vec4 v0000014175d727b0_0, 0;
    %pushi/vec4 0, 0, 32;
    %store/vec4 v0000014175d71770_0, 0, 32;
T_15.2 ;
    %load/vec4 v0000014175d71770_0;
    %cmpi/s 64, 0, 32;
    %jmp/0xz T_15.3, 5;
    %pushi/vec4 0, 0, 4;
    %ix/getv/s 3, v0000014175d71770_0;
    %ix/load 4, 0, 0; Constant delay
    %assign/vec4/a/d v0000014175ce6d00, 0, 4;
    %pushi/vec4 0, 0, 10;
    %ix/getv/s 3, v0000014175d71770_0;
    %ix/load 4, 0, 0; Constant delay
    %assign/vec4/a/d v0000014175ce8100, 0, 4;
    %pushi/vec4 0, 0, 10;
    %ix/getv/s 3, v0000014175d71770_0;
    %ix/load 4, 0, 0; Constant delay
    %assign/vec4/a/d v0000014175ce69e0, 0, 4;
    %load/vec4 v0000014175d71770_0;
    %addi 1, 0, 32;
    %store/vec4 v0000014175d71770_0, 0, 32;
    %jmp T_15.2;
T_15.3 ;
    %jmp T_15.1;
T_15.0 ;
    %pushi/vec4 0, 0, 1;
    %assign/vec4 v0000014175d728f0_0, 0;
    %pushi/vec4 0, 0, 1;
    %assign/vec4 v0000014175d731b0_0, 0;
    %pushi/vec4 0, 0, 2;
    %assign/vec4 v0000014175d727b0_0, 0;
    %load/vec4 v0000014175ce82e0_0;
    %flag_set/vec4 9;
    %flag_get/vec4 9;
    %jmp/0 T_15.6, 9;
    %load/vec4 v0000014175d719f0_0;
    %and;
T_15.6;
    %flag_set/vec4 8;
    %jmp/0xz  T_15.4, 8;
    %pushi/vec4 1, 0, 1;
    %ix/load 5, 0, 0;
    %ix/getv 4, v0000014175d72350_0;
    %assign/vec4/off/d v0000014175ce6580_0, 4, 5;
    %load/vec4 v0000014175ce7de0_0;
    %load/vec4 v0000014175d72350_0;
    %pad/u 8;
    %ix/vec4 3;
    %ix/load 4, 0, 0; Constant delay
    %assign/vec4/a/d v0000014175ce6d00, 0, 4;
    %load/vec4 v0000014175ce7c00_0;
    %load/vec4 v0000014175d72350_0;
    %pad/u 8;
    %ix/vec4 3;
    %ix/load 4, 0, 0; Constant delay
    %assign/vec4/a/d v0000014175ce8100, 0, 4;
    %load/vec4 v0000014175ce6c60_0;
    %load/vec4 v0000014175d72350_0;
    %pad/u 8;
    %ix/vec4 3;
    %ix/load 4, 0, 0; Constant delay
    %assign/vec4/a/d v0000014175ce69e0, 0, 4;
T_15.4 ;
    %load/vec4 v0000014175d718b0_0;
    %flag_set/vec4 8;
    %jmp/0xz  T_15.7, 8;
    %pushi/vec4 1, 0, 1;
    %assign/vec4 v0000014175d728f0_0, 0;
    %load/vec4 v0000014175d71450_0;
    %pad/u 8;
    %ix/vec4 4;
    %load/vec4a v0000014175ce6d00, 4;
    %assign/vec4 v0000014175d71590_0, 0;
    %pushi/vec4 1, 0, 1;
    %assign/vec4 v0000014175d731b0_0, 0;
    %load/vec4 v0000014175d71450_0;
    %assign/vec4 v0000014175d72f30_0, 0;
    %pushi/vec4 0, 0, 1;
    %ix/load 5, 0, 0;
    %ix/getv 4, v0000014175d71450_0;
    %assign/vec4/off/d v0000014175ce6580_0, 4, 5;
    %load/vec4 v0000014175ce6580_0;
    %load/vec4 v0000014175d71450_0;
    %part/u 1;
    %nor/r;
    %flag_set/vec4 8;
    %jmp/0xz  T_15.9, 8;
    %pushi/vec4 2, 0, 2;
    %assign/vec4 v0000014175d727b0_0, 0;
T_15.9 ;
T_15.7 ;
T_15.1 ;
    %jmp T_15;
    .thread T_15;
    .scope S_0000014175c3a2b0;
T_16 ;
    %pushi/vec4 0, 0, 1;
    %store/vec4 v0000014175d9bf80_0, 0, 1;
T_16.0 ;
    %delay 1666, 0;
    %load/vec4 v0000014175d9bf80_0;
    %inv;
    %store/vec4 v0000014175d9bf80_0, 0, 1;
    %jmp T_16.0;
    %end;
    .thread T_16;
    .scope S_0000014175c3a2b0;
T_17 ;
    %delay 2000000000, 0;
    %vpi_call/w 3 62 "$display", "\012\033[0;31m[FATAL] Watchdog Timer Expired!\033[0m" {0 0 0};
    %vpi_call/w 3 63 "$finish" {0 0 0};
    %end;
    .thread T_17;
    .scope S_0000014175c3a2b0;
T_18 ;
    %wait E_0000014175cfc360;
    %load/vec4 v0000014175d96760_0;
    %flag_set/vec4 8;
    %jmp/0xz  T_18.0, 8;
    %vpi_func 3 71 "$countones" 32, v0000014175ce6580_0 {0 0 0};
    %vpi_call/w 3 71 "$display", "LOG_SYS,%0t,%0d,%b", $time, S<0,vec4,s32>, v0000014175d945a0_0 {1 0 0};
    %load/vec4 v0000014175d9c0c0_0;
    %flag_set/vec4 8;
    %jmp/0xz  T_18.2, 8;
    %vpi_call/w 3 74 "$display", "LOG_ALLOC,%0t,%0d,%0d", $time, v0000014175d9c340_0, v0000014175d9b4e0_0 {0 0 0};
T_18.2 ;
    %load/vec4 v0000014175d96b20_0;
    %flag_set/vec4 8;
    %jmp/0xz  T_18.4, 8;
    %load/vec4 v0000014175d95400_0;
    %pad/u 8;
    %ix/vec4 4;
    %load/vec4a v0000014175ce8100, 4;
    %vpi_call/w 3 78 "$display", "LOG_FREE,%0t,%0d,%0d", $time, S<0,vec4,u10>, v0000014175d95400_0 {1 0 0};
T_18.4 ;
T_18.0 ;
    %jmp T_18;
    .thread T_18;
    .scope S_0000014175c3a2b0;
T_19 ;
    %wait E_0000014175cfc360;
    %load/vec4 v0000014175d96760_0;
    %flag_set/vec4 9;
    %flag_get/vec4 9;
    %jmp/0 T_19.2, 9;
    %load/vec4 v0000014175d96b20_0;
    %and;
T_19.2;
    %flag_set/vec4 8;
    %jmp/0xz  T_19.0, 8;
    %pushi/vec4 0, 0, 1;
    %ix/load 5, 0, 0;
    %ix/getv 4, v0000014175d95400_0;
    %assign/vec4/off/d v0000014175d95e00_0, 4, 5;
T_19.0 ;
    %jmp T_19;
    .thread T_19;
    .scope S_0000014175c3a2b0;
T_20 ;
    %pushi/vec4 0, 0, 1;
    %store/vec4 v0000014175d96760_0, 0, 1;
    %pushi/vec4 0, 0, 1;
    %store/vec4 v0000014175d9bd00_0, 0, 1;
    %pushi/vec4 0, 0, 64;
    %store/vec4 v0000014175d9be40_0, 0, 64;
    %pushi/vec4 0, 0, 64;
    %store/vec4 v0000014175d95e00_0, 0, 64;
    %delay 30000, 0;
    %pushi/vec4 1, 0, 1;
    %store/vec4 v0000014175d96760_0, 0, 1;
    %delay 30000, 0;
    %vpi_call/w 3 173 "$display", "\012[TC1] Generating Data for Project Book Screenshots..." {0 0 0};
    %pushi/vec4 500, 0, 10;
    %store/vec4 v0000014175ce8380_0, 0, 10;
    %pushi/vec4 5, 0, 10;
    %store/vec4 v0000014175ce7e80_0, 0, 10;
    %pushi/vec4 268435456, 0, 32;
    %store/vec4 v0000014175ce78e0_0, 0, 32;
    %pushi/vec4 0, 0, 10;
    %store/vec4 v0000014175ce77a0_0, 0, 10;
    %fork TD_controller_tb.host_send_task, S_0000014175b82ce0;
    %join;
    %pushi/vec4 501, 0, 10;
    %store/vec4 v0000014175ce8380_0, 0, 10;
    %pushi/vec4 2, 0, 10;
    %store/vec4 v0000014175ce7e80_0, 0, 10;
    %pushi/vec4 536870912, 0, 32;
    %store/vec4 v0000014175ce78e0_0, 0, 32;
    %pushi/vec4 500, 0, 10;
    %store/vec4 v0000014175ce77a0_0, 0, 10;
    %fork TD_controller_tb.host_send_task, S_0000014175b82ce0;
    %join;
    %pushi/vec4 5, 0, 32;
    %store/vec4 v0000014175d9c3e0_0, 0, 32;
    %fork TD_controller_tb.wait_for_cores, S_0000014175d88260;
    %join;
    %delay 20000, 0;
    %fork TD_controller_tb.print_tmt_snapshot, S_0000014175b82e70;
    %join;
    %pushi/vec4 31, 0, 64;
    %store/vec4 v0000014175ce7160_0, 0, 64;
    %fork TD_controller_tb.finish_active_cores, S_0000014175bd22b0;
    %join;
    %pushi/vec4 2, 0, 32;
    %store/vec4 v0000014175d9c3e0_0, 0, 32;
    %fork TD_controller_tb.wait_for_cores, S_0000014175d88260;
    %join;
    %pushi/vec4 4294967295, 0, 32;
    %concati/vec4 4294967295, 0, 32;
    %store/vec4 v0000014175ce7160_0, 0, 64;
    %fork TD_controller_tb.finish_active_cores, S_0000014175bd22b0;
    %join;
    %pushi/vec4 0, 0, 32;
    %store/vec4 v0000014175d9c3e0_0, 0, 32;
    %fork TD_controller_tb.wait_for_cores, S_0000014175d88260;
    %join;
    %vpi_call/w 3 190 "$display", "\012[TC2] System Stress Test - Saturating all 64 cores..." {0 0 0};
    %fork t_5, S_0000014175d1d660;
    %jmp t_4;
    .scope S_0000014175d1d660;
t_5 ;
    %pushi/vec4 0, 0, 32;
    %store/vec4 v0000014175ce73e0_0, 0, 32;
T_20.0 ;
    %load/vec4 v0000014175ce73e0_0;
    %cmpi/s 8, 0, 32;
    %jmp/0xz T_20.1, 5;
    %pushi/vec4 10, 0, 32;
    %load/vec4 v0000014175ce73e0_0;
    %add;
    %pad/u 10;
    %store/vec4 v0000014175ce8380_0, 0, 10;
    %pushi/vec4 8, 0, 10;
    %store/vec4 v0000014175ce7e80_0, 0, 10;
    %pushi/vec4 2863267840, 0, 32;
    %load/vec4 v0000014175ce73e0_0;
    %add;
    %store/vec4 v0000014175ce78e0_0, 0, 32;
    %pushi/vec4 0, 0, 10;
    %store/vec4 v0000014175ce77a0_0, 0, 10;
    %fork TD_controller_tb.host_send_task, S_0000014175b82ce0;
    %join;
    ; show_stmt_assign_vector: Get l-value for compressed += operand
    %load/vec4 v0000014175ce73e0_0;
    %pushi/vec4 1, 0, 32;
    %add;
    %cast2;
    %store/vec4 v0000014175ce73e0_0, 0, 32;
    %jmp T_20.0;
T_20.1 ;
    %end;
    .scope S_0000014175c3a2b0;
t_4 %join;
    %pushi/vec4 64, 0, 32;
    %store/vec4 v0000014175d9c3e0_0, 0, 32;
    %fork TD_controller_tb.wait_for_cores, S_0000014175d88260;
    %join;
    %delay 20000, 0;
    %fork t_7, S_0000014175d07910;
    %jmp t_6;
    .scope S_0000014175d07910;
t_7 ;
    %pushi/vec4 0, 0, 32;
    %store/vec4 v0000014175ce7480_0, 0, 32;
T_20.2 ;
    %load/vec4 v0000014175ce7480_0;
    %cmpi/s 4, 0, 32;
    %jmp/0xz T_20.3, 5;
    %pushi/vec4 65535, 0, 64;
    %load/vec4 v0000014175ce7480_0;
    %muli 16, 0, 32;
    %ix/vec4 4;
    %shiftl 4;
    %store/vec4 v0000014175ce7160_0, 0, 64;
    %fork TD_controller_tb.finish_active_cores, S_0000014175bd22b0;
    %join;
    %delay 200000, 0;
    ; show_stmt_assign_vector: Get l-value for compressed += operand
    %load/vec4 v0000014175ce7480_0;
    %pushi/vec4 1, 0, 32;
    %add;
    %cast2;
    %store/vec4 v0000014175ce7480_0, 0, 32;
    %jmp T_20.2;
T_20.3 ;
    %end;
    .scope S_0000014175c3a2b0;
t_6 %join;
    %pushi/vec4 0, 0, 32;
    %store/vec4 v0000014175d9c3e0_0, 0, 32;
    %fork TD_controller_tb.wait_for_cores, S_0000014175d88260;
    %join;
    %vpi_call/w 3 207 "$display", "\012[TC3] Injecting Fault: Idle core sending termination..." {0 0 0};
    %wait E_0000014175cfc360;
    %pushi/vec4 1, 0, 1;
    %ix/load 4, 63, 0;
    %flag_set/imm 4, 0;
    %store/vec4 v0000014175d95e00_0, 4, 1;
    %delay 50000, 0;
    %pushi/vec4 0, 0, 1;
    %ix/load 4, 63, 0;
    %flag_set/imm 4, 0;
    %store/vec4 v0000014175d95e00_0, 4, 1;
    %vpi_call/w 3 216 "$display", "\012[TC4] Dependency Waterfall (A -> B -> C -> D)..." {0 0 0};
    %pushi/vec4 800, 0, 10;
    %store/vec4 v0000014175ce8380_0, 0, 10;
    %pushi/vec4 2, 0, 10;
    %store/vec4 v0000014175ce7e80_0, 0, 10;
    %pushi/vec4 2147483648, 0, 32;
    %store/vec4 v0000014175ce78e0_0, 0, 32;
    %pushi/vec4 0, 0, 10;
    %store/vec4 v0000014175ce77a0_0, 0, 10;
    %fork TD_controller_tb.host_send_task, S_0000014175b82ce0;
    %join;
    %pushi/vec4 801, 0, 10;
    %store/vec4 v0000014175ce8380_0, 0, 10;
    %pushi/vec4 3, 0, 10;
    %store/vec4 v0000014175ce7e80_0, 0, 10;
    %pushi/vec4 2164260864, 0, 32;
    %store/vec4 v0000014175ce78e0_0, 0, 32;
    %pushi/vec4 800, 0, 10;
    %store/vec4 v0000014175ce77a0_0, 0, 10;
    %fork TD_controller_tb.host_send_task, S_0000014175b82ce0;
    %join;
    %pushi/vec4 802, 0, 10;
    %store/vec4 v0000014175ce8380_0, 0, 10;
    %pushi/vec4 4, 0, 10;
    %store/vec4 v0000014175ce7e80_0, 0, 10;
    %pushi/vec4 2181038080, 0, 32;
    %store/vec4 v0000014175ce78e0_0, 0, 32;
    %pushi/vec4 801, 0, 10;
    %store/vec4 v0000014175ce77a0_0, 0, 10;
    %fork TD_controller_tb.host_send_task, S_0000014175b82ce0;
    %join;
    %pushi/vec4 803, 0, 10;
    %store/vec4 v0000014175ce8380_0, 0, 10;
    %pushi/vec4 5, 0, 10;
    %store/vec4 v0000014175ce7e80_0, 0, 10;
    %pushi/vec4 2197815296, 0, 32;
    %store/vec4 v0000014175ce78e0_0, 0, 32;
    %pushi/vec4 802, 0, 10;
    %store/vec4 v0000014175ce77a0_0, 0, 10;
    %fork TD_controller_tb.host_send_task, S_0000014175b82ce0;
    %join;
    %pushi/vec4 2, 0, 32;
    %store/vec4 v0000014175d9c3e0_0, 0, 32;
    %fork TD_controller_tb.wait_for_cores, S_0000014175d88260;
    %join;
    %pushi/vec4 3, 0, 64;
    %store/vec4 v0000014175ce7160_0, 0, 64;
    %fork TD_controller_tb.finish_active_cores, S_0000014175bd22b0;
    %join;
    %pushi/vec4 3, 0, 32;
    %store/vec4 v0000014175d9c3e0_0, 0, 32;
    %fork TD_controller_tb.wait_for_cores, S_0000014175d88260;
    %join;
    %pushi/vec4 28, 0, 64;
    %store/vec4 v0000014175ce7160_0, 0, 64;
    %fork TD_controller_tb.finish_active_cores, S_0000014175bd22b0;
    %join;
    %pushi/vec4 4, 0, 32;
    %store/vec4 v0000014175d9c3e0_0, 0, 32;
    %fork TD_controller_tb.wait_for_cores, S_0000014175d88260;
    %join;
    %pushi/vec4 480, 0, 64;
    %store/vec4 v0000014175ce7160_0, 0, 64;
    %fork TD_controller_tb.finish_active_cores, S_0000014175bd22b0;
    %join;
    %pushi/vec4 5, 0, 32;
    %store/vec4 v0000014175d9c3e0_0, 0, 32;
    %fork TD_controller_tb.wait_for_cores, S_0000014175d88260;
    %join;
    %pushi/vec4 4294967295, 0, 32;
    %concati/vec4 4294967295, 0, 32;
    %store/vec4 v0000014175ce7160_0, 0, 64;
    %fork TD_controller_tb.finish_active_cores, S_0000014175bd22b0;
    %join;
    %pushi/vec4 0, 0, 32;
    %store/vec4 v0000014175d9c3e0_0, 0, 32;
    %fork TD_controller_tb.wait_for_cores, S_0000014175d88260;
    %join;
    %vpi_call/w 3 242 "$display", "\012[TC5] TRF Overload & FIFO Backpressure..." {0 0 0};
    %pushi/vec4 900, 0, 10;
    %store/vec4 v0000014175ce8380_0, 0, 10;
    %pushi/vec4 2, 0, 10;
    %store/vec4 v0000014175ce7e80_0, 0, 10;
    %pushi/vec4 2415919104, 0, 32;
    %store/vec4 v0000014175ce78e0_0, 0, 32;
    %pushi/vec4 0, 0, 10;
    %store/vec4 v0000014175ce77a0_0, 0, 10;
    %fork TD_controller_tb.host_send_task, S_0000014175b82ce0;
    %join;
    %fork t_9, S_0000014175d16090;
    %jmp t_8;
    .scope S_0000014175d16090;
t_9 ;
    %pushi/vec4 1, 0, 32;
    %store/vec4 v0000014175ce6e40_0, 0, 32;
T_20.4 ;
    %load/vec4 v0000014175ce6e40_0;
    %cmpi/s 15, 0, 32;
    %flag_or 5, 4;
    %jmp/0xz T_20.5, 5;
    %pushi/vec4 900, 0, 32;
    %load/vec4 v0000014175ce6e40_0;
    %add;
    %pad/u 10;
    %store/vec4 v0000014175ce8380_0, 0, 10;
    %pushi/vec4 1, 0, 10;
    %store/vec4 v0000014175ce7e80_0, 0, 10;
    %pushi/vec4 2432696320, 0, 32;
    %store/vec4 v0000014175ce78e0_0, 0, 32;
    %pushi/vec4 900, 0, 10;
    %store/vec4 v0000014175ce77a0_0, 0, 10;
    %fork TD_controller_tb.host_send_task, S_0000014175b82ce0;
    %join;
    ; show_stmt_assign_vector: Get l-value for compressed += operand
    %load/vec4 v0000014175ce6e40_0;
    %pushi/vec4 1, 0, 32;
    %add;
    %cast2;
    %store/vec4 v0000014175ce6e40_0, 0, 32;
    %jmp T_20.4;
T_20.5 ;
    %end;
    .scope S_0000014175c3a2b0;
t_8 %join;
    %vpi_call/w 3 252 "$display", "[TC5] Injecting 5 more tasks. These should buffer in the FIFO..." {0 0 0};
    %fork t_11, S_0000014175c3bf90;
    %jmp t_10;
    .scope S_0000014175c3bf90;
t_11 ;
    %pushi/vec4 16, 0, 32;
    %store/vec4 v0000014175ce7fc0_0, 0, 32;
T_20.6 ;
    %load/vec4 v0000014175ce7fc0_0;
    %cmpi/s 20, 0, 32;
    %flag_or 5, 4;
    %jmp/0xz T_20.7, 5;
    %pushi/vec4 900, 0, 32;
    %load/vec4 v0000014175ce7fc0_0;
    %add;
    %pad/u 10;
    %store/vec4 v0000014175ce8380_0, 0, 10;
    %pushi/vec4 1, 0, 10;
    %store/vec4 v0000014175ce7e80_0, 0, 10;
    %pushi/vec4 2449473536, 0, 32;
    %store/vec4 v0000014175ce78e0_0, 0, 32;
    %pushi/vec4 900, 0, 10;
    %store/vec4 v0000014175ce77a0_0, 0, 10;
    %fork TD_controller_tb.host_send_task, S_0000014175b82ce0;
    %join;
    ; show_stmt_assign_vector: Get l-value for compressed += operand
    %load/vec4 v0000014175ce7fc0_0;
    %pushi/vec4 1, 0, 32;
    %add;
    %cast2;
    %store/vec4 v0000014175ce7fc0_0, 0, 32;
    %jmp T_20.6;
T_20.7 ;
    %end;
    .scope S_0000014175c3a2b0;
t_10 %join;
    %wait E_0000014175cfc360;
    %delay 1000, 0;
    %load/vec4 v0000014175d9aea0_0;
    %nor/r;
    %flag_set/vec4 8;
    %jmp/0xz  T_20.8, 8;
    %vpi_call/w 3 258 "$display", "[TC5] SUCCESS: FIFO is correctly holding backpressure data!" {0 0 0};
T_20.8 ;
    %vpi_call/w 3 261 "$display", "[TC5] Releasing bottleneck (Task 900 completes)..." {0 0 0};
    %pushi/vec4 3, 0, 64;
    %store/vec4 v0000014175ce7160_0, 0, 64;
    %fork TD_controller_tb.finish_active_cores, S_0000014175bd22b0;
    %join;
    %vpi_call/w 3 271 "$display", "\012[TC6] Random Execution Chaos (Stress Testing Arbiter)..." {0 0 0};
    %fork t_13, S_0000014175c3a2b0;
    %fork t_14, S_0000014175c3a2b0;
    %join;
    %join;
    %jmp t_12;
t_13 ;
    %fork t_16, S_0000014175d083f0;
    %jmp t_15;
    .scope S_0000014175d083f0;
t_16 ;
    %pushi/vec4 0, 0, 32;
    %store/vec4 v0000014175ce7020_0, 0, 32;
T_20.10 ;
    %load/vec4 v0000014175ce7020_0;
    %cmpi/s 30, 0, 32;
    %jmp/0xz T_20.11, 5;
    %pushi/vec4 976, 0, 32;
    %load/vec4 v0000014175ce7020_0;
    %add;
    %pad/u 10;
    %store/vec4 v0000014175ce8380_0, 0, 10;
    %vpi_func 3 278 "$urandom" 32 {0 0 0};
    %pushi/vec4 6, 0, 32;
    %mod;
    %addi 1, 0, 32;
    %pad/u 10;
    %store/vec4 v0000014175ce7e80_0, 0, 10;
    %pushi/vec4 3735879680, 0, 32;
    %store/vec4 v0000014175ce78e0_0, 0, 32;
    %vpi_func 3 278 "$urandom" 32 {0 0 0};
    %pushi/vec4 2, 0, 32;
    %mod;
    %cmpi/e 0, 0, 32;
    %flag_mov 8, 4;
    %jmp/0 T_20.12, 8;
    %pushi/vec4 0, 0, 32;
    %jmp/1 T_20.13, 8;
T_20.12 ; End of true expr.
    %pushi/vec4 976, 0, 32;
    %load/vec4 v0000014175ce7020_0;
    %add;
    %subi 1, 0, 32;
    %jmp/0 T_20.13, 8;
 ; End of false expr.
    %blend;
T_20.13;
    %pad/u 10;
    %store/vec4 v0000014175ce77a0_0, 0, 10;
    %fork TD_controller_tb.host_send_task, S_0000014175b82ce0;
    %join;
    ; show_stmt_assign_vector: Get l-value for compressed += operand
    %load/vec4 v0000014175ce7020_0;
    %pushi/vec4 1, 0, 32;
    %add;
    %cast2;
    %store/vec4 v0000014175ce7020_0, 0, 32;
    %jmp T_20.10;
T_20.11 ;
    %end;
    .scope S_0000014175c3a2b0;
t_15 %join;
    %end;
t_14 ;
    %pushi/vec4 10000, 0, 32;
    %store/vec4 v0000014175ce6800_0, 0, 32;
    %fork TD_controller_tb.run_random_completions, S_0000014175c01fc0;
    %join;
    %end;
    .scope S_0000014175c3a2b0;
t_12 ;
    %pushi/vec4 4294967295, 0, 32;
    %concati/vec4 4294967295, 0, 32;
    %store/vec4 v0000014175ce7160_0, 0, 64;
    %fork TD_controller_tb.finish_active_cores, S_0000014175bd22b0;
    %join;
    %pushi/vec4 0, 0, 32;
    %store/vec4 v0000014175d9c3e0_0, 0, 32;
    %fork TD_controller_tb.wait_for_cores, S_0000014175d88260;
    %join;
    %vpi_call/w 3 295 "$display", "\012[TC7] Ghost Dependency (Task depends on a task that already finished)..." {0 0 0};
    %pushi/vec4 952, 0, 10;
    %store/vec4 v0000014175ce8380_0, 0, 10;
    %pushi/vec4 2, 0, 10;
    %store/vec4 v0000014175ce7e80_0, 0, 10;
    %pushi/vec4 3203334144, 0, 32;
    %store/vec4 v0000014175ce78e0_0, 0, 32;
    %pushi/vec4 0, 0, 10;
    %store/vec4 v0000014175ce77a0_0, 0, 10;
    %fork TD_controller_tb.host_send_task, S_0000014175b82ce0;
    %join;
    %pushi/vec4 2, 0, 32;
    %store/vec4 v0000014175d9c3e0_0, 0, 32;
    %fork TD_controller_tb.wait_for_cores, S_0000014175d88260;
    %join;
    %pushi/vec4 4294967295, 0, 32;
    %concati/vec4 4294967295, 0, 32;
    %store/vec4 v0000014175ce7160_0, 0, 64;
    %fork TD_controller_tb.finish_active_cores, S_0000014175bd22b0;
    %join;
    %pushi/vec4 0, 0, 32;
    %store/vec4 v0000014175d9c3e0_0, 0, 32;
    %fork TD_controller_tb.wait_for_cores, S_0000014175d88260;
    %join;
    %pushi/vec4 10, 0, 32;
T_20.14 %dup/vec4;
    %pushi/vec4 0, 0, 32;
    %cmp/s;
    %jmp/1xz T_20.15, 5;
    %jmp/1 T_20.15, 4;
    %pushi/vec4 1, 0, 32;
    %sub;
    %wait E_0000014175cfc360;
    %jmp T_20.14;
T_20.15 ;
    %pop/vec4 1;
    %vpi_call/w 3 307 "$display", "[TC7] Injecting Task 3001 depending on Task 3000 (which is gone)." {0 0 0};
    %pushi/vec4 953, 0, 10;
    %store/vec4 v0000014175ce8380_0, 0, 10;
    %pushi/vec4 4, 0, 10;
    %store/vec4 v0000014175ce7e80_0, 0, 10;
    %pushi/vec4 3203334145, 0, 32;
    %store/vec4 v0000014175ce78e0_0, 0, 32;
    %pushi/vec4 952, 0, 10;
    %store/vec4 v0000014175ce77a0_0, 0, 10;
    %fork TD_controller_tb.host_send_task, S_0000014175b82ce0;
    %join;
    %pushi/vec4 4, 0, 32;
    %store/vec4 v0000014175d9c3e0_0, 0, 32;
    %fork TD_controller_tb.wait_for_cores, S_0000014175d88260;
    %join;
    %vpi_call/w 3 312 "$display", "[TC7] SUCCESS: Task 3001 correctly ignored the ghost dependency and started!" {0 0 0};
    %pushi/vec4 4294967295, 0, 32;
    %concati/vec4 4294967295, 0, 32;
    %store/vec4 v0000014175ce7160_0, 0, 64;
    %fork TD_controller_tb.finish_active_cores, S_0000014175bd22b0;
    %join;
    %pushi/vec4 0, 0, 32;
    %store/vec4 v0000014175d9c3e0_0, 0, 32;
    %fork TD_controller_tb.wait_for_cores, S_0000014175d88260;
    %join;
    %vpi_call/w 3 320 "$display", "\012[TC8] Warm Reset Test: Yanking the reset line during heavy load..." {0 0 0};
    %pushi/vec4 928, 0, 10;
    %store/vec4 v0000014175ce8380_0, 0, 10;
    %pushi/vec4 30, 0, 10;
    %store/vec4 v0000014175ce7e80_0, 0, 10;
    %pushi/vec4 3221225472, 0, 32;
    %store/vec4 v0000014175ce78e0_0, 0, 32;
    %pushi/vec4 0, 0, 10;
    %store/vec4 v0000014175ce77a0_0, 0, 10;
    %fork TD_controller_tb.host_send_task, S_0000014175b82ce0;
    %join;
    %pushi/vec4 30, 0, 32;
    %store/vec4 v0000014175d9c3e0_0, 0, 32;
    %fork TD_controller_tb.wait_for_cores, S_0000014175d88260;
    %join;
    %wait E_0000014175cfc360;
    %vpi_call/w 3 328 "$display", "[TC8] ASSERTING RESET!" {0 0 0};
    %pushi/vec4 0, 0, 1;
    %store/vec4 v0000014175d96760_0, 0, 1;
    %pushi/vec4 0, 0, 64;
    %store/vec4 v0000014175d95e00_0, 0, 64;
    %pushi/vec4 5, 0, 32;
T_20.16 %dup/vec4;
    %pushi/vec4 0, 0, 32;
    %cmp/s;
    %jmp/1xz T_20.17, 5;
    %jmp/1 T_20.17, 4;
    %pushi/vec4 1, 0, 32;
    %sub;
    %wait E_0000014175cfc360;
    %jmp T_20.16;
T_20.17 ;
    %pop/vec4 1;
    %pushi/vec4 1, 0, 1;
    %store/vec4 v0000014175d96760_0, 0, 1;
    %vpi_call/w 3 334 "$display", "[TC8] RESET RELEASED." {0 0 0};
    %pushi/vec4 5, 0, 32;
T_20.18 %dup/vec4;
    %pushi/vec4 0, 0, 32;
    %cmp/s;
    %jmp/1xz T_20.19, 5;
    %jmp/1 T_20.19, 4;
    %pushi/vec4 1, 0, 32;
    %sub;
    %wait E_0000014175cfc360;
    %jmp T_20.18;
T_20.19 ;
    %pop/vec4 1;
    %vpi_func 3 338 "$countones" 32, v0000014175ce6580_0 {0 0 0};
    %cmpi/e 0, 0, 32;
    %flag_get/vec4 4;
    %jmp/0 T_20.22, 4;
    %load/vec4 v0000014175d9aea0_0;
    %pushi/vec4 1, 0, 1;
    %cmp/e;
    %flag_get/vec4 4;
    %and;
T_20.22;
    %flag_set/vec4 8;
    %jmp/0xz  T_20.20, 8;
    %vpi_call/w 3 339 "$display", "[TC8] SUCCESS: System is totally idle and recovered from Warm Reset." {0 0 0};
    %jmp T_20.21;
T_20.20 ;
    %vpi_call/w 3 341 "$display", "[TC8] FAIL: System did not clear properly after reset!" {0 0 0};
T_20.21 ;
    %pushi/vec4 929, 0, 10;
    %store/vec4 v0000014175ce8380_0, 0, 10;
    %pushi/vec4 5, 0, 10;
    %store/vec4 v0000014175ce7e80_0, 0, 10;
    %pushi/vec4 3221225473, 0, 32;
    %store/vec4 v0000014175ce78e0_0, 0, 32;
    %pushi/vec4 0, 0, 10;
    %store/vec4 v0000014175ce77a0_0, 0, 10;
    %fork TD_controller_tb.host_send_task, S_0000014175b82ce0;
    %join;
    %pushi/vec4 5, 0, 32;
    %store/vec4 v0000014175d9c3e0_0, 0, 32;
    %fork TD_controller_tb.wait_for_cores, S_0000014175d88260;
    %join;
    %vpi_call/w 3 347 "$display", "[TC8] SUCCESS: System successfully processed a new task post-reset." {0 0 0};
    %pushi/vec4 4294967295, 0, 32;
    %concati/vec4 4294967295, 0, 32;
    %store/vec4 v0000014175ce7160_0, 0, 64;
    %fork TD_controller_tb.finish_active_cores, S_0000014175bd22b0;
    %join;
    %pushi/vec4 0, 0, 32;
    %store/vec4 v0000014175d9c3e0_0, 0, 32;
    %fork TD_controller_tb.wait_for_cores, S_0000014175d88260;
    %join;
    %vpi_call/w 3 355 "$display", "\012[TC9] Circular Deadlock Injection (FDIR Check)..." {0 0 0};
    %fork t_18, S_0000014175bd2120;
    %jmp t_17;
    .scope S_0000014175bd2120;
t_18 ;
    %pushi/vec4 0, 0, 32;
    %store/vec4 v0000014175ce6ee0_0, 0, 32;
T_20.23 ;
    %load/vec4 v0000014175ce6ee0_0;
    %cmpi/s 16, 0, 32;
    %jmp/0xz T_20.24, 5;
    %pushi/vec4 904, 0, 32;
    %load/vec4 v0000014175ce6ee0_0;
    %add;
    %pad/u 10;
    %store/vec4 v0000014175ce8380_0, 0, 10;
    %pushi/vec4 1, 0, 10;
    %store/vec4 v0000014175ce7e80_0, 0, 10;
    %pushi/vec4 3735936685, 0, 32;
    %store/vec4 v0000014175ce78e0_0, 0, 32;
    %pushi/vec4 904, 0, 32;
    %load/vec4 v0000014175ce6ee0_0;
    %addi 1, 0, 32;
    %pushi/vec4 16, 0, 32;
    %mod;
    %add;
    %pad/u 10;
    %store/vec4 v0000014175ce77a0_0, 0, 10;
    %fork TD_controller_tb.host_send_task, S_0000014175b82ce0;
    %join;
    ; show_stmt_assign_vector: Get l-value for compressed += operand
    %load/vec4 v0000014175ce6ee0_0;
    %pushi/vec4 1, 0, 32;
    %add;
    %cast2;
    %store/vec4 v0000014175ce6ee0_0, 0, 32;
    %jmp T_20.23;
T_20.24 ;
    %end;
    .scope S_0000014175c3a2b0;
t_17 %join;
    %pushi/vec4 20, 0, 32;
T_20.25 %dup/vec4;
    %pushi/vec4 0, 0, 32;
    %cmp/s;
    %jmp/1xz T_20.26, 5;
    %jmp/1 T_20.26, 4;
    %pushi/vec4 1, 0, 32;
    %sub;
    %wait E_0000014175cfc360;
    %jmp T_20.25;
T_20.26 ;
    %pop/vec4 1;
    %load/vec4 v0000014175d95d60_0;
    %parti/s 2, 2, 3;
    %cmpi/e 1, 0, 2;
    %jmp/0xz  T_20.27, 4;
    %vpi_call/w 3 370 "$display", "\033[0;32m[TC9] SUCCESS: TMT FDIR correctly detected the Circular Deadlock! (err_bus = %b)\033[0m", v0000014175d95d60_0 {0 0 0};
    %jmp T_20.28;
T_20.27 ;
    %vpi_call/w 3 372 "$display", "\033[0;31m[TC9] FAIL: TMT did not flag the deadlock! (err_bus = %b)\033[0m", v0000014175d95d60_0 {0 0 0};
T_20.28 ;
    %vpi_call/w 3 375 "$display", "\012=========================================================" {0 0 0};
    %vpi_call/w 3 376 "$display", "   TESTBENCH COMPLETED SUCCESSFULLY" {0 0 0};
    %vpi_call/w 3 377 "$display", "=========================================================\012" {0 0 0};
    %vpi_call/w 3 378 "$finish" {0 0 0};
    %end;
    .thread T_20;
# The file index is used to find the file name in the following table.
:file_names 8;
    "N/A";
    "<interactive>";
    "-";
    "controller_tb.sv";
    "./../src/controller.v";
    "../src/modules/cmt.v";
    "../src/modules/fifo.v";
    "../src/modules/tmt.v";
