#! /c/Source/iverilog-install/bin/vvp
:ivl_version "12.0 (devel)" "(s20150603-1539-g2693dd32b)";
:ivl_delay_selection "TYPICAL";
:vpi_time_precision - 12;
:vpi_module "C:\iverilog\lib\ivl\system.vpi";
:vpi_module "C:\iverilog\lib\ivl\vhdl_sys.vpi";
:vpi_module "C:\iverilog\lib\ivl\vhdl_textio.vpi";
:vpi_module "C:\iverilog\lib\ivl\v2005_math.vpi";
:vpi_module "C:\iverilog\lib\ivl\va_math.vpi";
:vpi_module "C:\iverilog\lib\ivl\v2009.vpi";
S_0000021f706fecd0 .scope package, "$unit" "$unit" 2 1;
 .timescale 0 0;
S_0000021f706fbcc0 .scope module, "tmt_tb" "tmt_tb" 3 4;
 .timescale -9 -12;
v0000021f7078f280_0 .var "ava_core_id", 5 0;
v0000021f70790fe0_0 .var "ava_core_valid", 0 0;
v0000021f7078f640_0 .var "clk", 0 0;
v0000021f7078f3c0_0 .net "dispatch_addr", 31 0, v0000021f7078c2f0_0;  1 drivers
v0000021f7078f320_0 .net "dispatch_core_id", 5 0, v0000021f7078c390_0;  1 drivers
v0000021f7078ef60_0 .var "empty", 0 0;
v0000021f707907c0_0 .net "err", 1 0, v0000021f7078b530_0;  1 drivers
v0000021f70790860_0 .var "fifo_tmt_data", 63 0;
v0000021f70790720_0 .net "instance_id_tmt_cmt", 9 0, v0000021f7078c430_0;  1 drivers
v0000021f707909a0_0 .var "rst_n", 0 0;
v0000021f70790a40_0 .var "task_done_pulse", 0 0;
v0000021f707916c0_0 .net "task_id_tmt_cmt", 9 0, v0000021f7078ba30_0;  1 drivers
v0000021f70790180_0 .var "terminated_tmt_idx", 3 0;
v0000021f70790ae0_0 .net "tmt_cmt_ack", 0 0, v0000021f7078bd50_0;  1 drivers
v0000021f70790b80_0 .net "tmt_fifo_ack", 0 0, L_0000021f7071af50;  1 drivers
v0000021f7078fdc0_0 .net "tmt_idx_tmt_cmt", 3 0, v0000021f7078bdf0_0;  1 drivers
E_0000021f70709010 .event posedge, v0000021f7078cb10_0;
S_0000021f706fbe50 .scope task, "set_fifo_data" "set_fifo_data" 3 59, 3 59 0, S_0000021f706fbcc0;
 .timescale -9 -12;
v0000021f706f5f40_0 .var "addr", 31 0;
v0000021f706f64e0_0 .var "dep", 9 0;
v0000021f706f5cc0_0 .var "id", 9 0;
v0000021f706f5540_0 .var "quota", 9 0;
TD_tmt_tb.set_fifo_data ;
    %load/vec4 v0000021f706f5cc0_0;
    %load/vec4 v0000021f706f5540_0;
    %concat/vec4; draw_concat_vec4
    %load/vec4 v0000021f706f5f40_0;
    %concat/vec4; draw_concat_vec4
    %load/vec4 v0000021f706f64e0_0;
    %concat/vec4; draw_concat_vec4
    %concati/vec4 0, 0, 2;
    %store/vec4 v0000021f70790860_0, 0, 64;
    %end;
S_0000021f70664bc0 .scope module, "uut" "tmt" 3 33, 4 3 0, S_0000021f706fbcc0;
 .timescale -9 -12;
    .port_info 0 /INPUT 1 "clk";
    .port_info 1 /INPUT 1 "rst_n";
    .port_info 2 /INPUT 64 "fifo_tmt_data";
    .port_info 3 /INPUT 1 "empty";
    .port_info 4 /OUTPUT 1 "tmt_fifo_ack";
    .port_info 5 /INPUT 1 "ava_core_valid";
    .port_info 6 /INPUT 6 "ava_core_id";
    .port_info 7 /OUTPUT 1 "tmt_cmt_ack";
    .port_info 8 /OUTPUT 4 "tmt_idx_tmt_cmt";
    .port_info 9 /OUTPUT 10 "task_id_tmt_cmt";
    .port_info 10 /OUTPUT 10 "instance_id_tmt_cmt";
    .port_info 11 /INPUT 1 "task_done_pulse";
    .port_info 12 /INPUT 4 "terminated_tmt_idx";
    .port_info 13 /OUTPUT 32 "dispatch_addr";
    .port_info 14 /OUTPUT 6 "dispatch_core_id";
    .port_info 15 /OUTPUT 2 "err";
P_0000021f70713330 .param/l "STATE_ALLOCATED" 1 4 99, C4<10>;
P_0000021f70713368 .param/l "STATE_PENDING" 1 4 97, C4<00>;
P_0000021f707133a0 .param/l "STATE_READY" 1 4 98, C4<01>;
P_0000021f707133d8 .param/l "STATE_TERMINATED" 1 4 100, C4<11>;
L_0000021f7071a310 .functor NOT 16, v0000021f7078fc80_0, C4<0000000000000000>, C4<0000000000000000>, C4<0000000000000000>;
L_0000021f7071af50 .functor AND 1, L_0000021f707f1c80, L_0000021f707f1140, C4<1>, C4<1>;
v0000021f7078cbb0_0 .net *"_ivl_103", 0 0, L_0000021f707f1c80;  1 drivers
v0000021f7078c750_0 .net "ava_core_id", 5 0, v0000021f7078f280_0;  1 drivers
v0000021f7078bb70_0 .net "ava_core_valid", 0 0, v0000021f70790fe0_0;  1 drivers
v0000021f7078cb10_0 .net "clk", 0 0, v0000021f7078f640_0;  1 drivers
v0000021f7078bfd0 .array "dep_matrix", 15 0, 15 0;
v0000021f7078c2f0_0 .var "dispatch_addr", 31 0;
v0000021f7078c390_0 .var "dispatch_core_id", 5 0;
v0000021f7078c570_0 .net "empty", 0 0, v0000021f7078ef60_0;  1 drivers
v0000021f7078b530_0 .var "err", 1 0;
v0000021f7078b990_0 .net "fifo_tmt_data", 63 0, v0000021f70790860_0;  1 drivers
v0000021f7078bf30_0 .var "free_idx", 3 0;
v0000021f7078bcb0_0 .net "free_slot_valid", 0 0, L_0000021f707f1140;  1 drivers
v0000021f7078c070_0 .net "free_slots", 15 0, L_0000021f7071a310;  1 drivers
v0000021f7078c610_0 .var/i "i", 31 0;
v0000021f7078c6b0_0 .net "incoming_addr", 31 0, L_0000021f707f1500;  1 drivers
v0000021f7078b710_0 .net "incoming_dep_id", 9 0, L_0000021f707f29a0;  1 drivers
v0000021f7078b850_0 .net "incoming_dep_match", 15 0, L_0000021f707913a0;  1 drivers
v0000021f7078b670_0 .net "incoming_quota", 9 0, L_0000021f707f2a40;  1 drivers
v0000021f7078bad0_0 .net "incoming_task_id", 9 0, L_0000021f707f3080;  1 drivers
v0000021f7078c430_0 .var "instance_id_tmt_cmt", 9 0;
v0000021f7078bc10_0 .var/i "j", 31 0;
v0000021f7078c250_0 .var "ready_idx", 3 0;
v0000021f7078b7b0_0 .net "ready_slots", 15 0, L_0000021f707f1dc0;  1 drivers
v0000021f7078c4d0_0 .net "ready_valid", 0 0, L_0000021f707f2180;  1 drivers
v0000021f7078b8f0_0 .net "rst_n", 0 0, v0000021f707909a0_0;  1 drivers
v0000021f7078ca70_0 .net "task_done_pulse", 0 0, v0000021f70790a40_0;  1 drivers
v0000021f7078ba30_0 .var "task_id_tmt_cmt", 9 0;
v0000021f7078c110_0 .net "terminated_tmt_idx", 3 0, v0000021f70790180_0;  1 drivers
v0000021f7078bd50_0 .var "tmt_cmt_ack", 0 0;
v0000021f7078c9d0_0 .net "tmt_fifo_ack", 0 0, L_0000021f7071af50;  alias, 1 drivers
v0000021f7078bdf0_0 .var "tmt_idx_tmt_cmt", 3 0;
v0000021f7078c7f0 .array "trf_addr", 15 0, 31 0;
v0000021f7078c890 .array "trf_dispatch_left", 15 0, 9 0;
v0000021f7078be90 .array "trf_done_left", 15 0, 9 0;
v0000021f7078c1b0 .array "trf_fsm_state", 15 0;
v0000021f7078c1b0_0 .net v0000021f7078c1b0 0, 1 0, L_0000021f707904a0; 1 drivers
v0000021f7078c1b0_1 .net v0000021f7078c1b0 1, 1 0, L_0000021f70792520; 1 drivers
v0000021f7078c1b0_2 .net v0000021f7078c1b0 2, 1 0, L_0000021f707925c0; 1 drivers
v0000021f7078c1b0_3 .net v0000021f7078c1b0 3, 1 0, L_0000021f70792160; 1 drivers
v0000021f7078c1b0_4 .net v0000021f7078c1b0 4, 1 0, L_0000021f707ebd80; 1 drivers
v0000021f7078c1b0_5 .net v0000021f7078c1b0 5, 1 0, L_0000021f707ebb00; 1 drivers
v0000021f7078c1b0_6 .net v0000021f7078c1b0 6, 1 0, L_0000021f707ec140; 1 drivers
v0000021f7078c1b0_7 .net v0000021f7078c1b0 7, 1 0, L_0000021f707ed4a0; 1 drivers
v0000021f7078c1b0_8 .net v0000021f7078c1b0 8, 1 0, L_0000021f707ed860; 1 drivers
v0000021f7078c1b0_9 .net v0000021f7078c1b0 9, 1 0, L_0000021f707ed040; 1 drivers
v0000021f7078c1b0_10 .net v0000021f7078c1b0 10, 1 0, L_0000021f707f07e0; 1 drivers
v0000021f7078c1b0_11 .net v0000021f7078c1b0 11, 1 0, L_0000021f707f0880; 1 drivers
v0000021f7078c1b0_12 .net v0000021f7078c1b0 12, 1 0, L_0000021f707eebc0; 1 drivers
v0000021f7078c1b0_13 .net v0000021f7078c1b0 13, 1 0, L_0000021f707ef3e0; 1 drivers
v0000021f7078c1b0_14 .net v0000021f7078c1b0 14, 1 0, L_0000021f707ef160; 1 drivers
v0000021f7078c1b0_15 .net v0000021f7078c1b0 15, 1 0, L_0000021f707efd40; 1 drivers
v0000021f7078c930 .array "trf_quota", 15 0, 9 0;
v0000021f70790900 .array "trf_task_id", 15 0, 9 0;
v0000021f7078fc80_0 .var "trf_valid", 15 0;
E_0000021f70708cd0/0 .event negedge, v0000021f7078b8f0_0;
E_0000021f70708cd0/1 .event posedge, v0000021f7078cb10_0;
E_0000021f70708cd0 .event/or E_0000021f70708cd0/0, E_0000021f70708cd0/1;
E_0000021f70708990 .event anyedge, v0000021f7078b7b0_0;
E_0000021f70708e10 .event anyedge, v0000021f7078c070_0;
L_0000021f707902c0 .part v0000021f7078fc80_0, 0, 1;
L_0000021f7078f6e0 .part v0000021f7078fc80_0, 1, 1;
L_0000021f707911c0 .part v0000021f7078fc80_0, 2, 1;
L_0000021f70790220 .part v0000021f7078fc80_0, 3, 1;
L_0000021f7078f460 .part v0000021f7078fc80_0, 4, 1;
L_0000021f70791580 .part v0000021f7078fc80_0, 5, 1;
L_0000021f7078f960 .part v0000021f7078fc80_0, 6, 1;
L_0000021f7078f0a0 .part v0000021f7078fc80_0, 7, 1;
L_0000021f70791620 .part v0000021f7078fc80_0, 8, 1;
L_0000021f7078f5a0 .part v0000021f7078fc80_0, 9, 1;
L_0000021f70790d60 .part v0000021f7078fc80_0, 10, 1;
L_0000021f70791300 .part v0000021f7078fc80_0, 11, 1;
L_0000021f70790400 .part v0000021f7078fc80_0, 12, 1;
L_0000021f70791120 .part v0000021f7078fc80_0, 13, 1;
L_0000021f70791080 .part v0000021f7078fc80_0, 14, 1;
LS_0000021f707913a0_0_0 .concat8 [ 1 1 1 1], L_0000021f7071ae70, L_0000021f7071aa10, L_0000021f7071a690, L_0000021f7071b030;
LS_0000021f707913a0_0_4 .concat8 [ 1 1 1 1], L_0000021f7071ad20, L_0000021f7071a7e0, L_0000021f7071a3f0, L_0000021f7071a5b0;
LS_0000021f707913a0_0_8 .concat8 [ 1 1 1 1], L_0000021f7071ab60, L_0000021f7071ad90, L_0000021f7071a620, L_0000021f7071aee0;
LS_0000021f707913a0_0_12 .concat8 [ 1 1 1 1], L_0000021f7071aa80, L_0000021f7071abd0, L_0000021f7071a2a0, L_0000021f7071a460;
L_0000021f707913a0 .concat8 [ 4 4 4 4], LS_0000021f707913a0_0_0, LS_0000021f707913a0_0_4, LS_0000021f707913a0_0_8, LS_0000021f707913a0_0_12;
L_0000021f7078f140 .part v0000021f7078fc80_0, 15, 1;
L_0000021f7078f780 .part v0000021f7078fc80_0, 0, 1;
L_0000021f707900e0 .part v0000021f7078fc80_0, 1, 1;
L_0000021f70792d40 .part v0000021f7078fc80_0, 2, 1;
L_0000021f707927a0 .part v0000021f7078fc80_0, 3, 1;
L_0000021f70791940 .part v0000021f7078fc80_0, 4, 1;
L_0000021f707ebec0 .part v0000021f7078fc80_0, 5, 1;
L_0000021f707ec000 .part v0000021f7078fc80_0, 6, 1;
L_0000021f707edb80 .part v0000021f7078fc80_0, 7, 1;
L_0000021f707edc20 .part v0000021f7078fc80_0, 8, 1;
L_0000021f707edf40 .part v0000021f7078fc80_0, 9, 1;
L_0000021f707eba60 .part v0000021f7078fc80_0, 10, 1;
L_0000021f707ee620 .part v0000021f7078fc80_0, 11, 1;
L_0000021f707ee6c0 .part v0000021f7078fc80_0, 12, 1;
L_0000021f707eeda0 .part v0000021f7078fc80_0, 13, 1;
L_0000021f707f0740 .part v0000021f7078fc80_0, 14, 1;
L_0000021f707ef520 .part v0000021f7078fc80_0, 15, 1;
LS_0000021f707f1dc0_0_0 .concat8 [ 1 1 1 1], L_0000021f707efe80, L_0000021f707f0060, L_0000021f707f1be0, L_0000021f707f1780;
LS_0000021f707f1dc0_0_4 .concat8 [ 1 1 1 1], L_0000021f707f18c0, L_0000021f707f1640, L_0000021f707f1a00, L_0000021f707f13c0;
LS_0000021f707f1dc0_0_8 .concat8 [ 1 1 1 1], L_0000021f707f25e0, L_0000021f707f0c40, L_0000021f707f2680, L_0000021f707f2220;
LS_0000021f707f1dc0_0_12 .concat8 [ 1 1 1 1], L_0000021f707f1b40, L_0000021f707f2ea0, L_0000021f707f2cc0, L_0000021f707f2f40;
L_0000021f707f1dc0 .concat8 [ 4 4 4 4], LS_0000021f707f1dc0_0_0, LS_0000021f707f1dc0_0_4, LS_0000021f707f1dc0_0_8, LS_0000021f707f1dc0_0_12;
L_0000021f707f1140 .reduce/or L_0000021f7071a310;
L_0000021f707f1c80 .reduce/nor v0000021f7078ef60_0;
L_0000021f707f3080 .part v0000021f70790860_0, 54, 10;
L_0000021f707f2a40 .part v0000021f70790860_0, 44, 10;
L_0000021f707f1500 .part v0000021f70790860_0, 12, 32;
L_0000021f707f29a0 .part v0000021f70790860_0, 2, 10;
L_0000021f707f2180 .reduce/or L_0000021f707f1dc0;
S_0000021f70664d50 .scope generate, "gen_match[0]" "gen_match[0]" 4 88, 4 88 0, S_0000021f70664bc0;
 .timescale -9 -12;
P_0000021f70709410 .param/l "g" 0 4 88, +C4<00>;
L_0000021f7071ae70 .functor AND 1, L_0000021f707902c0, L_0000021f70790ea0, C4<1>, C4<1>;
v0000021f706f6940_0 .net *"_ivl_0", 0 0, L_0000021f707902c0;  1 drivers
v0000021f706f4dc0_0 .net *"_ivl_2", 0 0, L_0000021f70790ea0;  1 drivers
v0000021f706f5b80_0 .net *"_ivl_5", 0 0, L_0000021f7071ae70;  1 drivers
v0000021f70790900_0 .array/port v0000021f70790900, 0;
L_0000021f70790ea0 .cmp/eq 10, v0000021f70790900_0, L_0000021f707f29a0;
S_0000021f705f6210 .scope generate, "gen_match[1]" "gen_match[1]" 4 88, 4 88 0, S_0000021f70664bc0;
 .timescale -9 -12;
P_0000021f70708bd0 .param/l "g" 0 4 88, +C4<01>;
L_0000021f7071aa10 .functor AND 1, L_0000021f7078f6e0, L_0000021f70790c20, C4<1>, C4<1>;
v0000021f706f4e60_0 .net *"_ivl_0", 0 0, L_0000021f7078f6e0;  1 drivers
v0000021f706f6620_0 .net *"_ivl_2", 0 0, L_0000021f70790c20;  1 drivers
v0000021f706f5ea0_0 .net *"_ivl_5", 0 0, L_0000021f7071aa10;  1 drivers
v0000021f70790900_1 .array/port v0000021f70790900, 1;
L_0000021f70790c20 .cmp/eq 10, v0000021f70790900_1, L_0000021f707f29a0;
S_0000021f705f63a0 .scope generate, "gen_match[2]" "gen_match[2]" 4 88, 4 88 0, S_0000021f70664bc0;
 .timescale -9 -12;
P_0000021f70708ad0 .param/l "g" 0 4 88, +C4<010>;
L_0000021f7071a690 .functor AND 1, L_0000021f707911c0, L_0000021f70790680, C4<1>, C4<1>;
v0000021f706f5220_0 .net *"_ivl_0", 0 0, L_0000021f707911c0;  1 drivers
v0000021f706f5fe0_0 .net *"_ivl_2", 0 0, L_0000021f70790680;  1 drivers
v0000021f706f6760_0 .net *"_ivl_5", 0 0, L_0000021f7071a690;  1 drivers
v0000021f70790900_2 .array/port v0000021f70790900, 2;
L_0000021f70790680 .cmp/eq 10, v0000021f70790900_2, L_0000021f707f29a0;
S_0000021f7071b180 .scope generate, "gen_match[3]" "gen_match[3]" 4 88, 4 88 0, S_0000021f70664bc0;
 .timescale -9 -12;
P_0000021f70708a10 .param/l "g" 0 4 88, +C4<011>;
L_0000021f7071b030 .functor AND 1, L_0000021f70790220, L_0000021f7078fb40, C4<1>, C4<1>;
v0000021f706f4b40_0 .net *"_ivl_0", 0 0, L_0000021f70790220;  1 drivers
v0000021f706f5e00_0 .net *"_ivl_2", 0 0, L_0000021f7078fb40;  1 drivers
v0000021f706f4f00_0 .net *"_ivl_5", 0 0, L_0000021f7071b030;  1 drivers
v0000021f70790900_3 .array/port v0000021f70790900, 3;
L_0000021f7078fb40 .cmp/eq 10, v0000021f70790900_3, L_0000021f707f29a0;
S_0000021f7071b310 .scope generate, "gen_match[4]" "gen_match[4]" 4 88, 4 88 0, S_0000021f70664bc0;
 .timescale -9 -12;
P_0000021f707093d0 .param/l "g" 0 4 88, +C4<0100>;
L_0000021f7071ad20 .functor AND 1, L_0000021f7078f460, L_0000021f70790cc0, C4<1>, C4<1>;
v0000021f706f5040_0 .net *"_ivl_0", 0 0, L_0000021f7078f460;  1 drivers
v0000021f706f5a40_0 .net *"_ivl_2", 0 0, L_0000021f70790cc0;  1 drivers
v0000021f706f68a0_0 .net *"_ivl_5", 0 0, L_0000021f7071ad20;  1 drivers
v0000021f70790900_4 .array/port v0000021f70790900, 4;
L_0000021f70790cc0 .cmp/eq 10, v0000021f70790900_4, L_0000021f707f29a0;
S_0000021f7071b4a0 .scope generate, "gen_match[5]" "gen_match[5]" 4 88, 4 88 0, S_0000021f70664bc0;
 .timescale -9 -12;
P_0000021f70708b10 .param/l "g" 0 4 88, +C4<0101>;
L_0000021f7071a7e0 .functor AND 1, L_0000021f70791580, L_0000021f7078f000, C4<1>, C4<1>;
v0000021f706f4aa0_0 .net *"_ivl_0", 0 0, L_0000021f70791580;  1 drivers
v0000021f706f50e0_0 .net *"_ivl_2", 0 0, L_0000021f7078f000;  1 drivers
v0000021f706f5c20_0 .net *"_ivl_5", 0 0, L_0000021f7071a7e0;  1 drivers
v0000021f70790900_5 .array/port v0000021f70790900, 5;
L_0000021f7078f000 .cmp/eq 10, v0000021f70790900_5, L_0000021f707f29a0;
S_0000021f7071c050 .scope generate, "gen_match[6]" "gen_match[6]" 4 88, 4 88 0, S_0000021f70664bc0;
 .timescale -9 -12;
P_0000021f70708850 .param/l "g" 0 4 88, +C4<0110>;
L_0000021f7071a3f0 .functor AND 1, L_0000021f7078f960, L_0000021f70790360, C4<1>, C4<1>;
v0000021f706f6120_0 .net *"_ivl_0", 0 0, L_0000021f7078f960;  1 drivers
v0000021f706f57c0_0 .net *"_ivl_2", 0 0, L_0000021f70790360;  1 drivers
v0000021f706f5180_0 .net *"_ivl_5", 0 0, L_0000021f7071a3f0;  1 drivers
v0000021f70790900_6 .array/port v0000021f70790900, 6;
L_0000021f70790360 .cmp/eq 10, v0000021f70790900_6, L_0000021f707f29a0;
S_0000021f7071c1e0 .scope generate, "gen_match[7]" "gen_match[7]" 4 88, 4 88 0, S_0000021f70664bc0;
 .timescale -9 -12;
P_0000021f70708b50 .param/l "g" 0 4 88, +C4<0111>;
L_0000021f7071a5b0 .functor AND 1, L_0000021f7078f0a0, L_0000021f70791260, C4<1>, C4<1>;
v0000021f706f55e0_0 .net *"_ivl_0", 0 0, L_0000021f7078f0a0;  1 drivers
v0000021f706f52c0_0 .net *"_ivl_2", 0 0, L_0000021f70791260;  1 drivers
v0000021f706f5860_0 .net *"_ivl_5", 0 0, L_0000021f7071a5b0;  1 drivers
v0000021f70790900_7 .array/port v0000021f70790900, 7;
L_0000021f70791260 .cmp/eq 10, v0000021f70790900_7, L_0000021f707f29a0;
S_0000021f7071c370 .scope generate, "gen_match[8]" "gen_match[8]" 4 88, 4 88 0, S_0000021f70664bc0;
 .timescale -9 -12;
P_0000021f707086d0 .param/l "g" 0 4 88, +C4<01000>;
L_0000021f7071ab60 .functor AND 1, L_0000021f70791620, L_0000021f70791440, C4<1>, C4<1>;
v0000021f706f5900_0 .net *"_ivl_0", 0 0, L_0000021f70791620;  1 drivers
v0000021f706f59a0_0 .net *"_ivl_2", 0 0, L_0000021f70791440;  1 drivers
v0000021f706dfae0_0 .net *"_ivl_5", 0 0, L_0000021f7071ab60;  1 drivers
v0000021f70790900_8 .array/port v0000021f70790900, 8;
L_0000021f70791440 .cmp/eq 10, v0000021f70790900_8, L_0000021f707f29a0;
S_0000021f7071c500 .scope generate, "gen_match[9]" "gen_match[9]" 4 88, 4 88 0, S_0000021f70664bc0;
 .timescale -9 -12;
P_0000021f70708d10 .param/l "g" 0 4 88, +C4<01001>;
L_0000021f7071ad90 .functor AND 1, L_0000021f7078f5a0, L_0000021f707905e0, C4<1>, C4<1>;
v0000021f706e0260_0 .net *"_ivl_0", 0 0, L_0000021f7078f5a0;  1 drivers
v0000021f706dfd60_0 .net *"_ivl_2", 0 0, L_0000021f707905e0;  1 drivers
v0000021f706e0e40_0 .net *"_ivl_5", 0 0, L_0000021f7071ad90;  1 drivers
v0000021f70790900_9 .array/port v0000021f70790900, 9;
L_0000021f707905e0 .cmp/eq 10, v0000021f70790900_9, L_0000021f707f29a0;
S_0000021f7071ccf0 .scope generate, "gen_match[10]" "gen_match[10]" 4 88, 4 88 0, S_0000021f70664bc0;
 .timescale -9 -12;
P_0000021f70708b90 .param/l "g" 0 4 88, +C4<01010>;
L_0000021f7071a620 .functor AND 1, L_0000021f70790d60, L_0000021f70790f40, C4<1>, C4<1>;
v0000021f706e1660_0 .net *"_ivl_0", 0 0, L_0000021f70790d60;  1 drivers
v0000021f706dfea0_0 .net *"_ivl_2", 0 0, L_0000021f70790f40;  1 drivers
v0000021f706e0300_0 .net *"_ivl_5", 0 0, L_0000021f7071a620;  1 drivers
v0000021f70790900_10 .array/port v0000021f70790900, 10;
L_0000021f70790f40 .cmp/eq 10, v0000021f70790900_10, L_0000021f707f29a0;
S_0000021f7071ce80 .scope generate, "gen_match[11]" "gen_match[11]" 4 88, 4 88 0, S_0000021f70664bc0;
 .timescale -9 -12;
P_0000021f707092d0 .param/l "g" 0 4 88, +C4<01011>;
L_0000021f7071aee0 .functor AND 1, L_0000021f70791300, L_0000021f70790e00, C4<1>, C4<1>;
v0000021f70773310_0 .net *"_ivl_0", 0 0, L_0000021f70791300;  1 drivers
v0000021f70772910_0 .net *"_ivl_2", 0 0, L_0000021f70790e00;  1 drivers
v0000021f70772f50_0 .net *"_ivl_5", 0 0, L_0000021f7071aee0;  1 drivers
v0000021f70790900_11 .array/port v0000021f70790900, 11;
L_0000021f70790e00 .cmp/eq 10, v0000021f70790900_11, L_0000021f707f29a0;
S_0000021f7071d010 .scope generate, "gen_match[12]" "gen_match[12]" 4 88, 4 88 0, S_0000021f70664bc0;
 .timescale -9 -12;
P_0000021f70708810 .param/l "g" 0 4 88, +C4<01100>;
L_0000021f7071aa80 .functor AND 1, L_0000021f70790400, L_0000021f7078fd20, C4<1>, C4<1>;
v0000021f70773590_0 .net *"_ivl_0", 0 0, L_0000021f70790400;  1 drivers
v0000021f70772410_0 .net *"_ivl_2", 0 0, L_0000021f7078fd20;  1 drivers
v0000021f70772e10_0 .net *"_ivl_5", 0 0, L_0000021f7071aa80;  1 drivers
v0000021f70790900_12 .array/port v0000021f70790900, 12;
L_0000021f7078fd20 .cmp/eq 10, v0000021f70790900_12, L_0000021f707f29a0;
S_0000021f70774920 .scope generate, "gen_match[13]" "gen_match[13]" 4 88, 4 88 0, S_0000021f70664bc0;
 .timescale -9 -12;
P_0000021f70708710 .param/l "g" 0 4 88, +C4<01101>;
L_0000021f7071abd0 .functor AND 1, L_0000021f70791120, L_0000021f707914e0, C4<1>, C4<1>;
v0000021f70772190_0 .net *"_ivl_0", 0 0, L_0000021f70791120;  1 drivers
v0000021f70772eb0_0 .net *"_ivl_2", 0 0, L_0000021f707914e0;  1 drivers
v0000021f707722d0_0 .net *"_ivl_5", 0 0, L_0000021f7071abd0;  1 drivers
v0000021f70790900_13 .array/port v0000021f70790900, 13;
L_0000021f707914e0 .cmp/eq 10, v0000021f70790900_13, L_0000021f707f29a0;
S_0000021f70774790 .scope generate, "gen_match[14]" "gen_match[14]" 4 88, 4 88 0, S_0000021f70664bc0;
 .timescale -9 -12;
P_0000021f70708750 .param/l "g" 0 4 88, +C4<01110>;
L_0000021f7071a2a0 .functor AND 1, L_0000021f70791080, L_0000021f7078faa0, C4<1>, C4<1>;
v0000021f70773630_0 .net *"_ivl_0", 0 0, L_0000021f70791080;  1 drivers
v0000021f707736d0_0 .net *"_ivl_2", 0 0, L_0000021f7078faa0;  1 drivers
v0000021f70772230_0 .net *"_ivl_5", 0 0, L_0000021f7071a2a0;  1 drivers
v0000021f70790900_14 .array/port v0000021f70790900, 14;
L_0000021f7078faa0 .cmp/eq 10, v0000021f70790900_14, L_0000021f707f29a0;
S_0000021f70774ab0 .scope generate, "gen_match[15]" "gen_match[15]" 4 88, 4 88 0, S_0000021f70664bc0;
 .timescale -9 -12;
P_0000021f70708890 .param/l "g" 0 4 88, +C4<01111>;
L_0000021f7071a460 .functor AND 1, L_0000021f7078f140, L_0000021f7078f1e0, C4<1>, C4<1>;
v0000021f70772550_0 .net *"_ivl_0", 0 0, L_0000021f7078f140;  1 drivers
v0000021f70773770_0 .net *"_ivl_2", 0 0, L_0000021f7078f1e0;  1 drivers
v0000021f70773b30_0 .net *"_ivl_5", 0 0, L_0000021f7071a460;  1 drivers
v0000021f70790900_15 .array/port v0000021f70790900, 15;
L_0000021f7078f1e0 .cmp/eq 10, v0000021f70790900_15, L_0000021f707f29a0;
S_0000021f70773fc0 .scope generate, "gen_ready[0]" "gen_ready[0]" 4 125, 4 125 0, S_0000021f70664bc0;
 .timescale -9 -12;
P_0000021f70708c10 .param/l "g" 0 4 125, +C4<00>;
L_0000021f70796438 .functor BUFT 1, C4<01>, C4<0>, C4<0>, C4<0>;
v0000021f70773950_0 .net/2u *"_ivl_1", 1 0, L_0000021f70796438;  1 drivers
v0000021f70772ff0_0 .net *"_ivl_3", 0 0, L_0000021f707efe80;  1 drivers
L_0000021f707efe80 .cmp/eq 2, L_0000021f707904a0, L_0000021f70796438;
S_0000021f70773e30 .scope generate, "gen_ready[1]" "gen_ready[1]" 4 125, 4 125 0, S_0000021f70664bc0;
 .timescale -9 -12;
P_0000021f70708a90 .param/l "g" 0 4 125, +C4<01>;
L_0000021f70796480 .functor BUFT 1, C4<01>, C4<0>, C4<0>, C4<0>;
v0000021f707729b0_0 .net/2u *"_ivl_1", 1 0, L_0000021f70796480;  1 drivers
v0000021f707727d0_0 .net *"_ivl_3", 0 0, L_0000021f707f0060;  1 drivers
L_0000021f707f0060 .cmp/eq 2, L_0000021f70792520, L_0000021f70796480;
S_0000021f70773ca0 .scope generate, "gen_ready[2]" "gen_ready[2]" 4 125, 4 125 0, S_0000021f70664bc0;
 .timescale -9 -12;
P_0000021f70709050 .param/l "g" 0 4 125, +C4<010>;
L_0000021f707964c8 .functor BUFT 1, C4<01>, C4<0>, C4<0>, C4<0>;
v0000021f70773810_0 .net/2u *"_ivl_1", 1 0, L_0000021f707964c8;  1 drivers
v0000021f70773090_0 .net *"_ivl_3", 0 0, L_0000021f707f1be0;  1 drivers
L_0000021f707f1be0 .cmp/eq 2, L_0000021f707925c0, L_0000021f707964c8;
S_0000021f70774150 .scope generate, "gen_ready[3]" "gen_ready[3]" 4 125, 4 125 0, S_0000021f70664bc0;
 .timescale -9 -12;
P_0000021f70708550 .param/l "g" 0 4 125, +C4<011>;
L_0000021f70796510 .functor BUFT 1, C4<01>, C4<0>, C4<0>, C4<0>;
v0000021f70773130_0 .net/2u *"_ivl_1", 1 0, L_0000021f70796510;  1 drivers
v0000021f707734f0_0 .net *"_ivl_3", 0 0, L_0000021f707f1780;  1 drivers
L_0000021f707f1780 .cmp/eq 2, L_0000021f70792160, L_0000021f70796510;
S_0000021f707742e0 .scope generate, "gen_ready[4]" "gen_ready[4]" 4 125, 4 125 0, S_0000021f70664bc0;
 .timescale -9 -12;
P_0000021f70708a50 .param/l "g" 0 4 125, +C4<0100>;
L_0000021f70796558 .functor BUFT 1, C4<01>, C4<0>, C4<0>, C4<0>;
v0000021f707731d0_0 .net/2u *"_ivl_1", 1 0, L_0000021f70796558;  1 drivers
v0000021f707738b0_0 .net *"_ivl_3", 0 0, L_0000021f707f18c0;  1 drivers
L_0000021f707f18c0 .cmp/eq 2, L_0000021f707ebd80, L_0000021f70796558;
S_0000021f70774470 .scope generate, "gen_ready[5]" "gen_ready[5]" 4 125, 4 125 0, S_0000021f70664bc0;
 .timescale -9 -12;
P_0000021f70709090 .param/l "g" 0 4 125, +C4<0101>;
L_0000021f707965a0 .functor BUFT 1, C4<01>, C4<0>, C4<0>, C4<0>;
v0000021f707724b0_0 .net/2u *"_ivl_1", 1 0, L_0000021f707965a0;  1 drivers
v0000021f70772af0_0 .net *"_ivl_3", 0 0, L_0000021f707f1640;  1 drivers
L_0000021f707f1640 .cmp/eq 2, L_0000021f707ebb00, L_0000021f707965a0;
S_0000021f70774600 .scope generate, "gen_ready[6]" "gen_ready[6]" 4 125, 4 125 0, S_0000021f70664bc0;
 .timescale -9 -12;
P_0000021f70708590 .param/l "g" 0 4 125, +C4<0110>;
L_0000021f707965e8 .functor BUFT 1, C4<01>, C4<0>, C4<0>, C4<0>;
v0000021f70773450_0 .net/2u *"_ivl_1", 1 0, L_0000021f707965e8;  1 drivers
v0000021f70772370_0 .net *"_ivl_3", 0 0, L_0000021f707f1a00;  1 drivers
L_0000021f707f1a00 .cmp/eq 2, L_0000021f707ec140, L_0000021f707965e8;
S_0000021f70777f80 .scope generate, "gen_ready[7]" "gen_ready[7]" 4 125, 4 125 0, S_0000021f70664bc0;
 .timescale -9 -12;
P_0000021f70709250 .param/l "g" 0 4 125, +C4<0111>;
L_0000021f70796630 .functor BUFT 1, C4<01>, C4<0>, C4<0>, C4<0>;
v0000021f70772870_0 .net/2u *"_ivl_1", 1 0, L_0000021f70796630;  1 drivers
v0000021f70772c30_0 .net *"_ivl_3", 0 0, L_0000021f707f13c0;  1 drivers
L_0000021f707f13c0 .cmp/eq 2, L_0000021f707ed4a0, L_0000021f70796630;
S_0000021f70777300 .scope generate, "gen_ready[8]" "gen_ready[8]" 4 125, 4 125 0, S_0000021f70664bc0;
 .timescale -9 -12;
P_0000021f707088d0 .param/l "g" 0 4 125, +C4<01000>;
L_0000021f70796678 .functor BUFT 1, C4<01>, C4<0>, C4<0>, C4<0>;
v0000021f707733b0_0 .net/2u *"_ivl_1", 1 0, L_0000021f70796678;  1 drivers
v0000021f707725f0_0 .net *"_ivl_3", 0 0, L_0000021f707f25e0;  1 drivers
L_0000021f707f25e0 .cmp/eq 2, L_0000021f707ed860, L_0000021f70796678;
S_0000021f707782a0 .scope generate, "gen_ready[9]" "gen_ready[9]" 4 125, 4 125 0, S_0000021f70664bc0;
 .timescale -9 -12;
P_0000021f70709390 .param/l "g" 0 4 125, +C4<01001>;
L_0000021f707966c0 .functor BUFT 1, C4<01>, C4<0>, C4<0>, C4<0>;
v0000021f70773270_0 .net/2u *"_ivl_1", 1 0, L_0000021f707966c0;  1 drivers
v0000021f707739f0_0 .net *"_ivl_3", 0 0, L_0000021f707f0c40;  1 drivers
L_0000021f707f0c40 .cmp/eq 2, L_0000021f707ed040, L_0000021f707966c0;
S_0000021f70778a70 .scope generate, "gen_ready[10]" "gen_ready[10]" 4 125, 4 125 0, S_0000021f70664bc0;
 .timescale -9 -12;
P_0000021f70708c50 .param/l "g" 0 4 125, +C4<01010>;
L_0000021f70796708 .functor BUFT 1, C4<01>, C4<0>, C4<0>, C4<0>;
v0000021f70772cd0_0 .net/2u *"_ivl_1", 1 0, L_0000021f70796708;  1 drivers
v0000021f70773a90_0 .net *"_ivl_3", 0 0, L_0000021f707f2680;  1 drivers
L_0000021f707f2680 .cmp/eq 2, L_0000021f707f07e0, L_0000021f70796708;
S_0000021f707785c0 .scope generate, "gen_ready[11]" "gen_ready[11]" 4 125, 4 125 0, S_0000021f70664bc0;
 .timescale -9 -12;
P_0000021f70708790 .param/l "g" 0 4 125, +C4<01011>;
L_0000021f70796750 .functor BUFT 1, C4<01>, C4<0>, C4<0>, C4<0>;
v0000021f70772d70_0 .net/2u *"_ivl_1", 1 0, L_0000021f70796750;  1 drivers
v0000021f70771c90_0 .net *"_ivl_3", 0 0, L_0000021f707f2220;  1 drivers
L_0000021f707f2220 .cmp/eq 2, L_0000021f707f0880, L_0000021f70796750;
S_0000021f707777b0 .scope generate, "gen_ready[12]" "gen_ready[12]" 4 125, 4 125 0, S_0000021f70664bc0;
 .timescale -9 -12;
P_0000021f707085d0 .param/l "g" 0 4 125, +C4<01100>;
L_0000021f70796798 .functor BUFT 1, C4<01>, C4<0>, C4<0>, C4<0>;
v0000021f70772b90_0 .net/2u *"_ivl_1", 1 0, L_0000021f70796798;  1 drivers
v0000021f70771f10_0 .net *"_ivl_3", 0 0, L_0000021f707f1b40;  1 drivers
L_0000021f707f1b40 .cmp/eq 2, L_0000021f707eebc0, L_0000021f70796798;
S_0000021f70777490 .scope generate, "gen_ready[13]" "gen_ready[13]" 4 125, 4 125 0, S_0000021f70664bc0;
 .timescale -9 -12;
P_0000021f70708d50 .param/l "g" 0 4 125, +C4<01101>;
L_0000021f707967e0 .functor BUFT 1, C4<01>, C4<0>, C4<0>, C4<0>;
v0000021f70771d30_0 .net/2u *"_ivl_1", 1 0, L_0000021f707967e0;  1 drivers
v0000021f70771dd0_0 .net *"_ivl_3", 0 0, L_0000021f707f2ea0;  1 drivers
L_0000021f707f2ea0 .cmp/eq 2, L_0000021f707ef3e0, L_0000021f707967e0;
S_0000021f70776cc0 .scope generate, "gen_ready[14]" "gen_ready[14]" 4 125, 4 125 0, S_0000021f70664bc0;
 .timescale -9 -12;
P_0000021f70709290 .param/l "g" 0 4 125, +C4<01110>;
L_0000021f70796828 .functor BUFT 1, C4<01>, C4<0>, C4<0>, C4<0>;
v0000021f70772690_0 .net/2u *"_ivl_1", 1 0, L_0000021f70796828;  1 drivers
v0000021f70771e70_0 .net *"_ivl_3", 0 0, L_0000021f707f2cc0;  1 drivers
L_0000021f707f2cc0 .cmp/eq 2, L_0000021f707ef160, L_0000021f70796828;
S_0000021f70776e50 .scope generate, "gen_ready[15]" "gen_ready[15]" 4 125, 4 125 0, S_0000021f70664bc0;
 .timescale -9 -12;
P_0000021f70709350 .param/l "g" 0 4 125, +C4<01111>;
L_0000021f70796870 .functor BUFT 1, C4<01>, C4<0>, C4<0>, C4<0>;
v0000021f70771fb0_0 .net/2u *"_ivl_1", 1 0, L_0000021f70796870;  1 drivers
v0000021f70772050_0 .net *"_ivl_3", 0 0, L_0000021f707f2f40;  1 drivers
L_0000021f707f2f40 .cmp/eq 2, L_0000021f707efd40, L_0000021f70796870;
S_0000021f707788e0 .scope generate, "gen_state[0]" "gen_state[0]" 4 108, 4 108 0, S_0000021f70664bc0;
 .timescale -9 -12;
P_0000021f70708c90 .param/l "g" 0 4 108, +C4<00>;
v0000021f707720f0_0 .net *"_ivl_1", 0 0, L_0000021f7078f780;  1 drivers
L_0000021f70793780 .functor BUFT 1, C4<0000000000000000000000>, C4<0>, C4<0>, C4<0>;
v0000021f70772730_0 .net *"_ivl_10", 21 0, L_0000021f70793780;  1 drivers
L_0000021f707937c8 .functor BUFT 1, C4<00000000000000000000000000000000>, C4<0>, C4<0>, C4<0>;
v0000021f70772a50_0 .net/2u *"_ivl_11", 31 0, L_0000021f707937c8;  1 drivers
v0000021f70776a10_0 .net *"_ivl_13", 0 0, L_0000021f7078f8c0;  1 drivers
L_0000021f70793810 .functor BUFT 1, C4<11>, C4<0>, C4<0>, C4<0>;
v0000021f707756b0_0 .net/2u *"_ivl_15", 1 0, L_0000021f70793810;  1 drivers
v0000021f70775890_0 .net *"_ivl_18", 31 0, L_0000021f7078fa00;  1 drivers
L_0000021f70793858 .functor BUFT 1, C4<0000000000000000000000>, C4<0>, C4<0>, C4<0>;
v0000021f707751b0_0 .net *"_ivl_21", 21 0, L_0000021f70793858;  1 drivers
L_0000021f707938a0 .functor BUFT 1, C4<00000000000000000000000000000000>, C4<0>, C4<0>, C4<0>;
v0000021f70776790_0 .net/2u *"_ivl_22", 31 0, L_0000021f707938a0;  1 drivers
v0000021f70776510_0 .net *"_ivl_24", 0 0, L_0000021f7078fbe0;  1 drivers
L_0000021f707938e8 .functor BUFT 1, C4<10>, C4<0>, C4<0>, C4<0>;
v0000021f70775bb0_0 .net/2u *"_ivl_26", 1 0, L_0000021f707938e8;  1 drivers
L_0000021f70793930 .functor BUFT 1, C4<0000000000000000>, C4<0>, C4<0>, C4<0>;
v0000021f70775750_0 .net/2u *"_ivl_29", 15 0, L_0000021f70793930;  1 drivers
v0000021f70775250_0 .net *"_ivl_3", 0 0, L_0000021f70790540;  1 drivers
v0000021f70776830_0 .net *"_ivl_31", 0 0, L_0000021f7078fe60;  1 drivers
L_0000021f70793978 .functor BUFT 1, C4<01>, C4<0>, C4<0>, C4<0>;
v0000021f70775c50_0 .net/2u *"_ivl_33", 1 0, L_0000021f70793978;  1 drivers
L_0000021f707939c0 .functor BUFT 1, C4<00>, C4<0>, C4<0>, C4<0>;
v0000021f707766f0_0 .net/2u *"_ivl_35", 1 0, L_0000021f707939c0;  1 drivers
v0000021f70776ab0_0 .net *"_ivl_37", 1 0, L_0000021f7078ff00;  1 drivers
v0000021f707760b0_0 .net *"_ivl_39", 1 0, L_0000021f7078ffa0;  1 drivers
L_0000021f70793738 .functor BUFT 1, C4<00>, C4<0>, C4<0>, C4<0>;
v0000021f70775f70_0 .net/2u *"_ivl_4", 1 0, L_0000021f70793738;  1 drivers
v0000021f70776010_0 .net *"_ivl_41", 1 0, L_0000021f70790040;  1 drivers
v0000021f70776150_0 .net *"_ivl_7", 31 0, L_0000021f7078f820;  1 drivers
L_0000021f70790540 .reduce/nor L_0000021f7078f780;
v0000021f7078be90_0 .array/port v0000021f7078be90, 0;
L_0000021f7078f820 .concat [ 10 22 0 0], v0000021f7078be90_0, L_0000021f70793780;
L_0000021f7078f8c0 .cmp/eq 32, L_0000021f7078f820, L_0000021f707937c8;
v0000021f7078c890_0 .array/port v0000021f7078c890, 0;
L_0000021f7078fa00 .concat [ 10 22 0 0], v0000021f7078c890_0, L_0000021f70793858;
L_0000021f7078fbe0 .cmp/eq 32, L_0000021f7078fa00, L_0000021f707938a0;
v0000021f7078bfd0_0 .array/port v0000021f7078bfd0, 0;
L_0000021f7078fe60 .cmp/eq 16, v0000021f7078bfd0_0, L_0000021f70793930;
L_0000021f7078ff00 .functor MUXZ 2, L_0000021f707939c0, L_0000021f70793978, L_0000021f7078fe60, C4<>;
L_0000021f7078ffa0 .functor MUXZ 2, L_0000021f7078ff00, L_0000021f707938e8, L_0000021f7078fbe0, C4<>;
L_0000021f70790040 .functor MUXZ 2, L_0000021f7078ffa0, L_0000021f70793810, L_0000021f7078f8c0, C4<>;
L_0000021f707904a0 .functor MUXZ 2, L_0000021f70790040, L_0000021f70793738, L_0000021f70790540, C4<>;
S_0000021f70778750 .scope generate, "gen_state[1]" "gen_state[1]" 4 108, 4 108 0, S_0000021f70664bc0;
 .timescale -9 -12;
P_0000021f70708d90 .param/l "g" 0 4 108, +C4<01>;
v0000021f70775b10_0 .net *"_ivl_1", 0 0, L_0000021f707900e0;  1 drivers
L_0000021f70793a50 .functor BUFT 1, C4<0000000000000000000000>, C4<0>, C4<0>, C4<0>;
v0000021f707761f0_0 .net *"_ivl_10", 21 0, L_0000021f70793a50;  1 drivers
L_0000021f70793a98 .functor BUFT 1, C4<00000000000000000000000000000000>, C4<0>, C4<0>, C4<0>;
v0000021f70776330_0 .net/2u *"_ivl_11", 31 0, L_0000021f70793a98;  1 drivers
v0000021f70776b50_0 .net *"_ivl_13", 0 0, L_0000021f70791bc0;  1 drivers
L_0000021f70793ae0 .functor BUFT 1, C4<11>, C4<0>, C4<0>, C4<0>;
v0000021f70774cb0_0 .net/2u *"_ivl_15", 1 0, L_0000021f70793ae0;  1 drivers
v0000021f70775070_0 .net *"_ivl_18", 31 0, L_0000021f70792480;  1 drivers
L_0000021f70793b28 .functor BUFT 1, C4<0000000000000000000000>, C4<0>, C4<0>, C4<0>;
v0000021f70776290_0 .net *"_ivl_21", 21 0, L_0000021f70793b28;  1 drivers
L_0000021f70793b70 .functor BUFT 1, C4<00000000000000000000000000000000>, C4<0>, C4<0>, C4<0>;
v0000021f707752f0_0 .net/2u *"_ivl_22", 31 0, L_0000021f70793b70;  1 drivers
v0000021f707763d0_0 .net *"_ivl_24", 0 0, L_0000021f70792840;  1 drivers
L_0000021f70793bb8 .functor BUFT 1, C4<10>, C4<0>, C4<0>, C4<0>;
v0000021f70775110_0 .net/2u *"_ivl_26", 1 0, L_0000021f70793bb8;  1 drivers
L_0000021f70793c00 .functor BUFT 1, C4<0000000000000000>, C4<0>, C4<0>, C4<0>;
v0000021f70776470_0 .net/2u *"_ivl_29", 15 0, L_0000021f70793c00;  1 drivers
v0000021f70774d50_0 .net *"_ivl_3", 0 0, L_0000021f7078f500;  1 drivers
v0000021f707768d0_0 .net *"_ivl_31", 0 0, L_0000021f707918a0;  1 drivers
L_0000021f70793c48 .functor BUFT 1, C4<01>, C4<0>, C4<0>, C4<0>;
v0000021f70776970_0 .net/2u *"_ivl_33", 1 0, L_0000021f70793c48;  1 drivers
L_0000021f70793c90 .functor BUFT 1, C4<00>, C4<0>, C4<0>, C4<0>;
v0000021f707765b0_0 .net/2u *"_ivl_35", 1 0, L_0000021f70793c90;  1 drivers
v0000021f70775930_0 .net *"_ivl_37", 1 0, L_0000021f70792200;  1 drivers
v0000021f70776650_0 .net *"_ivl_39", 1 0, L_0000021f707928e0;  1 drivers
L_0000021f70793a08 .functor BUFT 1, C4<00>, C4<0>, C4<0>, C4<0>;
v0000021f70774df0_0 .net/2u *"_ivl_4", 1 0, L_0000021f70793a08;  1 drivers
v0000021f70775570_0 .net *"_ivl_41", 1 0, L_0000021f70791da0;  1 drivers
v0000021f70775cf0_0 .net *"_ivl_7", 31 0, L_0000021f70792b60;  1 drivers
L_0000021f7078f500 .reduce/nor L_0000021f707900e0;
v0000021f7078be90_1 .array/port v0000021f7078be90, 1;
L_0000021f70792b60 .concat [ 10 22 0 0], v0000021f7078be90_1, L_0000021f70793a50;
L_0000021f70791bc0 .cmp/eq 32, L_0000021f70792b60, L_0000021f70793a98;
v0000021f7078c890_1 .array/port v0000021f7078c890, 1;
L_0000021f70792480 .concat [ 10 22 0 0], v0000021f7078c890_1, L_0000021f70793b28;
L_0000021f70792840 .cmp/eq 32, L_0000021f70792480, L_0000021f70793b70;
v0000021f7078bfd0_1 .array/port v0000021f7078bfd0, 1;
L_0000021f707918a0 .cmp/eq 16, v0000021f7078bfd0_1, L_0000021f70793c00;
L_0000021f70792200 .functor MUXZ 2, L_0000021f70793c90, L_0000021f70793c48, L_0000021f707918a0, C4<>;
L_0000021f707928e0 .functor MUXZ 2, L_0000021f70792200, L_0000021f70793bb8, L_0000021f70792840, C4<>;
L_0000021f70791da0 .functor MUXZ 2, L_0000021f707928e0, L_0000021f70793ae0, L_0000021f70791bc0, C4<>;
L_0000021f70792520 .functor MUXZ 2, L_0000021f70791da0, L_0000021f70793a08, L_0000021f7078f500, C4<>;
S_0000021f70776fe0 .scope generate, "gen_state[2]" "gen_state[2]" 4 108, 4 108 0, S_0000021f70664bc0;
 .timescale -9 -12;
P_0000021f70708910 .param/l "g" 0 4 108, +C4<010>;
v0000021f70775e30_0 .net *"_ivl_1", 0 0, L_0000021f70792d40;  1 drivers
L_0000021f70793d20 .functor BUFT 1, C4<0000000000000000000000>, C4<0>, C4<0>, C4<0>;
v0000021f70775390_0 .net *"_ivl_10", 21 0, L_0000021f70793d20;  1 drivers
L_0000021f70793d68 .functor BUFT 1, C4<00000000000000000000000000000000>, C4<0>, C4<0>, C4<0>;
v0000021f70774e90_0 .net/2u *"_ivl_11", 31 0, L_0000021f70793d68;  1 drivers
v0000021f70775430_0 .net *"_ivl_13", 0 0, L_0000021f70791b20;  1 drivers
L_0000021f70793db0 .functor BUFT 1, C4<11>, C4<0>, C4<0>, C4<0>;
v0000021f70774f30_0 .net/2u *"_ivl_15", 1 0, L_0000021f70793db0;  1 drivers
v0000021f70774fd0_0 .net *"_ivl_18", 31 0, L_0000021f70792660;  1 drivers
L_0000021f70793df8 .functor BUFT 1, C4<0000000000000000000000>, C4<0>, C4<0>, C4<0>;
v0000021f707754d0_0 .net *"_ivl_21", 21 0, L_0000021f70793df8;  1 drivers
L_0000021f70793e40 .functor BUFT 1, C4<00000000000000000000000000000000>, C4<0>, C4<0>, C4<0>;
v0000021f70775610_0 .net/2u *"_ivl_22", 31 0, L_0000021f70793e40;  1 drivers
v0000021f70775ed0_0 .net *"_ivl_24", 0 0, L_0000021f70792a20;  1 drivers
L_0000021f70793e88 .functor BUFT 1, C4<10>, C4<0>, C4<0>, C4<0>;
v0000021f707757f0_0 .net/2u *"_ivl_26", 1 0, L_0000021f70793e88;  1 drivers
L_0000021f70793ed0 .functor BUFT 1, C4<0000000000000000>, C4<0>, C4<0>, C4<0>;
v0000021f707759d0_0 .net/2u *"_ivl_29", 15 0, L_0000021f70793ed0;  1 drivers
v0000021f70775d90_0 .net *"_ivl_3", 0 0, L_0000021f70791800;  1 drivers
v0000021f70775a70_0 .net *"_ivl_31", 0 0, L_0000021f70791ee0;  1 drivers
L_0000021f70793f18 .functor BUFT 1, C4<01>, C4<0>, C4<0>, C4<0>;
v0000021f707813c0_0 .net/2u *"_ivl_33", 1 0, L_0000021f70793f18;  1 drivers
L_0000021f70793f60 .functor BUFT 1, C4<00>, C4<0>, C4<0>, C4<0>;
v0000021f7077f7a0_0 .net/2u *"_ivl_35", 1 0, L_0000021f70793f60;  1 drivers
v0000021f7077fde0_0 .net *"_ivl_37", 1 0, L_0000021f70791c60;  1 drivers
v0000021f70780740_0 .net *"_ivl_39", 1 0, L_0000021f70791e40;  1 drivers
L_0000021f70793cd8 .functor BUFT 1, C4<00>, C4<0>, C4<0>, C4<0>;
v0000021f7077f160_0 .net/2u *"_ivl_4", 1 0, L_0000021f70793cd8;  1 drivers
v0000021f7077f8e0_0 .net *"_ivl_41", 1 0, L_0000021f707923e0;  1 drivers
v0000021f70780a60_0 .net *"_ivl_7", 31 0, L_0000021f70792020;  1 drivers
L_0000021f70791800 .reduce/nor L_0000021f70792d40;
v0000021f7078be90_2 .array/port v0000021f7078be90, 2;
L_0000021f70792020 .concat [ 10 22 0 0], v0000021f7078be90_2, L_0000021f70793d20;
L_0000021f70791b20 .cmp/eq 32, L_0000021f70792020, L_0000021f70793d68;
v0000021f7078c890_2 .array/port v0000021f7078c890, 2;
L_0000021f70792660 .concat [ 10 22 0 0], v0000021f7078c890_2, L_0000021f70793df8;
L_0000021f70792a20 .cmp/eq 32, L_0000021f70792660, L_0000021f70793e40;
v0000021f7078bfd0_2 .array/port v0000021f7078bfd0, 2;
L_0000021f70791ee0 .cmp/eq 16, v0000021f7078bfd0_2, L_0000021f70793ed0;
L_0000021f70791c60 .functor MUXZ 2, L_0000021f70793f60, L_0000021f70793f18, L_0000021f70791ee0, C4<>;
L_0000021f70791e40 .functor MUXZ 2, L_0000021f70791c60, L_0000021f70793e88, L_0000021f70792a20, C4<>;
L_0000021f707923e0 .functor MUXZ 2, L_0000021f70791e40, L_0000021f70793db0, L_0000021f70791b20, C4<>;
L_0000021f707925c0 .functor MUXZ 2, L_0000021f707923e0, L_0000021f70793cd8, L_0000021f70791800, C4<>;
S_0000021f70777170 .scope generate, "gen_state[3]" "gen_state[3]" 4 108, 4 108 0, S_0000021f70664bc0;
 .timescale -9 -12;
P_0000021f707087d0 .param/l "g" 0 4 108, +C4<011>;
v0000021f70781280_0 .net *"_ivl_1", 0 0, L_0000021f707927a0;  1 drivers
L_0000021f70793ff0 .functor BUFT 1, C4<0000000000000000000000>, C4<0>, C4<0>, C4<0>;
v0000021f70781320_0 .net *"_ivl_10", 21 0, L_0000021f70793ff0;  1 drivers
L_0000021f70794038 .functor BUFT 1, C4<00000000000000000000000000000000>, C4<0>, C4<0>, C4<0>;
v0000021f70781000_0 .net/2u *"_ivl_11", 31 0, L_0000021f70794038;  1 drivers
v0000021f70780ba0_0 .net *"_ivl_13", 0 0, L_0000021f70792980;  1 drivers
L_0000021f70794080 .functor BUFT 1, C4<11>, C4<0>, C4<0>, C4<0>;
v0000021f70781460_0 .net/2u *"_ivl_15", 1 0, L_0000021f70794080;  1 drivers
v0000021f70780d80_0 .net *"_ivl_18", 31 0, L_0000021f707920c0;  1 drivers
L_0000021f707940c8 .functor BUFT 1, C4<0000000000000000000000>, C4<0>, C4<0>, C4<0>;
v0000021f7077f200_0 .net *"_ivl_21", 21 0, L_0000021f707940c8;  1 drivers
L_0000021f70794110 .functor BUFT 1, C4<00000000000000000000000000000000>, C4<0>, C4<0>, C4<0>;
v0000021f7077f340_0 .net/2u *"_ivl_22", 31 0, L_0000021f70794110;  1 drivers
v0000021f70780b00_0 .net *"_ivl_24", 0 0, L_0000021f70792ac0;  1 drivers
L_0000021f70794158 .functor BUFT 1, C4<10>, C4<0>, C4<0>, C4<0>;
v0000021f7077f840_0 .net/2u *"_ivl_26", 1 0, L_0000021f70794158;  1 drivers
L_0000021f707941a0 .functor BUFT 1, C4<0000000000000000>, C4<0>, C4<0>, C4<0>;
v0000021f7077ed00_0 .net/2u *"_ivl_29", 15 0, L_0000021f707941a0;  1 drivers
v0000021f7077eda0_0 .net *"_ivl_3", 0 0, L_0000021f70792700;  1 drivers
v0000021f7077f0c0_0 .net *"_ivl_31", 0 0, L_0000021f70792c00;  1 drivers
L_0000021f707941e8 .functor BUFT 1, C4<01>, C4<0>, C4<0>, C4<0>;
v0000021f7077fca0_0 .net/2u *"_ivl_33", 1 0, L_0000021f707941e8;  1 drivers
L_0000021f70794230 .functor BUFT 1, C4<00>, C4<0>, C4<0>, C4<0>;
v0000021f7077ef80_0 .net/2u *"_ivl_35", 1 0, L_0000021f70794230;  1 drivers
v0000021f7077f700_0 .net *"_ivl_37", 1 0, L_0000021f70792ca0;  1 drivers
v0000021f70780100_0 .net *"_ivl_39", 1 0, L_0000021f70792de0;  1 drivers
L_0000021f70793fa8 .functor BUFT 1, C4<00>, C4<0>, C4<0>, C4<0>;
v0000021f707802e0_0 .net/2u *"_ivl_4", 1 0, L_0000021f70793fa8;  1 drivers
v0000021f7077fd40_0 .net *"_ivl_41", 1 0, L_0000021f70791760;  1 drivers
v0000021f7077fc00_0 .net *"_ivl_7", 31 0, L_0000021f70791f80;  1 drivers
L_0000021f70792700 .reduce/nor L_0000021f707927a0;
v0000021f7078be90_3 .array/port v0000021f7078be90, 3;
L_0000021f70791f80 .concat [ 10 22 0 0], v0000021f7078be90_3, L_0000021f70793ff0;
L_0000021f70792980 .cmp/eq 32, L_0000021f70791f80, L_0000021f70794038;
v0000021f7078c890_3 .array/port v0000021f7078c890, 3;
L_0000021f707920c0 .concat [ 10 22 0 0], v0000021f7078c890_3, L_0000021f707940c8;
L_0000021f70792ac0 .cmp/eq 32, L_0000021f707920c0, L_0000021f70794110;
v0000021f7078bfd0_3 .array/port v0000021f7078bfd0, 3;
L_0000021f70792c00 .cmp/eq 16, v0000021f7078bfd0_3, L_0000021f707941a0;
L_0000021f70792ca0 .functor MUXZ 2, L_0000021f70794230, L_0000021f707941e8, L_0000021f70792c00, C4<>;
L_0000021f70792de0 .functor MUXZ 2, L_0000021f70792ca0, L_0000021f70794158, L_0000021f70792ac0, C4<>;
L_0000021f70791760 .functor MUXZ 2, L_0000021f70792de0, L_0000021f70794080, L_0000021f70792980, C4<>;
L_0000021f70792160 .functor MUXZ 2, L_0000021f70791760, L_0000021f70793fa8, L_0000021f70792700, C4<>;
S_0000021f70777620 .scope generate, "gen_state[4]" "gen_state[4]" 4 108, 4 108 0, S_0000021f70664bc0;
 .timescale -9 -12;
P_0000021f70709450 .param/l "g" 0 4 108, +C4<0100>;
v0000021f7077fa20_0 .net *"_ivl_1", 0 0, L_0000021f70791940;  1 drivers
L_0000021f707942c0 .functor BUFT 1, C4<0000000000000000000000>, C4<0>, C4<0>, C4<0>;
v0000021f7077ff20_0 .net *"_ivl_10", 21 0, L_0000021f707942c0;  1 drivers
L_0000021f70794308 .functor BUFT 1, C4<00000000000000000000000000000000>, C4<0>, C4<0>, C4<0>;
v0000021f707811e0_0 .net/2u *"_ivl_11", 31 0, L_0000021f70794308;  1 drivers
v0000021f70780600_0 .net *"_ivl_13", 0 0, L_0000021f70791a80;  1 drivers
L_0000021f70794350 .functor BUFT 1, C4<11>, C4<0>, C4<0>, C4<0>;
v0000021f7077f980_0 .net/2u *"_ivl_15", 1 0, L_0000021f70794350;  1 drivers
v0000021f7077fb60_0 .net *"_ivl_18", 31 0, L_0000021f70791d00;  1 drivers
L_0000021f70794398 .functor BUFT 1, C4<0000000000000000000000>, C4<0>, C4<0>, C4<0>;
v0000021f7077fac0_0 .net *"_ivl_21", 21 0, L_0000021f70794398;  1 drivers
L_0000021f707943e0 .functor BUFT 1, C4<00000000000000000000000000000000>, C4<0>, C4<0>, C4<0>;
v0000021f7077fe80_0 .net/2u *"_ivl_22", 31 0, L_0000021f707943e0;  1 drivers
v0000021f7077ffc0_0 .net *"_ivl_24", 0 0, L_0000021f70792340;  1 drivers
L_0000021f70794428 .functor BUFT 1, C4<10>, C4<0>, C4<0>, C4<0>;
v0000021f7077f660_0 .net/2u *"_ivl_26", 1 0, L_0000021f70794428;  1 drivers
L_0000021f70794470 .functor BUFT 1, C4<0000000000000000>, C4<0>, C4<0>, C4<0>;
v0000021f7077f520_0 .net/2u *"_ivl_29", 15 0, L_0000021f70794470;  1 drivers
v0000021f70780380_0 .net *"_ivl_3", 0 0, L_0000021f707919e0;  1 drivers
v0000021f70780060_0 .net *"_ivl_31", 0 0, L_0000021f707ec960;  1 drivers
L_0000021f707944b8 .functor BUFT 1, C4<01>, C4<0>, C4<0>, C4<0>;
v0000021f70780560_0 .net/2u *"_ivl_33", 1 0, L_0000021f707944b8;  1 drivers
L_0000021f70794500 .functor BUFT 1, C4<00>, C4<0>, C4<0>, C4<0>;
v0000021f7077eee0_0 .net/2u *"_ivl_35", 1 0, L_0000021f70794500;  1 drivers
v0000021f7077ee40_0 .net *"_ivl_37", 1 0, L_0000021f707edcc0;  1 drivers
v0000021f7077f020_0 .net *"_ivl_39", 1 0, L_0000021f707ec500;  1 drivers
L_0000021f70794278 .functor BUFT 1, C4<00>, C4<0>, C4<0>, C4<0>;
v0000021f7077f2a0_0 .net/2u *"_ivl_4", 1 0, L_0000021f70794278;  1 drivers
v0000021f707801a0_0 .net *"_ivl_41", 1 0, L_0000021f707ed0e0;  1 drivers
v0000021f7077f3e0_0 .net *"_ivl_7", 31 0, L_0000021f707922a0;  1 drivers
L_0000021f707919e0 .reduce/nor L_0000021f70791940;
v0000021f7078be90_4 .array/port v0000021f7078be90, 4;
L_0000021f707922a0 .concat [ 10 22 0 0], v0000021f7078be90_4, L_0000021f707942c0;
L_0000021f70791a80 .cmp/eq 32, L_0000021f707922a0, L_0000021f70794308;
v0000021f7078c890_4 .array/port v0000021f7078c890, 4;
L_0000021f70791d00 .concat [ 10 22 0 0], v0000021f7078c890_4, L_0000021f70794398;
L_0000021f70792340 .cmp/eq 32, L_0000021f70791d00, L_0000021f707943e0;
v0000021f7078bfd0_4 .array/port v0000021f7078bfd0, 4;
L_0000021f707ec960 .cmp/eq 16, v0000021f7078bfd0_4, L_0000021f70794470;
L_0000021f707edcc0 .functor MUXZ 2, L_0000021f70794500, L_0000021f707944b8, L_0000021f707ec960, C4<>;
L_0000021f707ec500 .functor MUXZ 2, L_0000021f707edcc0, L_0000021f70794428, L_0000021f70792340, C4<>;
L_0000021f707ed0e0 .functor MUXZ 2, L_0000021f707ec500, L_0000021f70794350, L_0000021f70791a80, C4<>;
L_0000021f707ebd80 .functor MUXZ 2, L_0000021f707ed0e0, L_0000021f70794278, L_0000021f707919e0, C4<>;
S_0000021f70777ad0 .scope generate, "gen_state[5]" "gen_state[5]" 4 108, 4 108 0, S_0000021f70664bc0;
 .timescale -9 -12;
P_0000021f70709310 .param/l "g" 0 4 108, +C4<0101>;
v0000021f7077f480_0 .net *"_ivl_1", 0 0, L_0000021f707ebec0;  1 drivers
L_0000021f70794590 .functor BUFT 1, C4<0000000000000000000000>, C4<0>, C4<0>, C4<0>;
v0000021f7077f5c0_0 .net *"_ivl_10", 21 0, L_0000021f70794590;  1 drivers
L_0000021f707945d8 .functor BUFT 1, C4<00000000000000000000000000000000>, C4<0>, C4<0>, C4<0>;
v0000021f707804c0_0 .net/2u *"_ivl_11", 31 0, L_0000021f707945d8;  1 drivers
v0000021f707806a0_0 .net *"_ivl_13", 0 0, L_0000021f707ece60;  1 drivers
L_0000021f70794620 .functor BUFT 1, C4<11>, C4<0>, C4<0>, C4<0>;
v0000021f707809c0_0 .net/2u *"_ivl_15", 1 0, L_0000021f70794620;  1 drivers
v0000021f707807e0_0 .net *"_ivl_18", 31 0, L_0000021f707eda40;  1 drivers
L_0000021f70794668 .functor BUFT 1, C4<0000000000000000000000>, C4<0>, C4<0>, C4<0>;
v0000021f70780240_0 .net *"_ivl_21", 21 0, L_0000021f70794668;  1 drivers
L_0000021f707946b0 .functor BUFT 1, C4<00000000000000000000000000000000>, C4<0>, C4<0>, C4<0>;
v0000021f70780420_0 .net/2u *"_ivl_22", 31 0, L_0000021f707946b0;  1 drivers
v0000021f70780880_0 .net *"_ivl_24", 0 0, L_0000021f707ecf00;  1 drivers
L_0000021f707946f8 .functor BUFT 1, C4<10>, C4<0>, C4<0>, C4<0>;
v0000021f70780920_0 .net/2u *"_ivl_26", 1 0, L_0000021f707946f8;  1 drivers
L_0000021f70794740 .functor BUFT 1, C4<0000000000000000>, C4<0>, C4<0>, C4<0>;
v0000021f70780f60_0 .net/2u *"_ivl_29", 15 0, L_0000021f70794740;  1 drivers
v0000021f70780e20_0 .net *"_ivl_3", 0 0, L_0000021f707ebc40;  1 drivers
v0000021f70780c40_0 .net *"_ivl_31", 0 0, L_0000021f707eca00;  1 drivers
L_0000021f70794788 .functor BUFT 1, C4<01>, C4<0>, C4<0>, C4<0>;
v0000021f70780ce0_0 .net/2u *"_ivl_33", 1 0, L_0000021f70794788;  1 drivers
L_0000021f707947d0 .functor BUFT 1, C4<00>, C4<0>, C4<0>, C4<0>;
v0000021f70780ec0_0 .net/2u *"_ivl_35", 1 0, L_0000021f707947d0;  1 drivers
v0000021f707810a0_0 .net *"_ivl_37", 1 0, L_0000021f707ecbe0;  1 drivers
v0000021f70781140_0 .net *"_ivl_39", 1 0, L_0000021f707ec3c0;  1 drivers
L_0000021f70794548 .functor BUFT 1, C4<00>, C4<0>, C4<0>, C4<0>;
v0000021f707827c0_0 .net/2u *"_ivl_4", 1 0, L_0000021f70794548;  1 drivers
v0000021f70782b80_0 .net *"_ivl_41", 1 0, L_0000021f707ebf60;  1 drivers
v0000021f70781aa0_0 .net *"_ivl_7", 31 0, L_0000021f707ec5a0;  1 drivers
L_0000021f707ebc40 .reduce/nor L_0000021f707ebec0;
v0000021f7078be90_5 .array/port v0000021f7078be90, 5;
L_0000021f707ec5a0 .concat [ 10 22 0 0], v0000021f7078be90_5, L_0000021f70794590;
L_0000021f707ece60 .cmp/eq 32, L_0000021f707ec5a0, L_0000021f707945d8;
v0000021f7078c890_5 .array/port v0000021f7078c890, 5;
L_0000021f707eda40 .concat [ 10 22 0 0], v0000021f7078c890_5, L_0000021f70794668;
L_0000021f707ecf00 .cmp/eq 32, L_0000021f707eda40, L_0000021f707946b0;
v0000021f7078bfd0_5 .array/port v0000021f7078bfd0, 5;
L_0000021f707eca00 .cmp/eq 16, v0000021f7078bfd0_5, L_0000021f70794740;
L_0000021f707ecbe0 .functor MUXZ 2, L_0000021f707947d0, L_0000021f70794788, L_0000021f707eca00, C4<>;
L_0000021f707ec3c0 .functor MUXZ 2, L_0000021f707ecbe0, L_0000021f707946f8, L_0000021f707ecf00, C4<>;
L_0000021f707ebf60 .functor MUXZ 2, L_0000021f707ec3c0, L_0000021f70794620, L_0000021f707ece60, C4<>;
L_0000021f707ebb00 .functor MUXZ 2, L_0000021f707ebf60, L_0000021f70794548, L_0000021f707ebc40, C4<>;
S_0000021f70777940 .scope generate, "gen_state[6]" "gen_state[6]" 4 108, 4 108 0, S_0000021f70664bc0;
 .timescale -9 -12;
P_0000021f70708510 .param/l "g" 0 4 108, +C4<0110>;
v0000021f70781f00_0 .net *"_ivl_1", 0 0, L_0000021f707ec000;  1 drivers
L_0000021f70794860 .functor BUFT 1, C4<0000000000000000000000>, C4<0>, C4<0>, C4<0>;
v0000021f70781780_0 .net *"_ivl_10", 21 0, L_0000021f70794860;  1 drivers
L_0000021f707948a8 .functor BUFT 1, C4<00000000000000000000000000000000>, C4<0>, C4<0>, C4<0>;
v0000021f70782680_0 .net/2u *"_ivl_11", 31 0, L_0000021f707948a8;  1 drivers
v0000021f70781be0_0 .net *"_ivl_13", 0 0, L_0000021f707ec0a0;  1 drivers
L_0000021f707948f0 .functor BUFT 1, C4<11>, C4<0>, C4<0>, C4<0>;
v0000021f70781e60_0 .net/2u *"_ivl_15", 1 0, L_0000021f707948f0;  1 drivers
v0000021f70781dc0_0 .net *"_ivl_18", 31 0, L_0000021f707edae0;  1 drivers
L_0000021f70794938 .functor BUFT 1, C4<0000000000000000000000>, C4<0>, C4<0>, C4<0>;
v0000021f70781b40_0 .net *"_ivl_21", 21 0, L_0000021f70794938;  1 drivers
L_0000021f70794980 .functor BUFT 1, C4<00000000000000000000000000000000>, C4<0>, C4<0>, C4<0>;
v0000021f70781960_0 .net/2u *"_ivl_22", 31 0, L_0000021f70794980;  1 drivers
v0000021f70782180_0 .net *"_ivl_24", 0 0, L_0000021f707ecaa0;  1 drivers
L_0000021f707949c8 .functor BUFT 1, C4<10>, C4<0>, C4<0>, C4<0>;
v0000021f70782a40_0 .net/2u *"_ivl_26", 1 0, L_0000021f707949c8;  1 drivers
L_0000021f70794a10 .functor BUFT 1, C4<0000000000000000>, C4<0>, C4<0>, C4<0>;
v0000021f70781c80_0 .net/2u *"_ivl_29", 15 0, L_0000021f70794a10;  1 drivers
v0000021f70781fa0_0 .net *"_ivl_3", 0 0, L_0000021f707ec6e0;  1 drivers
v0000021f707822c0_0 .net *"_ivl_31", 0 0, L_0000021f707ed5e0;  1 drivers
L_0000021f70794a58 .functor BUFT 1, C4<01>, C4<0>, C4<0>, C4<0>;
v0000021f70781500_0 .net/2u *"_ivl_33", 1 0, L_0000021f70794a58;  1 drivers
L_0000021f70794aa0 .functor BUFT 1, C4<00>, C4<0>, C4<0>, C4<0>;
v0000021f70782860_0 .net/2u *"_ivl_35", 1 0, L_0000021f70794aa0;  1 drivers
v0000021f70782220_0 .net *"_ivl_37", 1 0, L_0000021f707ec780;  1 drivers
v0000021f707825e0_0 .net *"_ivl_39", 1 0, L_0000021f707ee120;  1 drivers
L_0000021f70794818 .functor BUFT 1, C4<00>, C4<0>, C4<0>, C4<0>;
v0000021f707816e0_0 .net/2u *"_ivl_4", 1 0, L_0000021f70794818;  1 drivers
v0000021f707829a0_0 .net *"_ivl_41", 1 0, L_0000021f707ec460;  1 drivers
v0000021f70782900_0 .net *"_ivl_7", 31 0, L_0000021f707ee080;  1 drivers
L_0000021f707ec6e0 .reduce/nor L_0000021f707ec000;
v0000021f7078be90_6 .array/port v0000021f7078be90, 6;
L_0000021f707ee080 .concat [ 10 22 0 0], v0000021f7078be90_6, L_0000021f70794860;
L_0000021f707ec0a0 .cmp/eq 32, L_0000021f707ee080, L_0000021f707948a8;
v0000021f7078c890_6 .array/port v0000021f7078c890, 6;
L_0000021f707edae0 .concat [ 10 22 0 0], v0000021f7078c890_6, L_0000021f70794938;
L_0000021f707ecaa0 .cmp/eq 32, L_0000021f707edae0, L_0000021f70794980;
v0000021f7078bfd0_6 .array/port v0000021f7078bfd0, 6;
L_0000021f707ed5e0 .cmp/eq 16, v0000021f7078bfd0_6, L_0000021f70794a10;
L_0000021f707ec780 .functor MUXZ 2, L_0000021f70794aa0, L_0000021f70794a58, L_0000021f707ed5e0, C4<>;
L_0000021f707ee120 .functor MUXZ 2, L_0000021f707ec780, L_0000021f707949c8, L_0000021f707ecaa0, C4<>;
L_0000021f707ec460 .functor MUXZ 2, L_0000021f707ee120, L_0000021f707948f0, L_0000021f707ec0a0, C4<>;
L_0000021f707ec140 .functor MUXZ 2, L_0000021f707ec460, L_0000021f70794818, L_0000021f707ec6e0, C4<>;
S_0000021f70777c60 .scope generate, "gen_state[7]" "gen_state[7]" 4 108, 4 108 0, S_0000021f70664bc0;
 .timescale -9 -12;
P_0000021f70708f90 .param/l "g" 0 4 108, +C4<0111>;
v0000021f70782ae0_0 .net *"_ivl_1", 0 0, L_0000021f707edb80;  1 drivers
L_0000021f70794b30 .functor BUFT 1, C4<0000000000000000000000>, C4<0>, C4<0>, C4<0>;
v0000021f70782040_0 .net *"_ivl_10", 21 0, L_0000021f70794b30;  1 drivers
L_0000021f70794b78 .functor BUFT 1, C4<00000000000000000000000000000000>, C4<0>, C4<0>, C4<0>;
v0000021f70781d20_0 .net/2u *"_ivl_11", 31 0, L_0000021f70794b78;  1 drivers
v0000021f70781820_0 .net *"_ivl_13", 0 0, L_0000021f707ed720;  1 drivers
L_0000021f70794bc0 .functor BUFT 1, C4<11>, C4<0>, C4<0>, C4<0>;
v0000021f707815a0_0 .net/2u *"_ivl_15", 1 0, L_0000021f70794bc0;  1 drivers
v0000021f70782400_0 .net *"_ivl_18", 31 0, L_0000021f707ed360;  1 drivers
L_0000021f70794c08 .functor BUFT 1, C4<0000000000000000000000>, C4<0>, C4<0>, C4<0>;
v0000021f707820e0_0 .net *"_ivl_21", 21 0, L_0000021f70794c08;  1 drivers
L_0000021f70794c50 .functor BUFT 1, C4<00000000000000000000000000000000>, C4<0>, C4<0>, C4<0>;
v0000021f70782540_0 .net/2u *"_ivl_22", 31 0, L_0000021f70794c50;  1 drivers
v0000021f70782360_0 .net *"_ivl_24", 0 0, L_0000021f707ec1e0;  1 drivers
L_0000021f70794c98 .functor BUFT 1, C4<10>, C4<0>, C4<0>, C4<0>;
v0000021f707824a0_0 .net/2u *"_ivl_26", 1 0, L_0000021f70794c98;  1 drivers
L_0000021f70794ce0 .functor BUFT 1, C4<0000000000000000>, C4<0>, C4<0>, C4<0>;
v0000021f707818c0_0 .net/2u *"_ivl_29", 15 0, L_0000021f70794ce0;  1 drivers
v0000021f70782720_0 .net *"_ivl_3", 0 0, L_0000021f707ebe20;  1 drivers
v0000021f70781a00_0 .net *"_ivl_31", 0 0, L_0000021f707ed680;  1 drivers
L_0000021f70794d28 .functor BUFT 1, C4<01>, C4<0>, C4<0>, C4<0>;
v0000021f70781640_0 .net/2u *"_ivl_33", 1 0, L_0000021f70794d28;  1 drivers
L_0000021f70794d70 .functor BUFT 1, C4<00>, C4<0>, C4<0>, C4<0>;
v0000021f70784b10_0 .net/2u *"_ivl_35", 1 0, L_0000021f70794d70;  1 drivers
v0000021f70782f90_0 .net *"_ivl_37", 1 0, L_0000021f707ec640;  1 drivers
v0000021f707830d0_0 .net *"_ivl_39", 1 0, L_0000021f707ec280;  1 drivers
L_0000021f70794ae8 .functor BUFT 1, C4<00>, C4<0>, C4<0>, C4<0>;
v0000021f707842f0_0 .net/2u *"_ivl_4", 1 0, L_0000021f70794ae8;  1 drivers
v0000021f70782d10_0 .net *"_ivl_41", 1 0, L_0000021f707ed7c0;  1 drivers
v0000021f70784f70_0 .net *"_ivl_7", 31 0, L_0000021f707ed180;  1 drivers
L_0000021f707ebe20 .reduce/nor L_0000021f707edb80;
v0000021f7078be90_7 .array/port v0000021f7078be90, 7;
L_0000021f707ed180 .concat [ 10 22 0 0], v0000021f7078be90_7, L_0000021f70794b30;
L_0000021f707ed720 .cmp/eq 32, L_0000021f707ed180, L_0000021f70794b78;
v0000021f7078c890_7 .array/port v0000021f7078c890, 7;
L_0000021f707ed360 .concat [ 10 22 0 0], v0000021f7078c890_7, L_0000021f70794c08;
L_0000021f707ec1e0 .cmp/eq 32, L_0000021f707ed360, L_0000021f70794c50;
v0000021f7078bfd0_7 .array/port v0000021f7078bfd0, 7;
L_0000021f707ed680 .cmp/eq 16, v0000021f7078bfd0_7, L_0000021f70794ce0;
L_0000021f707ec640 .functor MUXZ 2, L_0000021f70794d70, L_0000021f70794d28, L_0000021f707ed680, C4<>;
L_0000021f707ec280 .functor MUXZ 2, L_0000021f707ec640, L_0000021f70794c98, L_0000021f707ec1e0, C4<>;
L_0000021f707ed7c0 .functor MUXZ 2, L_0000021f707ec280, L_0000021f70794bc0, L_0000021f707ed720, C4<>;
L_0000021f707ed4a0 .functor MUXZ 2, L_0000021f707ed7c0, L_0000021f70794ae8, L_0000021f707ebe20, C4<>;
S_0000021f70777df0 .scope generate, "gen_state[8]" "gen_state[8]" 4 108, 4 108 0, S_0000021f70664bc0;
 .timescale -9 -12;
P_0000021f707089d0 .param/l "g" 0 4 108, +C4<01000>;
v0000021f70783030_0 .net *"_ivl_1", 0 0, L_0000021f707edc20;  1 drivers
L_0000021f70794e00 .functor BUFT 1, C4<0000000000000000000000>, C4<0>, C4<0>, C4<0>;
v0000021f70785470_0 .net *"_ivl_10", 21 0, L_0000021f70794e00;  1 drivers
L_0000021f70794e48 .functor BUFT 1, C4<00000000000000000000000000000000>, C4<0>, C4<0>, C4<0>;
v0000021f707832b0_0 .net/2u *"_ivl_11", 31 0, L_0000021f70794e48;  1 drivers
v0000021f70784110_0 .net *"_ivl_13", 0 0, L_0000021f707ecb40;  1 drivers
L_0000021f70794e90 .functor BUFT 1, C4<11>, C4<0>, C4<0>, C4<0>;
v0000021f70783850_0 .net/2u *"_ivl_15", 1 0, L_0000021f70794e90;  1 drivers
v0000021f70783670_0 .net *"_ivl_18", 31 0, L_0000021f707ec320;  1 drivers
L_0000021f70794ed8 .functor BUFT 1, C4<0000000000000000000000>, C4<0>, C4<0>, C4<0>;
v0000021f70784430_0 .net *"_ivl_21", 21 0, L_0000021f70794ed8;  1 drivers
L_0000021f70794f20 .functor BUFT 1, C4<00000000000000000000000000000000>, C4<0>, C4<0>, C4<0>;
v0000021f707850b0_0 .net/2u *"_ivl_22", 31 0, L_0000021f70794f20;  1 drivers
v0000021f70783df0_0 .net *"_ivl_24", 0 0, L_0000021f707ed400;  1 drivers
L_0000021f70794f68 .functor BUFT 1, C4<10>, C4<0>, C4<0>, C4<0>;
v0000021f70783170_0 .net/2u *"_ivl_26", 1 0, L_0000021f70794f68;  1 drivers
L_0000021f70794fb0 .functor BUFT 1, C4<0000000000000000>, C4<0>, C4<0>, C4<0>;
v0000021f70783d50_0 .net/2u *"_ivl_29", 15 0, L_0000021f70794fb0;  1 drivers
v0000021f70784570_0 .net *"_ivl_3", 0 0, L_0000021f707eb9c0;  1 drivers
v0000021f70784390_0 .net *"_ivl_31", 0 0, L_0000021f707edd60;  1 drivers
L_0000021f70794ff8 .functor BUFT 1, C4<01>, C4<0>, C4<0>, C4<0>;
v0000021f70785010_0 .net/2u *"_ivl_33", 1 0, L_0000021f70794ff8;  1 drivers
L_0000021f70795040 .functor BUFT 1, C4<00>, C4<0>, C4<0>, C4<0>;
v0000021f70785330_0 .net/2u *"_ivl_35", 1 0, L_0000021f70795040;  1 drivers
v0000021f70783f30_0 .net *"_ivl_37", 1 0, L_0000021f707ed2c0;  1 drivers
v0000021f70783710_0 .net *"_ivl_39", 1 0, L_0000021f707ede00;  1 drivers
L_0000021f70794db8 .functor BUFT 1, C4<00>, C4<0>, C4<0>, C4<0>;
v0000021f707853d0_0 .net/2u *"_ivl_4", 1 0, L_0000021f70794db8;  1 drivers
v0000021f70784d90_0 .net *"_ivl_41", 1 0, L_0000021f707edea0;  1 drivers
v0000021f70783210_0 .net *"_ivl_7", 31 0, L_0000021f707ed540;  1 drivers
L_0000021f707eb9c0 .reduce/nor L_0000021f707edc20;
v0000021f7078be90_8 .array/port v0000021f7078be90, 8;
L_0000021f707ed540 .concat [ 10 22 0 0], v0000021f7078be90_8, L_0000021f70794e00;
L_0000021f707ecb40 .cmp/eq 32, L_0000021f707ed540, L_0000021f70794e48;
v0000021f7078c890_8 .array/port v0000021f7078c890, 8;
L_0000021f707ec320 .concat [ 10 22 0 0], v0000021f7078c890_8, L_0000021f70794ed8;
L_0000021f707ed400 .cmp/eq 32, L_0000021f707ec320, L_0000021f70794f20;
v0000021f7078bfd0_8 .array/port v0000021f7078bfd0, 8;
L_0000021f707edd60 .cmp/eq 16, v0000021f7078bfd0_8, L_0000021f70794fb0;
L_0000021f707ed2c0 .functor MUXZ 2, L_0000021f70795040, L_0000021f70794ff8, L_0000021f707edd60, C4<>;
L_0000021f707ede00 .functor MUXZ 2, L_0000021f707ed2c0, L_0000021f70794f68, L_0000021f707ed400, C4<>;
L_0000021f707edea0 .functor MUXZ 2, L_0000021f707ede00, L_0000021f70794e90, L_0000021f707ecb40, C4<>;
L_0000021f707ed860 .functor MUXZ 2, L_0000021f707edea0, L_0000021f70794db8, L_0000021f707eb9c0, C4<>;
S_0000021f70778110 .scope generate, "gen_state[9]" "gen_state[9]" 4 108, 4 108 0, S_0000021f70664bc0;
 .timescale -9 -12;
P_0000021f70708f10 .param/l "g" 0 4 108, +C4<01001>;
v0000021f707838f0_0 .net *"_ivl_1", 0 0, L_0000021f707edf40;  1 drivers
L_0000021f707950d0 .functor BUFT 1, C4<0000000000000000000000>, C4<0>, C4<0>, C4<0>;
v0000021f707841b0_0 .net *"_ivl_10", 21 0, L_0000021f707950d0;  1 drivers
L_0000021f70795118 .functor BUFT 1, C4<00000000000000000000000000000000>, C4<0>, C4<0>, C4<0>;
v0000021f707844d0_0 .net/2u *"_ivl_11", 31 0, L_0000021f70795118;  1 drivers
v0000021f70783350_0 .net *"_ivl_13", 0 0, L_0000021f707edfe0;  1 drivers
L_0000021f70795160 .functor BUFT 1, C4<11>, C4<0>, C4<0>, C4<0>;
v0000021f70784930_0 .net/2u *"_ivl_15", 1 0, L_0000021f70795160;  1 drivers
v0000021f707849d0_0 .net *"_ivl_18", 31 0, L_0000021f707ec8c0;  1 drivers
L_0000021f707951a8 .functor BUFT 1, C4<0000000000000000000000>, C4<0>, C4<0>, C4<0>;
v0000021f70782db0_0 .net *"_ivl_21", 21 0, L_0000021f707951a8;  1 drivers
L_0000021f707951f0 .functor BUFT 1, C4<00000000000000000000000000000000>, C4<0>, C4<0>, C4<0>;
v0000021f70784610_0 .net/2u *"_ivl_22", 31 0, L_0000021f707951f0;  1 drivers
v0000021f70784250_0 .net *"_ivl_24", 0 0, L_0000021f707ecc80;  1 drivers
L_0000021f70795238 .functor BUFT 1, C4<10>, C4<0>, C4<0>, C4<0>;
v0000021f70783e90_0 .net/2u *"_ivl_26", 1 0, L_0000021f70795238;  1 drivers
L_0000021f70795280 .functor BUFT 1, C4<0000000000000000>, C4<0>, C4<0>, C4<0>;
v0000021f70783fd0_0 .net/2u *"_ivl_29", 15 0, L_0000021f70795280;  1 drivers
v0000021f707846b0_0 .net *"_ivl_3", 0 0, L_0000021f707ecdc0;  1 drivers
v0000021f70784750_0 .net *"_ivl_31", 0 0, L_0000021f707ed900;  1 drivers
L_0000021f707952c8 .functor BUFT 1, C4<01>, C4<0>, C4<0>, C4<0>;
v0000021f70784890_0 .net/2u *"_ivl_33", 1 0, L_0000021f707952c8;  1 drivers
L_0000021f70795310 .functor BUFT 1, C4<00>, C4<0>, C4<0>, C4<0>;
v0000021f707833f0_0 .net/2u *"_ivl_35", 1 0, L_0000021f70795310;  1 drivers
v0000021f70783c10_0 .net *"_ivl_37", 1 0, L_0000021f707ecd20;  1 drivers
v0000021f70783990_0 .net *"_ivl_39", 1 0, L_0000021f707ecfa0;  1 drivers
L_0000021f70795088 .functor BUFT 1, C4<00>, C4<0>, C4<0>, C4<0>;
v0000021f707837b0_0 .net/2u *"_ivl_4", 1 0, L_0000021f70795088;  1 drivers
v0000021f707847f0_0 .net *"_ivl_41", 1 0, L_0000021f707ed9a0;  1 drivers
v0000021f70785150_0 .net *"_ivl_7", 31 0, L_0000021f707ec820;  1 drivers
L_0000021f707ecdc0 .reduce/nor L_0000021f707edf40;
v0000021f7078be90_9 .array/port v0000021f7078be90, 9;
L_0000021f707ec820 .concat [ 10 22 0 0], v0000021f7078be90_9, L_0000021f707950d0;
L_0000021f707edfe0 .cmp/eq 32, L_0000021f707ec820, L_0000021f70795118;
v0000021f7078c890_9 .array/port v0000021f7078c890, 9;
L_0000021f707ec8c0 .concat [ 10 22 0 0], v0000021f7078c890_9, L_0000021f707951a8;
L_0000021f707ecc80 .cmp/eq 32, L_0000021f707ec8c0, L_0000021f707951f0;
v0000021f7078bfd0_9 .array/port v0000021f7078bfd0, 9;
L_0000021f707ed900 .cmp/eq 16, v0000021f7078bfd0_9, L_0000021f70795280;
L_0000021f707ecd20 .functor MUXZ 2, L_0000021f70795310, L_0000021f707952c8, L_0000021f707ed900, C4<>;
L_0000021f707ecfa0 .functor MUXZ 2, L_0000021f707ecd20, L_0000021f70795238, L_0000021f707ecc80, C4<>;
L_0000021f707ed9a0 .functor MUXZ 2, L_0000021f707ecfa0, L_0000021f70795160, L_0000021f707edfe0, C4<>;
L_0000021f707ed040 .functor MUXZ 2, L_0000021f707ed9a0, L_0000021f70795088, L_0000021f707ecdc0, C4<>;
S_0000021f70778430 .scope generate, "gen_state[10]" "gen_state[10]" 4 108, 4 108 0, S_0000021f70664bc0;
 .timescale -9 -12;
P_0000021f70708dd0 .param/l "g" 0 4 108, +C4<01010>;
v0000021f70783530_0 .net *"_ivl_1", 0 0, L_0000021f707eba60;  1 drivers
L_0000021f707953a0 .functor BUFT 1, C4<0000000000000000000000>, C4<0>, C4<0>, C4<0>;
v0000021f70784a70_0 .net *"_ivl_10", 21 0, L_0000021f707953a0;  1 drivers
L_0000021f707953e8 .functor BUFT 1, C4<00000000000000000000000000000000>, C4<0>, C4<0>, C4<0>;
v0000021f70783a30_0 .net/2u *"_ivl_11", 31 0, L_0000021f707953e8;  1 drivers
v0000021f70784070_0 .net *"_ivl_13", 0 0, L_0000021f707ebce0;  1 drivers
L_0000021f70795430 .functor BUFT 1, C4<11>, C4<0>, C4<0>, C4<0>;
v0000021f70783ad0_0 .net/2u *"_ivl_15", 1 0, L_0000021f70795430;  1 drivers
v0000021f70782e50_0 .net *"_ivl_18", 31 0, L_0000021f707ee4e0;  1 drivers
L_0000021f70795478 .functor BUFT 1, C4<0000000000000000000000>, C4<0>, C4<0>, C4<0>;
v0000021f70783b70_0 .net *"_ivl_21", 21 0, L_0000021f70795478;  1 drivers
L_0000021f707954c0 .functor BUFT 1, C4<00000000000000000000000000000000>, C4<0>, C4<0>, C4<0>;
v0000021f70783cb0_0 .net/2u *"_ivl_22", 31 0, L_0000021f707954c0;  1 drivers
v0000021f70784cf0_0 .net *"_ivl_24", 0 0, L_0000021f707f0560;  1 drivers
L_0000021f70795508 .functor BUFT 1, C4<10>, C4<0>, C4<0>, C4<0>;
v0000021f70784bb0_0 .net/2u *"_ivl_26", 1 0, L_0000021f70795508;  1 drivers
L_0000021f70795550 .functor BUFT 1, C4<0000000000000000>, C4<0>, C4<0>, C4<0>;
v0000021f70784c50_0 .net/2u *"_ivl_29", 15 0, L_0000021f70795550;  1 drivers
v0000021f707835d0_0 .net *"_ivl_3", 0 0, L_0000021f707ebba0;  1 drivers
v0000021f70782ef0_0 .net *"_ivl_31", 0 0, L_0000021f707f0600;  1 drivers
L_0000021f70795598 .functor BUFT 1, C4<01>, C4<0>, C4<0>, C4<0>;
v0000021f70783490_0 .net/2u *"_ivl_33", 1 0, L_0000021f70795598;  1 drivers
L_0000021f707955e0 .functor BUFT 1, C4<00>, C4<0>, C4<0>, C4<0>;
v0000021f70784e30_0 .net/2u *"_ivl_35", 1 0, L_0000021f707955e0;  1 drivers
v0000021f70784ed0_0 .net *"_ivl_37", 1 0, L_0000021f707ee940;  1 drivers
v0000021f707851f0_0 .net *"_ivl_39", 1 0, L_0000021f707ef7a0;  1 drivers
L_0000021f70795358 .functor BUFT 1, C4<00>, C4<0>, C4<0>, C4<0>;
v0000021f70785290_0 .net/2u *"_ivl_4", 1 0, L_0000021f70795358;  1 drivers
v0000021f70786550_0 .net *"_ivl_41", 1 0, L_0000021f707f01a0;  1 drivers
v0000021f70785a10_0 .net *"_ivl_7", 31 0, L_0000021f707ed220;  1 drivers
L_0000021f707ebba0 .reduce/nor L_0000021f707eba60;
v0000021f7078be90_10 .array/port v0000021f7078be90, 10;
L_0000021f707ed220 .concat [ 10 22 0 0], v0000021f7078be90_10, L_0000021f707953a0;
L_0000021f707ebce0 .cmp/eq 32, L_0000021f707ed220, L_0000021f707953e8;
v0000021f7078c890_10 .array/port v0000021f7078c890, 10;
L_0000021f707ee4e0 .concat [ 10 22 0 0], v0000021f7078c890_10, L_0000021f70795478;
L_0000021f707f0560 .cmp/eq 32, L_0000021f707ee4e0, L_0000021f707954c0;
v0000021f7078bfd0_10 .array/port v0000021f7078bfd0, 10;
L_0000021f707f0600 .cmp/eq 16, v0000021f7078bfd0_10, L_0000021f70795550;
L_0000021f707ee940 .functor MUXZ 2, L_0000021f707955e0, L_0000021f70795598, L_0000021f707f0600, C4<>;
L_0000021f707ef7a0 .functor MUXZ 2, L_0000021f707ee940, L_0000021f70795508, L_0000021f707f0560, C4<>;
L_0000021f707f01a0 .functor MUXZ 2, L_0000021f707ef7a0, L_0000021f70795430, L_0000021f707ebce0, C4<>;
L_0000021f707f07e0 .functor MUXZ 2, L_0000021f707f01a0, L_0000021f70795358, L_0000021f707ebba0, C4<>;
S_0000021f70786d10 .scope generate, "gen_state[11]" "gen_state[11]" 4 108, 4 108 0, S_0000021f70664bc0;
 .timescale -9 -12;
P_0000021f70708610 .param/l "g" 0 4 108, +C4<01011>;
v0000021f70786b90_0 .net *"_ivl_1", 0 0, L_0000021f707ee620;  1 drivers
L_0000021f70795670 .functor BUFT 1, C4<0000000000000000000000>, C4<0>, C4<0>, C4<0>;
v0000021f70785c90_0 .net *"_ivl_10", 21 0, L_0000021f70795670;  1 drivers
L_0000021f707956b8 .functor BUFT 1, C4<00000000000000000000000000000000>, C4<0>, C4<0>, C4<0>;
v0000021f70785f10_0 .net/2u *"_ivl_11", 31 0, L_0000021f707956b8;  1 drivers
v0000021f70786a50_0 .net *"_ivl_13", 0 0, L_0000021f707ee3a0;  1 drivers
L_0000021f70795700 .functor BUFT 1, C4<11>, C4<0>, C4<0>, C4<0>;
v0000021f70785970_0 .net/2u *"_ivl_15", 1 0, L_0000021f70795700;  1 drivers
v0000021f70785b50_0 .net *"_ivl_18", 31 0, L_0000021f707f02e0;  1 drivers
L_0000021f70795748 .functor BUFT 1, C4<0000000000000000000000>, C4<0>, C4<0>, C4<0>;
v0000021f70786690_0 .net *"_ivl_21", 21 0, L_0000021f70795748;  1 drivers
L_0000021f70795790 .functor BUFT 1, C4<00000000000000000000000000000000>, C4<0>, C4<0>, C4<0>;
v0000021f70786410_0 .net/2u *"_ivl_22", 31 0, L_0000021f70795790;  1 drivers
v0000021f70785e70_0 .net *"_ivl_24", 0 0, L_0000021f707ef5c0;  1 drivers
L_0000021f707957d8 .functor BUFT 1, C4<10>, C4<0>, C4<0>, C4<0>;
v0000021f70785d30_0 .net/2u *"_ivl_26", 1 0, L_0000021f707957d8;  1 drivers
L_0000021f70795820 .functor BUFT 1, C4<0000000000000000>, C4<0>, C4<0>, C4<0>;
v0000021f707855b0_0 .net/2u *"_ivl_29", 15 0, L_0000021f70795820;  1 drivers
v0000021f70785510_0 .net *"_ivl_3", 0 0, L_0000021f707f0240;  1 drivers
v0000021f707867d0_0 .net *"_ivl_31", 0 0, L_0000021f707ee440;  1 drivers
L_0000021f70795868 .functor BUFT 1, C4<01>, C4<0>, C4<0>, C4<0>;
v0000021f707862d0_0 .net/2u *"_ivl_33", 1 0, L_0000021f70795868;  1 drivers
L_0000021f707958b0 .functor BUFT 1, C4<00>, C4<0>, C4<0>, C4<0>;
v0000021f70785650_0 .net/2u *"_ivl_35", 1 0, L_0000021f707958b0;  1 drivers
v0000021f70785fb0_0 .net *"_ivl_37", 1 0, L_0000021f707eff20;  1 drivers
v0000021f70786050_0 .net *"_ivl_39", 1 0, L_0000021f707eea80;  1 drivers
L_0000021f70795628 .functor BUFT 1, C4<00>, C4<0>, C4<0>, C4<0>;
v0000021f707856f0_0 .net/2u *"_ivl_4", 1 0, L_0000021f70795628;  1 drivers
v0000021f707869b0_0 .net *"_ivl_41", 1 0, L_0000021f707ee580;  1 drivers
v0000021f70786370_0 .net *"_ivl_7", 31 0, L_0000021f707effc0;  1 drivers
L_0000021f707f0240 .reduce/nor L_0000021f707ee620;
v0000021f7078be90_11 .array/port v0000021f7078be90, 11;
L_0000021f707effc0 .concat [ 10 22 0 0], v0000021f7078be90_11, L_0000021f70795670;
L_0000021f707ee3a0 .cmp/eq 32, L_0000021f707effc0, L_0000021f707956b8;
v0000021f7078c890_11 .array/port v0000021f7078c890, 11;
L_0000021f707f02e0 .concat [ 10 22 0 0], v0000021f7078c890_11, L_0000021f70795748;
L_0000021f707ef5c0 .cmp/eq 32, L_0000021f707f02e0, L_0000021f70795790;
v0000021f7078bfd0_11 .array/port v0000021f7078bfd0, 11;
L_0000021f707ee440 .cmp/eq 16, v0000021f7078bfd0_11, L_0000021f70795820;
L_0000021f707eff20 .functor MUXZ 2, L_0000021f707958b0, L_0000021f70795868, L_0000021f707ee440, C4<>;
L_0000021f707eea80 .functor MUXZ 2, L_0000021f707eff20, L_0000021f707957d8, L_0000021f707ef5c0, C4<>;
L_0000021f707ee580 .functor MUXZ 2, L_0000021f707eea80, L_0000021f70795700, L_0000021f707ee3a0, C4<>;
L_0000021f707f0880 .functor MUXZ 2, L_0000021f707ee580, L_0000021f70795628, L_0000021f707f0240, C4<>;
S_0000021f70788480 .scope generate, "gen_state[12]" "gen_state[12]" 4 108, 4 108 0, S_0000021f70664bc0;
 .timescale -9 -12;
P_0000021f70708f50 .param/l "g" 0 4 108, +C4<01100>;
v0000021f70785790_0 .net *"_ivl_1", 0 0, L_0000021f707ee6c0;  1 drivers
L_0000021f70795940 .functor BUFT 1, C4<0000000000000000000000>, C4<0>, C4<0>, C4<0>;
v0000021f70785bf0_0 .net *"_ivl_10", 21 0, L_0000021f70795940;  1 drivers
L_0000021f70795988 .functor BUFT 1, C4<00000000000000000000000000000000>, C4<0>, C4<0>, C4<0>;
v0000021f70785830_0 .net/2u *"_ivl_11", 31 0, L_0000021f70795988;  1 drivers
v0000021f70786730_0 .net *"_ivl_13", 0 0, L_0000021f707ef660;  1 drivers
L_0000021f707959d0 .functor BUFT 1, C4<11>, C4<0>, C4<0>, C4<0>;
v0000021f707858d0_0 .net/2u *"_ivl_15", 1 0, L_0000021f707959d0;  1 drivers
v0000021f70786af0_0 .net *"_ivl_18", 31 0, L_0000021f707f06a0;  1 drivers
L_0000021f70795a18 .functor BUFT 1, C4<0000000000000000000000>, C4<0>, C4<0>, C4<0>;
v0000021f707860f0_0 .net *"_ivl_21", 21 0, L_0000021f70795a18;  1 drivers
L_0000021f70795a60 .functor BUFT 1, C4<00000000000000000000000000000000>, C4<0>, C4<0>, C4<0>;
v0000021f70785ab0_0 .net/2u *"_ivl_22", 31 0, L_0000021f70795a60;  1 drivers
v0000021f70785dd0_0 .net *"_ivl_24", 0 0, L_0000021f707eec60;  1 drivers
L_0000021f70795aa8 .functor BUFT 1, C4<10>, C4<0>, C4<0>, C4<0>;
v0000021f70786190_0 .net/2u *"_ivl_26", 1 0, L_0000021f70795aa8;  1 drivers
L_0000021f70795af0 .functor BUFT 1, C4<0000000000000000>, C4<0>, C4<0>, C4<0>;
v0000021f70786230_0 .net/2u *"_ivl_29", 15 0, L_0000021f70795af0;  1 drivers
v0000021f707864b0_0 .net *"_ivl_3", 0 0, L_0000021f707efde0;  1 drivers
v0000021f707865f0_0 .net *"_ivl_31", 0 0, L_0000021f707eed00;  1 drivers
L_0000021f70795b38 .functor BUFT 1, C4<01>, C4<0>, C4<0>, C4<0>;
v0000021f70786870_0 .net/2u *"_ivl_33", 1 0, L_0000021f70795b38;  1 drivers
L_0000021f70795b80 .functor BUFT 1, C4<00>, C4<0>, C4<0>, C4<0>;
v0000021f70786910_0 .net/2u *"_ivl_35", 1 0, L_0000021f70795b80;  1 drivers
v0000021f7078ac70_0 .net *"_ivl_37", 1 0, L_0000021f707ee9e0;  1 drivers
v0000021f7078a090_0 .net *"_ivl_39", 1 0, L_0000021f707ef2a0;  1 drivers
L_0000021f707958f8 .functor BUFT 1, C4<00>, C4<0>, C4<0>, C4<0>;
v0000021f70789af0_0 .net/2u *"_ivl_4", 1 0, L_0000021f707958f8;  1 drivers
v0000021f7078a6d0_0 .net *"_ivl_41", 1 0, L_0000021f707eeb20;  1 drivers
v0000021f70789c30_0 .net *"_ivl_7", 31 0, L_0000021f707ef840;  1 drivers
L_0000021f707efde0 .reduce/nor L_0000021f707ee6c0;
v0000021f7078be90_12 .array/port v0000021f7078be90, 12;
L_0000021f707ef840 .concat [ 10 22 0 0], v0000021f7078be90_12, L_0000021f70795940;
L_0000021f707ef660 .cmp/eq 32, L_0000021f707ef840, L_0000021f70795988;
v0000021f7078c890_12 .array/port v0000021f7078c890, 12;
L_0000021f707f06a0 .concat [ 10 22 0 0], v0000021f7078c890_12, L_0000021f70795a18;
L_0000021f707eec60 .cmp/eq 32, L_0000021f707f06a0, L_0000021f70795a60;
v0000021f7078bfd0_12 .array/port v0000021f7078bfd0, 12;
L_0000021f707eed00 .cmp/eq 16, v0000021f7078bfd0_12, L_0000021f70795af0;
L_0000021f707ee9e0 .functor MUXZ 2, L_0000021f70795b80, L_0000021f70795b38, L_0000021f707eed00, C4<>;
L_0000021f707ef2a0 .functor MUXZ 2, L_0000021f707ee9e0, L_0000021f70795aa8, L_0000021f707eec60, C4<>;
L_0000021f707eeb20 .functor MUXZ 2, L_0000021f707ef2a0, L_0000021f707959d0, L_0000021f707ef660, C4<>;
L_0000021f707eebc0 .functor MUXZ 2, L_0000021f707eeb20, L_0000021f707958f8, L_0000021f707efde0, C4<>;
S_0000021f70788610 .scope generate, "gen_state[13]" "gen_state[13]" 4 108, 4 108 0, S_0000021f70664bc0;
 .timescale -9 -12;
P_0000021f70708fd0 .param/l "g" 0 4 108, +C4<01101>;
v0000021f707895f0_0 .net *"_ivl_1", 0 0, L_0000021f707eeda0;  1 drivers
L_0000021f70795c10 .functor BUFT 1, C4<0000000000000000000000>, C4<0>, C4<0>, C4<0>;
v0000021f7078a130_0 .net *"_ivl_10", 21 0, L_0000021f70795c10;  1 drivers
L_0000021f70795c58 .functor BUFT 1, C4<00000000000000000000000000000000>, C4<0>, C4<0>, C4<0>;
v0000021f7078ad10_0 .net/2u *"_ivl_11", 31 0, L_0000021f70795c58;  1 drivers
v0000021f7078a8b0_0 .net *"_ivl_13", 0 0, L_0000021f707ee800;  1 drivers
L_0000021f70795ca0 .functor BUFT 1, C4<11>, C4<0>, C4<0>, C4<0>;
v0000021f7078b350_0 .net/2u *"_ivl_15", 1 0, L_0000021f70795ca0;  1 drivers
v0000021f7078ab30_0 .net *"_ivl_18", 31 0, L_0000021f707eeee0;  1 drivers
L_0000021f70795ce8 .functor BUFT 1, C4<0000000000000000000000>, C4<0>, C4<0>, C4<0>;
v0000021f70788fb0_0 .net *"_ivl_21", 21 0, L_0000021f70795ce8;  1 drivers
L_0000021f70795d30 .functor BUFT 1, C4<00000000000000000000000000000000>, C4<0>, C4<0>, C4<0>;
v0000021f707890f0_0 .net/2u *"_ivl_22", 31 0, L_0000021f70795d30;  1 drivers
v0000021f7078a9f0_0 .net *"_ivl_24", 0 0, L_0000021f707ee760;  1 drivers
L_0000021f70795d78 .functor BUFT 1, C4<10>, C4<0>, C4<0>, C4<0>;
v0000021f70788d30_0 .net/2u *"_ivl_26", 1 0, L_0000021f70795d78;  1 drivers
L_0000021f70795dc0 .functor BUFT 1, C4<0000000000000000>, C4<0>, C4<0>, C4<0>;
v0000021f7078a590_0 .net/2u *"_ivl_29", 15 0, L_0000021f70795dc0;  1 drivers
v0000021f7078a1d0_0 .net *"_ivl_3", 0 0, L_0000021f707ef700;  1 drivers
v0000021f70789730_0 .net *"_ivl_31", 0 0, L_0000021f707f0380;  1 drivers
L_0000021f70795e08 .functor BUFT 1, C4<01>, C4<0>, C4<0>, C4<0>;
v0000021f70789550_0 .net/2u *"_ivl_33", 1 0, L_0000021f70795e08;  1 drivers
L_0000021f70795e50 .functor BUFT 1, C4<00>, C4<0>, C4<0>, C4<0>;
v0000021f7078a270_0 .net/2u *"_ivl_35", 1 0, L_0000021f70795e50;  1 drivers
v0000021f7078a310_0 .net *"_ivl_37", 1 0, L_0000021f707eef80;  1 drivers
v0000021f707897d0_0 .net *"_ivl_39", 1 0, L_0000021f707ee300;  1 drivers
L_0000021f70795bc8 .functor BUFT 1, C4<00>, C4<0>, C4<0>, C4<0>;
v0000021f7078b3f0_0 .net/2u *"_ivl_4", 1 0, L_0000021f70795bc8;  1 drivers
v0000021f70789870_0 .net *"_ivl_41", 1 0, L_0000021f707ef020;  1 drivers
v0000021f70789e10_0 .net *"_ivl_7", 31 0, L_0000021f707eee40;  1 drivers
L_0000021f707ef700 .reduce/nor L_0000021f707eeda0;
v0000021f7078be90_13 .array/port v0000021f7078be90, 13;
L_0000021f707eee40 .concat [ 10 22 0 0], v0000021f7078be90_13, L_0000021f70795c10;
L_0000021f707ee800 .cmp/eq 32, L_0000021f707eee40, L_0000021f70795c58;
v0000021f7078c890_13 .array/port v0000021f7078c890, 13;
L_0000021f707eeee0 .concat [ 10 22 0 0], v0000021f7078c890_13, L_0000021f70795ce8;
L_0000021f707ee760 .cmp/eq 32, L_0000021f707eeee0, L_0000021f70795d30;
v0000021f7078bfd0_13 .array/port v0000021f7078bfd0, 13;
L_0000021f707f0380 .cmp/eq 16, v0000021f7078bfd0_13, L_0000021f70795dc0;
L_0000021f707eef80 .functor MUXZ 2, L_0000021f70795e50, L_0000021f70795e08, L_0000021f707f0380, C4<>;
L_0000021f707ee300 .functor MUXZ 2, L_0000021f707eef80, L_0000021f70795d78, L_0000021f707ee760, C4<>;
L_0000021f707ef020 .functor MUXZ 2, L_0000021f707ee300, L_0000021f70795ca0, L_0000021f707ee800, C4<>;
L_0000021f707ef3e0 .functor MUXZ 2, L_0000021f707ef020, L_0000021f70795bc8, L_0000021f707ef700, C4<>;
S_0000021f707882f0 .scope generate, "gen_state[14]" "gen_state[14]" 4 108, 4 108 0, S_0000021f70664bc0;
 .timescale -9 -12;
P_0000021f70709150 .param/l "g" 0 4 108, +C4<01110>;
v0000021f70789910_0 .net *"_ivl_1", 0 0, L_0000021f707f0740;  1 drivers
L_0000021f70795ee0 .functor BUFT 1, C4<0000000000000000000000>, C4<0>, C4<0>, C4<0>;
v0000021f70789050_0 .net *"_ivl_10", 21 0, L_0000021f70795ee0;  1 drivers
L_0000021f70795f28 .functor BUFT 1, C4<00000000000000000000000000000000>, C4<0>, C4<0>, C4<0>;
v0000021f70789690_0 .net/2u *"_ivl_11", 31 0, L_0000021f70795f28;  1 drivers
v0000021f7078a3b0_0 .net *"_ivl_13", 0 0, L_0000021f707f0420;  1 drivers
L_0000021f70795f70 .functor BUFT 1, C4<11>, C4<0>, C4<0>, C4<0>;
v0000021f7078af90_0 .net/2u *"_ivl_15", 1 0, L_0000021f70795f70;  1 drivers
v0000021f70789ff0_0 .net *"_ivl_18", 31 0, L_0000021f707ee1c0;  1 drivers
L_0000021f70795fb8 .functor BUFT 1, C4<0000000000000000000000>, C4<0>, C4<0>, C4<0>;
v0000021f7078b030_0 .net *"_ivl_21", 21 0, L_0000021f70795fb8;  1 drivers
L_0000021f70796000 .functor BUFT 1, C4<00000000000000000000000000000000>, C4<0>, C4<0>, C4<0>;
v0000021f7078a450_0 .net/2u *"_ivl_22", 31 0, L_0000021f70796000;  1 drivers
v0000021f7078b490_0 .net *"_ivl_24", 0 0, L_0000021f707efa20;  1 drivers
L_0000021f70796048 .functor BUFT 1, C4<10>, C4<0>, C4<0>, C4<0>;
v0000021f7078adb0_0 .net/2u *"_ivl_26", 1 0, L_0000021f70796048;  1 drivers
L_0000021f70796090 .functor BUFT 1, C4<0000000000000000>, C4<0>, C4<0>, C4<0>;
v0000021f70789190_0 .net/2u *"_ivl_29", 15 0, L_0000021f70796090;  1 drivers
v0000021f7078a4f0_0 .net *"_ivl_3", 0 0, L_0000021f707ee8a0;  1 drivers
v0000021f7078a630_0 .net *"_ivl_31", 0 0, L_0000021f707efac0;  1 drivers
L_0000021f707960d8 .functor BUFT 1, C4<01>, C4<0>, C4<0>, C4<0>;
v0000021f7078abd0_0 .net/2u *"_ivl_33", 1 0, L_0000021f707960d8;  1 drivers
L_0000021f70796120 .functor BUFT 1, C4<00>, C4<0>, C4<0>, C4<0>;
v0000021f707899b0_0 .net/2u *"_ivl_35", 1 0, L_0000021f70796120;  1 drivers
v0000021f70788dd0_0 .net *"_ivl_37", 1 0, L_0000021f707f0100;  1 drivers
v0000021f70788e70_0 .net *"_ivl_39", 1 0, L_0000021f707ef480;  1 drivers
L_0000021f70795e98 .functor BUFT 1, C4<00>, C4<0>, C4<0>, C4<0>;
v0000021f70789cd0_0 .net/2u *"_ivl_4", 1 0, L_0000021f70795e98;  1 drivers
v0000021f70789230_0 .net *"_ivl_41", 1 0, L_0000021f707f04c0;  1 drivers
v0000021f70789a50_0 .net *"_ivl_7", 31 0, L_0000021f707ef0c0;  1 drivers
L_0000021f707ee8a0 .reduce/nor L_0000021f707f0740;
v0000021f7078be90_14 .array/port v0000021f7078be90, 14;
L_0000021f707ef0c0 .concat [ 10 22 0 0], v0000021f7078be90_14, L_0000021f70795ee0;
L_0000021f707f0420 .cmp/eq 32, L_0000021f707ef0c0, L_0000021f70795f28;
v0000021f7078c890_14 .array/port v0000021f7078c890, 14;
L_0000021f707ee1c0 .concat [ 10 22 0 0], v0000021f7078c890_14, L_0000021f70795fb8;
L_0000021f707efa20 .cmp/eq 32, L_0000021f707ee1c0, L_0000021f70796000;
v0000021f7078bfd0_14 .array/port v0000021f7078bfd0, 14;
L_0000021f707efac0 .cmp/eq 16, v0000021f7078bfd0_14, L_0000021f70796090;
L_0000021f707f0100 .functor MUXZ 2, L_0000021f70796120, L_0000021f707960d8, L_0000021f707efac0, C4<>;
L_0000021f707ef480 .functor MUXZ 2, L_0000021f707f0100, L_0000021f70796048, L_0000021f707efa20, C4<>;
L_0000021f707f04c0 .functor MUXZ 2, L_0000021f707ef480, L_0000021f70795f70, L_0000021f707f0420, C4<>;
L_0000021f707ef160 .functor MUXZ 2, L_0000021f707f04c0, L_0000021f70795e98, L_0000021f707ee8a0, C4<>;
S_0000021f70787e40 .scope generate, "gen_state[15]" "gen_state[15]" 4 108, 4 108 0, S_0000021f70664bc0;
 .timescale -9 -12;
P_0000021f707090d0 .param/l "g" 0 4 108, +C4<01111>;
v0000021f7078a810_0 .net *"_ivl_1", 0 0, L_0000021f707ef520;  1 drivers
L_0000021f707961b0 .functor BUFT 1, C4<0000000000000000000000>, C4<0>, C4<0>, C4<0>;
v0000021f70788f10_0 .net *"_ivl_10", 21 0, L_0000021f707961b0;  1 drivers
L_0000021f707961f8 .functor BUFT 1, C4<00000000000000000000000000000000>, C4<0>, C4<0>, C4<0>;
v0000021f7078b0d0_0 .net/2u *"_ivl_11", 31 0, L_0000021f707961f8;  1 drivers
v0000021f70789b90_0 .net *"_ivl_13", 0 0, L_0000021f707ef200;  1 drivers
L_0000021f70796240 .functor BUFT 1, C4<11>, C4<0>, C4<0>, C4<0>;
v0000021f7078a950_0 .net/2u *"_ivl_15", 1 0, L_0000021f70796240;  1 drivers
v0000021f707892d0_0 .net *"_ivl_18", 31 0, L_0000021f707ee260;  1 drivers
L_0000021f70796288 .functor BUFT 1, C4<0000000000000000000000>, C4<0>, C4<0>, C4<0>;
v0000021f7078b210_0 .net *"_ivl_21", 21 0, L_0000021f70796288;  1 drivers
L_0000021f707962d0 .functor BUFT 1, C4<00000000000000000000000000000000>, C4<0>, C4<0>, C4<0>;
v0000021f7078b2b0_0 .net/2u *"_ivl_22", 31 0, L_0000021f707962d0;  1 drivers
v0000021f70789d70_0 .net *"_ivl_24", 0 0, L_0000021f707ef340;  1 drivers
L_0000021f70796318 .functor BUFT 1, C4<10>, C4<0>, C4<0>, C4<0>;
v0000021f7078ae50_0 .net/2u *"_ivl_26", 1 0, L_0000021f70796318;  1 drivers
L_0000021f70796360 .functor BUFT 1, C4<0000000000000000>, C4<0>, C4<0>, C4<0>;
v0000021f7078a770_0 .net/2u *"_ivl_29", 15 0, L_0000021f70796360;  1 drivers
v0000021f70789eb0_0 .net *"_ivl_3", 0 0, L_0000021f707efb60;  1 drivers
v0000021f7078aef0_0 .net *"_ivl_31", 0 0, L_0000021f707ef8e0;  1 drivers
L_0000021f707963a8 .functor BUFT 1, C4<01>, C4<0>, C4<0>, C4<0>;
v0000021f70789f50_0 .net/2u *"_ivl_33", 1 0, L_0000021f707963a8;  1 drivers
L_0000021f707963f0 .functor BUFT 1, C4<00>, C4<0>, C4<0>, C4<0>;
v0000021f7078aa90_0 .net/2u *"_ivl_35", 1 0, L_0000021f707963f0;  1 drivers
v0000021f7078b170_0 .net *"_ivl_37", 1 0, L_0000021f707ef980;  1 drivers
v0000021f70789370_0 .net *"_ivl_39", 1 0, L_0000021f707efc00;  1 drivers
L_0000021f70796168 .functor BUFT 1, C4<00>, C4<0>, C4<0>, C4<0>;
v0000021f70789410_0 .net/2u *"_ivl_4", 1 0, L_0000021f70796168;  1 drivers
v0000021f707894b0_0 .net *"_ivl_41", 1 0, L_0000021f707efca0;  1 drivers
v0000021f7078b5d0_0 .net *"_ivl_7", 31 0, L_0000021f707f0920;  1 drivers
L_0000021f707efb60 .reduce/nor L_0000021f707ef520;
v0000021f7078be90_15 .array/port v0000021f7078be90, 15;
L_0000021f707f0920 .concat [ 10 22 0 0], v0000021f7078be90_15, L_0000021f707961b0;
L_0000021f707ef200 .cmp/eq 32, L_0000021f707f0920, L_0000021f707961f8;
v0000021f7078c890_15 .array/port v0000021f7078c890, 15;
L_0000021f707ee260 .concat [ 10 22 0 0], v0000021f7078c890_15, L_0000021f70796288;
L_0000021f707ef340 .cmp/eq 32, L_0000021f707ee260, L_0000021f707962d0;
v0000021f7078bfd0_15 .array/port v0000021f7078bfd0, 15;
L_0000021f707ef8e0 .cmp/eq 16, v0000021f7078bfd0_15, L_0000021f70796360;
L_0000021f707ef980 .functor MUXZ 2, L_0000021f707963f0, L_0000021f707963a8, L_0000021f707ef8e0, C4<>;
L_0000021f707efc00 .functor MUXZ 2, L_0000021f707ef980, L_0000021f70796318, L_0000021f707ef340, C4<>;
L_0000021f707efca0 .functor MUXZ 2, L_0000021f707efc00, L_0000021f70796240, L_0000021f707ef200, C4<>;
L_0000021f707efd40 .functor MUXZ 2, L_0000021f707efca0, L_0000021f70796168, L_0000021f707efb60, C4<>;
    .scope S_0000021f70664bc0;
T_1 ;
    %wait E_0000021f70708e10;
    %pushi/vec4 0, 0, 4;
    %store/vec4 v0000021f7078bf30_0, 0, 4;
    %load/vec4 v0000021f7078c070_0;
    %parti/s 1, 0, 2;
    %flag_set/vec4 8;
    %jmp/0xz  T_1.0, 8;
    %pushi/vec4 0, 0, 4;
    %store/vec4 v0000021f7078bf30_0, 0, 4;
    %jmp T_1.1;
T_1.0 ;
    %load/vec4 v0000021f7078c070_0;
    %parti/s 1, 1, 2;
    %flag_set/vec4 8;
    %jmp/0xz  T_1.2, 8;
    %pushi/vec4 1, 0, 4;
    %store/vec4 v0000021f7078bf30_0, 0, 4;
    %jmp T_1.3;
T_1.2 ;
    %load/vec4 v0000021f7078c070_0;
    %parti/s 1, 2, 3;
    %flag_set/vec4 8;
    %jmp/0xz  T_1.4, 8;
    %pushi/vec4 2, 0, 4;
    %store/vec4 v0000021f7078bf30_0, 0, 4;
    %jmp T_1.5;
T_1.4 ;
    %load/vec4 v0000021f7078c070_0;
    %parti/s 1, 3, 3;
    %flag_set/vec4 8;
    %jmp/0xz  T_1.6, 8;
    %pushi/vec4 3, 0, 4;
    %store/vec4 v0000021f7078bf30_0, 0, 4;
    %jmp T_1.7;
T_1.6 ;
    %load/vec4 v0000021f7078c070_0;
    %parti/s 1, 4, 4;
    %flag_set/vec4 8;
    %jmp/0xz  T_1.8, 8;
    %pushi/vec4 4, 0, 4;
    %store/vec4 v0000021f7078bf30_0, 0, 4;
    %jmp T_1.9;
T_1.8 ;
    %load/vec4 v0000021f7078c070_0;
    %parti/s 1, 5, 4;
    %flag_set/vec4 8;
    %jmp/0xz  T_1.10, 8;
    %pushi/vec4 5, 0, 4;
    %store/vec4 v0000021f7078bf30_0, 0, 4;
    %jmp T_1.11;
T_1.10 ;
    %load/vec4 v0000021f7078c070_0;
    %parti/s 1, 6, 4;
    %flag_set/vec4 8;
    %jmp/0xz  T_1.12, 8;
    %pushi/vec4 6, 0, 4;
    %store/vec4 v0000021f7078bf30_0, 0, 4;
    %jmp T_1.13;
T_1.12 ;
    %load/vec4 v0000021f7078c070_0;
    %parti/s 1, 7, 4;
    %flag_set/vec4 8;
    %jmp/0xz  T_1.14, 8;
    %pushi/vec4 7, 0, 4;
    %store/vec4 v0000021f7078bf30_0, 0, 4;
    %jmp T_1.15;
T_1.14 ;
    %load/vec4 v0000021f7078c070_0;
    %parti/s 1, 8, 5;
    %flag_set/vec4 8;
    %jmp/0xz  T_1.16, 8;
    %pushi/vec4 8, 0, 4;
    %store/vec4 v0000021f7078bf30_0, 0, 4;
    %jmp T_1.17;
T_1.16 ;
    %load/vec4 v0000021f7078c070_0;
    %parti/s 1, 9, 5;
    %flag_set/vec4 8;
    %jmp/0xz  T_1.18, 8;
    %pushi/vec4 9, 0, 4;
    %store/vec4 v0000021f7078bf30_0, 0, 4;
    %jmp T_1.19;
T_1.18 ;
    %load/vec4 v0000021f7078c070_0;
    %parti/s 1, 10, 5;
    %flag_set/vec4 8;
    %jmp/0xz  T_1.20, 8;
    %pushi/vec4 10, 0, 4;
    %store/vec4 v0000021f7078bf30_0, 0, 4;
    %jmp T_1.21;
T_1.20 ;
    %load/vec4 v0000021f7078c070_0;
    %parti/s 1, 11, 5;
    %flag_set/vec4 8;
    %jmp/0xz  T_1.22, 8;
    %pushi/vec4 11, 0, 4;
    %store/vec4 v0000021f7078bf30_0, 0, 4;
    %jmp T_1.23;
T_1.22 ;
    %load/vec4 v0000021f7078c070_0;
    %parti/s 1, 12, 5;
    %flag_set/vec4 8;
    %jmp/0xz  T_1.24, 8;
    %pushi/vec4 12, 0, 4;
    %store/vec4 v0000021f7078bf30_0, 0, 4;
    %jmp T_1.25;
T_1.24 ;
    %load/vec4 v0000021f7078c070_0;
    %parti/s 1, 13, 5;
    %flag_set/vec4 8;
    %jmp/0xz  T_1.26, 8;
    %pushi/vec4 13, 0, 4;
    %store/vec4 v0000021f7078bf30_0, 0, 4;
    %jmp T_1.27;
T_1.26 ;
    %load/vec4 v0000021f7078c070_0;
    %parti/s 1, 14, 5;
    %flag_set/vec4 8;
    %jmp/0xz  T_1.28, 8;
    %pushi/vec4 14, 0, 4;
    %store/vec4 v0000021f7078bf30_0, 0, 4;
    %jmp T_1.29;
T_1.28 ;
    %load/vec4 v0000021f7078c070_0;
    %parti/s 1, 15, 5;
    %flag_set/vec4 8;
    %jmp/0xz  T_1.30, 8;
    %pushi/vec4 15, 0, 4;
    %store/vec4 v0000021f7078bf30_0, 0, 4;
T_1.30 ;
T_1.29 ;
T_1.27 ;
T_1.25 ;
T_1.23 ;
T_1.21 ;
T_1.19 ;
T_1.17 ;
T_1.15 ;
T_1.13 ;
T_1.11 ;
T_1.9 ;
T_1.7 ;
T_1.5 ;
T_1.3 ;
T_1.1 ;
    %jmp T_1;
    .thread T_1, $push;
    .scope S_0000021f70664bc0;
T_2 ;
    %wait E_0000021f70708990;
    %pushi/vec4 0, 0, 4;
    %store/vec4 v0000021f7078c250_0, 0, 4;
    %load/vec4 v0000021f7078b7b0_0;
    %parti/s 1, 0, 2;
    %flag_set/vec4 8;
    %jmp/0xz  T_2.0, 8;
    %pushi/vec4 0, 0, 4;
    %store/vec4 v0000021f7078c250_0, 0, 4;
    %jmp T_2.1;
T_2.0 ;
    %load/vec4 v0000021f7078b7b0_0;
    %parti/s 1, 1, 2;
    %flag_set/vec4 8;
    %jmp/0xz  T_2.2, 8;
    %pushi/vec4 1, 0, 4;
    %store/vec4 v0000021f7078c250_0, 0, 4;
    %jmp T_2.3;
T_2.2 ;
    %load/vec4 v0000021f7078b7b0_0;
    %parti/s 1, 2, 3;
    %flag_set/vec4 8;
    %jmp/0xz  T_2.4, 8;
    %pushi/vec4 2, 0, 4;
    %store/vec4 v0000021f7078c250_0, 0, 4;
    %jmp T_2.5;
T_2.4 ;
    %load/vec4 v0000021f7078b7b0_0;
    %parti/s 1, 3, 3;
    %flag_set/vec4 8;
    %jmp/0xz  T_2.6, 8;
    %pushi/vec4 3, 0, 4;
    %store/vec4 v0000021f7078c250_0, 0, 4;
    %jmp T_2.7;
T_2.6 ;
    %load/vec4 v0000021f7078b7b0_0;
    %parti/s 1, 4, 4;
    %flag_set/vec4 8;
    %jmp/0xz  T_2.8, 8;
    %pushi/vec4 4, 0, 4;
    %store/vec4 v0000021f7078c250_0, 0, 4;
    %jmp T_2.9;
T_2.8 ;
    %load/vec4 v0000021f7078b7b0_0;
    %parti/s 1, 5, 4;
    %flag_set/vec4 8;
    %jmp/0xz  T_2.10, 8;
    %pushi/vec4 5, 0, 4;
    %store/vec4 v0000021f7078c250_0, 0, 4;
    %jmp T_2.11;
T_2.10 ;
    %load/vec4 v0000021f7078b7b0_0;
    %parti/s 1, 6, 4;
    %flag_set/vec4 8;
    %jmp/0xz  T_2.12, 8;
    %pushi/vec4 6, 0, 4;
    %store/vec4 v0000021f7078c250_0, 0, 4;
    %jmp T_2.13;
T_2.12 ;
    %load/vec4 v0000021f7078b7b0_0;
    %parti/s 1, 7, 4;
    %flag_set/vec4 8;
    %jmp/0xz  T_2.14, 8;
    %pushi/vec4 7, 0, 4;
    %store/vec4 v0000021f7078c250_0, 0, 4;
    %jmp T_2.15;
T_2.14 ;
    %load/vec4 v0000021f7078b7b0_0;
    %parti/s 1, 8, 5;
    %flag_set/vec4 8;
    %jmp/0xz  T_2.16, 8;
    %pushi/vec4 8, 0, 4;
    %store/vec4 v0000021f7078c250_0, 0, 4;
    %jmp T_2.17;
T_2.16 ;
    %load/vec4 v0000021f7078b7b0_0;
    %parti/s 1, 9, 5;
    %flag_set/vec4 8;
    %jmp/0xz  T_2.18, 8;
    %pushi/vec4 9, 0, 4;
    %store/vec4 v0000021f7078c250_0, 0, 4;
    %jmp T_2.19;
T_2.18 ;
    %load/vec4 v0000021f7078b7b0_0;
    %parti/s 1, 10, 5;
    %flag_set/vec4 8;
    %jmp/0xz  T_2.20, 8;
    %pushi/vec4 10, 0, 4;
    %store/vec4 v0000021f7078c250_0, 0, 4;
    %jmp T_2.21;
T_2.20 ;
    %load/vec4 v0000021f7078b7b0_0;
    %parti/s 1, 11, 5;
    %flag_set/vec4 8;
    %jmp/0xz  T_2.22, 8;
    %pushi/vec4 11, 0, 4;
    %store/vec4 v0000021f7078c250_0, 0, 4;
    %jmp T_2.23;
T_2.22 ;
    %load/vec4 v0000021f7078b7b0_0;
    %parti/s 1, 12, 5;
    %flag_set/vec4 8;
    %jmp/0xz  T_2.24, 8;
    %pushi/vec4 12, 0, 4;
    %store/vec4 v0000021f7078c250_0, 0, 4;
    %jmp T_2.25;
T_2.24 ;
    %load/vec4 v0000021f7078b7b0_0;
    %parti/s 1, 13, 5;
    %flag_set/vec4 8;
    %jmp/0xz  T_2.26, 8;
    %pushi/vec4 13, 0, 4;
    %store/vec4 v0000021f7078c250_0, 0, 4;
    %jmp T_2.27;
T_2.26 ;
    %load/vec4 v0000021f7078b7b0_0;
    %parti/s 1, 14, 5;
    %flag_set/vec4 8;
    %jmp/0xz  T_2.28, 8;
    %pushi/vec4 14, 0, 4;
    %store/vec4 v0000021f7078c250_0, 0, 4;
    %jmp T_2.29;
T_2.28 ;
    %load/vec4 v0000021f7078b7b0_0;
    %parti/s 1, 15, 5;
    %flag_set/vec4 8;
    %jmp/0xz  T_2.30, 8;
    %pushi/vec4 15, 0, 4;
    %store/vec4 v0000021f7078c250_0, 0, 4;
T_2.30 ;
T_2.29 ;
T_2.27 ;
T_2.25 ;
T_2.23 ;
T_2.21 ;
T_2.19 ;
T_2.17 ;
T_2.15 ;
T_2.13 ;
T_2.11 ;
T_2.9 ;
T_2.7 ;
T_2.5 ;
T_2.3 ;
T_2.1 ;
    %jmp T_2;
    .thread T_2, $push;
    .scope S_0000021f70664bc0;
T_3 ;
    %wait E_0000021f70708cd0;
    %load/vec4 v0000021f7078b8f0_0;
    %nor/r;
    %flag_set/vec4 8;
    %jmp/0xz  T_3.0, 8;
    %pushi/vec4 0, 0, 16;
    %assign/vec4 v0000021f7078fc80_0, 0;
    %pushi/vec4 0, 0, 1;
    %assign/vec4 v0000021f7078bd50_0, 0;
    %pushi/vec4 0, 0, 4;
    %assign/vec4 v0000021f7078bdf0_0, 0;
    %pushi/vec4 0, 0, 10;
    %assign/vec4 v0000021f7078ba30_0, 0;
    %pushi/vec4 0, 0, 10;
    %assign/vec4 v0000021f7078c430_0, 0;
    %pushi/vec4 0, 0, 32;
    %assign/vec4 v0000021f7078c2f0_0, 0;
    %pushi/vec4 0, 0, 6;
    %assign/vec4 v0000021f7078c390_0, 0;
    %pushi/vec4 0, 0, 2;
    %assign/vec4 v0000021f7078b530_0, 0;
    %pushi/vec4 0, 0, 32;
    %store/vec4 v0000021f7078c610_0, 0, 32;
T_3.2 ;
    %load/vec4 v0000021f7078c610_0;
    %cmpi/s 16, 0, 32;
    %jmp/0xz T_3.3, 5;
    %pushi/vec4 0, 0, 10;
    %ix/getv/s 3, v0000021f7078c610_0;
    %ix/load 4, 0, 0; Constant delay
    %assign/vec4/a/d v0000021f70790900, 0, 4;
    %pushi/vec4 0, 0, 10;
    %ix/getv/s 3, v0000021f7078c610_0;
    %ix/load 4, 0, 0; Constant delay
    %assign/vec4/a/d v0000021f7078c930, 0, 4;
    %pushi/vec4 0, 0, 32;
    %ix/getv/s 3, v0000021f7078c610_0;
    %ix/load 4, 0, 0; Constant delay
    %assign/vec4/a/d v0000021f7078c7f0, 0, 4;
    %pushi/vec4 0, 0, 10;
    %ix/getv/s 3, v0000021f7078c610_0;
    %ix/load 4, 0, 0; Constant delay
    %assign/vec4/a/d v0000021f7078c890, 0, 4;
    %pushi/vec4 0, 0, 10;
    %ix/getv/s 3, v0000021f7078c610_0;
    %ix/load 4, 0, 0; Constant delay
    %assign/vec4/a/d v0000021f7078be90, 0, 4;
    %pushi/vec4 0, 0, 16;
    %ix/getv/s 3, v0000021f7078c610_0;
    %ix/load 4, 0, 0; Constant delay
    %assign/vec4/a/d v0000021f7078bfd0, 0, 4;
    %load/vec4 v0000021f7078c610_0;
    %addi 1, 0, 32;
    %store/vec4 v0000021f7078c610_0, 0, 32;
    %jmp T_3.2;
T_3.3 ;
    %jmp T_3.1;
T_3.0 ;
    %pushi/vec4 0, 0, 1;
    %assign/vec4 v0000021f7078bd50_0, 0;
    %pushi/vec4 0, 0, 2;
    %assign/vec4 v0000021f7078b530_0, 0;
    %load/vec4 v0000021f7078c9d0_0;
    %flag_set/vec4 8;
    %jmp/0xz  T_3.4, 8;
    %pushi/vec4 1, 0, 1;
    %ix/load 5, 0, 0;
    %ix/getv 4, v0000021f7078bf30_0;
    %assign/vec4/off/d v0000021f7078fc80_0, 4, 5;
    %load/vec4 v0000021f7078bad0_0;
    %load/vec4 v0000021f7078bf30_0;
    %pad/u 6;
    %ix/vec4 3;
    %ix/load 4, 0, 0; Constant delay
    %assign/vec4/a/d v0000021f70790900, 0, 4;
    %load/vec4 v0000021f7078b670_0;
    %load/vec4 v0000021f7078bf30_0;
    %pad/u 6;
    %ix/vec4 3;
    %ix/load 4, 0, 0; Constant delay
    %assign/vec4/a/d v0000021f7078c930, 0, 4;
    %load/vec4 v0000021f7078c6b0_0;
    %load/vec4 v0000021f7078bf30_0;
    %pad/u 6;
    %ix/vec4 3;
    %ix/load 4, 0, 0; Constant delay
    %assign/vec4/a/d v0000021f7078c7f0, 0, 4;
    %load/vec4 v0000021f7078b670_0;
    %load/vec4 v0000021f7078bf30_0;
    %pad/u 6;
    %ix/vec4 3;
    %ix/load 4, 0, 0; Constant delay
    %assign/vec4/a/d v0000021f7078c890, 0, 4;
    %load/vec4 v0000021f7078b670_0;
    %load/vec4 v0000021f7078bf30_0;
    %pad/u 6;
    %ix/vec4 3;
    %ix/load 4, 0, 0; Constant delay
    %assign/vec4/a/d v0000021f7078be90, 0, 4;
    %load/vec4 v0000021f7078b850_0;
    %load/vec4 v0000021f7078bf30_0;
    %pad/u 6;
    %ix/vec4 3;
    %ix/load 4, 0, 0; Constant delay
    %assign/vec4/a/d v0000021f7078bfd0, 0, 4;
T_3.4 ;
    %load/vec4 v0000021f7078bb70_0;
    %flag_set/vec4 9;
    %flag_get/vec4 9;
    %jmp/0 T_3.8, 9;
    %load/vec4 v0000021f7078c4d0_0;
    %and;
T_3.8;
    %flag_set/vec4 8;
    %jmp/0xz  T_3.6, 8;
    %pushi/vec4 1, 0, 1;
    %assign/vec4 v0000021f7078bd50_0, 0;
    %load/vec4 v0000021f7078c250_0;
    %assign/vec4 v0000021f7078bdf0_0, 0;
    %load/vec4 v0000021f7078c250_0;
    %pad/u 6;
    %ix/vec4 4;
    %load/vec4a v0000021f70790900, 4;
    %assign/vec4 v0000021f7078ba30_0, 0;
    %load/vec4 v0000021f7078c250_0;
    %pad/u 6;
    %ix/vec4 4;
    %load/vec4a v0000021f7078c930, 4;
    %load/vec4 v0000021f7078c250_0;
    %pad/u 6;
    %ix/vec4 4;
    %load/vec4a v0000021f7078c890, 4;
    %sub;
    %assign/vec4 v0000021f7078c430_0, 0;
    %load/vec4 v0000021f7078c250_0;
    %pad/u 6;
    %ix/vec4 4;
    %load/vec4a v0000021f7078c7f0, 4;
    %assign/vec4 v0000021f7078c2f0_0, 0;
    %load/vec4 v0000021f7078c750_0;
    %assign/vec4 v0000021f7078c390_0, 0;
    %load/vec4 v0000021f7078c250_0;
    %pad/u 6;
    %ix/vec4 4;
    %load/vec4a v0000021f7078c890, 4;
    %subi 1, 0, 10;
    %load/vec4 v0000021f7078c250_0;
    %pad/u 6;
    %ix/vec4 3;
    %ix/load 4, 0, 0; Constant delay
    %assign/vec4/a/d v0000021f7078c890, 0, 4;
T_3.6 ;
    %load/vec4 v0000021f7078ca70_0;
    %flag_set/vec4 8;
    %jmp/0xz  T_3.9, 8;
    %load/vec4 v0000021f7078c110_0;
    %pad/u 6;
    %ix/vec4 4;
    %load/vec4a v0000021f7078be90, 4;
    %subi 1, 0, 10;
    %load/vec4 v0000021f7078c110_0;
    %pad/u 6;
    %ix/vec4 3;
    %ix/load 4, 0, 0; Constant delay
    %assign/vec4/a/d v0000021f7078be90, 0, 4;
    %load/vec4 v0000021f7078c110_0;
    %pad/u 6;
    %ix/vec4 4;
    %load/vec4a v0000021f7078be90, 4;
    %pad/u 32;
    %cmpi/e 1, 0, 32;
    %jmp/0xz  T_3.11, 4;
    %pushi/vec4 0, 0, 1;
    %ix/load 5, 0, 0;
    %ix/getv 4, v0000021f7078c110_0;
    %assign/vec4/off/d v0000021f7078fc80_0, 4, 5;
    %pushi/vec4 0, 0, 32;
    %store/vec4 v0000021f7078bc10_0, 0, 32;
T_3.13 ;
    %load/vec4 v0000021f7078bc10_0;
    %cmpi/s 16, 0, 32;
    %jmp/0xz T_3.14, 5;
    %pushi/vec4 0, 0, 1;
    %ix/getv/s 4, v0000021f7078bc10_0;
    %flag_mov 8, 4;
    %ix/getv 5, v0000021f7078c110_0;
    %flag_or 8, 4;
    %ix/load 6, 0, 0; Constant delay
    %ix/mov 3, 4;
    %flag_mov 4, 8;
    %assign/vec4/a/d v0000021f7078bfd0, 5, 6;
    %load/vec4 v0000021f7078bc10_0;
    %addi 1, 0, 32;
    %store/vec4 v0000021f7078bc10_0, 0, 32;
    %jmp T_3.13;
T_3.14 ;
T_3.11 ;
T_3.9 ;
    %load/vec4 v0000021f7078fc80_0;
    %cmpi/e 65535, 0, 16;
    %flag_get/vec4 4;
    %jmp/0 T_3.17, 4;
    %load/vec4 v0000021f7078c4d0_0;
    %nor/r;
    %and;
T_3.17;
    %flag_set/vec4 8;
    %jmp/0xz  T_3.15, 8;
    %pushi/vec4 1, 0, 2;
    %assign/vec4 v0000021f7078b530_0, 0;
T_3.15 ;
T_3.1 ;
    %jmp T_3;
    .thread T_3;
    .scope S_0000021f706fbcc0;
T_4 ;
    %pushi/vec4 0, 0, 1;
    %store/vec4 v0000021f7078f640_0, 0, 1;
T_4.0 ;
    %delay 2000, 0;
    %load/vec4 v0000021f7078f640_0;
    %inv;
    %store/vec4 v0000021f7078f640_0, 0, 1;
    %jmp T_4.0;
    %end;
    .thread T_4;
    .scope S_0000021f706fbcc0;
T_5 ;
    %pushi/vec4 0, 0, 1;
    %store/vec4 v0000021f707909a0_0, 0, 1;
    %pushi/vec4 1, 0, 1;
    %store/vec4 v0000021f7078ef60_0, 0, 1;
    %pushi/vec4 0, 0, 64;
    %store/vec4 v0000021f70790860_0, 0, 64;
    %pushi/vec4 0, 0, 1;
    %store/vec4 v0000021f70790fe0_0, 0, 1;
    %pushi/vec4 0, 0, 6;
    %store/vec4 v0000021f7078f280_0, 0, 6;
    %pushi/vec4 0, 0, 1;
    %store/vec4 v0000021f70790a40_0, 0, 1;
    %pushi/vec4 0, 0, 4;
    %store/vec4 v0000021f70790180_0, 0, 4;
    %delay 10000, 0;
    %pushi/vec4 1, 0, 1;
    %store/vec4 v0000021f707909a0_0, 0, 1;
    %delay 10000, 0;
    %vpi_call/w 3 84 "$display", "--- Start of TMT Test ---" {0 0 0};
    %vpi_call/w 3 89 "$display", "Ingress: Loading Task 100..." {0 0 0};
    %pushi/vec4 100, 0, 10;
    %store/vec4 v0000021f706f5cc0_0, 0, 10;
    %pushi/vec4 2, 0, 10;
    %store/vec4 v0000021f706f5540_0, 0, 10;
    %pushi/vec4 4096, 0, 32;
    %store/vec4 v0000021f706f5f40_0, 0, 32;
    %pushi/vec4 0, 0, 10;
    %store/vec4 v0000021f706f64e0_0, 0, 10;
    %fork TD_tmt_tb.set_fifo_data, S_0000021f706fbe50;
    %join;
    %pushi/vec4 0, 0, 1;
    %store/vec4 v0000021f7078ef60_0, 0, 1;
    %wait E_0000021f70709010;
    %delay 1000, 0;
    %pushi/vec4 1, 0, 1;
    %store/vec4 v0000021f7078ef60_0, 0, 1;
    %wait E_0000021f70709010;
    %delay 1000, 0;
    %ix/load 4, 0, 0;
    %flag_set/imm 4, 0;
    %load/vec4a v0000021f7078c1b0, 4;
    %cmpi/e 1, 0, 2;
    %jmp/0xz  T_5.0, 4;
    %vpi_call/w 3 100 "$display", "PASS: Task 100 State is READY (01)." {0 0 0};
    %jmp T_5.1;
T_5.0 ;
    %vpi_call/w 3 101 "$display", "FAIL: Task 100 State is %b, expected 01", v0000021f7078c1b0_0 {0 0 0};
T_5.1 ;
    %vpi_call/w 3 106 "$display", "Allocation: Requesting core for Task 100..." {0 0 0};
    %pushi/vec4 1, 0, 1;
    %store/vec4 v0000021f70790fe0_0, 0, 1;
    %pushi/vec4 12, 0, 6;
    %store/vec4 v0000021f7078f280_0, 0, 6;
    %wait E_0000021f70709010;
    %delay 1000, 0;
    %load/vec4 v0000021f70790ae0_0;
    %flag_set/vec4 10;
    %flag_get/vec4 10;
    %jmp/0 T_5.5, 10;
    %load/vec4 v0000021f707916c0_0;
    %pushi/vec4 100, 0, 10;
    %cmp/e;
    %flag_get/vec4 4;
    %and;
T_5.5;
    %flag_set/vec4 9;
    %flag_get/vec4 9;
    %jmp/0 T_5.4, 9;
    %load/vec4 v0000021f70790720_0;
    %pushi/vec4 0, 0, 10;
    %cmp/e;
    %flag_get/vec4 4;
    %and;
T_5.4;
    %flag_set/vec4 8;
    %jmp/0xz  T_5.2, 8;
    %vpi_call/w 3 112 "$display", "PASS: Dispatched Task 100, Instance 0 to Core 12" {0 0 0};
    %jmp T_5.3;
T_5.2 ;
    %vpi_call/w 3 114 "$display", "FAIL: Dispatch incorrect. Task=%d, Inst=%d", v0000021f707916c0_0, v0000021f70790720_0 {0 0 0};
T_5.3 ;
    %pushi/vec4 13, 0, 6;
    %store/vec4 v0000021f7078f280_0, 0, 6;
    %wait E_0000021f70709010;
    %delay 1000, 0;
    %load/vec4 v0000021f70790ae0_0;
    %flag_set/vec4 9;
    %flag_get/vec4 9;
    %jmp/0 T_5.8, 9;
    %load/vec4 v0000021f70790720_0;
    %pushi/vec4 1, 0, 10;
    %cmp/e;
    %flag_get/vec4 4;
    %and;
T_5.8;
    %flag_set/vec4 8;
    %jmp/0xz  T_5.6, 8;
    %vpi_call/w 3 123 "$display", "PASS: Dispatched Task 100, Instance 1 to Core 13" {0 0 0};
    %jmp T_5.7;
T_5.6 ;
    %vpi_call/w 3 125 "$display", "FAIL: Dispatch incorrect. Inst=%d", v0000021f70790720_0 {0 0 0};
T_5.7 ;
    %pushi/vec4 0, 0, 1;
    %store/vec4 v0000021f70790fe0_0, 0, 1;
    %wait E_0000021f70709010;
    %delay 1000, 0;
    %ix/load 4, 0, 0;
    %flag_set/imm 4, 0;
    %load/vec4a v0000021f7078c1b0, 4;
    %cmpi/e 2, 0, 2;
    %jmp/0xz  T_5.9, 4;
    %vpi_call/w 3 132 "$display", "PASS: Task 100 State is ALL_ALLOCATED (10)." {0 0 0};
    %jmp T_5.10;
T_5.9 ;
    %vpi_call/w 3 133 "$display", "FAIL: Task 100 State is %b, expected 10", v0000021f7078c1b0_0 {0 0 0};
T_5.10 ;
    %vpi_call/w 3 138 "$display", "Ingress: Loading Task 200 (Depends on 100)..." {0 0 0};
    %pushi/vec4 200, 0, 10;
    %store/vec4 v0000021f706f5cc0_0, 0, 10;
    %pushi/vec4 1, 0, 10;
    %store/vec4 v0000021f706f5540_0, 0, 10;
    %pushi/vec4 8192, 0, 32;
    %store/vec4 v0000021f706f5f40_0, 0, 32;
    %pushi/vec4 100, 0, 10;
    %store/vec4 v0000021f706f64e0_0, 0, 10;
    %fork TD_tmt_tb.set_fifo_data, S_0000021f706fbe50;
    %join;
    %pushi/vec4 0, 0, 1;
    %store/vec4 v0000021f7078ef60_0, 0, 1;
    %wait E_0000021f70709010;
    %delay 1000, 0;
    %pushi/vec4 1, 0, 1;
    %store/vec4 v0000021f7078ef60_0, 0, 1;
    %wait E_0000021f70709010;
    %delay 1000, 0;
    %ix/load 4, 1, 0;
    %flag_set/imm 4, 0;
    %load/vec4a v0000021f7078c1b0, 4;
    %cmpi/e 0, 0, 2;
    %jmp/0xz  T_5.11, 4;
    %vpi_call/w 3 148 "$display", "PASS: Task 200 State is PENDING (00)." {0 0 0};
    %jmp T_5.12;
T_5.11 ;
    %vpi_call/w 3 149 "$display", "FAIL: Task 200 State is %b, expected 00", v0000021f7078c1b0_1 {0 0 0};
T_5.12 ;
    %pushi/vec4 1, 0, 1;
    %store/vec4 v0000021f70790fe0_0, 0, 1;
    %pushi/vec4 14, 0, 6;
    %store/vec4 v0000021f7078f280_0, 0, 6;
    %wait E_0000021f70709010;
    %delay 1000, 0;
    %load/vec4 v0000021f70790ae0_0;
    %nor/r;
    %flag_set/vec4 8;
    %jmp/0xz  T_5.13, 8;
    %vpi_call/w 3 157 "$display", "PASS: Task 200 correctly blocked by dependency." {0 0 0};
    %jmp T_5.14;
T_5.13 ;
    %vpi_call/w 3 159 "$display", "FAIL: Task 200 was dispatched early!" {0 0 0};
T_5.14 ;
    %pushi/vec4 0, 0, 1;
    %store/vec4 v0000021f70790fe0_0, 0, 1;
    %vpi_call/w 3 166 "$display", "Termination: Completing Task 100 to resolve dependency..." {0 0 0};
    %wait E_0000021f70709010;
    %pushi/vec4 1, 0, 1;
    %store/vec4 v0000021f70790a40_0, 0, 1;
    %pushi/vec4 0, 0, 4;
    %store/vec4 v0000021f70790180_0, 0, 4;
    %wait E_0000021f70709010;
    %wait E_0000021f70709010;
    %pushi/vec4 0, 0, 1;
    %store/vec4 v0000021f70790a40_0, 0, 1;
    %wait E_0000021f70709010;
    %delay 1000, 0;
    %load/vec4 v0000021f7078fc80_0;
    %parti/s 1, 0, 2;
    %cmpi/e 0, 0, 1;
    %jmp/0xz  T_5.15, 4;
    %vpi_call/w 3 178 "$display", "PASS: Task 100 row correctly freed." {0 0 0};
    %jmp T_5.16;
T_5.15 ;
    %vpi_call/w 3 179 "$display", "FAIL: Task 100 row still active." {0 0 0};
T_5.16 ;
    %ix/load 4, 1, 0;
    %flag_set/imm 4, 0;
    %load/vec4a v0000021f7078c1b0, 4;
    %cmpi/e 1, 0, 2;
    %jmp/0xz  T_5.17, 4;
    %vpi_call/w 3 182 "$display", "PASS: Task 200 State is now READY (01)." {0 0 0};
    %jmp T_5.18;
T_5.17 ;
    %vpi_call/w 3 183 "$display", "FAIL: Task 200 State is %b, expected 01", v0000021f7078c1b0_1 {0 0 0};
T_5.18 ;
    %pushi/vec4 1, 0, 1;
    %store/vec4 v0000021f70790fe0_0, 0, 1;
    %pushi/vec4 14, 0, 6;
    %store/vec4 v0000021f7078f280_0, 0, 6;
    %wait E_0000021f70709010;
    %delay 1000, 0;
    %load/vec4 v0000021f70790ae0_0;
    %flag_set/vec4 9;
    %flag_get/vec4 9;
    %jmp/0 T_5.21, 9;
    %load/vec4 v0000021f707916c0_0;
    %pushi/vec4 200, 0, 10;
    %cmp/e;
    %flag_get/vec4 4;
    %and;
T_5.21;
    %flag_set/vec4 8;
    %jmp/0xz  T_5.19, 8;
    %vpi_call/w 3 193 "$display", "PASS: Task 200 dependency resolved and dispatched." {0 0 0};
    %jmp T_5.20;
T_5.19 ;
    %vpi_call/w 3 195 "$display", "FAIL: Task 200 not dispatched after dependency resolution." {0 0 0};
T_5.20 ;
    %vpi_call/w 3 197 "$display", "--- End of TMT Test ---" {0 0 0};
    %vpi_call/w 3 198 "$finish" {0 0 0};
    %end;
    .thread T_5;
# The file index is used to find the file name in the following table.
:file_names 5;
    "N/A";
    "<interactive>";
    "-";
    "tmt_tb.sv";
    "./../src/modules/tmt.v";
