LOG_SYS,32000,0,0
CSV_LOG,32000,0
LOG_SYS,35000,0,0
CSV_LOG,35000,0
LOG_SYS,38000,0,0
CSV_LOG,38000,0
LOG_SYS,42000,0,0
CSV_LOG,42000,0
LOG_SYS,45000,0,0
CSV_LOG,45000,0
LOG_SYS,48000,0,0
CSV_LOG,48000,0
LOG_SYS,52000,0,0
CSV_LOG,52000,0
LOG_SYS,55000,0,0
CSV_LOG,55000,0
LOG_SYS,58000,0,0
CSV_LOG,58000,0
LOG_HOST,62000,1,5,0
LOG_SYS,62000,0,0
CSV_LOG,62000,0
LOG_SYS,65000,0,0
CSV_LOG,65000,0
LOG_SYS,68000,0,0
CSV_LOG,68000,0
LOG_SYS,72000,0,0
CSV_LOG,72000,0
LOG_ALLOC,72000,1,0
LOG_SYS,75000,1,0
CSV_LOG,75000,1
LOG_ALLOC,75000,1,1
LOG_SYS,78000,2,0
CSV_LOG,78000,2
LOG_ALLOC,78000,1,2
LOG_SYS,82000,3,0
CSV_LOG,82000,3
LOG_ALLOC,82000,1,3
LOG_SYS,85000,4,0
CSV_LOG,85000,4
LOG_ALLOC,85000,1,4
LOG_SYS,88000,5,0
CSV_LOG,88000,5
LOG_SYS,92000,5,0
CSV_LOG,92000,5
LOG_SYS,95000,5,0
CSV_LOG,95000,5
LOG_SYS,98000,5,0
CSV_LOG,98000,5
LOG_SYS,102000,5,0
CSV_LOG,102000,5
LOG_SYS,105000,5,0
CSV_LOG,105000,5
LOG_SYS,108000,5,0
CSV_LOG,108000,5
LOG_SYS,112000,4,0
CSV_LOG,112000,4
LOG_FREE,112000,1,3
LOG_HOST,115000,2,4,1
LOG_SYS,115000,4,0
CSV_LOG,115000,4
LOG_SYS,118000,4,0
CSV_LOG,118000,4
LOG_SYS,122000,4,0
CSV_LOG,122000,4
LOG_SYS,125000,4,0
CSV_LOG,125000,4
LOG_SYS,128000,4,0
CSV_LOG,128000,4
LOG_SYS,132000,4,0
CSV_LOG,132000,4
LOG_SYS,135000,4,0
CSV_LOG,135000,4
LOG_SYS,138000,4,0
CSV_LOG,138000,4
LOG_SYS,142000,4,0
CSV_LOG,142000,4
LOG_SYS,145000,4,0
CSV_LOG,145000,4
LOG_SYS,148000,4,0
CSV_LOG,148000,4
LOG_SYS,152000,4,0
CSV_LOG,152000,4
LOG_SYS,155000,4,0
CSV_LOG,155000,4
LOG_SYS,158000,4,0
CSV_LOG,158000,4
LOG_SYS,162000,4,0
CSV_LOG,162000,4
LOG_SYS,165000,4,0
CSV_LOG,165000,4
LOG_SYS,168000,4,0
CSV_LOG,168000,4
LOG_SYS,172000,4,0
CSV_LOG,172000,4
LOG_SYS,175000,4,0
CSV_LOG,175000,4
LOG_SYS,178000,4,0
CSV_LOG,178000,4
LOG_SYS,182000,4,0
CSV_LOG,182000,4
LOG_SYS,185000,4,0
CSV_LOG,185000,4
LOG_HOST,188000,3,7,0
LOG_SYS,188000,4,0
CSV_LOG,188000,4
LOG_SYS,192000,4,0
CSV_LOG,192000,4
LOG_SYS,195000,4,0
CSV_LOG,195000,4
LOG_SYS,198000,4,0
CSV_LOG,198000,4
LOG_ALLOC,198000,3,3
LOG_SYS,202000,5,0
CSV_LOG,202000,5
LOG_ALLOC,202000,3,5
LOG_SYS,205000,6,0
CSV_LOG,205000,6
LOG_ALLOC,205000,3,6
LOG_SYS,208000,7,0
CSV_LOG,208000,7
LOG_ALLOC,208000,3,7
LOG_SYS,212000,8,0
CSV_LOG,212000,8
LOG_ALLOC,212000,3,8
LOG_SYS,215000,9,0
CSV_LOG,215000,9
LOG_ALLOC,215000,3,9
LOG_SYS,218000,10,0
CSV_LOG,218000,10
LOG_ALLOC,218000,3,10
LOG_SYS,222000,11,0
CSV_LOG,222000,11
LOG_SYS,225000,11,0
CSV_LOG,225000,11
LOG_SYS,228000,11,0
CSV_LOG,228000,11
LOG_SYS,232000,11,0
CSV_LOG,232000,11
LOG_SYS,235000,11,0
CSV_LOG,235000,11
LOG_SYS,238000,11,0
CSV_LOG,238000,11
LOG_SYS,242000,11,0
CSV_LOG,242000,11
LOG_SYS,245000,11,0
CSV_LOG,245000,11
LOG_SYS,248000,11,0
CSV_LOG,248000,11
LOG_SYS,252000,10,0
CSV_LOG,252000,10
LOG_FREE,252000,3,7
LOG_HOST,255000,4,8,0
LOG_SYS,255000,10,0
CSV_LOG,255000,10
LOG_SYS,258000,10,0
CSV_LOG,258000,10
LOG_SYS,262000,10,0
CSV_LOG,262000,10
LOG_SYS,265000,10,0
CSV_LOG,265000,10
LOG_ALLOC,265000,4,7
LOG_SYS,268000,11,0
CSV_LOG,268000,11
LOG_ALLOC,268000,4,11
LOG_SYS,272000,12,0
CSV_LOG,272000,12
LOG_ALLOC,272000,4,12
LOG_SYS,275000,13,0
CSV_LOG,275000,13
LOG_ALLOC,275000,4,13
LOG_SYS,278000,14,0
CSV_LOG,278000,14
LOG_ALLOC,278000,4,14
LOG_SYS,282000,15,0
CSV_LOG,282000,15
LOG_ALLOC,282000,4,15
LOG_SYS,285000,16,0
CSV_LOG,285000,16
LOG_ALLOC,285000,4,16
LOG_SYS,288000,16,0
CSV_LOG,288000,16
LOG_ALLOC,288000,4,4
LOG_FREE,288000,1,4
LOG_SYS,292000,17,0
CSV_LOG,292000,17
LOG_SYS,295000,17,0
CSV_LOG,295000,17
LOG_SYS,298000,17,0
CSV_LOG,298000,17
LOG_SYS,302000,17,0
CSV_LOG,302000,17
LOG_SYS,305000,17,0
CSV_LOG,305000,17
LOG_SYS,308000,17,0
CSV_LOG,308000,17
LOG_SYS,312000,17,0
CSV_LOG,312000,17
LOG_SYS,315000,17,0
CSV_LOG,315000,17
LOG_SYS,318000,17,0
CSV_LOG,318000,17
LOG_HOST,318000,5,1,0
LOG_SYS,322000,16,0
CSV_LOG,322000,16
LOG_FREE,322000,4,11
LOG_SYS,325000,16,0
CSV_LOG,325000,16
LOG_SYS,328000,16,0
CSV_LOG,328000,16
LOG_ALLOC,328000,5,11
LOG_SYS,332000,17,0
CSV_LOG,332000,17
LOG_SYS,335000,17,0
CSV_LOG,335000,17
LOG_SYS,338000,17,0
CSV_LOG,338000,17
LOG_SYS,342000,17,0
CSV_LOG,342000,17
LOG_SYS,345000,17,0
CSV_LOG,345000,17
LOG_SYS,348000,17,0
CSV_LOG,348000,17
LOG_SYS,352000,17,0
CSV_LOG,352000,17
LOG_SYS,355000,16,0
CSV_LOG,355000,16
LOG_FREE,355000,4,14
LOG_SYS,358000,16,0
CSV_LOG,358000,16
LOG_SYS,362000,16,0
CSV_LOG,362000,16
LOG_SYS,365000,15,0
CSV_LOG,365000,15
LOG_FREE,365000,4,12
LOG_SYS,368000,15,0
CSV_LOG,368000,15
LOG_SYS,372000,15,0
CSV_LOG,372000,15
LOG_SYS,375000,15,0
CSV_LOG,375000,15
LOG_SYS,378000,14,0
CSV_LOG,378000,14
LOG_FREE,378000,3,3
LOG_HOST,382000,6,5,0
LOG_SYS,382000,14,0
CSV_LOG,382000,14
LOG_SYS,385000,14,0
CSV_LOG,385000,14
LOG_SYS,388000,14,0
CSV_LOG,388000,14
LOG_SYS,392000,14,0
CSV_LOG,392000,14
LOG_ALLOC,392000,6,3
LOG_SYS,395000,15,0
CSV_LOG,395000,15
LOG_ALLOC,395000,6,12
LOG_SYS,398000,16,0
CSV_LOG,398000,16
LOG_ALLOC,398000,6,14
LOG_SYS,402000,17,0
CSV_LOG,402000,17
LOG_ALLOC,402000,6,17
LOG_SYS,405000,18,0
CSV_LOG,405000,18
LOG_ALLOC,405000,6,18
LOG_SYS,408000,19,0
CSV_LOG,408000,19
LOG_SYS,412000,19,0
CSV_LOG,412000,19
LOG_HOST,412000,7,7,0
LOG_SYS,415000,19,0
CSV_LOG,415000,19
LOG_SYS,418000,19,0
CSV_LOG,418000,19
LOG_SYS,421000,18,0
CSV_LOG,421000,18
LOG_ALLOC,421000,7,15
LOG_FREE,421000,4,15
LOG_SYS,425000,19,0
CSV_LOG,425000,19
LOG_ALLOC,425000,7,19
LOG_SYS,428000,20,0
CSV_LOG,428000,20
LOG_ALLOC,428000,7,20
LOG_SYS,431000,21,0
CSV_LOG,431000,21
LOG_ALLOC,431000,7,21
LOG_SYS,435000,22,0
CSV_LOG,435000,22
LOG_ALLOC,435000,7,22
LOG_SYS,438000,22,0
CSV_LOG,438000,22
LOG_ALLOC,438000,7,3
LOG_FREE,438000,6,3
LOG_SYS,441000,23,0
CSV_LOG,441000,23
LOG_ALLOC,441000,7,23
LOG_SYS,445000,24,0
CSV_LOG,445000,24
LOG_SYS,448000,24,0
CSV_LOG,448000,24
LOG_SYS,451000,24,0
CSV_LOG,451000,24
LOG_SYS,455000,24,0
CSV_LOG,455000,24
LOG_SYS,458000,24,0
CSV_LOG,458000,24
LOG_SYS,461000,24,0
CSV_LOG,461000,24
LOG_SYS,465000,23,0
CSV_LOG,465000,23
LOG_FREE,465000,5,11
LOG_SYS,468000,23,0
CSV_LOG,468000,23
LOG_SYS,471000,23,0
CSV_LOG,471000,23
LOG_SYS,475000,23,0
CSV_LOG,475000,23
LOG_SYS,478000,23,0
CSV_LOG,478000,23
LOG_SYS,481000,23,0
CSV_LOG,481000,23
LOG_SYS,485000,23,0
CSV_LOG,485000,23
LOG_SYS,488000,23,0
CSV_LOG,488000,23
LOG_SYS,491000,23,0
CSV_LOG,491000,23
LOG_HOST,491000,8,6,0
LOG_SYS,495000,23,0
CSV_LOG,495000,23
LOG_SYS,498000,23,0
CSV_LOG,498000,23
LOG_SYS,501000,22,0
CSV_LOG,501000,22
LOG_ALLOC,501000,8,11
LOG_FREE,501000,7,19
LOG_SYS,505000,23,0
CSV_LOG,505000,23
LOG_ALLOC,505000,8,19
LOG_SYS,508000,24,0
CSV_LOG,508000,24
LOG_ALLOC,508000,8,24
LOG_SYS,511000,25,0
CSV_LOG,511000,25
LOG_ALLOC,511000,8,25
LOG_SYS,515000,26,0
CSV_LOG,515000,26
LOG_ALLOC,515000,8,26
LOG_SYS,518000,26,0
CSV_LOG,518000,26
LOG_ALLOC,518000,8,2
LOG_FREE,518000,1,2
LOG_SYS,521000,27,0
CSV_LOG,521000,27
LOG_SYS,525000,27,0
CSV_LOG,525000,27
LOG_SYS,528000,27,0
CSV_LOG,528000,27
LOG_SYS,531000,27,0
CSV_LOG,531000,27
LOG_SYS,535000,26,0
CSV_LOG,535000,26
LOG_FREE,535000,3,6
LOG_SYS,538000,26,0
CSV_LOG,538000,26
LOG_SYS,541000,26,0
CSV_LOG,541000,26
LOG_SYS,545000,26,0
CSV_LOG,545000,26
LOG_SYS,548000,26,0
CSV_LOG,548000,26
LOG_SYS,551000,26,0
CSV_LOG,551000,26
LOG_SYS,555000,26,0
CSV_LOG,555000,26
LOG_SYS,558000,26,0
CSV_LOG,558000,26
LOG_SYS,561000,26,0
CSV_LOG,561000,26
LOG_SYS,565000,26,0
CSV_LOG,565000,26
LOG_HOST,565000,9,4,0
LOG_SYS,568000,26,0
CSV_LOG,568000,26
LOG_SYS,571000,26,0
CSV_LOG,571000,26
LOG_SYS,575000,26,0
CSV_LOG,575000,26
LOG_ALLOC,575000,9,6
LOG_SYS,578000,27,0
CSV_LOG,578000,27
LOG_ALLOC,578000,9,27
LOG_SYS,581000,28,0
CSV_LOG,581000,28
LOG_ALLOC,581000,9,28
LOG_SYS,585000,29,0
CSV_LOG,585000,29
LOG_ALLOC,585000,9,29
LOG_SYS,588000,30,0
CSV_LOG,588000,30
LOG_SYS,591000,30,0
CSV_LOG,591000,30
LOG_SYS,595000,30,0
CSV_LOG,595000,30
LOG_SYS,598000,30,0
CSV_LOG,598000,30
LOG_SYS,601000,30,0
CSV_LOG,601000,30
LOG_SYS,605000,30,0
CSV_LOG,605000,30
LOG_SYS,608000,30,0
CSV_LOG,608000,30
LOG_SYS,611000,30,0
CSV_LOG,611000,30
LOG_SYS,615000,30,0
CSV_LOG,615000,30
LOG_SYS,618000,30,0
CSV_LOG,618000,30
LOG_SYS,621000,30,0
CSV_LOG,621000,30
LOG_SYS,625000,30,0
CSV_LOG,625000,30
LOG_SYS,628000,30,0
CSV_LOG,628000,30
LOG_SYS,631000,29,0
CSV_LOG,631000,29
LOG_FREE,631000,6,18
LOG_SYS,635000,29,0
CSV_LOG,635000,29
LOG_SYS,638000,29,0
CSV_LOG,638000,29
LOG_HOST,641000,10,4,0
LOG_SYS,641000,29,0
CSV_LOG,641000,29
LOG_SYS,645000,29,0
CSV_LOG,645000,29
LOG_SYS,648000,29,0
CSV_LOG,648000,29
LOG_SYS,651000,29,0
CSV_LOG,651000,29
LOG_ALLOC,651000,10,18
LOG_SYS,655000,30,0
CSV_LOG,655000,30
LOG_ALLOC,655000,10,30
LOG_SYS,658000,31,0
CSV_LOG,658000,31
LOG_ALLOC,658000,10,31
LOG_SYS,661000,32,0
CSV_LOG,661000,32
LOG_ALLOC,661000,10,32
LOG_SYS,665000,33,0
CSV_LOG,665000,33
LOG_SYS,668000,33,0
CSV_LOG,668000,33
LOG_SYS,671000,33,0
CSV_LOG,671000,33
LOG_SYS,675000,33,0
CSV_LOG,675000,33
LOG_SYS,678000,33,0
CSV_LOG,678000,33
LOG_SYS,681000,33,0
CSV_LOG,681000,33
LOG_SYS,685000,33,0
CSV_LOG,685000,33
LOG_HOST,688000,11,7,0
LOG_SYS,688000,33,0
CSV_LOG,688000,33
LOG_SYS,691000,33,0
CSV_LOG,691000,33
LOG_SYS,695000,33,0
CSV_LOG,695000,33
LOG_SYS,698000,33,0
CSV_LOG,698000,33
LOG_ALLOC,698000,11,33
LOG_SYS,701000,33,0
CSV_LOG,701000,33
LOG_ALLOC,701000,11,0
LOG_FREE,701000,1,0
LOG_SYS,705000,34,0
CSV_LOG,705000,34
LOG_ALLOC,705000,11,34
LOG_SYS,708000,35,0
CSV_LOG,708000,35
LOG_ALLOC,708000,11,35
LOG_SYS,711000,36,0
CSV_LOG,711000,36
LOG_ALLOC,711000,11,36
LOG_SYS,715000,37,0
CSV_LOG,715000,37
LOG_ALLOC,715000,11,37
LOG_SYS,718000,37,0
CSV_LOG,718000,37
LOG_ALLOC,718000,11,13
LOG_FREE,718000,4,13
LOG_SYS,721000,37,0
CSV_LOG,721000,37
LOG_FREE,721000,4,7
LOG_SYS,725000,37,0
CSV_LOG,725000,37
LOG_SYS,728000,36,0
CSV_LOG,728000,36
LOG_FREE,728000,8,19
LOG_SYS,731000,36,0
CSV_LOG,731000,36
LOG_SYS,735000,36,0
CSV_LOG,735000,36
LOG_SYS,738000,36,0
CSV_LOG,738000,36
LOG_HOST,738000,12,4,0
LOG_SYS,741000,35,0
CSV_LOG,741000,35
LOG_FREE,741000,7,21
LOG_SYS,745000,35,0
CSV_LOG,745000,35
LOG_SYS,748000,35,0
CSV_LOG,748000,35
LOG_ALLOC,748000,12,7
LOG_SYS,751000,36,0
CSV_LOG,751000,36
LOG_ALLOC,751000,12,19
LOG_SYS,755000,37,0
CSV_LOG,755000,37
LOG_ALLOC,755000,12,21
LOG_SYS,758000,38,0
CSV_LOG,758000,38
LOG_ALLOC,758000,12,38
LOG_SYS,761000,39,0
CSV_LOG,761000,39
LOG_SYS,765000,39,0
CSV_LOG,765000,39
LOG_SYS,768000,39,0
CSV_LOG,768000,39
LOG_SYS,771000,39,0
CSV_LOG,771000,39
LOG_SYS,775000,39,0
CSV_LOG,775000,39
LOG_SYS,778000,39,0
CSV_LOG,778000,39
LOG_SYS,781000,39,0
CSV_LOG,781000,39
LOG_SYS,785000,39,0
CSV_LOG,785000,39
LOG_SYS,788000,39,0
CSV_LOG,788000,39
LOG_SYS,791000,39,0
CSV_LOG,791000,39
LOG_SYS,795000,38,0
CSV_LOG,795000,38
LOG_FREE,795000,10,18
LOG_SYS,798000,38,0
CSV_LOG,798000,38
LOG_SYS,801000,38,0
CSV_LOG,801000,38
LOG_SYS,805000,37,0
CSV_LOG,805000,37
LOG_FREE,805000,9,27
LOG_SYS,808000,36,0
CSV_LOG,808000,36
LOG_FREE,808000,11,13
LOG_SYS,811000,36,0
CSV_LOG,811000,36
LOG_SYS,815000,36,0
CSV_LOG,815000,36
LOG_SYS,818000,35,0
CSV_LOG,818000,35
LOG_FREE,818000,11,34
LOG_SYS,821000,35,0
CSV_LOG,821000,35
LOG_SYS,825000,35,0
CSV_LOG,825000,35
LOG_HOST,825000,13,6,0
LOG_SYS,828000,35,0
CSV_LOG,828000,35
LOG_SYS,831000,35,0
CSV_LOG,831000,35
LOG_SYS,835000,35,0
CSV_LOG,835000,35
LOG_ALLOC,835000,13,13
LOG_SYS,838000,36,0
CSV_LOG,838000,36
LOG_ALLOC,838000,13,18
LOG_SYS,841000,36,0
CSV_LOG,841000,36
LOG_ALLOC,841000,13,27
LOG_FREE,841000,11,37
LOG_SYS,845000,37,0
CSV_LOG,845000,37
LOG_ALLOC,845000,13,34
LOG_SYS,848000,38,0
CSV_LOG,848000,38
LOG_ALLOC,848000,13,37
LOG_SYS,851000,39,0
CSV_LOG,851000,39
LOG_ALLOC,851000,13,39
LOG_SYS,855000,40,0
CSV_LOG,855000,40
LOG_SYS,858000,40,0
CSV_LOG,858000,40
LOG_SYS,861000,40,0
CSV_LOG,861000,40
LOG_SYS,865000,39,0
CSV_LOG,865000,39
LOG_FREE,865000,3,5
LOG_SYS,868000,38,0
CSV_LOG,868000,38
LOG_FREE,868000,6,17
LOG_SYS,871000,37,0
CSV_LOG,871000,37
LOG_FREE,871000,8,2
LOG_HOST,875000,14,4,0
LOG_SYS,875000,36,0
CSV_LOG,875000,36
LOG_FREE,875000,13,34
LOG_SYS,878000,36,0
CSV_LOG,878000,36
LOG_SYS,881000,36,0
CSV_LOG,881000,36
LOG_SYS,885000,35,0
CSV_LOG,885000,35
LOG_ALLOC,885000,14,2
LOG_FREE,885000,7,20
LOG_SYS,888000,36,0
CSV_LOG,888000,36
LOG_ALLOC,888000,14,5
LOG_SYS,891000,36,0
CSV_LOG,891000,36
LOG_ALLOC,891000,14,17
LOG_FREE,891000,12,21
LOG_SYS,895000,36,0
CSV_LOG,895000,36
LOG_ALLOC,895000,14,13
LOG_FREE,895000,13,13
LOG_SYS,898000,36,0
CSV_LOG,898000,36
LOG_FREE,898000,9,29
LOG_SYS,901000,35,0
CSV_LOG,901000,35
LOG_FREE,901000,7,15
LOG_SYS,905000,34,0
CSV_LOG,905000,34
LOG_FREE,905000,6,14
LOG_SYS,908000,34,0
CSV_LOG,908000,34
LOG_SYS,911000,34,0
CSV_LOG,911000,34
LOG_SYS,915000,34,0
CSV_LOG,915000,34
LOG_SYS,918000,34,0
CSV_LOG,918000,34
LOG_SYS,921000,33,0
CSV_LOG,921000,33
LOG_FREE,921000,4,4
LOG_SYS,925000,32,0
CSV_LOG,925000,32
LOG_FREE,925000,3,9
LOG_SYS,928000,31,0
CSV_LOG,928000,31
LOG_FREE,928000,4,16
LOG_SYS,931000,31,0
CSV_LOG,931000,31
LOG_HOST,931000,15,5,0
LOG_SYS,935000,31,0
CSV_LOG,935000,31
LOG_SYS,938000,31,0
CSV_LOG,938000,31
LOG_SYS,941000,31,0
CSV_LOG,941000,31
LOG_ALLOC,941000,15,4
LOG_SYS,945000,32,0
CSV_LOG,945000,32
LOG_ALLOC,945000,15,9
LOG_SYS,948000,33,0
CSV_LOG,948000,33
LOG_ALLOC,948000,15,14
LOG_SYS,951000,34,0
CSV_LOG,951000,34
LOG_ALLOC,951000,15,15
LOG_SYS,955000,34,0
CSV_LOG,955000,34
LOG_ALLOC,955000,15,16
LOG_FREE,955000,10,31
LOG_SYS,958000,34,0
CSV_LOG,958000,34
LOG_FREE,958000,8,26
LOG_SYS,961000,34,0
CSV_LOG,961000,34
LOG_SYS,965000,34,0
CSV_LOG,965000,34
LOG_SYS,968000,34,0
CSV_LOG,968000,34
LOG_SYS,971000,34,0
CSV_LOG,971000,34
LOG_SYS,975000,34,0
CSV_LOG,975000,34
LOG_SYS,978000,34,0
CSV_LOG,978000,34
LOG_HOST,981000,16,2,15
LOG_SYS,981000,34,0
CSV_LOG,981000,34
LOG_SYS,985000,34,0
CSV_LOG,985000,34
LOG_SYS,988000,34,0
CSV_LOG,988000,34
LOG_SYS,991000,34,0
CSV_LOG,991000,34
LOG_SYS,995000,34,0
CSV_LOG,995000,34
LOG_SYS,998000,34,0
CSV_LOG,998000,34
LOG_SYS,1001000,34,0
CSV_LOG,1001000,34
LOG_SYS,1005000,33,0
CSV_LOG,1005000,33
LOG_FREE,1005000,8,11
LOG_SYS,1008000,33,0
CSV_LOG,1008000,33
LOG_SYS,1011000,33,0
CSV_LOG,1011000,33
LOG_SYS,1015000,33,0
CSV_LOG,1015000,33
LOG_SYS,1018000,32,0
CSV_LOG,1018000,32
LOG_FREE,1018000,3,10
LOG_SYS,1021000,32,0
CSV_LOG,1021000,32
LOG_SYS,1025000,32,0
CSV_LOG,1025000,32
LOG_SYS,1028000,31,0
CSV_LOG,1028000,31
LOG_FREE,1028000,7,3
LOG_SYS,1031000,30,0
CSV_LOG,1031000,30
LOG_FREE,1031000,12,19
LOG_SYS,1035000,29,0
CSV_LOG,1035000,29
LOG_FREE,1035000,6,12
LOG_SYS,1038000,29,0
CSV_LOG,1038000,29
LOG_SYS,1041000,29,0
CSV_LOG,1041000,29
LOG_SYS,1045000,28,0
CSV_LOG,1045000,28
LOG_FREE,1045000,13,27
LOG_SYS,1048000,27,0
CSV_LOG,1048000,27
LOG_FREE,1048000,14,2
LOG_SYS,1051000,26,0
CSV_LOG,1051000,26
LOG_FREE,1051000,13,39
LOG_SYS,1055000,26,0
CSV_LOG,1055000,26
LOG_SYS,1058000,26,0
CSV_LOG,1058000,26
LOG_HOST,1058000,17,4,0
LOG_SYS,1061000,26,0
CSV_LOG,1061000,26
LOG_SYS,1065000,26,0
CSV_LOG,1065000,26
LOG_SYS,1068000,25,0
CSV_LOG,1068000,25
LOG_ALLOC,1068000,17,2
LOG_FREE,1068000,9,28
LOG_SYS,1071000,26,0
CSV_LOG,1071000,26
LOG_ALLOC,1071000,17,3
LOG_SYS,1075000,27,0
CSV_LOG,1075000,27
LOG_ALLOC,1075000,17,10
LOG_SYS,1078000,27,0
CSV_LOG,1078000,27
LOG_ALLOC,1078000,17,11
LOG_FREE,1078000,10,30
LOG_SYS,1081000,28,0
CSV_LOG,1081000,28
LOG_SYS,1085000,28,0
CSV_LOG,1085000,28
LOG_HOST,1088000,18,1,0
LOG_SYS,1088000,28,0
CSV_LOG,1088000,28
LOG_SYS,1091000,27,0
CSV_LOG,1091000,27
LOG_FREE,1091000,12,7
LOG_SYS,1095000,27,0
CSV_LOG,1095000,27
LOG_SYS,1098000,27,0
CSV_LOG,1098000,27
LOG_ALLOC,1098000,18,7
LOG_SYS,1101000,28,0
CSV_LOG,1101000,28
LOG_SYS,1105000,28,0
CSV_LOG,1105000,28
LOG_SYS,1108000,28,0
CSV_LOG,1108000,28
LOG_SYS,1111000,28,0
CSV_LOG,1111000,28
LOG_SYS,1115000,27,0
CSV_LOG,1115000,27
LOG_FREE,1115000,17,10
LOG_SYS,1118000,27,0
CSV_LOG,1118000,27
LOG_SYS,1121000,27,0
CSV_LOG,1121000,27
LOG_SYS,1125000,26,0
CSV_LOG,1125000,26
LOG_FREE,1125000,1,1
LOG_SYS,1128000,26,0
CSV_LOG,1128000,26
LOG_SYS,1131000,26,0
CSV_LOG,1131000,26
LOG_ALLOC,1131000,2,1
LOG_SYS,1135000,26,0
CSV_LOG,1135000,26
LOG_ALLOC,1135000,2,10
LOG_FREE,1135000,14,13
LOG_SYS,1138000,27,0
CSV_LOG,1138000,27
LOG_ALLOC,1138000,2,12
LOG_SYS,1141000,28,0
CSV_LOG,1141000,28
LOG_ALLOC,1141000,2,13
LOG_SYS,1145000,29,0
CSV_LOG,1145000,29
LOG_HOST,1148000,19,5,0
LOG_SYS,1148000,29,0
CSV_LOG,1148000,29
LOG_SYS,1151000,28,0
CSV_LOG,1151000,28
LOG_FREE,1151000,8,25
LOG_SYS,1155000,28,0
CSV_LOG,1155000,28
LOG_SYS,1158000,27,0
CSV_LOG,1158000,27
LOG_ALLOC,1158000,19,0
LOG_FREE,1158000,11,0
LOG_SYS,1161000,28,0
CSV_LOG,1161000,28
LOG_ALLOC,1161000,19,19
LOG_SYS,1165000,29,0
CSV_LOG,1165000,29
LOG_ALLOC,1165000,19,20
LOG_SYS,1168000,30,0
CSV_LOG,1168000,30
LOG_ALLOC,1168000,19,21
LOG_SYS,1171000,31,0
CSV_LOG,1171000,31
LOG_ALLOC,1171000,19,25
LOG_HOST,1171000,20,5,0
LOG_SYS,1175000,32,0
CSV_LOG,1175000,32
LOG_SYS,1178000,32,0
CSV_LOG,1178000,32
LOG_SYS,1181000,31,0
CSV_LOG,1181000,31
LOG_ALLOC,1181000,20,19
LOG_FREE,1181000,19,19
LOG_SYS,1185000,32,0
CSV_LOG,1185000,32
LOG_ALLOC,1185000,20,26
LOG_SYS,1188000,33,0
CSV_LOG,1188000,33
LOG_ALLOC,1188000,20,27
LOG_SYS,1191000,34,0
CSV_LOG,1191000,34
LOG_ALLOC,1191000,20,28
LOG_SYS,1195000,34,0
CSV_LOG,1195000,34
LOG_ALLOC,1195000,20,19
LOG_FREE,1195000,20,19
LOG_SYS,1198000,35,0
CSV_LOG,1198000,35
LOG_SYS,1201000,35,0
CSV_LOG,1201000,35
LOG_SYS,1205000,35,0
CSV_LOG,1205000,35
LOG_SYS,1208000,35,0
CSV_LOG,1208000,35
LOG_SYS,1211000,35,0
CSV_LOG,1211000,35
LOG_SYS,1215000,35,0
CSV_LOG,1215000,35
LOG_SYS,1218000,35,0
CSV_LOG,1218000,35
LOG_SYS,1221000,35,0
CSV_LOG,1221000,35
LOG_SYS,1225000,35,0
CSV_LOG,1225000,35
LOG_SYS,1228000,34,0
CSV_LOG,1228000,34
LOG_FREE,1228000,10,32
LOG_SYS,1231000,34,0
CSV_LOG,1231000,34
LOG_HOST,1235000,21,3,20
LOG_SYS,1235000,34,0
CSV_LOG,1235000,34
LOG_SYS,1238000,34,0
CSV_LOG,1238000,34
LOG_SYS,1241000,34,0
CSV_LOG,1241000,34
LOG_SYS,1245000,34,0
CSV_LOG,1245000,34
LOG_SYS,1248000,34,0
CSV_LOG,1248000,34
LOG_SYS,1251000,34,0
CSV_LOG,1251000,34
LOG_SYS,1254000,34,0
CSV_LOG,1254000,34
LOG_SYS,1258000,34,0
CSV_LOG,1258000,34
LOG_HOST,1261000,22,4,21
LOG_SYS,1261000,34,0
CSV_LOG,1261000,34
LOG_SYS,1264000,34,0
CSV_LOG,1264000,34
LOG_SYS,1268000,34,0
CSV_LOG,1268000,34
LOG_SYS,1271000,34,0
CSV_LOG,1271000,34
LOG_SYS,1274000,34,0
CSV_LOG,1274000,34
LOG_SYS,1278000,34,0
CSV_LOG,1278000,34
LOG_SYS,1281000,33,0
CSV_LOG,1281000,33
LOG_FREE,1281000,19,25
LOG_SYS,1284000,33,0
CSV_LOG,1284000,33
LOG_SYS,1288000,32,0
CSV_LOG,1288000,32
LOG_FREE,1288000,20,28
LOG_SYS,1291000,32,0
CSV_LOG,1291000,32
LOG_SYS,1294000,32,0
CSV_LOG,1294000,32
LOG_SYS,1298000,32,0
CSV_LOG,1298000,32
LOG_SYS,1301000,32,0
CSV_LOG,1301000,32
LOG_SYS,1304000,32,0
CSV_LOG,1304000,32
LOG_SYS,1308000,32,0
CSV_LOG,1308000,32
LOG_SYS,1311000,32,0
CSV_LOG,1311000,32
LOG_SYS,1314000,32,0
CSV_LOG,1314000,32
LOG_SYS,1318000,32,0
CSV_LOG,1318000,32
LOG_SYS,1321000,32,0
CSV_LOG,1321000,32
LOG_SYS,1324000,32,0
CSV_LOG,1324000,32
LOG_SYS,1328000,31,0
CSV_LOG,1328000,31
LOG_FREE,1328000,7,23
LOG_SYS,1331000,31,0
CSV_LOG,1331000,31
LOG_SYS,1334000,31,0
CSV_LOG,1334000,31
LOG_SYS,1338000,30,0
CSV_LOG,1338000,30
LOG_FREE,1338000,19,20
LOG_HOST,1341000,23,3,0
LOG_SYS,1341000,30,0
CSV_LOG,1341000,30
LOG_SYS,1344000,30,0
CSV_LOG,1344000,30
LOG_SYS,1348000,30,0
CSV_LOG,1348000,30
LOG_SYS,1351000,30,0
CSV_LOG,1351000,30
LOG_SYS,1354000,30,0
CSV_LOG,1354000,30
LOG_SYS,1358000,30,0
CSV_LOG,1358000,30
LOG_SYS,1361000,30,0
CSV_LOG,1361000,30
LOG_SYS,1364000,29,0
CSV_LOG,1364000,29
LOG_FREE,1364000,7,22
LOG_SYS,1368000,29,0
CSV_LOG,1368000,29
LOG_SYS,1371000,29,0
CSV_LOG,1371000,29
LOG_HOST,1374000,24,8,0
LOG_SYS,1374000,29,0
CSV_LOG,1374000,29
LOG_SYS,1378000,29,0
CSV_LOG,1378000,29
LOG_SYS,1381000,29,0
CSV_LOG,1381000,29
LOG_SYS,1384000,29,0
CSV_LOG,1384000,29
LOG_SYS,1388000,29,0
CSV_LOG,1388000,29
LOG_SYS,1391000,29,0
CSV_LOG,1391000,29
LOG_SYS,1394000,29,0
CSV_LOG,1394000,29
LOG_SYS,1398000,29,0
CSV_LOG,1398000,29
LOG_SYS,1401000,29,0
CSV_LOG,1401000,29
LOG_SYS,1404000,29,0
CSV_LOG,1404000,29
LOG_HOST,1404000,25,2,0
LOG_SYS,1408000,29,0
CSV_LOG,1408000,29
LOG_SYS,1411000,29,0
CSV_LOG,1411000,29
LOG_SYS,1414000,28,0
CSV_LOG,1414000,28
LOG_FREE,1414000,20,27
LOG_SYS,1418000,28,0
CSV_LOG,1418000,28
LOG_SYS,1421000,28,0
CSV_LOG,1421000,28
LOG_SYS,1424000,28,0
CSV_LOG,1424000,28
LOG_SYS,1428000,28,0
CSV_LOG,1428000,28
LOG_SYS,1431000,27,0
CSV_LOG,1431000,27
LOG_FREE,1431000,13,18
LOG_SYS,1434000,27,0
CSV_LOG,1434000,27
LOG_SYS,1438000,26,0
CSV_LOG,1438000,26
LOG_FREE,1438000,11,35
LOG_SYS,1441000,26,0
CSV_LOG,1441000,26
LOG_SYS,1444000,26,0
CSV_LOG,1444000,26
LOG_SYS,1448000,26,0
CSV_LOG,1448000,26
LOG_SYS,1451000,25,0
CSV_LOG,1451000,25
LOG_FREE,1451000,17,2
LOG_SYS,1454000,25,0
CSV_LOG,1454000,25
LOG_SYS,1458000,25,0
CSV_LOG,1458000,25
LOG_SYS,1461000,25,0
CSV_LOG,1461000,25
LOG_SYS,1464000,24,0
CSV_LOG,1464000,24
LOG_FREE,1464000,2,10
LOG_HOST,1468000,26,6,0
LOG_SYS,1468000,23,0
CSV_LOG,1468000,23
LOG_FREE,1468000,15,15
LOG_SYS,1471000,22,0
CSV_LOG,1471000,22
LOG_FREE,1471000,8,24
LOG_SYS,1474000,21,0
CSV_LOG,1474000,21
LOG_FREE,1474000,2,13
LOG_SYS,1478000,21,0
CSV_LOG,1478000,21
LOG_SYS,1481000,21,0
CSV_LOG,1481000,21
LOG_ALLOC,1481000,23,2
LOG_SYS,1484000,22,0
CSV_LOG,1484000,22
LOG_ALLOC,1484000,23,10
LOG_SYS,1488000,23,0
CSV_LOG,1488000,23
LOG_ALLOC,1488000,23,13
LOG_SYS,1491000,24,0
CSV_LOG,1491000,24
LOG_SYS,1494000,24,0
CSV_LOG,1494000,24
LOG_SYS,1498000,24,0
CSV_LOG,1498000,24
LOG_SYS,1501000,24,0
CSV_LOG,1501000,24
LOG_SYS,1504000,24,0
CSV_LOG,1504000,24
LOG_SYS,1508000,24,0
CSV_LOG,1508000,24
LOG_SYS,1511000,24,0
CSV_LOG,1511000,24
LOG_SYS,1514000,24,0
CSV_LOG,1514000,24
LOG_SYS,1518000,24,0
CSV_LOG,1518000,24
LOG_SYS,1521000,23,0
CSV_LOG,1521000,23
LOG_FREE,1521000,23,10
LOG_SYS,1524000,23,0
CSV_LOG,1524000,23
LOG_SYS,1528000,23,0
CSV_LOG,1528000,23
LOG_SYS,1531000,23,0
CSV_LOG,1531000,23
LOG_SYS,1534000,23,0
CSV_LOG,1534000,23
LOG_SYS,1538000,23,0
CSV_LOG,1538000,23
LOG_HOST,1541000,27,8,0
LOG_SYS,1541000,23,0
CSV_LOG,1541000,23
LOG_SYS,1544000,23,0
CSV_LOG,1544000,23
LOG_SYS,1548000,22,0
CSV_LOG,1548000,22
LOG_FREE,1548000,20,19
LOG_SYS,1551000,21,0
CSV_LOG,1551000,21
LOG_FREE,1551000,19,0
LOG_SYS,1554000,20,0
CSV_LOG,1554000,20
LOG_FREE,1554000,3,8
LOG_SYS,1558000,19,0
CSV_LOG,1558000,19
LOG_FREE,1558000,11,33
LOG_SYS,1561000,18,0
CSV_LOG,1561000,18
LOG_FREE,1561000,14,17
LOG_SYS,1564000,18,0
CSV_LOG,1564000,18
LOG_ALLOC,1564000,24,0
LOG_SYS,1568000,19,0
CSV_LOG,1568000,19
LOG_ALLOC,1568000,24,8
LOG_SYS,1571000,19,0
CSV_LOG,1571000,19
LOG_ALLOC,1571000,24,10
LOG_FREE,1571000,13,37
LOG_SYS,1574000,20,0
CSV_LOG,1574000,20
LOG_ALLOC,1574000,24,15
LOG_SYS,1578000,21,0
CSV_LOG,1578000,21
LOG_ALLOC,1578000,24,17
LOG_SYS,1581000,22,0
CSV_LOG,1581000,22
LOG_ALLOC,1581000,24,18
LOG_SYS,1584000,23,0
CSV_LOG,1584000,23
LOG_ALLOC,1584000,24,19
LOG_SYS,1588000,24,0
CSV_LOG,1588000,24
LOG_ALLOC,1588000,24,20
LOG_SYS,1591000,24,0
CSV_LOG,1591000,24
LOG_ALLOC,1591000,25,12
LOG_FREE,1591000,2,12
LOG_SYS,1594000,25,0
CSV_LOG,1594000,25
LOG_ALLOC,1594000,25,22
LOG_SYS,1598000,26,0
CSV_LOG,1598000,26
LOG_SYS,1601000,26,0
CSV_LOG,1601000,26
LOG_SYS,1604000,25,0
CSV_LOG,1604000,25
LOG_FREE,1604000,12,38
LOG_SYS,1608000,25,0
CSV_LOG,1608000,25
LOG_SYS,1611000,25,0
CSV_LOG,1611000,25
LOG_SYS,1614000,25,0
CSV_LOG,1614000,25
LOG_ALLOC,1614000,26,23
LOG_SYS,1618000,26,0
CSV_LOG,1618000,26
LOG_ALLOC,1618000,26,24
LOG_SYS,1621000,27,0
CSV_LOG,1621000,27
LOG_ALLOC,1621000,26,25
LOG_SYS,1624000,28,0
CSV_LOG,1624000,28
LOG_ALLOC,1624000,26,27
LOG_HOST,1628000,28,1,0
LOG_SYS,1628000,29,0
CSV_LOG,1628000,29
LOG_ALLOC,1628000,26,28
LOG_SYS,1631000,30,0
CSV_LOG,1631000,30
LOG_ALLOC,1631000,26,29
LOG_SYS,1634000,30,0
CSV_LOG,1634000,30
LOG_FREE,1634000,24,20
LOG_SYS,1638000,30,0
CSV_LOG,1638000,30
LOG_SYS,1641000,30,0
CSV_LOG,1641000,30
LOG_SYS,1644000,30,0
CSV_LOG,1644000,30
LOG_SYS,1648000,30,0
CSV_LOG,1648000,30
LOG_SYS,1651000,30,0
CSV_LOG,1651000,30
LOG_SYS,1654000,30,0
CSV_LOG,1654000,30
LOG_SYS,1658000,29,0
CSV_LOG,1658000,29
LOG_FREE,1658000,26,29
LOG_SYS,1661000,29,0
CSV_LOG,1661000,29
LOG_SYS,1664000,29,0
CSV_LOG,1664000,29
LOG_SYS,1668000,29,0
CSV_LOG,1668000,29
LOG_SYS,1671000,29,0
CSV_LOG,1671000,29
LOG_SYS,1674000,29,0
CSV_LOG,1674000,29
LOG_SYS,1678000,29,0
CSV_LOG,1678000,29
LOG_SYS,1681000,29,0
CSV_LOG,1681000,29
LOG_SYS,1684000,29,0
CSV_LOG,1684000,29
LOG_SYS,1688000,29,0
CSV_LOG,1688000,29
LOG_SYS,1691000,28,0
CSV_LOG,1691000,28
LOG_FREE,1691000,18,7
LOG_HOST,1694000,29,6,0
LOG_SYS,1694000,28,0
CSV_LOG,1694000,28
LOG_SYS,1698000,27,0
CSV_LOG,1698000,27
LOG_FREE,1698000,23,13
LOG_SYS,1701000,27,0
CSV_LOG,1701000,27
LOG_ALLOC,1701000,27,7
LOG_SYS,1704000,28,0
CSV_LOG,1704000,28
LOG_ALLOC,1704000,27,13
LOG_SYS,1708000,29,0
CSV_LOG,1708000,29
LOG_ALLOC,1708000,27,20
LOG_SYS,1711000,30,0
CSV_LOG,1711000,30
LOG_ALLOC,1711000,27,29
LOG_SYS,1714000,31,0
CSV_LOG,1714000,31
LOG_ALLOC,1714000,27,30
LOG_SYS,1718000,32,0
CSV_LOG,1718000,32
LOG_ALLOC,1718000,27,31
LOG_SYS,1721000,33,0
CSV_LOG,1721000,33
LOG_ALLOC,1721000,27,32
LOG_SYS,1724000,34,0
CSV_LOG,1724000,34
LOG_ALLOC,1724000,27,33
LOG_SYS,1728000,35,0
CSV_LOG,1728000,35
LOG_SYS,1731000,35,0
CSV_LOG,1731000,35
LOG_SYS,1734000,35,0
CSV_LOG,1734000,35
LOG_SYS,1738000,35,0
CSV_LOG,1738000,35
LOG_SYS,1741000,35,0
CSV_LOG,1741000,35
LOG_SYS,1744000,35,0
CSV_LOG,1744000,35
LOG_SYS,1748000,34,0
CSV_LOG,1748000,34
LOG_FREE,1748000,27,33
LOG_SYS,1751000,34,0
CSV_LOG,1751000,34
LOG_SYS,1754000,34,0
CSV_LOG,1754000,34
LOG_SYS,1758000,33,0
CSV_LOG,1758000,33
LOG_FREE,1758000,27,32
LOG_SYS,1761000,33,0
CSV_LOG,1761000,33
LOG_SYS,1764000,33,0
CSV_LOG,1764000,33
LOG_SYS,1768000,33,0
CSV_LOG,1768000,33
LOG_SYS,1771000,33,0
CSV_LOG,1771000,33
LOG_SYS,1774000,32,0
CSV_LOG,1774000,32
LOG_FREE,1774000,14,5
LOG_SYS,1778000,32,0
CSV_LOG,1778000,32
LOG_HOST,1778000,30,1,29
LOG_SYS,1781000,32,0
CSV_LOG,1781000,32
LOG_SYS,1784000,32,0
CSV_LOG,1784000,32
LOG_ALLOC,1784000,28,5
LOG_SYS,1788000,33,0
CSV_LOG,1788000,33
LOG_SYS,1791000,32,0
CSV_LOG,1791000,32
LOG_FREE,1791000,27,7
LOG_SYS,1794000,32,0
CSV_LOG,1794000,32
LOG_SYS,1798000,32,0
CSV_LOG,1798000,32
LOG_HOST,1801000,31,4,30
LOG_SYS,1801000,32,0
CSV_LOG,1801000,32
LOG_SYS,1804000,32,0
CSV_LOG,1804000,32
LOG_SYS,1808000,32,0
CSV_LOG,1808000,32
LOG_SYS,1811000,32,0
CSV_LOG,1811000,32
LOG_SYS,1814000,32,0
CSV_LOG,1814000,32
LOG_SYS,1818000,32,0
CSV_LOG,1818000,32
LOG_SYS,1821000,32,0
CSV_LOG,1821000,32
LOG_SYS,1824000,32,0
CSV_LOG,1824000,32
LOG_SYS,1828000,32,0
CSV_LOG,1828000,32
LOG_SYS,1831000,32,0
CSV_LOG,1831000,32
LOG_SYS,1834000,31,0
CSV_LOG,1834000,31
LOG_FREE,1834000,9,6
LOG_SYS,1838000,31,0
CSV_LOG,1838000,31
LOG_SYS,1841000,31,0
CSV_LOG,1841000,31
LOG_SYS,1844000,31,0
CSV_LOG,1844000,31
LOG_ALLOC,1844000,29,6
LOG_HOST,1844000,32,8,0
LOG_SYS,1848000,32,0
CSV_LOG,1848000,32
LOG_ALLOC,1848000,29,7
LOG_SYS,1851000,33,0
CSV_LOG,1851000,33
LOG_ALLOC,1851000,29,32
LOG_SYS,1854000,34,0
CSV_LOG,1854000,34
LOG_ALLOC,1854000,29,33
LOG_SYS,1858000,35,0
CSV_LOG,1858000,35
LOG_ALLOC,1858000,29,34
LOG_SYS,1861000,35,0
CSV_LOG,1861000,35
LOG_ALLOC,1861000,29,28
LOG_FREE,1861000,26,28
LOG_SYS,1864000,36,0
CSV_LOG,1864000,36
LOG_SYS,1868000,36,0
CSV_LOG,1868000,36
LOG_SYS,1871000,36,0
CSV_LOG,1871000,36
LOG_SYS,1874000,36,0
CSV_LOG,1874000,36
LOG_SYS,1878000,36,0
CSV_LOG,1878000,36
LOG_SYS,1881000,36,0
CSV_LOG,1881000,36
LOG_SYS,1884000,36,0
CSV_LOG,1884000,36
LOG_SYS,1888000,36,0
CSV_LOG,1888000,36
LOG_SYS,1891000,36,0
CSV_LOG,1891000,36
LOG_SYS,1894000,36,0
CSV_LOG,1894000,36
LOG_SYS,1898000,36,0
CSV_LOG,1898000,36
LOG_SYS,1901000,36,0
CSV_LOG,1901000,36
LOG_SYS,1904000,36,0
CSV_LOG,1904000,36
LOG_SYS,1908000,36,0
CSV_LOG,1908000,36
LOG_SYS,1911000,36,0
CSV_LOG,1911000,36
LOG_HOST,1914000,33,4,0
LOG_SYS,1914000,36,0
CSV_LOG,1914000,36
LOG_SYS,1918000,36,0
CSV_LOG,1918000,36
LOG_SYS,1921000,36,0
CSV_LOG,1921000,36
LOG_SYS,1924000,35,0
CSV_LOG,1924000,35
LOG_FREE,1924000,24,15
LOG_SYS,1928000,35,0
CSV_LOG,1928000,35
LOG_SYS,1931000,35,0
CSV_LOG,1931000,35
LOG_SYS,1934000,35,0
CSV_LOG,1934000,35
LOG_SYS,1938000,35,0
CSV_LOG,1938000,35
LOG_SYS,1941000,34,0
CSV_LOG,1941000,34
LOG_FREE,1941000,24,18
LOG_SYS,1944000,34,0
CSV_LOG,1944000,34
LOG_SYS,1948000,34,0
CSV_LOG,1948000,34
LOG_SYS,1951000,34,0
CSV_LOG,1951000,34
LOG_SYS,1954000,34,0
CSV_LOG,1954000,34
LOG_SYS,1958000,33,0
CSV_LOG,1958000,33
LOG_FREE,1958000,24,8
LOG_HOST,1961000,34,4,0
LOG_SYS,1961000,33,0
CSV_LOG,1961000,33
LOG_SYS,1964000,33,0
CSV_LOG,1964000,33
LOG_SYS,1968000,33,0
CSV_LOG,1968000,33
LOG_SYS,1971000,33,0
CSV_LOG,1971000,33
LOG_SYS,1974000,33,0
CSV_LOG,1974000,33
LOG_SYS,1978000,33,0
CSV_LOG,1978000,33
LOG_SYS,1981000,32,0
CSV_LOG,1981000,32
LOG_FREE,1981000,15,4
LOG_SYS,1984000,32,0
CSV_LOG,1984000,32
LOG_SYS,1988000,32,0
CSV_LOG,1988000,32
LOG_SYS,1991000,32,0
CSV_LOG,1991000,32
LOG_SYS,1994000,32,0
CSV_LOG,1994000,32
LOG_SYS,1998000,32,0
CSV_LOG,1998000,32
LOG_HOST,1998000,35,5,0
LOG_SYS,2001000,32,0
CSV_LOG,2001000,32
LOG_SYS,2004000,32,0
CSV_LOG,2004000,32
LOG_SYS,2008000,31,0
CSV_LOG,2008000,31
LOG_FREE,2008000,17,3
LOG_SYS,2011000,31,0
CSV_LOG,2011000,31
LOG_SYS,2014000,31,0
CSV_LOG,2014000,31
LOG_SYS,2018000,31,0
CSV_LOG,2018000,31
LOG_SYS,2021000,31,0
CSV_LOG,2021000,31
LOG_SYS,2024000,31,0
CSV_LOG,2024000,31
LOG_SYS,2028000,31,0
CSV_LOG,2028000,31
LOG_SYS,2031000,31,0
CSV_LOG,2031000,31
LOG_SYS,2034000,31,0
CSV_LOG,2034000,31
LOG_SYS,2038000,31,0
CSV_LOG,2038000,31
LOG_SYS,2041000,30,0
CSV_LOG,2041000,30
LOG_FREE,2041000,20,26
LOG_SYS,2044000,30,0
CSV_LOG,2044000,30
LOG_HOST,2044000,36,5,0
LOG_SYS,2048000,30,0
CSV_LOG,2048000,30
LOG_ALLOC,2048000,21,3
LOG_SYS,2051000,30,0
CSV_LOG,2051000,30
LOG_ALLOC,2051000,21,4
LOG_FREE,2051000,15,9
LOG_SYS,2054000,30,0
CSV_LOG,2054000,30
LOG_ALLOC,2054000,21,8
LOG_FREE,2054000,26,27
LOG_SYS,2058000,31,0
CSV_LOG,2058000,31
LOG_SYS,2061000,31,0
CSV_LOG,2061000,31
LOG_SYS,2064000,30,0
CSV_LOG,2064000,30
LOG_FREE,2064000,25,22
LOG_SYS,2068000,30,0
CSV_LOG,2068000,30
LOG_SYS,2071000,30,0
CSV_LOG,2071000,30
LOG_SYS,2074000,30,0
CSV_LOG,2074000,30
LOG_SYS,2078000,30,0
CSV_LOG,2078000,30
LOG_SYS,2081000,30,0
CSV_LOG,2081000,30
LOG_SYS,2084000,30,0
CSV_LOG,2084000,30
LOG_SYS,2087000,30,0
CSV_LOG,2087000,30
LOG_SYS,2091000,30,0
CSV_LOG,2091000,30
LOG_SYS,2094000,29,0
CSV_LOG,2094000,29
LOG_FREE,2094000,29,28
LOG_SYS,2097000,29,0
CSV_LOG,2097000,29
LOG_SYS,2101000,29,0
CSV_LOG,2101000,29
LOG_SYS,2104000,28,0
CSV_LOG,2104000,28
LOG_FREE,2104000,17,11
LOG_SYS,2107000,28,0
CSV_LOG,2107000,28
LOG_SYS,2111000,28,0
CSV_LOG,2111000,28
LOG_HOST,2114000,37,4,0
LOG_SYS,2114000,28,0
CSV_LOG,2114000,28
LOG_SYS,2117000,28,0
CSV_LOG,2117000,28
LOG_SYS,2121000,27,0
CSV_LOG,2121000,27
LOG_FREE,2121000,24,0
LOG_SYS,2124000,26,0
CSV_LOG,2124000,26
LOG_FREE,2124000,29,33
LOG_SYS,2127000,26,0
CSV_LOG,2127000,26
LOG_SYS,2131000,26,0
CSV_LOG,2131000,26
LOG_SYS,2134000,26,0
CSV_LOG,2134000,26
LOG_SYS,2137000,26,0
CSV_LOG,2137000,26
LOG_SYS,2141000,25,0
CSV_LOG,2141000,25
LOG_FREE,2141000,29,32
LOG_SYS,2144000,24,0
CSV_LOG,2144000,24
LOG_FREE,2144000,11,36
LOG_SYS,2147000,24,0
CSV_LOG,2147000,24
LOG_SYS,2151000,24,0
CSV_LOG,2151000,24
LOG_SYS,2154000,24,0
CSV_LOG,2154000,24
LOG_ALLOC,2154000,32,0
LOG_SYS,2157000,25,0
CSV_LOG,2157000,25
LOG_ALLOC,2157000,32,9
LOG_SYS,2161000,25,0
CSV_LOG,2161000,25
LOG_ALLOC,2161000,32,11
LOG_FREE,2161000,27,29
LOG_SYS,2164000,26,0
CSV_LOG,2164000,26
LOG_ALLOC,2164000,32,15
LOG_SYS,2167000,27,0
CSV_LOG,2167000,27
LOG_ALLOC,2167000,32,18
LOG_SYS,2171000,28,0
CSV_LOG,2171000,28
LOG_ALLOC,2171000,32,22
LOG_HOST,2174000,38,6,0
LOG_SYS,2174000,29,0
CSV_LOG,2174000,29
LOG_ALLOC,2174000,32,26
LOG_SYS,2177000,30,0
CSV_LOG,2177000,30
LOG_ALLOC,2177000,32,27
LOG_SYS,2181000,31,0
CSV_LOG,2181000,31
LOG_SYS,2184000,31,0
CSV_LOG,2184000,31
LOG_SYS,2187000,30,0
CSV_LOG,2187000,30
LOG_FREE,2187000,24,17
LOG_SYS,2191000,30,0
CSV_LOG,2191000,30
LOG_SYS,2194000,30,0
CSV_LOG,2194000,30
LOG_SYS,2197000,30,0
CSV_LOG,2197000,30
LOG_SYS,2201000,30,0
CSV_LOG,2201000,30
LOG_SYS,2204000,30,0
CSV_LOG,2204000,30
LOG_SYS,2207000,30,0
CSV_LOG,2207000,30
LOG_SYS,2211000,30,0
CSV_LOG,2211000,30
LOG_SYS,2214000,30,0
CSV_LOG,2214000,30
LOG_SYS,2217000,30,0
CSV_LOG,2217000,30
LOG_SYS,2221000,30,0
CSV_LOG,2221000,30
LOG_SYS,2224000,30,0
CSV_LOG,2224000,30
LOG_SYS,2227000,30,0
CSV_LOG,2227000,30
LOG_SYS,2231000,29,0
CSV_LOG,2231000,29
LOG_FREE,2231000,26,23
LOG_SYS,2234000,28,0
CSV_LOG,2234000,28
LOG_FREE,2234000,27,30
LOG_SYS,2237000,28,0
CSV_LOG,2237000,28
LOG_SYS,2241000,28,0
CSV_LOG,2241000,28
LOG_SYS,2244000,28,0
CSV_LOG,2244000,28
LOG_SYS,2247000,28,0
CSV_LOG,2247000,28
LOG_SYS,2251000,28,0
CSV_LOG,2251000,28
LOG_SYS,2254000,28,0
CSV_LOG,2254000,28
LOG_SYS,2257000,28,0
CSV_LOG,2257000,28
LOG_HOST,2257000,39,2,0
LOG_SYS,2261000,28,0
CSV_LOG,2261000,28
LOG_SYS,2264000,28,0
CSV_LOG,2264000,28
LOG_SYS,2267000,27,0
CSV_LOG,2267000,27
LOG_FREE,2267000,15,14
LOG_SYS,2271000,27,0
CSV_LOG,2271000,27
LOG_SYS,2274000,27,0
CSV_LOG,2274000,27
LOG_SYS,2277000,27,0
CSV_LOG,2277000,27
LOG_SYS,2281000,26,0
CSV_LOG,2281000,26
LOG_FREE,2281000,21,4
LOG_SYS,2284000,25,0
CSV_LOG,2284000,25
LOG_FREE,2284000,29,7
LOG_SYS,2287000,25,0
CSV_LOG,2287000,25
LOG_SYS,2291000,25,0
CSV_LOG,2291000,25
LOG_HOST,2291000,40,8,0
LOG_SYS,2294000,25,0
CSV_LOG,2294000,25
LOG_SYS,2297000,25,0
CSV_LOG,2297000,25
LOG_SYS,2301000,25,0
CSV_LOG,2301000,25
LOG_SYS,2304000,24,0
CSV_LOG,2304000,24
LOG_FREE,2304000,32,0
LOG_SYS,2307000,24,0
CSV_LOG,2307000,24
LOG_SYS,2311000,24,0
CSV_LOG,2311000,24
LOG_SYS,2314000,24,0
CSV_LOG,2314000,24
LOG_SYS,2317000,24,0
CSV_LOG,2317000,24
LOG_HOST,2317000,41,5,40
LOG_SYS,2321000,24,0
CSV_LOG,2321000,24
LOG_SYS,2324000,24,0
CSV_LOG,2324000,24
LOG_SYS,2327000,24,0
CSV_LOG,2327000,24
LOG_SYS,2331000,23,0
CSV_LOG,2331000,23
LOG_FREE,2331000,26,25
LOG_SYS,2334000,23,0
CSV_LOG,2334000,23
LOG_SYS,2337000,23,0
CSV_LOG,2337000,23
LOG_SYS,2341000,23,0
CSV_LOG,2341000,23
LOG_SYS,2344000,23,0
CSV_LOG,2344000,23
LOG_SYS,2347000,23,0
CSV_LOG,2347000,23
LOG_SYS,2351000,23,0
CSV_LOG,2351000,23
LOG_HOST,2351000,42,6,0
LOG_SYS,2354000,23,0
CSV_LOG,2354000,23
LOG_SYS,2357000,23,0
CSV_LOG,2357000,23
LOG_SYS,2361000,23,0
CSV_LOG,2361000,23
LOG_SYS,2364000,23,0
CSV_LOG,2364000,23
LOG_SYS,2367000,23,0
CSV_LOG,2367000,23
LOG_SYS,2371000,22,0
CSV_LOG,2371000,22
LOG_FREE,2371000,32,9
LOG_SYS,2374000,22,0
CSV_LOG,2374000,22
LOG_SYS,2377000,22,0
CSV_LOG,2377000,22
LOG_SYS,2381000,22,0
CSV_LOG,2381000,22
LOG_SYS,2384000,22,0
CSV_LOG,2384000,22
LOG_SYS,2387000,22,0
CSV_LOG,2387000,22
LOG_SYS,2391000,22,0
CSV_LOG,2391000,22
LOG_SYS,2394000,22,0
CSV_LOG,2394000,22
LOG_SYS,2397000,22,0
CSV_LOG,2397000,22
LOG_SYS,2401000,22,0
CSV_LOG,2401000,22
LOG_SYS,2404000,22,0
CSV_LOG,2404000,22
LOG_SYS,2407000,22,0
CSV_LOG,2407000,22
LOG_SYS,2411000,22,0
CSV_LOG,2411000,22
LOG_SYS,2414000,22,0
CSV_LOG,2414000,22
LOG_SYS,2417000,22,0
CSV_LOG,2417000,22
LOG_SYS,2421000,22,0
CSV_LOG,2421000,22
LOG_SYS,2424000,22,0
CSV_LOG,2424000,22
LOG_HOST,2427000,43,3,0
LOG_SYS,2427000,22,0
CSV_LOG,2427000,22
LOG_SYS,2431000,22,0
CSV_LOG,2431000,22
LOG_SYS,2434000,22,0
CSV_LOG,2434000,22
LOG_SYS,2437000,22,0
CSV_LOG,2437000,22
LOG_SYS,2441000,22,0
CSV_LOG,2441000,22
LOG_SYS,2444000,22,0
CSV_LOG,2444000,22
LOG_SYS,2447000,21,0
CSV_LOG,2447000,21
LOG_FREE,2447000,25,12
LOG_SYS,2451000,21,0
CSV_LOG,2451000,21
LOG_SYS,2454000,21,0
CSV_LOG,2454000,21
LOG_SYS,2457000,21,0
CSV_LOG,2457000,21
LOG_ALLOC,2457000,33,0
LOG_SYS,2461000,22,0
CSV_LOG,2461000,22
LOG_ALLOC,2461000,33,4
LOG_SYS,2464000,23,0
CSV_LOG,2464000,23
LOG_ALLOC,2464000,33,7
LOG_SYS,2467000,24,0
CSV_LOG,2467000,24
LOG_ALLOC,2467000,33,9
LOG_SYS,2471000,25,0
CSV_LOG,2471000,25
LOG_HOST,2474000,44,4,0
LOG_SYS,2474000,25,0
CSV_LOG,2474000,25
LOG_SYS,2477000,25,0
CSV_LOG,2477000,25
LOG_SYS,2481000,25,0
CSV_LOG,2481000,25
LOG_SYS,2484000,25,0
CSV_LOG,2484000,25
LOG_SYS,2487000,25,0
CSV_LOG,2487000,25
LOG_SYS,2491000,25,0
CSV_LOG,2491000,25
LOG_SYS,2494000,25,0
CSV_LOG,2494000,25
LOG_SYS,2497000,25,0
CSV_LOG,2497000,25
LOG_SYS,2501000,25,0
CSV_LOG,2501000,25
LOG_SYS,2504000,24,0
CSV_LOG,2504000,24
LOG_FREE,2504000,21,3
LOG_SYS,2507000,24,0
CSV_LOG,2507000,24
LOG_SYS,2511000,24,0
CSV_LOG,2511000,24
LOG_HOST,2511000,45,6,0
LOG_SYS,2514000,24,0
CSV_LOG,2514000,24
LOG_SYS,2517000,23,0
CSV_LOG,2517000,23
LOG_FREE,2517000,28,5
LOG_SYS,2521000,23,0
CSV_LOG,2521000,23
LOG_SYS,2524000,22,0
CSV_LOG,2524000,22
LOG_FREE,2524000,32,11
LOG_SYS,2527000,22,0
CSV_LOG,2527000,22
LOG_ALLOC,2527000,34,3
LOG_SYS,2531000,23,0
CSV_LOG,2531000,23
LOG_ALLOC,2531000,34,5
LOG_SYS,2534000,24,0
CSV_LOG,2534000,24
LOG_ALLOC,2534000,34,11
LOG_SYS,2537000,24,0
CSV_LOG,2537000,24
LOG_ALLOC,2537000,34,12
LOG_FREE,2537000,32,22
LOG_SYS,2541000,24,0
CSV_LOG,2541000,24
LOG_FREE,2541000,2,1
LOG_SYS,2544000,24,0
CSV_LOG,2544000,24
LOG_SYS,2547000,23,0
CSV_LOG,2547000,23
LOG_FREE,2547000,24,19
LOG_SYS,2551000,23,0
CSV_LOG,2551000,23
LOG_ALLOC,2551000,35,1
LOG_SYS,2554000,24,0
CSV_LOG,2554000,24
LOG_ALLOC,2554000,35,14
LOG_SYS,2557000,25,0
CSV_LOG,2557000,25
LOG_ALLOC,2557000,35,17
LOG_SYS,2561000,25,0
CSV_LOG,2561000,25
LOG_ALLOC,2561000,35,15
LOG_FREE,2561000,32,15
LOG_SYS,2564000,26,0
CSV_LOG,2564000,26
LOG_ALLOC,2564000,35,19
LOG_SYS,2567000,27,0
CSV_LOG,2567000,27
LOG_SYS,2571000,27,0
CSV_LOG,2571000,27
LOG_SYS,2574000,27,0
CSV_LOG,2574000,27
LOG_SYS,2577000,27,0
CSV_LOG,2577000,27
LOG_SYS,2581000,27,0
CSV_LOG,2581000,27
LOG_SYS,2584000,27,0
CSV_LOG,2584000,27
LOG_HOST,2587000,46,2,0
LOG_SYS,2587000,27,0
CSV_LOG,2587000,27
LOG_SYS,2591000,27,0
CSV_LOG,2591000,27
LOG_SYS,2594000,27,0
CSV_LOG,2594000,27
LOG_SYS,2597000,27,0
CSV_LOG,2597000,27
LOG_SYS,2601000,27,0
CSV_LOG,2601000,27
LOG_SYS,2604000,27,0
CSV_LOG,2604000,27
LOG_SYS,2607000,27,0
CSV_LOG,2607000,27
LOG_SYS,2611000,27,0
CSV_LOG,2611000,27
LOG_SYS,2614000,27,0
CSV_LOG,2614000,27
LOG_SYS,2617000,27,0
CSV_LOG,2617000,27
LOG_SYS,2621000,27,0
CSV_LOG,2621000,27
LOG_SYS,2624000,27,0
CSV_LOG,2624000,27
LOG_SYS,2627000,27,0
CSV_LOG,2627000,27
LOG_SYS,2631000,26,0
CSV_LOG,2631000,26
LOG_FREE,2631000,32,18
LOG_SYS,2634000,26,0
CSV_LOG,2634000,26
LOG_SYS,2637000,25,0
CSV_LOG,2637000,25
LOG_FREE,2637000,33,7
LOG_SYS,2641000,25,0
CSV_LOG,2641000,25
LOG_SYS,2644000,25,0
CSV_LOG,2644000,25
LOG_SYS,2647000,25,0
CSV_LOG,2647000,25
LOG_SYS,2651000,25,0
CSV_LOG,2651000,25
LOG_SYS,2654000,25,0
CSV_LOG,2654000,25
LOG_SYS,2657000,25,0
CSV_LOG,2657000,25
LOG_HOST,2657000,47,3,0
LOG_SYS,2661000,25,0
CSV_LOG,2661000,25
LOG_SYS,2664000,25,0
CSV_LOG,2664000,25
LOG_SYS,2667000,25,0
CSV_LOG,2667000,25
LOG_SYS,2671000,24,0
CSV_LOG,2671000,24
LOG_FREE,2671000,34,12
LOG_SYS,2674000,24,0
CSV_LOG,2674000,24
LOG_SYS,2677000,24,0
CSV_LOG,2677000,24
LOG_SYS,2681000,23,0
CSV_LOG,2681000,23
LOG_FREE,2681000,27,31
LOG_SYS,2684000,23,0
CSV_LOG,2684000,23
LOG_SYS,2687000,23,0
CSV_LOG,2687000,23
LOG_SYS,2691000,23,0
CSV_LOG,2691000,23
LOG_SYS,2694000,23,0
CSV_LOG,2694000,23
LOG_SYS,2697000,23,0
CSV_LOG,2697000,23
LOG_SYS,2701000,23,0
CSV_LOG,2701000,23
LOG_SYS,2704000,22,0
CSV_LOG,2704000,22
LOG_FREE,2704000,33,0
LOG_SYS,2707000,21,0
CSV_LOG,2707000,21
LOG_FREE,2707000,24,10
LOG_SYS,2711000,20,0
CSV_LOG,2711000,20
LOG_FREE,2711000,34,11
LOG_SYS,2714000,19,0
CSV_LOG,2714000,19
LOG_FREE,2714000,35,17
LOG_SYS,2717000,18,0
CSV_LOG,2717000,18
LOG_ALLOC,2717000,36,0
LOG_FREE,2717000,26,24
LOG_SYS,2721000,19,0
CSV_LOG,2721000,19
LOG_ALLOC,2721000,36,7
LOG_SYS,2724000,20,0
CSV_LOG,2724000,20
LOG_ALLOC,2724000,36,10
LOG_SYS,2727000,20,0
CSV_LOG,2727000,20
LOG_ALLOC,2727000,36,11
LOG_FREE,2727000,35,15
LOG_SYS,2731000,20,0
CSV_LOG,2731000,20
LOG_ALLOC,2731000,36,4
LOG_FREE,2731000,33,4
LOG_SYS,2734000,21,0
CSV_LOG,2734000,21
LOG_ALLOC,2734000,37,12
LOG_SYS,2737000,22,0
CSV_LOG,2737000,22
LOG_ALLOC,2737000,37,15
LOG_HOST,2741000,48,7,0
LOG_SYS,2741000,23,0
CSV_LOG,2741000,23
LOG_ALLOC,2741000,37,17
LOG_SYS,2744000,24,0
CSV_LOG,2744000,24
LOG_ALLOC,2744000,37,18
LOG_SYS,2747000,25,0
CSV_LOG,2747000,25
LOG_SYS,2751000,25,0
CSV_LOG,2751000,25
LOG_SYS,2754000,25,0
CSV_LOG,2754000,25
LOG_SYS,2757000,25,0
CSV_LOG,2757000,25
LOG_SYS,2761000,25,0
CSV_LOG,2761000,25
LOG_SYS,2764000,25,0
CSV_LOG,2764000,25
LOG_SYS,2767000,25,0
CSV_LOG,2767000,25
LOG_SYS,2771000,25,0
CSV_LOG,2771000,25
LOG_HOST,2771000,49,5,0
LOG_SYS,2774000,24,0
CSV_LOG,2774000,24
LOG_FREE,2774000,29,34
LOG_SYS,2777000,24,0
CSV_LOG,2777000,24
LOG_SYS,2781000,24,0
CSV_LOG,2781000,24
LOG_SYS,2784000,24,0
CSV_LOG,2784000,24
LOG_SYS,2787000,23,0
CSV_LOG,2787000,23
LOG_FREE,2787000,32,26
LOG_SYS,2791000,23,0
CSV_LOG,2791000,23
LOG_SYS,2794000,22,0
CSV_LOG,2794000,22
LOG_FREE,2794000,35,14
LOG_SYS,2797000,22,0
CSV_LOG,2797000,22
LOG_SYS,2801000,22,0
CSV_LOG,2801000,22
LOG_SYS,2804000,21,0
CSV_LOG,2804000,21
LOG_FREE,2804000,37,12
LOG_SYS,2807000,21,0
CSV_LOG,2807000,21
LOG_SYS,2811000,21,0
CSV_LOG,2811000,21
LOG_SYS,2814000,21,0
CSV_LOG,2814000,21
LOG_SYS,2817000,21,0
CSV_LOG,2817000,21
LOG_SYS,2821000,21,0
CSV_LOG,2821000,21
LOG_SYS,2824000,21,0
CSV_LOG,2824000,21
LOG_SYS,2827000,21,0
CSV_LOG,2827000,21
LOG_SYS,2831000,21,0
CSV_LOG,2831000,21
LOG_SYS,2834000,21,0
CSV_LOG,2834000,21
LOG_SYS,2837000,21,0
CSV_LOG,2837000,21
LOG_SYS,2841000,21,0
CSV_LOG,2841000,21
LOG_SYS,2844000,21,0
CSV_LOG,2844000,21
LOG_SYS,2847000,21,0
CSV_LOG,2847000,21
LOG_SYS,2851000,21,0
CSV_LOG,2851000,21
LOG_HOST,2854000,50,5,0
LOG_SYS,2854000,21,0
CSV_LOG,2854000,21
LOG_SYS,2857000,21,0
CSV_LOG,2857000,21
LOG_SYS,2861000,21,0
CSV_LOG,2861000,21
LOG_SYS,2864000,21,0
CSV_LOG,2864000,21
LOG_SYS,2867000,20,0
CSV_LOG,2867000,20
LOG_FREE,2867000,36,0
LOG_SYS,2871000,20,0
CSV_LOG,2871000,20
LOG_SYS,2874000,20,0
CSV_LOG,2874000,20
LOG_SYS,2877000,20,0
CSV_LOG,2877000,20
LOG_SYS,2881000,20,0
CSV_LOG,2881000,20
LOG_SYS,2884000,20,0
CSV_LOG,2884000,20
LOG_SYS,2887000,20,0
CSV_LOG,2887000,20
LOG_SYS,2891000,20,0
CSV_LOG,2891000,20
LOG_SYS,2894000,20,0
CSV_LOG,2894000,20
LOG_SYS,2897000,20,0
CSV_LOG,2897000,20
LOG_SYS,2901000,20,0
CSV_LOG,2901000,20
LOG_SYS,2904000,20,0
CSV_LOG,2904000,20
LOG_SYS,2907000,20,0
CSV_LOG,2907000,20
LOG_SYS,2911000,20,0
CSV_LOG,2911000,20
LOG_SYS,2914000,20,0
CSV_LOG,2914000,20
LOG_SYS,2917000,20,0
CSV_LOG,2917000,20
LOG_SYS,2920000,20,0
CSV_LOG,2920000,20
LOG_SYS,2924000,20,0
CSV_LOG,2924000,20
LOG_SYS,2927000,20,0
CSV_LOG,2927000,20
LOG_SYS,2930000,20,0
CSV_LOG,2930000,20
LOG_SYS,2934000,20,0
CSV_LOG,2934000,20
LOG_SYS,2937000,20,0
CSV_LOG,2937000,20
LOG_HOST,2940000,51,5,0
LOG_SYS,2940000,20,0
CSV_LOG,2940000,20
LOG_SYS,2944000,19,0
CSV_LOG,2944000,19
LOG_FREE,2944000,37,18
LOG_SYS,2947000,18,0
CSV_LOG,2947000,18
LOG_FREE,2947000,32,27
LOG_SYS,2950000,18,0
CSV_LOG,2950000,18
LOG_SYS,2954000,18,0
CSV_LOG,2954000,18
LOG_SYS,2957000,18,0
CSV_LOG,2957000,18
LOG_ALLOC,2957000,38,0
LOG_SYS,2960000,19,0
CSV_LOG,2960000,19
LOG_ALLOC,2960000,38,12
LOG_SYS,2964000,20,0
CSV_LOG,2964000,20
LOG_ALLOC,2964000,38,14
LOG_HOST,2967000,52,2,0
LOG_SYS,2967000,21,0
CSV_LOG,2967000,21
LOG_ALLOC,2967000,38,18
LOG_SYS,2970000,22,0
CSV_LOG,2970000,22
LOG_ALLOC,2970000,38,22
LOG_SYS,2974000,23,0
CSV_LOG,2974000,23
LOG_ALLOC,2974000,38,23
LOG_SYS,2977000,24,0
CSV_LOG,2977000,24
LOG_SYS,2980000,24,0
CSV_LOG,2980000,24
LOG_SYS,2984000,24,0
CSV_LOG,2984000,24
LOG_SYS,2987000,23,0
CSV_LOG,2987000,23
LOG_FREE,2987000,27,13
LOG_SYS,2990000,23,0
CSV_LOG,2990000,23
LOG_SYS,2994000,23,0
CSV_LOG,2994000,23
LOG_SYS,2997000,23,0
CSV_LOG,2997000,23
LOG_SYS,3000000,23,0
CSV_LOG,3000000,23
LOG_SYS,3004000,23,0
CSV_LOG,3004000,23
LOG_SYS,3007000,23,0
CSV_LOG,3007000,23
LOG_SYS,3010000,23,0
CSV_LOG,3010000,23
LOG_SYS,3014000,23,0
CSV_LOG,3014000,23
LOG_SYS,3017000,23,0
CSV_LOG,3017000,23
LOG_SYS,3020000,23,0
CSV_LOG,3020000,23
LOG_SYS,3024000,23,0
CSV_LOG,3024000,23
LOG_SYS,3027000,23,0
CSV_LOG,3027000,23
LOG_SYS,3030000,22,0
CSV_LOG,3030000,22
LOG_FREE,3030000,38,14
LOG_SYS,3034000,21,0
CSV_LOG,3034000,21
LOG_FREE,3034000,19,21
LOG_SYS,3037000,21,0
CSV_LOG,3037000,21
LOG_SYS,3040000,20,0
CSV_LOG,3040000,20
LOG_FREE,3040000,35,1
LOG_SYS,3044000,20,0
CSV_LOG,3044000,20
LOG_ALLOC,3044000,39,1
LOG_HOST,3047000,53,3,0
LOG_SYS,3047000,21,0
CSV_LOG,3047000,21
LOG_ALLOC,3047000,39,13
LOG_SYS,3050000,22,0
CSV_LOG,3050000,22
LOG_SYS,3054000,22,0
CSV_LOG,3054000,22
LOG_SYS,3057000,22,0
CSV_LOG,3057000,22
LOG_SYS,3060000,22,0
CSV_LOG,3060000,22
LOG_SYS,3064000,22,0
CSV_LOG,3064000,22
LOG_SYS,3067000,22,0
CSV_LOG,3067000,22
LOG_SYS,3070000,22,0
CSV_LOG,3070000,22
LOG_SYS,3074000,22,0
CSV_LOG,3074000,22
LOG_SYS,3077000,22,0
CSV_LOG,3077000,22
LOG_SYS,3080000,22,0
CSV_LOG,3080000,22
LOG_SYS,3084000,22,0
CSV_LOG,3084000,22
LOG_SYS,3087000,22,0
CSV_LOG,3087000,22
LOG_SYS,3090000,22,0
CSV_LOG,3090000,22
LOG_HOST,3094000,54,5,53
LOG_SYS,3094000,21,0
CSV_LOG,3094000,21
LOG_FREE,3094000,37,15
LOG_SYS,3097000,21,0
CSV_LOG,3097000,21
LOG_SYS,3100000,21,0
CSV_LOG,3100000,21
LOG_SYS,3104000,21,0
CSV_LOG,3104000,21
LOG_SYS,3107000,21,0
CSV_LOG,3107000,21
LOG_SYS,3110000,21,0
CSV_LOG,3110000,21
LOG_SYS,3114000,21,0
CSV_LOG,3114000,21
LOG_SYS,3117000,21,0
CSV_LOG,3117000,21
LOG_SYS,3120000,21,0
CSV_LOG,3120000,21
LOG_SYS,3124000,21,0
CSV_LOG,3124000,21
LOG_SYS,3127000,21,0
CSV_LOG,3127000,21
LOG_SYS,3130000,21,0
CSV_LOG,3130000,21
LOG_SYS,3134000,21,0
CSV_LOG,3134000,21
LOG_SYS,3137000,21,0
CSV_LOG,3137000,21
LOG_SYS,3140000,21,0
CSV_LOG,3140000,21
LOG_SYS,3144000,21,0
CSV_LOG,3144000,21
LOG_SYS,3147000,21,0
CSV_LOG,3147000,21
LOG_SYS,3150000,21,0
CSV_LOG,3150000,21
LOG_SYS,3154000,21,0
CSV_LOG,3154000,21
LOG_SYS,3157000,21,0
CSV_LOG,3157000,21
LOG_HOST,3157000,55,2,0
LOG_SYS,3160000,21,0
CSV_LOG,3160000,21
LOG_SYS,3164000,21,0
CSV_LOG,3164000,21
LOG_SYS,3167000,21,0
CSV_LOG,3167000,21
LOG_SYS,3170000,20,0
CSV_LOG,3170000,20
LOG_FREE,3170000,38,22
LOG_SYS,3174000,20,0
CSV_LOG,3174000,20
LOG_SYS,3177000,20,0
CSV_LOG,3177000,20
LOG_SYS,3180000,20,0
CSV_LOG,3180000,20
LOG_SYS,3184000,20,0
CSV_LOG,3184000,20
LOG_SYS,3187000,20,0
CSV_LOG,3187000,20
LOG_SYS,3190000,20,0
CSV_LOG,3190000,20
LOG_SYS,3194000,20,0
CSV_LOG,3194000,20
LOG_SYS,3197000,20,0
CSV_LOG,3197000,20
LOG_SYS,3200000,20,0
CSV_LOG,3200000,20
LOG_SYS,3204000,20,0
CSV_LOG,3204000,20
LOG_SYS,3207000,19,0
CSV_LOG,3207000,19
LOG_FREE,3207000,21,8
LOG_SYS,3210000,19,0
CSV_LOG,3210000,19
LOG_SYS,3214000,19,0
CSV_LOG,3214000,19
LOG_ALLOC,3214000,22,8
LOG_SYS,3217000,20,0
CSV_LOG,3217000,20
LOG_ALLOC,3217000,22,14
LOG_SYS,3220000,21,0
CSV_LOG,3220000,21
LOG_ALLOC,3220000,22,15
LOG_SYS,3224000,22,0
CSV_LOG,3224000,22
LOG_ALLOC,3224000,22,21
LOG_SYS,3227000,23,0
CSV_LOG,3227000,23
LOG_ALLOC,3227000,40,22
LOG_SYS,3230000,24,0
CSV_LOG,3230000,24
LOG_ALLOC,3230000,40,24
LOG_SYS,3234000,24,0
CSV_LOG,3234000,24
LOG_ALLOC,3234000,40,23
LOG_FREE,3234000,38,23
LOG_SYS,3237000,25,0
CSV_LOG,3237000,25
LOG_ALLOC,3237000,40,25
LOG_SYS,3240000,26,0
CSV_LOG,3240000,26
LOG_ALLOC,3240000,40,26
LOG_SYS,3244000,26,0
CSV_LOG,3244000,26
LOG_ALLOC,3244000,40,10
LOG_FREE,3244000,36,10
LOG_HOST,3244000,56,5,0
LOG_SYS,3247000,27,0
CSV_LOG,3247000,27
LOG_ALLOC,3247000,40,27
LOG_SYS,3250000,28,0
CSV_LOG,3250000,28
LOG_ALLOC,3250000,40,28
LOG_SYS,3254000,29,0
CSV_LOG,3254000,29
LOG_SYS,3257000,29,0
CSV_LOG,3257000,29
LOG_SYS,3260000,29,0
CSV_LOG,3260000,29
LOG_SYS,3264000,29,0
CSV_LOG,3264000,29
LOG_SYS,3267000,29,0
CSV_LOG,3267000,29
LOG_SYS,3270000,28,0
CSV_LOG,3270000,28
LOG_FREE,3270000,39,13
LOG_SYS,3274000,28,0
CSV_LOG,3274000,28
LOG_SYS,3277000,27,0
CSV_LOG,3277000,27
LOG_FREE,3277000,40,10
LOG_SYS,3280000,27,0
CSV_LOG,3280000,27
LOG_SYS,3284000,27,0
CSV_LOG,3284000,27
LOG_SYS,3287000,27,0
CSV_LOG,3287000,27
LOG_SYS,3290000,27,0
CSV_LOG,3290000,27
LOG_HOST,3294000,57,8,0
LOG_SYS,3294000,27,0
CSV_LOG,3294000,27
LOG_SYS,3297000,27,0
CSV_LOG,3297000,27
LOG_SYS,3300000,26,0
CSV_LOG,3300000,26
LOG_FREE,3300000,23,2
LOG_SYS,3304000,26,0
CSV_LOG,3304000,26
LOG_SYS,3307000,26,0
CSV_LOG,3307000,26
LOG_SYS,3310000,26,0
CSV_LOG,3310000,26
LOG_SYS,3314000,26,0
CSV_LOG,3314000,26
LOG_SYS,3317000,26,0
CSV_LOG,3317000,26
LOG_SYS,3320000,25,0
CSV_LOG,3320000,25
LOG_FREE,3320000,40,25
LOG_SYS,3324000,25,0
CSV_LOG,3324000,25
LOG_SYS,3327000,25,0
CSV_LOG,3327000,25
LOG_SYS,3330000,25,0
CSV_LOG,3330000,25
LOG_HOST,3334000,58,2,57
LOG_SYS,3334000,25,0
CSV_LOG,3334000,25
LOG_SYS,3337000,25,0
CSV_LOG,3337000,25
LOG_SYS,3340000,25,0
CSV_LOG,3340000,25
LOG_SYS,3344000,25,0
CSV_LOG,3344000,25
LOG_SYS,3347000,25,0
CSV_LOG,3347000,25
LOG_SYS,3350000,25,0
CSV_LOG,3350000,25
LOG_SYS,3354000,25,0
CSV_LOG,3354000,25
LOG_SYS,3357000,25,0
CSV_LOG,3357000,25
LOG_SYS,3360000,25,0
CSV_LOG,3360000,25
LOG_SYS,3364000,25,0
CSV_LOG,3364000,25
LOG_SYS,3367000,25,0
CSV_LOG,3367000,25
LOG_SYS,3370000,25,0
CSV_LOG,3370000,25
LOG_SYS,3374000,24,0
CSV_LOG,3374000,24
LOG_FREE,3374000,40,24
LOG_SYS,3377000,24,0
CSV_LOG,3377000,24
LOG_SYS,3380000,23,0
CSV_LOG,3380000,23
LOG_FREE,3380000,40,28
LOG_SYS,3384000,23,0
CSV_LOG,3384000,23
LOG_HOST,3387000,59,7,0
LOG_SYS,3387000,23,0
CSV_LOG,3387000,23
LOG_SYS,3390000,23,0
CSV_LOG,3390000,23
LOG_SYS,3394000,23,0
CSV_LOG,3394000,23
LOG_SYS,3397000,23,0
CSV_LOG,3397000,23
LOG_SYS,3400000,23,0
CSV_LOG,3400000,23
LOG_SYS,3404000,23,0
CSV_LOG,3404000,23
LOG_SYS,3407000,23,0
CSV_LOG,3407000,23
LOG_SYS,3410000,23,0
CSV_LOG,3410000,23
LOG_SYS,3414000,23,0
CSV_LOG,3414000,23
LOG_SYS,3417000,23,0
CSV_LOG,3417000,23
LOG_SYS,3420000,23,0
CSV_LOG,3420000,23
LOG_SYS,3424000,22,0
CSV_LOG,3424000,22
LOG_FREE,3424000,29,6
LOG_SYS,3427000,22,0
CSV_LOG,3427000,22
LOG_SYS,3430000,22,0
CSV_LOG,3430000,22
LOG_ALLOC,3430000,30,2
LOG_SYS,3434000,23,0
CSV_LOG,3434000,23
LOG_ALLOC,3434000,42,6
LOG_SYS,3437000,24,0
CSV_LOG,3437000,24
LOG_ALLOC,3437000,42,10
LOG_SYS,3440000,25,0
CSV_LOG,3440000,25
LOG_ALLOC,3440000,42,13
LOG_SYS,3444000,26,0
CSV_LOG,3444000,26
LOG_ALLOC,3444000,42,24
LOG_SYS,3447000,27,0
CSV_LOG,3447000,27
LOG_ALLOC,3447000,42,25
LOG_SYS,3450000,28,0
CSV_LOG,3450000,28
LOG_ALLOC,3450000,42,28
LOG_HOST,3450000,60,5,0
LOG_SYS,3454000,29,0
CSV_LOG,3454000,29
LOG_SYS,3457000,29,0
CSV_LOG,3457000,29
LOG_SYS,3460000,29,0
CSV_LOG,3460000,29
LOG_SYS,3464000,29,0
CSV_LOG,3464000,29
LOG_SYS,3467000,29,0
CSV_LOG,3467000,29
LOG_SYS,3470000,29,0
CSV_LOG,3470000,29
LOG_SYS,3474000,28,0
CSV_LOG,3474000,28
LOG_FREE,3474000,38,0
LOG_SYS,3477000,28,0
CSV_LOG,3477000,28
LOG_SYS,3480000,28,0
CSV_LOG,3480000,28
LOG_SYS,3484000,28,0
CSV_LOG,3484000,28
LOG_SYS,3487000,28,0
CSV_LOG,3487000,28
LOG_SYS,3490000,28,0
CSV_LOG,3490000,28
LOG_SYS,3494000,28,0
CSV_LOG,3494000,28
LOG_SYS,3497000,28,0
CSV_LOG,3497000,28
LOG_SYS,3500000,28,0
CSV_LOG,3500000,28
LOG_SYS,3504000,28,0
CSV_LOG,3504000,28
LOG_SYS,3507000,28,0
CSV_LOG,3507000,28
LOG_SYS,3510000,28,0
CSV_LOG,3510000,28
LOG_SYS,3514000,28,0
CSV_LOG,3514000,28
LOG_SYS,3517000,28,0
CSV_LOG,3517000,28
LOG_SYS,3520000,28,0
CSV_LOG,3520000,28
LOG_SYS,3524000,28,0
CSV_LOG,3524000,28
LOG_SYS,3527000,28,0
CSV_LOG,3527000,28
LOG_SYS,3530000,27,0
CSV_LOG,3530000,27
LOG_FREE,3530000,22,14
LOG_HOST,3530000,61,5,60
LOG_SYS,3534000,27,0
CSV_LOG,3534000,27
LOG_SYS,3537000,27,0
CSV_LOG,3537000,27
LOG_SYS,3540000,27,0
CSV_LOG,3540000,27
LOG_SYS,3544000,27,0
CSV_LOG,3544000,27
LOG_SYS,3547000,26,0
CSV_LOG,3547000,26
LOG_FREE,3547000,38,12
LOG_SYS,3550000,25,0
CSV_LOG,3550000,25
LOG_FREE,3550000,40,27
LOG_SYS,3554000,24,0
CSV_LOG,3554000,24
LOG_FREE,3554000,22,15
LOG_SYS,3557000,24,0
CSV_LOG,3557000,24
LOG_HOST,3560000,62,1,0
LOG_SYS,3560000,24,0
CSV_LOG,3560000,24
LOG_SYS,3564000,24,0
CSV_LOG,3564000,24
LOG_SYS,3567000,23,0
CSV_LOG,3567000,23
LOG_FREE,3567000,37,17
LOG_SYS,3570000,23,0
CSV_LOG,3570000,23
LOG_SYS,3574000,23,0
CSV_LOG,3574000,23
LOG_SYS,3577000,23,0
CSV_LOG,3577000,23
LOG_ALLOC,3577000,43,0
LOG_SYS,3580000,23,0
CSV_LOG,3580000,23
LOG_ALLOC,3580000,43,12
LOG_FREE,3580000,42,24
LOG_SYS,3584000,24,0
CSV_LOG,3584000,24
LOG_ALLOC,3584000,43,14
LOG_SYS,3587000,25,0
CSV_LOG,3587000,25
LOG_SYS,3590000,25,0
CSV_LOG,3590000,25
LOG_SYS,3594000,25,0
CSV_LOG,3594000,25
LOG_SYS,3597000,25,0
CSV_LOG,3597000,25
LOG_SYS,3600000,25,0
CSV_LOG,3600000,25
LOG_SYS,3604000,25,0
CSV_LOG,3604000,25
LOG_SYS,3607000,25,0
CSV_LOG,3607000,25
LOG_SYS,3610000,24,0
CSV_LOG,3610000,24
LOG_FREE,3610000,43,14
LOG_SYS,3614000,24,0
CSV_LOG,3614000,24
LOG_SYS,3617000,24,0
CSV_LOG,3617000,24
LOG_SYS,3620000,24,0
CSV_LOG,3620000,24
LOG_SYS,3624000,24,0
CSV_LOG,3624000,24
LOG_SYS,3627000,24,0
CSV_LOG,3627000,24
LOG_SYS,3630000,24,0
CSV_LOG,3630000,24
LOG_HOST,3634000,63,2,0
LOG_SYS,3634000,24,0
CSV_LOG,3634000,24
LOG_SYS,3637000,24,0
CSV_LOG,3637000,24
LOG_SYS,3640000,24,0
CSV_LOG,3640000,24
LOG_SYS,3644000,24,0
CSV_LOG,3644000,24
LOG_SYS,3647000,24,0
CSV_LOG,3647000,24
LOG_SYS,3650000,24,0
CSV_LOG,3650000,24
LOG_SYS,3654000,24,0
CSV_LOG,3654000,24
LOG_SYS,3657000,23,0
CSV_LOG,3657000,23
LOG_FREE,3657000,15,16
LOG_SYS,3660000,23,0
CSV_LOG,3660000,23
LOG_SYS,3664000,23,0
CSV_LOG,3664000,23
LOG_ALLOC,3664000,16,14
LOG_SYS,3667000,24,0
CSV_LOG,3667000,24
LOG_ALLOC,3667000,44,15
LOG_SYS,3670000,25,0
CSV_LOG,3670000,25
LOG_ALLOC,3670000,44,16
LOG_SYS,3674000,26,0
CSV_LOG,3674000,26
LOG_ALLOC,3674000,44,17
LOG_SYS,3677000,27,0
CSV_LOG,3677000,27
LOG_ALLOC,3677000,44,24
LOG_SYS,3680000,28,0
CSV_LOG,3680000,28
LOG_ALLOC,3680000,16,27
LOG_SYS,3684000,28,0
CSV_LOG,3684000,28
LOG_FREE,3684000,27,20
LOG_SYS,3687000,28,0
CSV_LOG,3687000,28
LOG_SYS,3690000,28,0
CSV_LOG,3690000,28
LOG_SYS,3694000,28,0
CSV_LOG,3694000,28
LOG_ALLOC,3694000,45,20
LOG_SYS,3697000,29,0
CSV_LOG,3697000,29
LOG_ALLOC,3697000,45,29
LOG_SYS,3700000,30,0
CSV_LOG,3700000,30
LOG_ALLOC,3700000,45,30
LOG_SYS,3704000,31,0
CSV_LOG,3704000,31
LOG_ALLOC,3704000,45,31
LOG_HOST,3704000,64,3,0
LOG_SYS,3707000,31,0
CSV_LOG,3707000,31
LOG_ALLOC,3707000,45,0
LOG_FREE,3707000,43,0
LOG_SYS,3710000,31,0
CSV_LOG,3710000,31
LOG_ALLOC,3710000,45,1
LOG_FREE,3710000,39,1
LOG_SYS,3714000,32,0
CSV_LOG,3714000,32
LOG_SYS,3717000,32,0
CSV_LOG,3717000,32
LOG_SYS,3720000,32,0
CSV_LOG,3720000,32
LOG_ALLOC,3720000,46,32
LOG_SYS,3724000,33,0
CSV_LOG,3724000,33
LOG_ALLOC,3724000,46,33
LOG_SYS,3727000,34,0
CSV_LOG,3727000,34
LOG_SYS,3730000,34,0
CSV_LOG,3730000,34
LOG_HOST,3730000,65,3,0
LOG_SYS,3734000,34,0
CSV_LOG,3734000,34
LOG_SYS,3737000,34,0
CSV_LOG,3737000,34
LOG_SYS,3740000,34,0
CSV_LOG,3740000,34
LOG_SYS,3744000,34,0
CSV_LOG,3744000,34
LOG_SYS,3747000,34,0
CSV_LOG,3747000,34
LOG_SYS,3750000,34,0
CSV_LOG,3750000,34
LOG_SYS,3753000,34,0
CSV_LOG,3753000,34
LOG_SYS,3757000,34,0
CSV_LOG,3757000,34
LOG_SYS,3760000,34,0
CSV_LOG,3760000,34
LOG_SYS,3763000,33,0
CSV_LOG,3763000,33
LOG_FREE,3763000,22,8
LOG_SYS,3767000,33,0
CSV_LOG,3767000,33
LOG_SYS,3770000,32,0
CSV_LOG,3770000,32
LOG_FREE,3770000,44,24
LOG_HOST,3770000,66,6,0
LOG_SYS,3773000,32,0
CSV_LOG,3773000,32
LOG_SYS,3777000,32,0
CSV_LOG,3777000,32
LOG_SYS,3780000,32,0
CSV_LOG,3780000,32
LOG_SYS,3783000,32,0
CSV_LOG,3783000,32
LOG_SYS,3787000,31,0
CSV_LOG,3787000,31
LOG_FREE,3787000,34,5
LOG_SYS,3790000,31,0
CSV_LOG,3790000,31
LOG_SYS,3793000,31,0
CSV_LOG,3793000,31
LOG_SYS,3797000,31,0
CSV_LOG,3797000,31
LOG_SYS,3800000,31,0
CSV_LOG,3800000,31
LOG_SYS,3803000,31,0
CSV_LOG,3803000,31
LOG_SYS,3807000,31,0
CSV_LOG,3807000,31
LOG_SYS,3810000,31,0
CSV_LOG,3810000,31
LOG_SYS,3813000,30,0
CSV_LOG,3813000,30
LOG_FREE,3813000,16,27
LOG_SYS,3817000,30,0
CSV_LOG,3817000,30
LOG_SYS,3820000,30,0
CSV_LOG,3820000,30
LOG_SYS,3823000,30,0
CSV_LOG,3823000,30
LOG_SYS,3827000,30,0
CSV_LOG,3827000,30
LOG_SYS,3830000,30,0
CSV_LOG,3830000,30
LOG_HOST,3830000,67,2,0
LOG_SYS,3833000,29,0
CSV_LOG,3833000,29
LOG_FREE,3833000,16,14
LOG_SYS,3837000,28,0
CSV_LOG,3837000,28
LOG_FREE,3837000,22,21
LOG_SYS,3840000,28,0
CSV_LOG,3840000,28
LOG_SYS,3843000,28,0
CSV_LOG,3843000,28
LOG_ALLOC,3843000,47,5
LOG_SYS,3847000,29,0
CSV_LOG,3847000,29
LOG_ALLOC,3847000,48,8
LOG_SYS,3850000,30,0
CSV_LOG,3850000,30
LOG_ALLOC,3850000,48,14
LOG_SYS,3853000,31,0
CSV_LOG,3853000,31
LOG_ALLOC,3853000,48,21
LOG_SYS,3857000,31,0
CSV_LOG,3857000,31
LOG_ALLOC,3857000,48,24
LOG_FREE,3857000,42,25
LOG_SYS,3860000,32,0
CSV_LOG,3860000,32
LOG_ALLOC,3860000,48,25
LOG_SYS,3863000,33,0
CSV_LOG,3863000,33
LOG_ALLOC,3863000,48,27
LOG_SYS,3867000,34,0
CSV_LOG,3867000,34
LOG_ALLOC,3867000,48,34
LOG_SYS,3870000,35,0
CSV_LOG,3870000,35
LOG_ALLOC,3870000,47,35
LOG_SYS,3873000,36,0
CSV_LOG,3873000,36
LOG_ALLOC,3873000,47,36
LOG_SYS,3877000,37,0
CSV_LOG,3877000,37
LOG_SYS,3880000,37,0
CSV_LOG,3880000,37
LOG_SYS,3883000,37,0
CSV_LOG,3883000,37
LOG_SYS,3887000,36,0
CSV_LOG,3887000,36
LOG_FREE,3887000,45,0
LOG_SYS,3890000,36,0
CSV_LOG,3890000,36
LOG_SYS,3893000,36,0
CSV_LOG,3893000,36
LOG_SYS,3897000,36,0
CSV_LOG,3897000,36
LOG_HOST,3900000,68,8,0
LOG_SYS,3900000,35,0
CSV_LOG,3900000,35
LOG_FREE,3900000,38,18
LOG_SYS,3903000,34,0
CSV_LOG,3903000,34
LOG_FREE,3903000,34,3
LOG_SYS,3907000,33,0
CSV_LOG,3907000,33
LOG_FREE,3907000,45,20
LOG_SYS,3910000,33,0
CSV_LOG,3910000,33
LOG_ALLOC,3910000,49,0
LOG_SYS,3913000,34,0
CSV_LOG,3913000,34
LOG_ALLOC,3913000,49,3
LOG_SYS,3917000,35,0
CSV_LOG,3917000,35
LOG_ALLOC,3917000,49,18
LOG_SYS,3920000,36,0
CSV_LOG,3920000,36
LOG_ALLOC,3920000,49,20
LOG_SYS,3923000,37,0
CSV_LOG,3923000,37
LOG_ALLOC,3923000,49,37
LOG_SYS,3927000,38,0
CSV_LOG,3927000,38
LOG_ALLOC,3927000,50,38
LOG_SYS,3930000,39,0
CSV_LOG,3930000,39
LOG_ALLOC,3930000,50,39
LOG_HOST,3930000,69,8,0
LOG_SYS,3933000,40,0
CSV_LOG,3933000,40
LOG_ALLOC,3933000,50,40
LOG_SYS,3937000,41,0
CSV_LOG,3937000,41
LOG_ALLOC,3937000,50,41
LOG_SYS,3940000,42,0
CSV_LOG,3940000,42
LOG_ALLOC,3940000,50,42
LOG_SYS,3943000,43,0
CSV_LOG,3943000,43
LOG_SYS,3947000,43,0
CSV_LOG,3947000,43
LOG_SYS,3950000,42,0
CSV_LOG,3950000,42
LOG_FREE,3950000,35,19
LOG_SYS,3953000,42,0
CSV_LOG,3953000,42
LOG_SYS,3957000,41,0
CSV_LOG,3957000,41
LOG_FREE,3957000,42,6
LOG_SYS,3960000,41,0
CSV_LOG,3960000,41
LOG_ALLOC,3960000,51,6
LOG_SYS,3963000,42,0
CSV_LOG,3963000,42
LOG_ALLOC,3963000,51,19
LOG_SYS,3967000,43,0
CSV_LOG,3967000,43
LOG_ALLOC,3967000,51,43
LOG_SYS,3970000,43,0
CSV_LOG,3970000,43
LOG_ALLOC,3970000,51,37
LOG_FREE,3970000,49,37
LOG_SYS,3973000,44,0
CSV_LOG,3973000,44
LOG_ALLOC,3973000,51,44
LOG_SYS,3977000,45,0
CSV_LOG,3977000,45
LOG_HOST,3980000,70,7,0
LOG_SYS,3980000,45,0
CSV_LOG,3980000,45
LOG_SYS,3983000,45,0
CSV_LOG,3983000,45
LOG_SYS,3987000,44,0
CSV_LOG,3987000,44
LOG_FREE,3987000,40,26
LOG_SYS,3990000,44,0
CSV_LOG,3990000,44
LOG_SYS,3993000,44,0
CSV_LOG,3993000,44
LOG_SYS,3997000,44,0
CSV_LOG,3997000,44
LOG_SYS,4000000,44,0
CSV_LOG,4000000,44
LOG_SYS,4003000,44,0
CSV_LOG,4003000,44
LOG_SYS,4007000,44,0
CSV_LOG,4007000,44
LOG_SYS,4010000,43,0
CSV_LOG,4010000,43
LOG_FREE,4010000,48,34
LOG_SYS,4013000,43,0
CSV_LOG,4013000,43
LOG_SYS,4017000,43,0
CSV_LOG,4017000,43
LOG_SYS,4020000,43,0
CSV_LOG,4020000,43
LOG_SYS,4023000,43,0
CSV_LOG,4023000,43
LOG_SYS,4027000,43,0
CSV_LOG,4027000,43
LOG_SYS,4030000,43,0
CSV_LOG,4030000,43
LOG_SYS,4033000,43,0
CSV_LOG,4033000,43
LOG_SYS,4037000,42,0
CSV_LOG,4037000,42
LOG_FREE,4037000,47,5
LOG_HOST,4037000,71,1,0
LOG_SYS,4040000,42,0
CSV_LOG,4040000,42
LOG_SYS,4043000,42,0
CSV_LOG,4043000,42
LOG_SYS,4047000,42,0
CSV_LOG,4047000,42
LOG_SYS,4050000,42,0
CSV_LOG,4050000,42
LOG_SYS,4053000,42,0
CSV_LOG,4053000,42
LOG_SYS,4057000,42,0
CSV_LOG,4057000,42
LOG_SYS,4060000,42,0
CSV_LOG,4060000,42
LOG_SYS,4063000,42,0
CSV_LOG,4063000,42
LOG_SYS,4067000,42,0
CSV_LOG,4067000,42
LOG_SYS,4070000,42,0
CSV_LOG,4070000,42
LOG_SYS,4073000,42,0
CSV_LOG,4073000,42
LOG_SYS,4077000,42,0
CSV_LOG,4077000,42
LOG_SYS,4080000,41,0
CSV_LOG,4080000,41
LOG_FREE,4080000,46,33
LOG_SYS,4083000,41,0
CSV_LOG,4083000,41
LOG_SYS,4087000,41,0
CSV_LOG,4087000,41
LOG_SYS,4090000,41,0
CSV_LOG,4090000,41
LOG_SYS,4093000,41,0
CSV_LOG,4093000,41
LOG_SYS,4097000,40,0
CSV_LOG,4097000,40
LOG_FREE,4097000,48,27
LOG_SYS,4100000,40,0
CSV_LOG,4100000,40
LOG_SYS,4103000,40,0
CSV_LOG,4103000,40
LOG_SYS,4107000,40,0
CSV_LOG,4107000,40
LOG_SYS,4110000,39,0
CSV_LOG,4110000,39
LOG_FREE,4110000,36,7
LOG_SYS,4113000,38,0
CSV_LOG,4113000,38
LOG_FREE,4113000,42,10
LOG_SYS,4117000,37,0
CSV_LOG,4117000,37
LOG_FREE,4117000,48,14
LOG_HOST,4120000,72,5,0
LOG_SYS,4120000,36,0
CSV_LOG,4120000,36
LOG_FREE,4120000,40,23
LOG_SYS,4123000,35,0
CSV_LOG,4123000,35
LOG_FREE,4123000,33,9
LOG_SYS,4127000,34,0
CSV_LOG,4127000,34
LOG_FREE,4127000,49,0
LOG_SYS,4130000,33,0
CSV_LOG,4130000,33
LOG_FREE,4130000,48,8
LOG_SYS,4133000,33,0
CSV_LOG,4133000,33
LOG_ALLOC,4133000,52,0
LOG_SYS,4137000,34,0
CSV_LOG,4137000,34
LOG_ALLOC,4137000,52,5
LOG_SYS,4140000,35,0
CSV_LOG,4140000,35
LOG_SYS,4143000,34,0
CSV_LOG,4143000,34
LOG_FREE,4143000,48,24
LOG_SYS,4147000,34,0
CSV_LOG,4147000,34
LOG_SYS,4150000,34,0
CSV_LOG,4150000,34
LOG_SYS,4153000,34,0
CSV_LOG,4153000,34
LOG_SYS,4157000,34,0
CSV_LOG,4157000,34
LOG_SYS,4160000,34,0
CSV_LOG,4160000,34
LOG_SYS,4163000,34,0
CSV_LOG,4163000,34
LOG_SYS,4167000,34,0
CSV_LOG,4167000,34
LOG_SYS,4170000,34,0
CSV_LOG,4170000,34
LOG_HOST,4170000,73,8,0
LOG_SYS,4173000,34,0
CSV_LOG,4173000,34
LOG_SYS,4177000,34,0
CSV_LOG,4177000,34
LOG_SYS,4180000,34,0
CSV_LOG,4180000,34
LOG_SYS,4183000,34,0
CSV_LOG,4183000,34
LOG_SYS,4187000,34,0
CSV_LOG,4187000,34
LOG_SYS,4190000,34,0
CSV_LOG,4190000,34
LOG_SYS,4193000,34,0
CSV_LOG,4193000,34
LOG_SYS,4197000,34,0
CSV_LOG,4197000,34
LOG_SYS,4200000,34,0
CSV_LOG,4200000,34
LOG_SYS,4203000,34,0
CSV_LOG,4203000,34
LOG_SYS,4207000,34,0
CSV_LOG,4207000,34
LOG_SYS,4210000,33,0
CSV_LOG,4210000,33
LOG_FREE,4210000,50,40
LOG_SYS,4213000,33,0
CSV_LOG,4213000,33
LOG_SYS,4217000,33,0
CSV_LOG,4217000,33
LOG_HOST,4220000,74,8,0
LOG_SYS,4220000,33,0
CSV_LOG,4220000,33
LOG_SYS,4223000,33,0
CSV_LOG,4223000,33
LOG_SYS,4227000,33,0
CSV_LOG,4227000,33
LOG_SYS,4230000,33,0
CSV_LOG,4230000,33
LOG_SYS,4233000,32,0
CSV_LOG,4233000,32
LOG_FREE,4233000,52,0
LOG_SYS,4237000,31,0
CSV_LOG,4237000,31
LOG_FREE,4237000,44,15
LOG_SYS,4240000,30,0
CSV_LOG,4240000,30
LOG_FREE,4240000,42,28
LOG_SYS,4243000,30,0
CSV_LOG,4243000,30
LOG_SYS,4247000,30,0
CSV_LOG,4247000,30
LOG_SYS,4250000,30,0
CSV_LOG,4250000,30
LOG_SYS,4253000,30,0
CSV_LOG,4253000,30
LOG_SYS,4257000,30,0
CSV_LOG,4257000,30
LOG_SYS,4260000,30,0
CSV_LOG,4260000,30
LOG_SYS,4263000,30,0
CSV_LOG,4263000,30
LOG_SYS,4267000,30,0
CSV_LOG,4267000,30
LOG_SYS,4270000,30,0
CSV_LOG,4270000,30
LOG_SYS,4273000,30,0
CSV_LOG,4273000,30
LOG_SYS,4277000,30,0
CSV_LOG,4277000,30
LOG_SYS,4280000,30,0
CSV_LOG,4280000,30
LOG_SYS,4283000,30,0
CSV_LOG,4283000,30
LOG_HOST,4283000,75,6,0
LOG_SYS,4287000,30,0
CSV_LOG,4287000,30
LOG_SYS,4290000,29,0
CSV_LOG,4290000,29
LOG_FREE,4290000,45,29
LOG_SYS,4293000,29,0
CSV_LOG,4293000,29
LOG_SYS,4297000,29,0
CSV_LOG,4297000,29
LOG_SYS,4300000,29,0
CSV_LOG,4300000,29
LOG_SYS,4303000,28,0
CSV_LOG,4303000,28
LOG_FREE,4303000,51,44
LOG_SYS,4307000,28,0
CSV_LOG,4307000,28
LOG_SYS,4310000,28,0
CSV_LOG,4310000,28
LOG_SYS,4313000,28,0
CSV_LOG,4313000,28
LOG_SYS,4317000,28,0
CSV_LOG,4317000,28
LOG_SYS,4320000,28,0
CSV_LOG,4320000,28
LOG_SYS,4323000,28,0
CSV_LOG,4323000,28
LOG_SYS,4327000,28,0
CSV_LOG,4327000,28
LOG_SYS,4330000,27,0
CSV_LOG,4330000,27
LOG_FREE,4330000,49,18
LOG_SYS,4333000,27,0
CSV_LOG,4333000,27
LOG_SYS,4337000,26,0
CSV_LOG,4337000,26
LOG_FREE,4337000,36,4
LOG_SYS,4340000,25,0
CSV_LOG,4340000,25
LOG_FREE,4340000,40,22
LOG_SYS,4343000,24,0
CSV_LOG,4343000,24
LOG_FREE,4343000,47,36
LOG_HOST,4347000,76,5,75
LOG_SYS,4347000,24,0
CSV_LOG,4347000,24
LOG_ALLOC,4347000,41,0
LOG_SYS,4350000,25,0
CSV_LOG,4350000,25
LOG_ALLOC,4350000,41,4
LOG_SYS,4353000,26,0
CSV_LOG,4353000,26
LOG_ALLOC,4353000,41,7
LOG_SYS,4357000,27,0
CSV_LOG,4357000,27
LOG_ALLOC,4357000,41,8
LOG_SYS,4360000,28,0
CSV_LOG,4360000,28
LOG_ALLOC,4360000,41,9
LOG_SYS,4363000,28,0
CSV_LOG,4363000,28
LOG_ALLOC,4363000,53,5
LOG_FREE,4363000,52,5
LOG_SYS,4367000,29,0
CSV_LOG,4367000,29
LOG_ALLOC,4367000,53,10
LOG_SYS,4370000,30,0
CSV_LOG,4370000,30
LOG_ALLOC,4370000,53,14
LOG_SYS,4373000,31,0
CSV_LOG,4373000,31
LOG_SYS,4377000,31,0
CSV_LOG,4377000,31
LOG_SYS,4380000,31,0
CSV_LOG,4380000,31
LOG_SYS,4383000,31,0
CSV_LOG,4383000,31
LOG_SYS,4387000,30,0
CSV_LOG,4387000,30
LOG_FREE,4387000,42,13
LOG_SYS,4390000,30,0
CSV_LOG,4390000,30
LOG_SYS,4393000,30,0
CSV_LOG,4393000,30
LOG_SYS,4397000,29,0
CSV_LOG,4397000,29
LOG_ALLOC,4397000,55,3
LOG_FREE,4397000,49,3
LOG_HOST,4400000,77,4,0
LOG_SYS,4400000,30,0
CSV_LOG,4400000,30
LOG_ALLOC,4400000,55,13
LOG_SYS,4403000,31,0
CSV_LOG,4403000,31
LOG_SYS,4407000,31,0
CSV_LOG,4407000,31
LOG_SYS,4410000,31,0
CSV_LOG,4410000,31
LOG_SYS,4413000,31,0
CSV_LOG,4413000,31
LOG_SYS,4417000,31,0
CSV_LOG,4417000,31
LOG_SYS,4420000,31,0
CSV_LOG,4420000,31
LOG_SYS,4423000,30,0
CSV_LOG,4423000,30
LOG_FREE,4423000,41,9
LOG_SYS,4427000,30,0
CSV_LOG,4427000,30
LOG_SYS,4430000,30,0
CSV_LOG,4430000,30
LOG_SYS,4433000,30,0
CSV_LOG,4433000,30
LOG_SYS,4437000,30,0
CSV_LOG,4437000,30
LOG_SYS,4440000,30,0
CSV_LOG,4440000,30
LOG_SYS,4443000,30,0
CSV_LOG,4443000,30
LOG_SYS,4447000,30,0
CSV_LOG,4447000,30
LOG_SYS,4450000,30,0
CSV_LOG,4450000,30
LOG_HOST,4450000,78,4,0
LOG_SYS,4453000,30,0
CSV_LOG,4453000,30
LOG_SYS,4457000,30,0
CSV_LOG,4457000,30
LOG_SYS,4460000,30,0
CSV_LOG,4460000,30
LOG_SYS,4463000,30,0
CSV_LOG,4463000,30
LOG_SYS,4467000,30,0
CSV_LOG,4467000,30
LOG_SYS,4470000,30,0
CSV_LOG,4470000,30
LOG_SYS,4473000,29,0
CSV_LOG,4473000,29
LOG_FREE,4473000,45,31
LOG_SYS,4477000,29,0
CSV_LOG,4477000,29
LOG_SYS,4480000,29,0
CSV_LOG,4480000,29
LOG_SYS,4483000,29,0
CSV_LOG,4483000,29
LOG_SYS,4487000,29,0
CSV_LOG,4487000,29
LOG_SYS,4490000,29,0
CSV_LOG,4490000,29
LOG_SYS,4493000,29,0
CSV_LOG,4493000,29
LOG_SYS,4497000,29,0
CSV_LOG,4497000,29
LOG_SYS,4500000,29,0
CSV_LOG,4500000,29
LOG_SYS,4503000,29,0
CSV_LOG,4503000,29
LOG_SYS,4507000,29,0
CSV_LOG,4507000,29
LOG_SYS,4510000,29,0
CSV_LOG,4510000,29
LOG_SYS,4513000,29,0
CSV_LOG,4513000,29
LOG_SYS,4517000,28,0
CSV_LOG,4517000,28
LOG_FREE,4517000,50,39
LOG_HOST,4520000,79,5,0
LOG_SYS,4520000,28,0
CSV_LOG,4520000,28
LOG_SYS,4523000,28,0
CSV_LOG,4523000,28
LOG_SYS,4527000,28,0
CSV_LOG,4527000,28
LOG_SYS,4530000,28,0
CSV_LOG,4530000,28
LOG_SYS,4533000,28,0
CSV_LOG,4533000,28
LOG_SYS,4537000,28,0
CSV_LOG,4537000,28
LOG_SYS,4540000,28,0
CSV_LOG,4540000,28
LOG_SYS,4543000,28,0
CSV_LOG,4543000,28
LOG_SYS,4547000,28,0
CSV_LOG,4547000,28
LOG_SYS,4550000,28,0
CSV_LOG,4550000,28
LOG_SYS,4553000,28,0
CSV_LOG,4553000,28
LOG_SYS,4557000,27,0
CSV_LOG,4557000,27
LOG_FREE,4557000,36,11
LOG_SYS,4560000,27,0
CSV_LOG,4560000,27
LOG_SYS,4563000,27,0
CSV_LOG,4563000,27
LOG_SYS,4567000,27,0
CSV_LOG,4567000,27
LOG_ALLOC,4567000,56,9
LOG_SYS,4570000,28,0
CSV_LOG,4570000,28
LOG_ALLOC,4570000,56,11
LOG_SYS,4573000,29,0
CSV_LOG,4573000,29
LOG_ALLOC,4573000,56,15
LOG_SYS,4577000,30,0
CSV_LOG,4577000,30
LOG_ALLOC,4577000,56,18
LOG_SYS,4580000,31,0
CSV_LOG,4580000,31
LOG_ALLOC,4580000,56,22
LOG_SYS,4583000,32,0
CSV_LOG,4583000,32
LOG_SYS,4586000,32,0
CSV_LOG,4586000,32
LOG_SYS,4590000,32,0
CSV_LOG,4590000,32
LOG_SYS,4593000,31,0
CSV_LOG,4593000,31
LOG_FREE,4593000,41,4
LOG_SYS,4596000,30,0
CSV_LOG,4596000,30
LOG_FREE,4596000,47,35
LOG_HOST,4596000,80,2,0
LOG_SYS,4600000,30,0
CSV_LOG,4600000,30
LOG_SYS,4603000,29,0
CSV_LOG,4603000,29
LOG_FREE,4603000,53,5
LOG_SYS,4606000,28,0
CSV_LOG,4606000,28
LOG_ALLOC,4606000,57,4
LOG_FREE,4606000,48,21
LOG_SYS,4610000,29,0
CSV_LOG,4610000,29
LOG_ALLOC,4610000,57,5
LOG_SYS,4613000,29,0
CSV_LOG,4613000,29
LOG_ALLOC,4613000,57,8
LOG_FREE,4613000,41,8
LOG_SYS,4616000,29,0
CSV_LOG,4616000,29
LOG_ALLOC,4616000,57,10
LOG_FREE,4616000,53,10
LOG_HOST,4620000,81,8,0
LOG_SYS,4620000,30,0
CSV_LOG,4620000,30
LOG_ALLOC,4620000,57,21
LOG_SYS,4623000,31,0
CSV_LOG,4623000,31
LOG_ALLOC,4623000,57,23
LOG_SYS,4626000,32,0
CSV_LOG,4626000,32
LOG_ALLOC,4626000,57,24
LOG_SYS,4630000,33,0
CSV_LOG,4630000,33
LOG_ALLOC,4630000,57,26
LOG_SYS,4633000,34,0
CSV_LOG,4633000,34
LOG_SYS,4636000,34,0
CSV_LOG,4636000,34
LOG_SYS,4640000,34,0
CSV_LOG,4640000,34
LOG_SYS,4643000,34,0
CSV_LOG,4643000,34
LOG_SYS,4646000,34,0
CSV_LOG,4646000,34
LOG_SYS,4650000,34,0
CSV_LOG,4650000,34
LOG_SYS,4653000,33,0
CSV_LOG,4653000,33
LOG_FREE,4653000,51,43
LOG_SYS,4656000,33,0
CSV_LOG,4656000,33
LOG_SYS,4660000,33,0
CSV_LOG,4660000,33
LOG_SYS,4663000,33,0
CSV_LOG,4663000,33
LOG_SYS,4666000,33,0
CSV_LOG,4666000,33
LOG_SYS,4670000,33,0
CSV_LOG,4670000,33
LOG_SYS,4673000,33,0
CSV_LOG,4673000,33
LOG_SYS,4676000,33,0
CSV_LOG,4676000,33
LOG_SYS,4680000,33,0
CSV_LOG,4680000,33
LOG_SYS,4683000,33,0
CSV_LOG,4683000,33
LOG_SYS,4686000,33,0
CSV_LOG,4686000,33
LOG_SYS,4690000,32,0
CSV_LOG,4690000,32
LOG_FREE,4690000,57,5
LOG_SYS,4693000,32,0
CSV_LOG,4693000,32
LOG_SYS,4696000,32,0
CSV_LOG,4696000,32
LOG_SYS,4700000,32,0
CSV_LOG,4700000,32
LOG_SYS,4703000,32,0
CSV_LOG,4703000,32
LOG_HOST,4703000,82,6,0
LOG_SYS,4706000,32,0
CSV_LOG,4706000,32
LOG_SYS,4710000,32,0
CSV_LOG,4710000,32
LOG_SYS,4713000,32,0
CSV_LOG,4713000,32
LOG_SYS,4716000,32,0
CSV_LOG,4716000,32
LOG_SYS,4720000,32,0
CSV_LOG,4720000,32
LOG_SYS,4723000,32,0
CSV_LOG,4723000,32
LOG_SYS,4726000,32,0
CSV_LOG,4726000,32
LOG_SYS,4730000,32,0
CSV_LOG,4730000,32
LOG_SYS,4733000,32,0
CSV_LOG,4733000,32
LOG_SYS,4736000,32,0
CSV_LOG,4736000,32
LOG_HOST,4736000,83,2,0
LOG_SYS,4740000,32,0
CSV_LOG,4740000,32
LOG_SYS,4743000,31,0
CSV_LOG,4743000,31
LOG_FREE,4743000,30,2
LOG_SYS,4746000,31,0
CSV_LOG,4746000,31
LOG_SYS,4750000,31,0
CSV_LOG,4750000,31
LOG_ALLOC,4750000,31,2
LOG_SYS,4753000,31,0
CSV_LOG,4753000,31
LOG_ALLOC,4753000,31,5
LOG_FREE,4753000,51,37
LOG_SYS,4756000,32,0
CSV_LOG,4756000,32
LOG_ALLOC,4756000,31,27
LOG_SYS,4760000,33,0
CSV_LOG,4760000,33
LOG_ALLOC,4760000,31,28
LOG_SYS,4763000,34,0
CSV_LOG,4763000,34
LOG_SYS,4766000,34,0
CSV_LOG,4766000,34
LOG_SYS,4770000,33,0
CSV_LOG,4770000,33
LOG_FREE,4770000,41,0
LOG_SYS,4773000,32,0
CSV_LOG,4773000,32
LOG_FREE,4773000,57,23
LOG_SYS,4776000,31,0
CSV_LOG,4776000,31
LOG_FREE,4776000,55,13
LOG_HOST,4776000,84,1,83
LOG_SYS,4780000,31,0
CSV_LOG,4780000,31
LOG_SYS,4783000,31,0
CSV_LOG,4783000,31
LOG_SYS,4786000,30,0
CSV_LOG,4786000,30
LOG_FREE,4786000,56,9
LOG_SYS,4790000,30,0
CSV_LOG,4790000,30
LOG_SYS,4793000,30,0
CSV_LOG,4793000,30
LOG_SYS,4796000,29,0
CSV_LOG,4796000,29
LOG_FREE,4796000,41,7
LOG_SYS,4800000,29,0
CSV_LOG,4800000,29
LOG_SYS,4803000,29,0
CSV_LOG,4803000,29
LOG_SYS,4806000,28,0
CSV_LOG,4806000,28
LOG_ALLOC,4806000,59,0
LOG_FREE,4806000,57,26
LOG_SYS,4810000,29,0
CSV_LOG,4810000,29
LOG_ALLOC,4810000,59,7
LOG_SYS,4813000,30,0
CSV_LOG,4813000,30
LOG_ALLOC,4813000,59,9
LOG_SYS,4816000,31,0
CSV_LOG,4816000,31
LOG_ALLOC,4816000,59,13
LOG_SYS,4820000,32,0
CSV_LOG,4820000,32
LOG_ALLOC,4820000,59,23
LOG_SYS,4823000,33,0
CSV_LOG,4823000,33
LOG_ALLOC,4823000,59,26
LOG_HOST,4823000,85,2,0
LOG_SYS,4826000,34,0
CSV_LOG,4826000,34
LOG_ALLOC,4826000,59,29
LOG_SYS,4830000,34,0
CSV_LOG,4830000,34
LOG_FREE,4830000,31,2
LOG_SYS,4833000,33,0
CSV_LOG,4833000,33
LOG_FREE,4833000,31,27
LOG_SYS,4836000,33,0
CSV_LOG,4836000,33
LOG_SYS,4840000,33,0
CSV_LOG,4840000,33
LOG_SYS,4843000,33,0
CSV_LOG,4843000,33
LOG_SYS,4846000,33,0
CSV_LOG,4846000,33
LOG_SYS,4850000,33,0
CSV_LOG,4850000,33
LOG_SYS,4853000,33,0
CSV_LOG,4853000,33
LOG_SYS,4856000,32,0
CSV_LOG,4856000,32
LOG_FREE,4856000,59,29
LOG_SYS,4860000,32,0
CSV_LOG,4860000,32
LOG_SYS,4863000,32,0
CSV_LOG,4863000,32
LOG_SYS,4866000,31,0
CSV_LOG,4866000,31
LOG_FREE,4866000,45,1
LOG_SYS,4870000,31,0
CSV_LOG,4870000,31
LOG_HOST,4873000,86,6,85
LOG_SYS,4873000,31,0
CSV_LOG,4873000,31
LOG_SYS,4876000,31,0
CSV_LOG,4876000,31
LOG_SYS,4880000,31,0
CSV_LOG,4880000,31
LOG_SYS,4883000,31,0
CSV_LOG,4883000,31
LOG_SYS,4886000,31,0
CSV_LOG,4886000,31
LOG_SYS,4890000,31,0
CSV_LOG,4890000,31
LOG_SYS,4893000,31,0
CSV_LOG,4893000,31
LOG_SYS,4896000,31,0
CSV_LOG,4896000,31
LOG_SYS,4900000,31,0
CSV_LOG,4900000,31
LOG_SYS,4903000,31,0
CSV_LOG,4903000,31
LOG_SYS,4906000,31,0
CSV_LOG,4906000,31
LOG_SYS,4910000,31,0
CSV_LOG,4910000,31
LOG_SYS,4913000,31,0
CSV_LOG,4913000,31
LOG_SYS,4916000,30,0
CSV_LOG,4916000,30
LOG_FREE,4916000,45,30
LOG_SYS,4920000,30,0
CSV_LOG,4920000,30
LOG_SYS,4923000,30,0
CSV_LOG,4923000,30
LOG_SYS,4926000,30,0
CSV_LOG,4926000,30
LOG_ALLOC,4926000,60,1
LOG_SYS,4930000,30,0
CSV_LOG,4930000,30
LOG_ALLOC,4930000,60,2
LOG_FREE,4930000,59,13
LOG_SYS,4933000,31,0
CSV_LOG,4933000,31
LOG_ALLOC,4933000,60,13
LOG_SYS,4936000,32,0
CSV_LOG,4936000,32
LOG_ALLOC,4936000,60,27
LOG_SYS,4940000,32,0
CSV_LOG,4940000,32
LOG_ALLOC,4940000,60,19
LOG_FREE,4940000,51,19
LOG_SYS,4943000,33,0
CSV_LOG,4943000,33
LOG_HOST,4946000,87,3,86
LOG_SYS,4946000,33,0
CSV_LOG,4946000,33
LOG_SYS,4950000,33,0
CSV_LOG,4950000,33
LOG_SYS,4953000,33,0
CSV_LOG,4953000,33
LOG_SYS,4956000,33,0
CSV_LOG,4956000,33
LOG_SYS,4960000,32,0
CSV_LOG,4960000,32
LOG_FREE,4960000,31,5
LOG_SYS,4963000,32,0
CSV_LOG,4963000,32
LOG_SYS,4966000,32,0
CSV_LOG,4966000,32
LOG_SYS,4970000,32,0
CSV_LOG,4970000,32
LOG_SYS,4973000,32,0
CSV_LOG,4973000,32
LOG_SYS,4976000,32,0
CSV_LOG,4976000,32
LOG_SYS,4980000,32,0
CSV_LOG,4980000,32
LOG_SYS,4983000,32,0
CSV_LOG,4983000,32
LOG_SYS,4986000,32,0
CSV_LOG,4986000,32
LOG_SYS,4990000,32,0
CSV_LOG,4990000,32
LOG_SYS,4993000,32,0
CSV_LOG,4993000,32
LOG_SYS,4996000,32,0
CSV_LOG,4996000,32
LOG_SYS,5000000,32,0
CSV_LOG,5000000,32
LOG_SYS,5003000,31,0
CSV_LOG,5003000,31
LOG_FREE,5003000,59,9
LOG_SYS,5006000,31,0
CSV_LOG,5006000,31
LOG_SYS,5010000,31,0
CSV_LOG,5010000,31
LOG_SYS,5013000,31,0
CSV_LOG,5013000,31
LOG_SYS,5016000,31,0
CSV_LOG,5016000,31
LOG_HOST,5020000,88,4,0
LOG_SYS,5020000,31,0
CSV_LOG,5020000,31
LOG_SYS,5023000,31,0
CSV_LOG,5023000,31
LOG_SYS,5026000,31,0
CSV_LOG,5026000,31
LOG_SYS,5030000,31,0
CSV_LOG,5030000,31
LOG_SYS,5033000,30,0
CSV_LOG,5033000,30
LOG_FREE,5033000,44,17
LOG_SYS,5036000,30,0
CSV_LOG,5036000,30
LOG_SYS,5040000,29,0
CSV_LOG,5040000,29
LOG_FREE,5040000,53,14
LOG_SYS,5043000,28,0
CSV_LOG,5043000,28
LOG_FREE,5043000,55,3
LOG_SYS,5046000,27,0
CSV_LOG,5046000,27
LOG_ALLOC,5046000,54,3
LOG_FREE,5046000,48,25
LOG_SYS,5050000,27,0
CSV_LOG,5050000,27
LOG_ALLOC,5050000,54,1
LOG_FREE,5050000,60,1
LOG_SYS,5053000,28,0
CSV_LOG,5053000,28
LOG_ALLOC,5053000,62,5
LOG_SYS,5056000,29,0
CSV_LOG,5056000,29
LOG_ALLOC,5056000,63,9
LOG_HOST,5056000,89,6,0
LOG_SYS,5060000,29,0
CSV_LOG,5060000,29
LOG_ALLOC,5060000,63,14
LOG_FREE,5060000,57,24
LOG_SYS,5063000,30,0
CSV_LOG,5063000,30
LOG_ALLOC,5063000,54,17
LOG_SYS,5066000,31,0
CSV_LOG,5066000,31
LOG_ALLOC,5066000,54,24
LOG_SYS,5070000,32,0
CSV_LOG,5070000,32
LOG_ALLOC,5070000,54,25
LOG_SYS,5073000,33,0
CSV_LOG,5073000,33
LOG_SYS,5076000,33,0
CSV_LOG,5076000,33
LOG_SYS,5080000,33,0
CSV_LOG,5080000,33
LOG_SYS,5083000,33,0
CSV_LOG,5083000,33
LOG_SYS,5086000,32,0
CSV_LOG,5086000,32
LOG_FREE,5086000,46,32
LOG_SYS,5090000,32,0
CSV_LOG,5090000,32
LOG_SYS,5093000,32,0
CSV_LOG,5093000,32
LOG_SYS,5096000,32,0
CSV_LOG,5096000,32
LOG_ALLOC,5096000,64,29
LOG_SYS,5100000,33,0
CSV_LOG,5100000,33
LOG_ALLOC,5100000,64,30
LOG_SYS,5103000,33,0
CSV_LOG,5103000,33
LOG_ALLOC,5103000,64,4
LOG_FREE,5103000,57,4
LOG_SYS,5106000,34,0
CSV_LOG,5106000,34
LOG_SYS,5110000,34,0
CSV_LOG,5110000,34
LOG_HOST,5110000,90,5,0
LOG_SYS,5113000,33,0
CSV_LOG,5113000,33
LOG_FREE,5113000,50,41
LOG_SYS,5116000,33,0
CSV_LOG,5116000,33
LOG_SYS,5120000,33,0
CSV_LOG,5120000,33
LOG_SYS,5123000,33,0
CSV_LOG,5123000,33
LOG_SYS,5126000,33,0
CSV_LOG,5126000,33
LOG_SYS,5130000,33,0
CSV_LOG,5130000,33
LOG_SYS,5133000,33,0
CSV_LOG,5133000,33
LOG_SYS,5136000,33,0
CSV_LOG,5136000,33
LOG_SYS,5140000,33,0
CSV_LOG,5140000,33
LOG_SYS,5143000,33,0
CSV_LOG,5143000,33
LOG_SYS,5146000,32,0
CSV_LOG,5146000,32
LOG_FREE,5146000,54,25
LOG_SYS,5150000,32,0
CSV_LOG,5150000,32
LOG_SYS,5153000,32,0
CSV_LOG,5153000,32
LOG_SYS,5156000,32,0
CSV_LOG,5156000,32
LOG_SYS,5160000,32,0
CSV_LOG,5160000,32
LOG_SYS,5163000,32,0
CSV_LOG,5163000,32
LOG_SYS,5166000,32,0
CSV_LOG,5166000,32
LOG_SYS,5170000,32,0
CSV_LOG,5170000,32
LOG_SYS,5173000,32,0
CSV_LOG,5173000,32
LOG_SYS,5176000,32,0
CSV_LOG,5176000,32
LOG_SYS,5180000,32,0
CSV_LOG,5180000,32
LOG_SYS,5183000,32,0
CSV_LOG,5183000,32
LOG_HOST,5183000,91,8,0
LOG_SYS,5186000,32,0
CSV_LOG,5186000,32
LOG_SYS,5190000,32,0
CSV_LOG,5190000,32
LOG_SYS,5193000,32,0
CSV_LOG,5193000,32
LOG_SYS,5196000,32,0
CSV_LOG,5196000,32
LOG_SYS,5200000,32,0
CSV_LOG,5200000,32
LOG_SYS,5203000,32,0
CSV_LOG,5203000,32
LOG_SYS,5206000,32,0
CSV_LOG,5206000,32
LOG_SYS,5210000,32,0
CSV_LOG,5210000,32
LOG_SYS,5213000,32,0
CSV_LOG,5213000,32
LOG_SYS,5216000,32,0
CSV_LOG,5216000,32
LOG_SYS,5220000,32,0
CSV_LOG,5220000,32
LOG_SYS,5223000,31,0
CSV_LOG,5223000,31
LOG_FREE,5223000,49,20
LOG_SYS,5226000,31,0
CSV_LOG,5226000,31
LOG_SYS,5230000,31,0
CSV_LOG,5230000,31
LOG_SYS,5233000,31,0
CSV_LOG,5233000,31
LOG_ALLOC,5233000,65,20
LOG_SYS,5236000,31,0
CSV_LOG,5236000,31
LOG_ALLOC,5236000,65,12
LOG_FREE,5236000,43,12
LOG_SYS,5240000,32,0
CSV_LOG,5240000,32
LOG_ALLOC,5240000,65,25
LOG_SYS,5243000,33,0
CSV_LOG,5243000,33
LOG_HOST,5246000,92,2,91
LOG_SYS,5246000,33,0
CSV_LOG,5246000,33
LOG_ALLOC,5246000,66,31
LOG_SYS,5250000,34,0
CSV_LOG,5250000,34
LOG_ALLOC,5250000,66,32
LOG_SYS,5253000,35,0
CSV_LOG,5253000,35
LOG_ALLOC,5253000,66,33
LOG_SYS,5256000,36,0
CSV_LOG,5256000,36
LOG_ALLOC,5256000,66,34
LOG_SYS,5260000,37,0
CSV_LOG,5260000,37
LOG_ALLOC,5260000,66,35
LOG_SYS,5263000,37,0
CSV_LOG,5263000,37
LOG_ALLOC,5263000,66,6
LOG_FREE,5263000,51,6
LOG_SYS,5266000,38,0
CSV_LOG,5266000,38
LOG_SYS,5270000,38,0
CSV_LOG,5270000,38
LOG_SYS,5273000,38,0
CSV_LOG,5273000,38
LOG_ALLOC,5273000,67,36
LOG_SYS,5276000,39,0
CSV_LOG,5276000,39
LOG_ALLOC,5276000,67,37
LOG_SYS,5280000,40,0
CSV_LOG,5280000,40
LOG_SYS,5283000,40,0
CSV_LOG,5283000,40
LOG_SYS,5286000,39,0
CSV_LOG,5286000,39
LOG_FREE,5286000,50,38
LOG_SYS,5290000,39,0
CSV_LOG,5290000,39
LOG_SYS,5293000,38,0
CSV_LOG,5293000,38
LOG_FREE,5293000,64,29
LOG_SYS,5296000,38,0
CSV_LOG,5296000,38
LOG_SYS,5300000,38,0
CSV_LOG,5300000,38
LOG_SYS,5303000,38,0
CSV_LOG,5303000,38
LOG_SYS,5306000,38,0
CSV_LOG,5306000,38
LOG_SYS,5310000,38,0
CSV_LOG,5310000,38
LOG_SYS,5313000,38,0
CSV_LOG,5313000,38
LOG_SYS,5316000,38,0
CSV_LOG,5316000,38
LOG_HOST,5316000,93,4,0
LOG_SYS,5320000,37,0
CSV_LOG,5320000,37
LOG_FREE,5320000,67,36
LOG_SYS,5323000,37,0
CSV_LOG,5323000,37
LOG_SYS,5326000,37,0
CSV_LOG,5326000,37
LOG_SYS,5330000,36,0
CSV_LOG,5330000,36
LOG_FREE,5330000,60,19
LOG_SYS,5333000,36,0
CSV_LOG,5333000,36
LOG_SYS,5336000,36,0
CSV_LOG,5336000,36
LOG_SYS,5340000,36,0
CSV_LOG,5340000,36
LOG_SYS,5343000,36,0
CSV_LOG,5343000,36
LOG_HOST,5346000,94,1,0
LOG_SYS,5346000,36,0
CSV_LOG,5346000,36
LOG_SYS,5350000,36,0
CSV_LOG,5350000,36
LOG_SYS,5353000,36,0
CSV_LOG,5353000,36
LOG_SYS,5356000,36,0
CSV_LOG,5356000,36
LOG_SYS,5360000,36,0
CSV_LOG,5360000,36
LOG_SYS,5363000,36,0
CSV_LOG,5363000,36
LOG_SYS,5366000,36,0
CSV_LOG,5366000,36
LOG_SYS,5370000,36,0
CSV_LOG,5370000,36
LOG_SYS,5373000,36,0
CSV_LOG,5373000,36
LOG_SYS,5376000,36,0
CSV_LOG,5376000,36
LOG_SYS,5380000,36,0
CSV_LOG,5380000,36
LOG_SYS,5383000,36,0
CSV_LOG,5383000,36
LOG_SYS,5386000,36,0
CSV_LOG,5386000,36
LOG_SYS,5390000,36,0
CSV_LOG,5390000,36
LOG_SYS,5393000,36,0
CSV_LOG,5393000,36
LOG_SYS,5396000,36,0
CSV_LOG,5396000,36
LOG_SYS,5400000,35,0
CSV_LOG,5400000,35
LOG_FREE,5400000,54,24
LOG_SYS,5403000,35,0
CSV_LOG,5403000,35
LOG_SYS,5406000,34,0
CSV_LOG,5406000,34
LOG_FREE,5406000,54,17
LOG_SYS,5410000,33,0
CSV_LOG,5410000,33
LOG_FREE,5410000,62,5
LOG_SYS,5413000,33,0
CSV_LOG,5413000,33
LOG_SYS,5416000,32,0
CSV_LOG,5416000,32
LOG_FREE,5416000,54,1
LOG_SYS,5419000,32,0
CSV_LOG,5419000,32
LOG_ALLOC,5419000,68,1
LOG_SYS,5423000,33,0
CSV_LOG,5423000,33
LOG_ALLOC,5423000,68,5
LOG_HOST,5423000,95,8,94
LOG_SYS,5426000,34,0
CSV_LOG,5426000,34
LOG_ALLOC,5426000,68,17
LOG_SYS,5429000,34,0
CSV_LOG,5429000,34
LOG_ALLOC,5429000,68,15
LOG_FREE,5429000,56,15
LOG_SYS,5433000,35,0
CSV_LOG,5433000,35
LOG_ALLOC,5433000,68,19
LOG_SYS,5436000,36,0
CSV_LOG,5436000,36
LOG_ALLOC,5436000,68,24
LOG_SYS,5439000,37,0
CSV_LOG,5439000,37
LOG_ALLOC,5439000,68,29
LOG_SYS,5443000,38,0
CSV_LOG,5443000,38
LOG_ALLOC,5443000,68,36
LOG_SYS,5446000,38,0
CSV_LOG,5446000,38
LOG_FREE,5446000,57,8
LOG_SYS,5449000,37,0
CSV_LOG,5449000,37
LOG_FREE,5449000,66,35
LOG_SYS,5453000,37,0
CSV_LOG,5453000,37
LOG_SYS,5456000,37,0
CSV_LOG,5456000,37
LOG_SYS,5459000,37,0
CSV_LOG,5459000,37
LOG_SYS,5463000,37,0
CSV_LOG,5463000,37
LOG_SYS,5466000,37,0
CSV_LOG,5466000,37
LOG_SYS,5469000,37,0
CSV_LOG,5469000,37
LOG_SYS,5473000,37,0
CSV_LOG,5473000,37
LOG_SYS,5476000,37,0
CSV_LOG,5476000,37
LOG_HOST,5479000,96,7,0
LOG_SYS,5479000,37,0
CSV_LOG,5479000,37
LOG_SYS,5483000,37,0
CSV_LOG,5483000,37
LOG_SYS,5486000,36,0
CSV_LOG,5486000,36
LOG_FREE,5486000,66,6
LOG_SYS,5489000,35,0
CSV_LOG,5489000,35
LOG_FREE,5489000,60,27
LOG_SYS,5493000,34,0
CSV_LOG,5493000,34
LOG_FREE,5493000,56,22
LOG_SYS,5496000,34,0
CSV_LOG,5496000,34
LOG_SYS,5499000,33,0
CSV_LOG,5499000,33
LOG_FREE,5499000,68,29
LOG_SYS,5503000,33,0
CSV_LOG,5503000,33
LOG_SYS,5506000,33,0
CSV_LOG,5506000,33
LOG_SYS,5509000,33,0
CSV_LOG,5509000,33
LOG_HOST,5513000,97,4,0
LOG_SYS,5513000,33,0
CSV_LOG,5513000,33
LOG_SYS,5516000,33,0
CSV_LOG,5516000,33
LOG_SYS,5519000,33,0
CSV_LOG,5519000,33
LOG_SYS,5523000,33,0
CSV_LOG,5523000,33
LOG_SYS,5526000,33,0
CSV_LOG,5526000,33
LOG_SYS,5529000,33,0
CSV_LOG,5529000,33
LOG_SYS,5533000,32,0
CSV_LOG,5533000,32
LOG_FREE,5533000,59,0
LOG_SYS,5536000,31,0
CSV_LOG,5536000,31
LOG_FREE,5536000,68,24
LOG_SYS,5539000,30,0
CSV_LOG,5539000,30
LOG_FREE,5539000,57,21
LOG_SYS,5543000,30,0
CSV_LOG,5543000,30
LOG_SYS,5546000,30,0
CSV_LOG,5546000,30
LOG_SYS,5549000,30,0
CSV_LOG,5549000,30
LOG_SYS,5553000,30,0
CSV_LOG,5553000,30
LOG_SYS,5556000,30,0
CSV_LOG,5556000,30
LOG_HOST,5559000,98,5,0
LOG_SYS,5559000,29,0
CSV_LOG,5559000,29
LOG_FREE,5559000,68,19
LOG_SYS,5563000,28,0
CSV_LOG,5563000,28
LOG_FREE,5563000,65,20
LOG_SYS,5566000,28,0
CSV_LOG,5566000,28
LOG_SYS,5569000,28,0
CSV_LOG,5569000,28
LOG_SYS,5573000,28,0
CSV_LOG,5573000,28
LOG_SYS,5576000,28,0
CSV_LOG,5576000,28
LOG_SYS,5579000,28,0
CSV_LOG,5579000,28
LOG_SYS,5583000,28,0
CSV_LOG,5583000,28
LOG_SYS,5586000,28,0
CSV_LOG,5586000,28
LOG_SYS,5589000,28,0
CSV_LOG,5589000,28
LOG_SYS,5593000,28,0
CSV_LOG,5593000,28
LOG_SYS,5596000,28,0
CSV_LOG,5596000,28
LOG_SYS,5599000,28,0
CSV_LOG,5599000,28
LOG_SYS,5603000,28,0
CSV_LOG,5603000,28
LOG_SYS,5606000,28,0
CSV_LOG,5606000,28
LOG_SYS,5609000,28,0
CSV_LOG,5609000,28
LOG_SYS,5613000,28,0
CSV_LOG,5613000,28
LOG_SYS,5616000,28,0
CSV_LOG,5616000,28
LOG_SYS,5619000,28,0
CSV_LOG,5619000,28
LOG_SYS,5623000,28,0
CSV_LOG,5623000,28
LOG_SYS,5626000,28,0
CSV_LOG,5626000,28
LOG_SYS,5629000,28,0
CSV_LOG,5629000,28
LOG_HOST,5633000,99,4,0
LOG_SYS,5633000,27,0
CSV_LOG,5633000,27
LOG_FREE,5633000,59,7
LOG_SYS,5636000,27,0
CSV_LOG,5636000,27
LOG_SYS,5639000,27,0
CSV_LOG,5639000,27
LOG_SYS,5643000,27,0
CSV_LOG,5643000,27
LOG_SYS,5646000,27,0
CSV_LOG,5646000,27
LOG_SYS,5649000,27,0
CSV_LOG,5649000,27
LOG_SYS,5653000,27,0
CSV_LOG,5653000,27
LOG_SYS,5656000,27,0
CSV_LOG,5656000,27
LOG_SYS,5659000,27,0
CSV_LOG,5659000,27
LOG_SYS,5663000,27,0
CSV_LOG,5663000,27
LOG_SYS,5666000,27,0
CSV_LOG,5666000,27
LOG_SYS,5669000,26,0
CSV_LOG,5669000,26
LOG_FREE,5669000,68,5
LOG_SYS,5673000,26,0
CSV_LOG,5673000,26
LOG_SYS,5676000,25,0
CSV_LOG,5676000,25
LOG_FREE,5676000,59,26
LOG_HOST,5679000,100,3,0
LOG_SYS,5679000,25,0
CSV_LOG,5679000,25
LOG_SYS,5683000,25,0
CSV_LOG,5683000,25
LOG_SYS,5686000,25,0
CSV_LOG,5686000,25
LOG_SYS,5689000,25,0
CSV_LOG,5689000,25
LOG_SYS,5693000,25,0
CSV_LOG,5693000,25
LOG_SYS,5696000,25,0
CSV_LOG,5696000,25
LOG_SYS,5699000,25,0
CSV_LOG,5699000,25
LOG_SYS,5703000,25,0
CSV_LOG,5703000,25
LOG_SYS,5706000,25,0
CSV_LOG,5706000,25
LOG_SYS,5709000,25,0
CSV_LOG,5709000,25
LOG_SYS,5713000,25,0
CSV_LOG,5713000,25
LOG_SYS,5716000,25,0
CSV_LOG,5716000,25
LOG_SYS,5719000,25,0
CSV_LOG,5719000,25
LOG_SYS,5723000,25,0
CSV_LOG,5723000,25
LOG_SYS,5726000,25,0
CSV_LOG,5726000,25
LOG_SYS,5729000,25,0
CSV_LOG,5729000,25
LOG_SYS,5733000,25,0
CSV_LOG,5733000,25
LOG_SYS,5736000,25,0
CSV_LOG,5736000,25
LOG_SYS,5739000,25,0
CSV_LOG,5739000,25
LOG_SYS,5743000,25,0
CSV_LOG,5743000,25
LOG_SYS,5746000,25,0
CSV_LOG,5746000,25
LOG_SYS,5749000,25,0
CSV_LOG,5749000,25
LOG_SYS,5753000,25,0
CSV_LOG,5753000,25
LOG_SYS,5756000,25,0
CSV_LOG,5756000,25
LOG_HOST,5756000,101,7,0
LOG_SYS,5759000,25,0
CSV_LOG,5759000,25
LOG_SYS,5763000,25,0
CSV_LOG,5763000,25
LOG_SYS,5766000,24,0
CSV_LOG,5766000,24
LOG_FREE,5766000,64,4
LOG_SYS,5769000,24,0
CSV_LOG,5769000,24
LOG_SYS,5773000,24,0
CSV_LOG,5773000,24
LOG_SYS,5776000,24,0
CSV_LOG,5776000,24
LOG_SYS,5779000,24,0
CSV_LOG,5779000,24
LOG_SYS,5783000,24,0
CSV_LOG,5783000,24
LOG_SYS,5786000,24,0
CSV_LOG,5786000,24
LOG_SYS,5789000,24,0
CSV_LOG,5789000,24
LOG_HOST,5793000,102,6,0
LOG_SYS,5793000,23,0
CSV_LOG,5793000,23
LOG_FREE,5793000,66,32
LOG_SYS,5796000,23,0
CSV_LOG,5796000,23
LOG_SYS,5799000,23,0
CSV_LOG,5799000,23
LOG_SYS,5803000,23,0
CSV_LOG,5803000,23
LOG_SYS,5806000,23,0
CSV_LOG,5806000,23
LOG_SYS,5809000,22,0
CSV_LOG,5809000,22
LOG_FREE,5809000,63,14
LOG_SYS,5813000,22,0
CSV_LOG,5813000,22
LOG_SYS,5816000,22,0
CSV_LOG,5816000,22
LOG_SYS,5819000,22,0
CSV_LOG,5819000,22
LOG_SYS,5823000,21,0
CSV_LOG,5823000,21
LOG_FREE,5823000,67,37
LOG_HOST,5826000,103,4,0
LOG_SYS,5826000,20,0
CSV_LOG,5826000,20
LOG_FREE,5826000,60,13
LOG_SYS,5829000,19,0
CSV_LOG,5829000,19
LOG_FREE,5829000,56,18
LOG_SYS,5833000,19,0
CSV_LOG,5833000,19
LOG_ALLOC,5833000,69,0
LOG_SYS,5836000,19,0
CSV_LOG,5836000,19
LOG_ALLOC,5836000,69,4
LOG_FREE,5836000,57,10
LOG_SYS,5839000,20,0
CSV_LOG,5839000,20
LOG_ALLOC,5839000,69,5
LOG_SYS,5843000,21,0
CSV_LOG,5843000,21
LOG_ALLOC,5843000,69,6
LOG_SYS,5846000,22,0
CSV_LOG,5846000,22
LOG_ALLOC,5846000,69,7
LOG_SYS,5849000,23,0
CSV_LOG,5849000,23
LOG_ALLOC,5849000,69,8
LOG_SYS,5853000,24,0
CSV_LOG,5853000,24
LOG_ALLOC,5853000,69,10
LOG_SYS,5856000,25,0
CSV_LOG,5856000,25
LOG_ALLOC,5856000,69,13
LOG_SYS,5859000,26,0
CSV_LOG,5859000,26
LOG_ALLOC,5859000,70,14
LOG_SYS,5863000,27,0
CSV_LOG,5863000,27
LOG_ALLOC,5863000,70,18
LOG_SYS,5866000,28,0
CSV_LOG,5866000,28
LOG_ALLOC,5866000,70,19
LOG_SYS,5869000,29,0
CSV_LOG,5869000,29
LOG_ALLOC,5869000,70,20
LOG_HOST,5869000,104,6,0
LOG_SYS,5873000,30,0
CSV_LOG,5873000,30
LOG_ALLOC,5873000,70,21
LOG_SYS,5876000,31,0
CSV_LOG,5876000,31
LOG_ALLOC,5876000,70,22
LOG_SYS,5879000,32,0
CSV_LOG,5879000,32
LOG_ALLOC,5879000,70,24
LOG_SYS,5883000,33,0
CSV_LOG,5883000,33
LOG_ALLOC,5883000,58,26
LOG_SYS,5886000,34,0
CSV_LOG,5886000,34
LOG_ALLOC,5886000,58,27
LOG_SYS,5889000,35,0
CSV_LOG,5889000,35
LOG_SYS,5893000,35,0
CSV_LOG,5893000,35
LOG_SYS,5896000,35,0
CSV_LOG,5896000,35
LOG_SYS,5899000,35,0
CSV_LOG,5899000,35
LOG_SYS,5903000,35,0
CSV_LOG,5903000,35
LOG_SYS,5906000,34,0
CSV_LOG,5906000,34
LOG_FREE,5906000,31,28
LOG_SYS,5909000,34,0
CSV_LOG,5909000,34
LOG_SYS,5913000,34,0
CSV_LOG,5913000,34
LOG_SYS,5916000,33,0
CSV_LOG,5916000,33
LOG_ALLOC,5916000,71,12
LOG_FREE,5916000,65,12
LOG_SYS,5919000,34,0
CSV_LOG,5919000,34
LOG_SYS,5923000,34,0
CSV_LOG,5923000,34
LOG_SYS,5926000,33,0
CSV_LOG,5926000,33
LOG_FREE,5926000,59,23
LOG_SYS,5929000,33,0
CSV_LOG,5929000,33
LOG_HOST,5933000,105,4,0
LOG_SYS,5933000,33,0
CSV_LOG,5933000,33
LOG_SYS,5936000,33,0
CSV_LOG,5936000,33
LOG_ALLOC,5936000,72,23
LOG_SYS,5939000,33,0
CSV_LOG,5939000,33
LOG_ALLOC,5939000,72,28
LOG_FREE,5939000,68,36
LOG_SYS,5943000,34,0
CSV_LOG,5943000,34
LOG_ALLOC,5943000,72,29
LOG_SYS,5946000,34,0
CSV_LOG,5946000,34
LOG_ALLOC,5946000,72,1
LOG_FREE,5946000,68,1
LOG_SYS,5949000,34,0
CSV_LOG,5949000,34
LOG_ALLOC,5949000,72,14
LOG_FREE,5949000,70,14
LOG_SYS,5953000,35,0
CSV_LOG,5953000,35
LOG_SYS,5956000,35,0
CSV_LOG,5956000,35
LOG_SYS,5959000,35,0
CSV_LOG,5959000,35
LOG_SYS,5963000,34,0
CSV_LOG,5963000,34
LOG_FREE,5963000,68,15
LOG_SYS,5966000,34,0
CSV_LOG,5966000,34
LOG_SYS,5969000,34,0
CSV_LOG,5969000,34
LOG_HOST,5969000,106,6,0
LOG_SYS,5973000,34,0
CSV_LOG,5973000,34
LOG_SYS,5976000,33,0
CSV_LOG,5976000,33
LOG_FREE,5976000,70,24
LOG_SYS,5979000,33,0
CSV_LOG,5979000,33
LOG_SYS,5983000,33,0
CSV_LOG,5983000,33
LOG_SYS,5986000,33,0
CSV_LOG,5986000,33
LOG_SYS,5989000,33,0
CSV_LOG,5989000,33
LOG_SYS,5993000,32,0
CSV_LOG,5993000,32
LOG_FREE,5993000,69,6
LOG_SYS,5996000,32,0
CSV_LOG,5996000,32
LOG_SYS,5999000,32,0
CSV_LOG,5999000,32
LOG_SYS,6003000,32,0
CSV_LOG,6003000,32
LOG_SYS,6006000,32,0
CSV_LOG,6006000,32
LOG_SYS,6009000,32,0
CSV_LOG,6009000,32
LOG_SYS,6013000,31,0
CSV_LOG,6013000,31
LOG_FREE,6013000,69,13
LOG_SYS,6016000,31,0
CSV_LOG,6016000,31
LOG_SYS,6019000,31,0
CSV_LOG,6019000,31
LOG_SYS,6023000,31,0
CSV_LOG,6023000,31
LOG_SYS,6026000,31,0
CSV_LOG,6026000,31
LOG_SYS,6029000,31,0
CSV_LOG,6029000,31
LOG_HOST,6029000,107,2,106
LOG_SYS,6033000,31,0
CSV_LOG,6033000,31
LOG_SYS,6036000,31,0
CSV_LOG,6036000,31
LOG_SYS,6039000,31,0
CSV_LOG,6039000,31
LOG_SYS,6043000,31,0
CSV_LOG,6043000,31
LOG_SYS,6046000,31,0
CSV_LOG,6046000,31
LOG_SYS,6049000,30,0
CSV_LOG,6049000,30
LOG_FREE,6049000,69,7
LOG_SYS,6053000,29,0
CSV_LOG,6053000,29
LOG_FREE,6053000,66,33
LOG_SYS,6056000,29,0
CSV_LOG,6056000,29
LOG_SYS,6059000,29,0
CSV_LOG,6059000,29
LOG_SYS,6063000,28,0
CSV_LOG,6063000,28
LOG_FREE,6063000,50,42
LOG_SYS,6066000,28,0
CSV_LOG,6066000,28
LOG_SYS,6069000,28,0
CSV_LOG,6069000,28
LOG_SYS,6073000,28,0
CSV_LOG,6073000,28
LOG_ALLOC,6073000,73,6
LOG_SYS,6076000,29,0
CSV_LOG,6076000,29
LOG_ALLOC,6076000,73,7
LOG_HOST,6076000,108,4,107
LOG_SYS,6079000,30,0
CSV_LOG,6079000,30
LOG_ALLOC,6079000,73,13
LOG_SYS,6083000,31,0
CSV_LOG,6083000,31
LOG_ALLOC,6083000,73,15
LOG_SYS,6086000,32,0
CSV_LOG,6086000,32
LOG_ALLOC,6086000,73,24
LOG_SYS,6089000,33,0
CSV_LOG,6089000,33
LOG_ALLOC,6089000,73,32
LOG_SYS,6093000,33,0
CSV_LOG,6093000,33
LOG_ALLOC,6093000,73,20
LOG_FREE,6093000,70,20
LOG_SYS,6096000,34,0
CSV_LOG,6096000,34
LOG_ALLOC,6096000,73,33
LOG_SYS,6099000,35,0
CSV_LOG,6099000,35
LOG_SYS,6103000,35,0
CSV_LOG,6103000,35
LOG_SYS,6106000,34,0
CSV_LOG,6106000,34
LOG_FREE,6106000,71,12
LOG_SYS,6109000,34,0
CSV_LOG,6109000,34
LOG_SYS,6113000,34,0
CSV_LOG,6113000,34
LOG_SYS,6116000,34,0
CSV_LOG,6116000,34
LOG_ALLOC,6116000,74,12
LOG_HOST,6116000,109,3,0
LOG_SYS,6119000,35,0
CSV_LOG,6119000,35
LOG_ALLOC,6119000,74,35
LOG_SYS,6123000,36,0
CSV_LOG,6123000,36
LOG_ALLOC,6123000,74,36
LOG_SYS,6126000,37,0
CSV_LOG,6126000,37
LOG_ALLOC,6126000,74,37
LOG_SYS,6129000,38,0
CSV_LOG,6129000,38
LOG_ALLOC,6129000,74,38
LOG_SYS,6133000,39,0
CSV_LOG,6133000,39
LOG_ALLOC,6133000,74,39
LOG_SYS,6136000,40,0
CSV_LOG,6136000,40
LOG_ALLOC,6136000,74,40
LOG_SYS,6139000,41,0
CSV_LOG,6139000,41
LOG_ALLOC,6139000,74,41
LOG_SYS,6143000,41,0
CSV_LOG,6143000,41
LOG_FREE,6143000,74,38
LOG_SYS,6146000,40,0
CSV_LOG,6146000,40
LOG_FREE,6146000,69,10
LOG_SYS,6149000,40,0
CSV_LOG,6149000,40
LOG_SYS,6153000,40,0
CSV_LOG,6153000,40
LOG_SYS,6156000,40,0
CSV_LOG,6156000,40
LOG_SYS,6159000,40,0
CSV_LOG,6159000,40
LOG_SYS,6163000,40,0
CSV_LOG,6163000,40
LOG_SYS,6166000,39,0
CSV_LOG,6166000,39
LOG_FREE,6166000,65,25
LOG_SYS,6169000,39,0
CSV_LOG,6169000,39
LOG_HOST,6169000,110,5,0
LOG_SYS,6173000,39,0
CSV_LOG,6173000,39
LOG_SYS,6176000,39,0
CSV_LOG,6176000,39
LOG_ALLOC,6176000,75,10
LOG_SYS,6179000,40,0
CSV_LOG,6179000,40
LOG_ALLOC,6179000,75,25
LOG_SYS,6183000,41,0
CSV_LOG,6183000,41
LOG_ALLOC,6183000,75,38
LOG_SYS,6186000,42,0
CSV_LOG,6186000,42
LOG_ALLOC,6186000,75,42
LOG_SYS,6189000,43,0
CSV_LOG,6189000,43
LOG_ALLOC,6189000,75,43
LOG_SYS,6193000,43,0
CSV_LOG,6193000,43
LOG_ALLOC,6193000,75,0
LOG_FREE,6193000,69,0
LOG_SYS,6196000,44,0
CSV_LOG,6196000,44
LOG_SYS,6199000,44,0
CSV_LOG,6199000,44
LOG_SYS,6203000,44,0
CSV_LOG,6203000,44
LOG_SYS,6206000,43,0
CSV_LOG,6206000,43
LOG_FREE,6206000,75,38
LOG_SYS,6209000,42,0
CSV_LOG,6209000,42
LOG_FREE,6209000,73,33
LOG_SYS,6213000,42,0
CSV_LOG,6213000,42
LOG_SYS,6216000,42,0
CSV_LOG,6216000,42
LOG_SYS,6219000,41,0
CSV_LOG,6219000,41
LOG_FREE,6219000,75,0
LOG_SYS,6223000,41,0
CSV_LOG,6223000,41
LOG_SYS,6226000,41,0
CSV_LOG,6226000,41
LOG_SYS,6229000,41,0
CSV_LOG,6229000,41
LOG_SYS,6233000,40,0
CSV_LOG,6233000,40
LOG_FREE,6233000,74,35
LOG_SYS,6236000,40,0
CSV_LOG,6236000,40
LOG_HOST,6239000,111,4,110
LOG_SYS,6239000,40,0
CSV_LOG,6239000,40
LOG_SYS,6243000,40,0
CSV_LOG,6243000,40
LOG_SYS,6246000,40,0
CSV_LOG,6246000,40
LOG_SYS,6249000,40,0
CSV_LOG,6249000,40
LOG_SYS,6252000,40,0
CSV_LOG,6252000,40
LOG_SYS,6256000,39,0
CSV_LOG,6256000,39
LOG_FREE,6256000,58,26
LOG_SYS,6259000,38,0
CSV_LOG,6259000,38
LOG_FREE,6259000,73,20
LOG_SYS,6262000,38,0
CSV_LOG,6262000,38
LOG_SYS,6266000,38,0
CSV_LOG,6266000,38
LOG_SYS,6269000,38,0
CSV_LOG,6269000,38
LOG_SYS,6272000,38,0
CSV_LOG,6272000,38
LOG_SYS,6276000,38,0
CSV_LOG,6276000,38
LOG_HOST,6279000,112,8,0
LOG_SYS,6279000,37,0
CSV_LOG,6279000,37
LOG_FREE,6279000,73,32
LOG_SYS,6282000,37,0
CSV_LOG,6282000,37
LOG_SYS,6286000,37,0
CSV_LOG,6286000,37
LOG_SYS,6289000,37,0
CSV_LOG,6289000,37
LOG_SYS,6292000,37,0
CSV_LOG,6292000,37
LOG_SYS,6296000,37,0
CSV_LOG,6296000,37
LOG_SYS,6299000,37,0
CSV_LOG,6299000,37
LOG_SYS,6302000,37,0
CSV_LOG,6302000,37
LOG_SYS,6306000,37,0
CSV_LOG,6306000,37
LOG_SYS,6309000,37,0
CSV_LOG,6309000,37
LOG_SYS,6312000,37,0
CSV_LOG,6312000,37
LOG_SYS,6316000,37,0
CSV_LOG,6316000,37
LOG_SYS,6319000,36,0
CSV_LOG,6319000,36
LOG_FREE,6319000,72,29
LOG_SYS,6322000,36,0
CSV_LOG,6322000,36
LOG_SYS,6326000,36,0
CSV_LOG,6326000,36
LOG_SYS,6329000,36,0
CSV_LOG,6329000,36
LOG_SYS,6332000,35,0
CSV_LOG,6332000,35
LOG_FREE,6332000,75,42
LOG_SYS,6336000,35,0
CSV_LOG,6336000,35
LOG_SYS,6339000,35,0
CSV_LOG,6339000,35
LOG_SYS,6342000,35,0
CSV_LOG,6342000,35
LOG_SYS,6346000,34,0
CSV_LOG,6346000,34
LOG_FREE,6346000,74,36
LOG_SYS,6349000,34,0
CSV_LOG,6349000,34
LOG_SYS,6352000,33,0
CSV_LOG,6352000,33
LOG_FREE,6352000,64,30
LOG_SYS,6356000,33,0
CSV_LOG,6356000,33
LOG_HOST,6359000,113,3,0
LOG_SYS,6359000,32,0
CSV_LOG,6359000,32
LOG_FREE,6359000,70,18
LOG_SYS,6362000,32,0
CSV_LOG,6362000,32
LOG_SYS,6366000,31,0
CSV_LOG,6366000,31
LOG_FREE,6366000,74,40
LOG_SYS,6369000,31,0
CSV_LOG,6369000,31
LOG_SYS,6372000,31,0
CSV_LOG,6372000,31
LOG_SYS,6376000,31,0
CSV_LOG,6376000,31
LOG_SYS,6379000,31,0
CSV_LOG,6379000,31
LOG_SYS,6382000,31,0
CSV_LOG,6382000,31
LOG_SYS,6386000,31,0
CSV_LOG,6386000,31
LOG_SYS,6389000,31,0
CSV_LOG,6389000,31
LOG_SYS,6392000,31,0
CSV_LOG,6392000,31
LOG_SYS,6396000,31,0
CSV_LOG,6396000,31
LOG_SYS,6399000,31,0
CSV_LOG,6399000,31
LOG_SYS,6402000,31,0
CSV_LOG,6402000,31
LOG_SYS,6406000,31,0
CSV_LOG,6406000,31
LOG_SYS,6409000,31,0
CSV_LOG,6409000,31
LOG_SYS,6412000,31,0
CSV_LOG,6412000,31
LOG_SYS,6416000,30,0
CSV_LOG,6416000,30
LOG_FREE,6416000,69,4
LOG_SYS,6419000,30,0
CSV_LOG,6419000,30
LOG_SYS,6422000,30,0
CSV_LOG,6422000,30
LOG_HOST,6426000,114,7,0
LOG_SYS,6426000,30,0
CSV_LOG,6426000,30
LOG_SYS,6429000,30,0
CSV_LOG,6429000,30
LOG_SYS,6432000,30,0
CSV_LOG,6432000,30
LOG_SYS,6436000,29,0
CSV_LOG,6436000,29
LOG_FREE,6436000,70,22
LOG_SYS,6439000,29,0
CSV_LOG,6439000,29
LOG_SYS,6442000,29,0
CSV_LOG,6442000,29
LOG_SYS,6446000,29,0
CSV_LOG,6446000,29
LOG_SYS,6449000,29,0
CSV_LOG,6449000,29
LOG_SYS,6452000,29,0
CSV_LOG,6452000,29
LOG_SYS,6456000,29,0
CSV_LOG,6456000,29
LOG_HOST,6456000,115,8,0
LOG_SYS,6459000,29,0
CSV_LOG,6459000,29
LOG_SYS,6462000,29,0
CSV_LOG,6462000,29
LOG_SYS,6466000,29,0
CSV_LOG,6466000,29
LOG_SYS,6469000,29,0
CSV_LOG,6469000,29
LOG_SYS,6472000,29,0
CSV_LOG,6472000,29
LOG_SYS,6476000,29,0
CSV_LOG,6476000,29
LOG_SYS,6479000,29,0
CSV_LOG,6479000,29
LOG_SYS,6482000,29,0
CSV_LOG,6482000,29
LOG_SYS,6486000,29,0
CSV_LOG,6486000,29
LOG_SYS,6489000,29,0
CSV_LOG,6489000,29
LOG_SYS,6492000,29,0
CSV_LOG,6492000,29
LOG_SYS,6496000,29,0
CSV_LOG,6496000,29
LOG_SYS,6499000,28,0
CSV_LOG,6499000,28
LOG_FREE,6499000,66,31
LOG_SYS,6502000,28,0
CSV_LOG,6502000,28
LOG_SYS,6506000,28,0
CSV_LOG,6506000,28
LOG_SYS,6509000,28,0
CSV_LOG,6509000,28
LOG_SYS,6512000,28,0
CSV_LOG,6512000,28
LOG_SYS,6516000,28,0
CSV_LOG,6516000,28
LOG_HOST,6519000,116,1,0
LOG_SYS,6519000,28,0
CSV_LOG,6519000,28
LOG_SYS,6522000,28,0
CSV_LOG,6522000,28
LOG_SYS,6526000,28,0
CSV_LOG,6526000,28
LOG_SYS,6529000,28,0
CSV_LOG,6529000,28
LOG_SYS,6532000,28,0
CSV_LOG,6532000,28
LOG_SYS,6536000,28,0
CSV_LOG,6536000,28
LOG_SYS,6539000,28,0
CSV_LOG,6539000,28
LOG_SYS,6542000,27,0
CSV_LOG,6542000,27
LOG_FREE,6542000,73,24
LOG_SYS,6546000,26,0
CSV_LOG,6546000,26
LOG_FREE,6546000,70,19
LOG_SYS,6549000,26,0
CSV_LOG,6549000,26
LOG_SYS,6552000,26,0
CSV_LOG,6552000,26
LOG_SYS,6556000,26,0
CSV_LOG,6556000,26
LOG_HOST,6556000,117,6,0
LOG_SYS,6559000,26,0
CSV_LOG,6559000,26
LOG_SYS,6562000,26,0
CSV_LOG,6562000,26
LOG_SYS,6566000,26,0
CSV_LOG,6566000,26
LOG_SYS,6569000,26,0
CSV_LOG,6569000,26
LOG_SYS,6572000,26,0
CSV_LOG,6572000,26
LOG_SYS,6576000,26,0
CSV_LOG,6576000,26
LOG_SYS,6579000,26,0
CSV_LOG,6579000,26
LOG_SYS,6582000,26,0
CSV_LOG,6582000,26
LOG_SYS,6586000,26,0
CSV_LOG,6586000,26
LOG_SYS,6589000,26,0
CSV_LOG,6589000,26
LOG_SYS,6592000,26,0
CSV_LOG,6592000,26
LOG_SYS,6596000,26,0
CSV_LOG,6596000,26
LOG_SYS,6599000,26,0
CSV_LOG,6599000,26
LOG_SYS,6602000,26,0
CSV_LOG,6602000,26
LOG_SYS,6606000,26,0
CSV_LOG,6606000,26
LOG_SYS,6609000,26,0
CSV_LOG,6609000,26
LOG_SYS,6612000,25,0
CSV_LOG,6612000,25
LOG_FREE,6612000,73,13
LOG_SYS,6616000,25,0
CSV_LOG,6616000,25
LOG_HOST,6616000,118,5,0
LOG_SYS,6619000,25,0
CSV_LOG,6619000,25
LOG_SYS,6622000,25,0
CSV_LOG,6622000,25
LOG_SYS,6626000,25,0
CSV_LOG,6626000,25
LOG_SYS,6629000,24,0
CSV_LOG,6629000,24
LOG_FREE,6629000,73,6
LOG_SYS,6632000,23,0
CSV_LOG,6632000,23
LOG_FREE,6632000,75,25
LOG_SYS,6636000,22,0
CSV_LOG,6636000,22
LOG_FREE,6636000,72,1
LOG_SYS,6639000,22,0
CSV_LOG,6639000,22
LOG_SYS,6642000,22,0
CSV_LOG,6642000,22
LOG_SYS,6646000,22,0
CSV_LOG,6646000,22
LOG_SYS,6649000,22,0
CSV_LOG,6649000,22
LOG_SYS,6652000,22,0
CSV_LOG,6652000,22
LOG_SYS,6656000,21,0
CSV_LOG,6656000,21
LOG_FREE,6656000,75,43
LOG_SYS,6659000,21,0
CSV_LOG,6659000,21
LOG_SYS,6662000,21,0
CSV_LOG,6662000,21
LOG_SYS,6666000,20,0
CSV_LOG,6666000,20
LOG_FREE,6666000,74,39
LOG_SYS,6669000,19,0
CSV_LOG,6669000,19
LOG_FREE,6669000,69,5
LOG_SYS,6672000,19,0
CSV_LOG,6672000,19
LOG_SYS,6676000,19,0
CSV_LOG,6676000,19
LOG_HOST,6679000,119,8,0
LOG_SYS,6679000,18,0
CSV_LOG,6679000,18
LOG_FREE,6679000,60,2
LOG_SYS,6682000,17,0
CSV_LOG,6682000,17
LOG_FREE,6682000,54,3
LOG_SYS,6686000,17,0
CSV_LOG,6686000,17
LOG_ALLOC,6686000,61,0
LOG_SYS,6689000,18,0
CSV_LOG,6689000,18
LOG_ALLOC,6689000,61,1
LOG_SYS,6692000,19,0
CSV_LOG,6692000,19
LOG_ALLOC,6692000,61,2
LOG_SYS,6696000,20,0
CSV_LOG,6696000,20
LOG_ALLOC,6696000,61,3
LOG_SYS,6699000,21,0
CSV_LOG,6699000,21
LOG_ALLOC,6699000,61,4
LOG_SYS,6702000,22,0
CSV_LOG,6702000,22
LOG_ALLOC,6702000,78,5
LOG_SYS,6706000,23,0
CSV_LOG,6706000,23
LOG_ALLOC,6706000,78,6
LOG_SYS,6709000,24,0
CSV_LOG,6709000,24
LOG_ALLOC,6709000,78,13
LOG_HOST,6709000,120,2,0
LOG_SYS,6712000,25,0
CSV_LOG,6712000,25
LOG_ALLOC,6712000,78,18
LOG_SYS,6716000,26,0
CSV_LOG,6716000,26
LOG_ALLOC,6716000,77,19
LOG_SYS,6719000,27,0
CSV_LOG,6719000,27
LOG_ALLOC,6719000,77,20
LOG_SYS,6722000,27,0
CSV_LOG,6722000,27
LOG_ALLOC,6722000,77,17
LOG_FREE,6722000,68,17
LOG_SYS,6726000,28,0
CSV_LOG,6726000,28
LOG_ALLOC,6726000,77,22
LOG_SYS,6729000,29,0
CSV_LOG,6729000,29
LOG_SYS,6732000,29,0
CSV_LOG,6732000,29
LOG_ALLOC,6732000,79,24
LOG_SYS,6736000,29,0
CSV_LOG,6736000,29
LOG_ALLOC,6736000,79,7
LOG_FREE,6736000,73,7
LOG_HOST,6736000,121,6,0
LOG_SYS,6739000,30,0
CSV_LOG,6739000,30
LOG_ALLOC,6739000,79,25
LOG_SYS,6742000,30,0
CSV_LOG,6742000,30
LOG_ALLOC,6742000,79,24
LOG_FREE,6742000,79,24
LOG_SYS,6746000,31,0
CSV_LOG,6746000,31
LOG_ALLOC,6746000,79,26
LOG_SYS,6749000,32,0
CSV_LOG,6749000,32
LOG_SYS,6752000,32,0
CSV_LOG,6752000,32
LOG_SYS,6756000,32,0
CSV_LOG,6756000,32
LOG_SYS,6759000,32,0
CSV_LOG,6759000,32
LOG_SYS,6762000,32,0
CSV_LOG,6762000,32
LOG_SYS,6766000,32,0
CSV_LOG,6766000,32
LOG_SYS,6769000,32,0
CSV_LOG,6769000,32
LOG_SYS,6772000,32,0
CSV_LOG,6772000,32
LOG_SYS,6776000,32,0
CSV_LOG,6776000,32
LOG_SYS,6779000,32,0
CSV_LOG,6779000,32
LOG_SYS,6782000,32,0
CSV_LOG,6782000,32
LOG_SYS,6786000,32,0
CSV_LOG,6786000,32
LOG_SYS,6789000,32,0
CSV_LOG,6789000,32
LOG_SYS,6792000,31,0
CSV_LOG,6792000,31
LOG_FREE,6792000,74,37
LOG_SYS,6796000,31,0
CSV_LOG,6796000,31
LOG_SYS,6799000,31,0
CSV_LOG,6799000,31
LOG_SYS,6802000,31,0
CSV_LOG,6802000,31
LOG_SYS,6806000,31,0
CSV_LOG,6806000,31
LOG_SYS,6809000,30,0
CSV_LOG,6809000,30
LOG_FREE,6809000,61,0
LOG_SYS,6812000,30,0
CSV_LOG,6812000,30
LOG_SYS,6816000,30,0
CSV_LOG,6816000,30
LOG_SYS,6819000,30,0
CSV_LOG,6819000,30
LOG_SYS,6822000,29,0
CSV_LOG,6822000,29
LOG_FREE,6822000,69,8
LOG_HOST,6822000,122,5,121
LOG_SYS,6826000,29,0
CSV_LOG,6826000,29
LOG_SYS,6829000,29,0
CSV_LOG,6829000,29
LOG_SYS,6832000,28,0
CSV_LOG,6832000,28
LOG_ALLOC,6832000,80,0
LOG_FREE,6832000,77,19
LOG_SYS,6836000,29,0
CSV_LOG,6836000,29
LOG_ALLOC,6836000,80,8
LOG_SYS,6839000,30,0
CSV_LOG,6839000,30
LOG_SYS,6842000,29,0
CSV_LOG,6842000,29
LOG_FREE,6842000,78,13
LOG_SYS,6846000,29,0
CSV_LOG,6846000,29
LOG_SYS,6849000,29,0
CSV_LOG,6849000,29
LOG_SYS,6852000,29,0
CSV_LOG,6852000,29
LOG_SYS,6856000,29,0
CSV_LOG,6856000,29
LOG_SYS,6859000,29,0
CSV_LOG,6859000,29
LOG_SYS,6862000,29,0
CSV_LOG,6862000,29
LOG_SYS,6866000,29,0
CSV_LOG,6866000,29
LOG_SYS,6869000,29,0
CSV_LOG,6869000,29
LOG_SYS,6872000,29,0
CSV_LOG,6872000,29
LOG_SYS,6876000,29,0
CSV_LOG,6876000,29
LOG_SYS,6879000,29,0
CSV_LOG,6879000,29
LOG_SYS,6882000,29,0
CSV_LOG,6882000,29
LOG_SYS,6886000,29,0
CSV_LOG,6886000,29
LOG_SYS,6889000,29,0
CSV_LOG,6889000,29
LOG_SYS,6892000,29,0
CSV_LOG,6892000,29
LOG_SYS,6896000,29,0
CSV_LOG,6896000,29
LOG_HOST,6896000,123,4,0
LOG_SYS,6899000,29,0
CSV_LOG,6899000,29
LOG_SYS,6902000,29,0
CSV_LOG,6902000,29
LOG_SYS,6906000,28,0
CSV_LOG,6906000,28
LOG_FREE,6906000,77,22
LOG_SYS,6909000,28,0
CSV_LOG,6909000,28
LOG_SYS,6912000,28,0
CSV_LOG,6912000,28
LOG_SYS,6916000,28,0
CSV_LOG,6916000,28
LOG_SYS,6919000,27,0
CSV_LOG,6919000,27
LOG_FREE,6919000,79,25
LOG_SYS,6922000,27,0
CSV_LOG,6922000,27
LOG_SYS,6926000,27,0
CSV_LOG,6926000,27
LOG_SYS,6929000,27,0
CSV_LOG,6929000,27
LOG_SYS,6932000,27,0
CSV_LOG,6932000,27
LOG_SYS,6936000,27,0
CSV_LOG,6936000,27
LOG_SYS,6939000,27,0
CSV_LOG,6939000,27
LOG_SYS,6942000,27,0
CSV_LOG,6942000,27
LOG_HOST,6942000,124,5,123
LOG_SYS,6946000,27,0
CSV_LOG,6946000,27
LOG_SYS,6949000,27,0
CSV_LOG,6949000,27
LOG_SYS,6952000,27,0
CSV_LOG,6952000,27
LOG_SYS,6956000,27,0
CSV_LOG,6956000,27
LOG_SYS,6959000,27,0
CSV_LOG,6959000,27
LOG_SYS,6962000,27,0
CSV_LOG,6962000,27
LOG_SYS,6966000,27,0
CSV_LOG,6966000,27
LOG_SYS,6969000,27,0
CSV_LOG,6969000,27
LOG_SYS,6972000,26,0
CSV_LOG,6972000,26
LOG_FREE,6972000,77,17
LOG_SYS,6976000,26,0
CSV_LOG,6976000,26
LOG_SYS,6979000,26,0
CSV_LOG,6979000,26
LOG_SYS,6982000,26,0
CSV_LOG,6982000,26
LOG_SYS,6986000,26,0
CSV_LOG,6986000,26
LOG_SYS,6989000,25,0
CSV_LOG,6989000,25
LOG_FREE,6989000,79,24
LOG_SYS,6992000,25,0
CSV_LOG,6992000,25
LOG_SYS,6996000,25,0
CSV_LOG,6996000,25
LOG_SYS,6999000,25,0
CSV_LOG,6999000,25
LOG_SYS,7002000,25,0
CSV_LOG,7002000,25
LOG_SYS,7006000,25,0
CSV_LOG,7006000,25
LOG_SYS,7009000,24,0
CSV_LOG,7009000,24
LOG_FREE,7009000,78,6
LOG_SYS,7012000,24,0
CSV_LOG,7012000,24
LOG_SYS,7016000,24,0
CSV_LOG,7016000,24
LOG_HOST,7016000,125,1,0
LOG_SYS,7019000,24,0
CSV_LOG,7019000,24
LOG_SYS,7022000,24,0
CSV_LOG,7022000,24
LOG_SYS,7026000,23,0
CSV_LOG,7026000,23
LOG_FREE,7026000,74,12
LOG_SYS,7029000,23,0
CSV_LOG,7029000,23
LOG_SYS,7032000,23,0
CSV_LOG,7032000,23
LOG_SYS,7036000,23,0
CSV_LOG,7036000,23
LOG_SYS,7039000,23,0
CSV_LOG,7039000,23
LOG_SYS,7042000,22,0
CSV_LOG,7042000,22
LOG_FREE,7042000,61,3
LOG_HOST,7042000,126,3,0
LOG_SYS,7046000,22,0
CSV_LOG,7046000,22
LOG_SYS,7049000,22,0
CSV_LOG,7049000,22
LOG_SYS,7052000,22,0
CSV_LOG,7052000,22
LOG_SYS,7056000,22,0
CSV_LOG,7056000,22
LOG_SYS,7059000,22,0
CSV_LOG,7059000,22
LOG_SYS,7062000,22,0
CSV_LOG,7062000,22
LOG_SYS,7066000,22,0
CSV_LOG,7066000,22
LOG_SYS,7069000,22,0
CSV_LOG,7069000,22
LOG_SYS,7072000,22,0
CSV_LOG,7072000,22
LOG_SYS,7076000,22,0
CSV_LOG,7076000,22
LOG_SYS,7079000,21,0
CSV_LOG,7079000,21
LOG_FREE,7079000,79,26
LOG_SYS,7082000,21,0
CSV_LOG,7082000,21
LOG_SYS,7085000,21,0
CSV_LOG,7085000,21
LOG_SYS,7089000,21,0
CSV_LOG,7089000,21
LOG_SYS,7092000,21,0
CSV_LOG,7092000,21
LOG_SYS,7095000,21,0
CSV_LOG,7095000,21
LOG_SYS,7099000,21,0
CSV_LOG,7099000,21
LOG_SYS,7102000,21,0
CSV_LOG,7102000,21
LOG_HOST,7105000,127,8,0
LOG_SYS,7105000,21,0
CSV_LOG,7105000,21
LOG_SYS,7109000,21,0
CSV_LOG,7109000,21
LOG_SYS,7112000,21,0
CSV_LOG,7112000,21
LOG_SYS,7115000,21,0
CSV_LOG,7115000,21
LOG_SYS,7119000,21,0
CSV_LOG,7119000,21
LOG_SYS,7122000,20,0
CSV_LOG,7122000,20
LOG_FREE,7122000,78,18
LOG_SYS,7125000,20,0
CSV_LOG,7125000,20
LOG_SYS,7129000,20,0
CSV_LOG,7129000,20
LOG_SYS,7132000,20,0
CSV_LOG,7132000,20
LOG_SYS,7135000,20,0
CSV_LOG,7135000,20
LOG_SYS,7139000,19,0
CSV_LOG,7139000,19
LOG_FREE,7139000,80,0
LOG_SYS,7142000,18,0
CSV_LOG,7142000,18
LOG_FREE,7142000,79,7
LOG_HOST,7142000,128,4,0
LOG_SYS,7145000,18,0
CSV_LOG,7145000,18
LOG_SYS,7149000,18,0
CSV_LOG,7149000,18
LOG_SYS,7152000,18,0
CSV_LOG,7152000,18
LOG_ALLOC,7152000,81,0
LOG_SYS,7155000,19,0
CSV_LOG,7155000,19
LOG_ALLOC,7155000,81,3
LOG_SYS,7159000,20,0
CSV_LOG,7159000,20
LOG_ALLOC,7159000,81,6
LOG_SYS,7162000,21,0
CSV_LOG,7162000,21
LOG_ALLOC,7162000,81,7
LOG_SYS,7165000,22,0
CSV_LOG,7165000,22
LOG_ALLOC,7165000,81,12
LOG_SYS,7169000,23,0
CSV_LOG,7169000,23
LOG_ALLOC,7169000,81,13
LOG_SYS,7172000,24,0
CSV_LOG,7172000,24
LOG_ALLOC,7172000,81,17
LOG_SYS,7175000,25,0
CSV_LOG,7175000,25
LOG_ALLOC,7175000,81,18
LOG_SYS,7179000,26,0
CSV_LOG,7179000,26
LOG_SYS,7182000,26,0
CSV_LOG,7182000,26
LOG_SYS,7185000,26,0
CSV_LOG,7185000,26
LOG_SYS,7189000,26,0
CSV_LOG,7189000,26
LOG_SYS,7192000,26,0
CSV_LOG,7192000,26
LOG_SYS,7195000,25,0
CSV_LOG,7195000,25
LOG_FREE,7195000,74,41
LOG_SYS,7199000,25,0
CSV_LOG,7199000,25
LOG_SYS,7202000,25,0
CSV_LOG,7202000,25
LOG_SYS,7205000,25,0
CSV_LOG,7205000,25
LOG_ALLOC,7205000,82,19
LOG_SYS,7209000,26,0
CSV_LOG,7209000,26
LOG_ALLOC,7209000,82,22
LOG_SYS,7212000,26,0
CSV_LOG,7212000,26
LOG_ALLOC,7212000,82,2
LOG_FREE,7212000,61,2
LOG_SYS,7215000,27,0
CSV_LOG,7215000,27
LOG_ALLOC,7215000,82,24
LOG_SYS,7219000,28,0
CSV_LOG,7219000,28
LOG_ALLOC,7219000,82,25
LOG_SYS,7222000,29,0
CSV_LOG,7222000,29
LOG_ALLOC,7222000,82,26
LOG_HOST,7225000,129,4,0
LOG_SYS,7225000,30,0
CSV_LOG,7225000,30
LOG_SYS,7229000,30,0
CSV_LOG,7229000,30
LOG_SYS,7232000,30,0
CSV_LOG,7232000,30
LOG_SYS,7235000,30,0
CSV_LOG,7235000,30
LOG_SYS,7239000,30,0
CSV_LOG,7239000,30
LOG_SYS,7242000,30,0
CSV_LOG,7242000,30
LOG_SYS,7245000,30,0
CSV_LOG,7245000,30
LOG_SYS,7249000,30,0
CSV_LOG,7249000,30
LOG_SYS,7252000,30,0
CSV_LOG,7252000,30
LOG_SYS,7255000,30,0
CSV_LOG,7255000,30
LOG_SYS,7259000,29,0
CSV_LOG,7259000,29
LOG_FREE,7259000,82,2
LOG_SYS,7262000,29,0
CSV_LOG,7262000,29
LOG_HOST,7262000,130,1,129
LOG_SYS,7265000,29,0
CSV_LOG,7265000,29
LOG_SYS,7269000,29,0
CSV_LOG,7269000,29
LOG_SYS,7272000,29,0
CSV_LOG,7272000,29
LOG_SYS,7275000,29,0
CSV_LOG,7275000,29
LOG_SYS,7279000,29,0
CSV_LOG,7279000,29
LOG_SYS,7282000,29,0
CSV_LOG,7282000,29
LOG_SYS,7285000,29,0
CSV_LOG,7285000,29
LOG_SYS,7289000,29,0
CSV_LOG,7289000,29
LOG_SYS,7292000,28,0
CSV_LOG,7292000,28
LOG_FREE,7292000,61,4
LOG_SYS,7295000,28,0
CSV_LOG,7295000,28
LOG_SYS,7299000,28,0
CSV_LOG,7299000,28
LOG_SYS,7302000,28,0
CSV_LOG,7302000,28
LOG_SYS,7305000,28,0
CSV_LOG,7305000,28
LOG_SYS,7309000,28,0
CSV_LOG,7309000,28
LOG_SYS,7312000,28,0
CSV_LOG,7312000,28
LOG_SYS,7315000,28,0
CSV_LOG,7315000,28
LOG_SYS,7319000,28,0
CSV_LOG,7319000,28
LOG_SYS,7322000,27,0
CSV_LOG,7322000,27
LOG_FREE,7322000,81,7
LOG_HOST,7325000,131,1,0
LOG_SYS,7325000,27,0
CSV_LOG,7325000,27
LOG_SYS,7329000,27,0
CSV_LOG,7329000,27
LOG_SYS,7332000,27,0
CSV_LOG,7332000,27
LOG_SYS,7335000,27,0
CSV_LOG,7335000,27
LOG_SYS,7339000,27,0
CSV_LOG,7339000,27
LOG_SYS,7342000,27,0
CSV_LOG,7342000,27
LOG_SYS,7345000,27,0
CSV_LOG,7345000,27
LOG_SYS,7349000,27,0
CSV_LOG,7349000,27
LOG_SYS,7352000,27,0
CSV_LOG,7352000,27
LOG_SYS,7355000,27,0
CSV_LOG,7355000,27
LOG_SYS,7359000,27,0
CSV_LOG,7359000,27
LOG_SYS,7362000,26,0
CSV_LOG,7362000,26
LOG_FREE,7362000,61,1
LOG_HOST,7365000,132,6,0
LOG_SYS,7365000,26,0
CSV_LOG,7365000,26
LOG_SYS,7369000,26,0
CSV_LOG,7369000,26
LOG_SYS,7372000,26,0
CSV_LOG,7372000,26
LOG_ALLOC,7372000,83,1
LOG_SYS,7375000,27,0
CSV_LOG,7375000,27
LOG_ALLOC,7375000,83,2
LOG_SYS,7379000,28,0
CSV_LOG,7379000,28
LOG_SYS,7382000,28,0
CSV_LOG,7382000,28
LOG_SYS,7385000,28,0
CSV_LOG,7385000,28
LOG_SYS,7389000,28,0
CSV_LOG,7389000,28
LOG_SYS,7392000,28,0
CSV_LOG,7392000,28
LOG_SYS,7395000,28,0
CSV_LOG,7395000,28
LOG_SYS,7399000,27,0
CSV_LOG,7399000,27
LOG_FREE,7399000,81,18
LOG_SYS,7402000,27,0
CSV_LOG,7402000,27
LOG_SYS,7405000,27,0
CSV_LOG,7405000,27
LOG_SYS,7409000,27,0
CSV_LOG,7409000,27
LOG_SYS,7412000,27,0
CSV_LOG,7412000,27
LOG_SYS,7415000,27,0
CSV_LOG,7415000,27
LOG_HOST,7419000,133,5,0
LOG_SYS,7419000,27,0
CSV_LOG,7419000,27
LOG_SYS,7422000,27,0
CSV_LOG,7422000,27
LOG_SYS,7425000,27,0
CSV_LOG,7425000,27
LOG_SYS,7429000,27,0
CSV_LOG,7429000,27
LOG_SYS,7432000,27,0
CSV_LOG,7432000,27
LOG_SYS,7435000,27,0
CSV_LOG,7435000,27
LOG_SYS,7439000,27,0
CSV_LOG,7439000,27
LOG_SYS,7442000,27,0
CSV_LOG,7442000,27
LOG_SYS,7445000,27,0
CSV_LOG,7445000,27
LOG_SYS,7449000,26,0
CSV_LOG,7449000,26
LOG_FREE,7449000,78,5
LOG_SYS,7452000,26,0
CSV_LOG,7452000,26
LOG_SYS,7455000,26,0
CSV_LOG,7455000,26
LOG_SYS,7459000,26,0
CSV_LOG,7459000,26
LOG_SYS,7462000,26,0
CSV_LOG,7462000,26
LOG_SYS,7465000,26,0
CSV_LOG,7465000,26
LOG_SYS,7469000,26,0
CSV_LOG,7469000,26
LOG_HOST,7472000,134,5,0
LOG_SYS,7472000,26,0
CSV_LOG,7472000,26
LOG_SYS,7475000,26,0
CSV_LOG,7475000,26
LOG_SYS,7479000,26,0
CSV_LOG,7479000,26
LOG_SYS,7482000,26,0
CSV_LOG,7482000,26
LOG_SYS,7485000,26,0
CSV_LOG,7485000,26
LOG_SYS,7489000,26,0
CSV_LOG,7489000,26
LOG_SYS,7492000,26,0
CSV_LOG,7492000,26
LOG_SYS,7495000,26,0
CSV_LOG,7495000,26
LOG_SYS,7499000,26,0
CSV_LOG,7499000,26
LOG_SYS,7502000,25,0
CSV_LOG,7502000,25
LOG_FREE,7502000,73,15
LOG_SYS,7505000,25,0
CSV_LOG,7505000,25
LOG_SYS,7509000,25,0
CSV_LOG,7509000,25
LOG_SYS,7512000,25,0
CSV_LOG,7512000,25
LOG_ALLOC,7512000,85,4
LOG_SYS,7515000,26,0
CSV_LOG,7515000,26
LOG_ALLOC,7515000,85,5
LOG_SYS,7519000,27,0
CSV_LOG,7519000,27
LOG_SYS,7522000,27,0
CSV_LOG,7522000,27
LOG_SYS,7525000,27,0
CSV_LOG,7525000,27
LOG_SYS,7529000,27,0
CSV_LOG,7529000,27
LOG_SYS,7532000,27,0
CSV_LOG,7532000,27
LOG_SYS,7535000,26,0
CSV_LOG,7535000,26
LOG_FREE,7535000,58,27
LOG_SYS,7539000,25,0
CSV_LOG,7539000,25
LOG_FREE,7539000,82,24
LOG_SYS,7542000,25,0
CSV_LOG,7542000,25
LOG_SYS,7545000,25,0
CSV_LOG,7545000,25
LOG_SYS,7549000,25,0
CSV_LOG,7549000,25
LOG_SYS,7552000,25,0
CSV_LOG,7552000,25
LOG_SYS,7555000,25,0
CSV_LOG,7555000,25
LOG_HOST,7555000,135,3,0
LOG_SYS,7559000,25,0
CSV_LOG,7559000,25
LOG_SYS,7562000,25,0
CSV_LOG,7562000,25
LOG_SYS,7565000,25,0
CSV_LOG,7565000,25
LOG_SYS,7569000,25,0
CSV_LOG,7569000,25
LOG_SYS,7572000,25,0
CSV_LOG,7572000,25
LOG_SYS,7575000,25,0
CSV_LOG,7575000,25
LOG_SYS,7579000,25,0
CSV_LOG,7579000,25
LOG_SYS,7582000,25,0
CSV_LOG,7582000,25
LOG_SYS,7585000,25,0
CSV_LOG,7585000,25
LOG_SYS,7589000,25,0
CSV_LOG,7589000,25
LOG_SYS,7592000,25,0
CSV_LOG,7592000,25
LOG_SYS,7595000,25,0
CSV_LOG,7595000,25
LOG_SYS,7599000,25,0
CSV_LOG,7599000,25
LOG_SYS,7602000,25,0
CSV_LOG,7602000,25
LOG_SYS,7605000,25,0
CSV_LOG,7605000,25
LOG_SYS,7609000,25,0
CSV_LOG,7609000,25
LOG_SYS,7612000,25,0
CSV_LOG,7612000,25
LOG_SYS,7615000,25,0
CSV_LOG,7615000,25
LOG_SYS,7619000,25,0
CSV_LOG,7619000,25
LOG_SYS,7622000,25,0
CSV_LOG,7622000,25
LOG_HOST,7625000,136,5,0
LOG_SYS,7625000,24,0
CSV_LOG,7625000,24
LOG_FREE,7625000,80,8
LOG_SYS,7629000,24,0
CSV_LOG,7629000,24
LOG_SYS,7632000,24,0
CSV_LOG,7632000,24
LOG_SYS,7635000,24,0
CSV_LOG,7635000,24
LOG_SYS,7639000,24,0
CSV_LOG,7639000,24
LOG_SYS,7642000,24,0
CSV_LOG,7642000,24
LOG_SYS,7645000,24,0
CSV_LOG,7645000,24
LOG_SYS,7649000,24,0
CSV_LOG,7649000,24
LOG_SYS,7652000,24,0
CSV_LOG,7652000,24
LOG_SYS,7655000,23,0
CSV_LOG,7655000,23
LOG_FREE,7655000,72,28
LOG_SYS,7659000,22,0
CSV_LOG,7659000,22
LOG_FREE,7659000,85,5
LOG_SYS,7662000,22,0
CSV_LOG,7662000,22
LOG_SYS,7665000,22,0
CSV_LOG,7665000,22
LOG_SYS,7669000,22,0
CSV_LOG,7669000,22
LOG_HOST,7672000,137,6,0
LOG_SYS,7672000,22,0
CSV_LOG,7672000,22
LOG_SYS,7675000,22,0
CSV_LOG,7675000,22
LOG_SYS,7679000,22,0
CSV_LOG,7679000,22
LOG_SYS,7682000,21,0
CSV_LOG,7682000,21
LOG_FREE,7682000,82,26
LOG_SYS,7685000,21,0
CSV_LOG,7685000,21
LOG_SYS,7689000,21,0
CSV_LOG,7689000,21
LOG_SYS,7692000,21,0
CSV_LOG,7692000,21
LOG_SYS,7695000,21,0
CSV_LOG,7695000,21
LOG_SYS,7699000,21,0
CSV_LOG,7699000,21
LOG_SYS,7702000,21,0
CSV_LOG,7702000,21
LOG_SYS,7705000,21,0
CSV_LOG,7705000,21
LOG_SYS,7709000,21,0
CSV_LOG,7709000,21
LOG_SYS,7712000,20,0
CSV_LOG,7712000,20
LOG_FREE,7712000,83,2
LOG_SYS,7715000,19,0
CSV_LOG,7715000,19
LOG_FREE,7715000,63,9
LOG_SYS,7719000,19,0
CSV_LOG,7719000,19
LOG_SYS,7722000,19,0
CSV_LOG,7722000,19
LOG_HOST,7722000,138,2,0
LOG_SYS,7725000,19,0
CSV_LOG,7725000,19
LOG_ALLOC,7725000,88,2
LOG_SYS,7729000,20,0
CSV_LOG,7729000,20
LOG_ALLOC,7729000,88,5
LOG_SYS,7732000,21,0
CSV_LOG,7732000,21
LOG_ALLOC,7732000,88,7
LOG_SYS,7735000,22,0
CSV_LOG,7735000,22
LOG_ALLOC,7735000,88,8
LOG_SYS,7739000,23,0
CSV_LOG,7739000,23
LOG_SYS,7742000,23,0
CSV_LOG,7742000,23
LOG_SYS,7745000,23,0
CSV_LOG,7745000,23
LOG_SYS,7749000,23,0
CSV_LOG,7749000,23
LOG_SYS,7752000,23,0
CSV_LOG,7752000,23
LOG_SYS,7755000,23,0
CSV_LOG,7755000,23
LOG_SYS,7759000,22,0
CSV_LOG,7759000,22
LOG_FREE,7759000,70,21
LOG_SYS,7762000,22,0
CSV_LOG,7762000,22
LOG_SYS,7765000,21,0
CSV_LOG,7765000,21
LOG_FREE,7765000,81,12
LOG_SYS,7769000,20,0
CSV_LOG,7769000,20
LOG_ALLOC,7769000,89,6
LOG_FREE,7769000,81,6
LOG_SYS,7772000,21,0
CSV_LOG,7772000,21
LOG_ALLOC,7772000,89,9
LOG_SYS,7775000,22,0
CSV_LOG,7775000,22
LOG_ALLOC,7775000,89,12
LOG_SYS,7779000,23,0
CSV_LOG,7779000,23
LOG_ALLOC,7779000,89,15
LOG_SYS,7782000,23,0
CSV_LOG,7782000,23
LOG_ALLOC,7782000,89,18
LOG_FREE,7782000,77,20
LOG_SYS,7785000,24,0
CSV_LOG,7785000,24
LOG_ALLOC,7785000,89,20
LOG_SYS,7789000,25,0
CSV_LOG,7789000,25
LOG_SYS,7792000,24,0
CSV_LOG,7792000,24
LOG_ALLOC,7792000,90,6
LOG_FREE,7792000,89,6
LOG_SYS,7795000,25,0
CSV_LOG,7795000,25
LOG_ALLOC,7795000,90,21
LOG_HOST,7799000,139,8,0
LOG_SYS,7799000,26,0
CSV_LOG,7799000,26
LOG_ALLOC,7799000,90,24
LOG_SYS,7802000,27,0
CSV_LOG,7802000,27
LOG_ALLOC,7802000,90,26
LOG_SYS,7805000,27,0
CSV_LOG,7805000,27
LOG_ALLOC,7805000,90,10
LOG_FREE,7805000,75,10
LOG_SYS,7809000,28,0
CSV_LOG,7809000,28
LOG_SYS,7812000,27,0
CSV_LOG,7812000,27
LOG_ALLOC,7812000,76,25
LOG_FREE,7812000,82,25
LOG_SYS,7815000,27,0
CSV_LOG,7815000,27
LOG_ALLOC,7815000,76,6
LOG_FREE,7815000,90,6
LOG_SYS,7819000,27,0
CSV_LOG,7819000,27
LOG_ALLOC,7819000,76,17
LOG_FREE,7819000,81,17
LOG_SYS,7822000,28,0
CSV_LOG,7822000,28
LOG_ALLOC,7822000,76,27
LOG_HOST,7825000,140,6,0
LOG_SYS,7825000,29,0
CSV_LOG,7825000,29
LOG_ALLOC,7825000,76,28
LOG_SYS,7829000,30,0
CSV_LOG,7829000,30
LOG_ALLOC,7829000,91,29
LOG_SYS,7832000,31,0
CSV_LOG,7832000,31
LOG_ALLOC,7832000,91,30
LOG_SYS,7835000,31,0
CSV_LOG,7835000,31
LOG_ALLOC,7835000,91,21
LOG_FREE,7835000,90,21
LOG_SYS,7839000,32,0
CSV_LOG,7839000,32
LOG_ALLOC,7839000,91,31
LOG_SYS,7842000,32,0
CSV_LOG,7842000,32
LOG_ALLOC,7842000,91,17
LOG_FREE,7842000,76,17
LOG_SYS,7845000,33,0
CSV_LOG,7845000,33
LOG_ALLOC,7845000,91,32
LOG_SYS,7849000,34,0
CSV_LOG,7849000,34
LOG_ALLOC,7849000,91,33
LOG_SYS,7852000,35,0
CSV_LOG,7852000,35
LOG_ALLOC,7852000,91,35
LOG_SYS,7855000,36,0
CSV_LOG,7855000,36
LOG_SYS,7859000,35,0
CSV_LOG,7859000,35
LOG_FREE,7859000,81,0
LOG_SYS,7862000,35,0
CSV_LOG,7862000,35
LOG_SYS,7865000,35,0
CSV_LOG,7865000,35
LOG_SYS,7869000,35,0
CSV_LOG,7869000,35
LOG_SYS,7872000,35,0
CSV_LOG,7872000,35
LOG_SYS,7875000,35,0
CSV_LOG,7875000,35
LOG_SYS,7879000,35,0
CSV_LOG,7879000,35
LOG_SYS,7882000,35,0
CSV_LOG,7882000,35
LOG_SYS,7885000,35,0
CSV_LOG,7885000,35
LOG_SYS,7889000,35,0
CSV_LOG,7889000,35
LOG_HOST,7892000,141,4,0
LOG_SYS,7892000,35,0
CSV_LOG,7892000,35
LOG_SYS,7895000,35,0
CSV_LOG,7895000,35
LOG_SYS,7899000,35,0
CSV_LOG,7899000,35
LOG_SYS,7902000,35,0
CSV_LOG,7902000,35
LOG_SYS,7905000,35,0
CSV_LOG,7905000,35
LOG_SYS,7909000,35,0
CSV_LOG,7909000,35
LOG_SYS,7912000,35,0
CSV_LOG,7912000,35
LOG_SYS,7915000,35,0
CSV_LOG,7915000,35
LOG_SYS,7918000,35,0
CSV_LOG,7918000,35
LOG_SYS,7922000,35,0
CSV_LOG,7922000,35
LOG_SYS,7925000,34,0
CSV_LOG,7925000,34
LOG_FREE,7925000,72,23
LOG_SYS,7928000,34,0
CSV_LOG,7928000,34
LOG_SYS,7932000,34,0
CSV_LOG,7932000,34
LOG_SYS,7935000,34,0
CSV_LOG,7935000,34
LOG_SYS,7938000,33,0
CSV_LOG,7938000,33
LOG_FREE,7938000,82,22
LOG_SYS,7942000,32,0
CSV_LOG,7942000,32
LOG_FREE,7942000,72,14
LOG_SYS,7945000,32,0
CSV_LOG,7945000,32
LOG_SYS,7948000,32,0
CSV_LOG,7948000,32
LOG_HOST,7948000,142,1,0
LOG_SYS,7952000,32,0
CSV_LOG,7952000,32
LOG_SYS,7955000,32,0
CSV_LOG,7955000,32
LOG_SYS,7958000,32,0
CSV_LOG,7958000,32
LOG_SYS,7962000,32,0
CSV_LOG,7962000,32
LOG_SYS,7965000,31,0
CSV_LOG,7965000,31
LOG_FREE,7965000,81,3
LOG_SYS,7968000,31,0
CSV_LOG,7968000,31
LOG_SYS,7972000,30,0
CSV_LOG,7972000,30
LOG_FREE,7972000,89,9
LOG_SYS,7975000,30,0
CSV_LOG,7975000,30
LOG_SYS,7978000,30,0
CSV_LOG,7978000,30
LOG_SYS,7982000,30,0
CSV_LOG,7982000,30
LOG_SYS,7985000,29,0
CSV_LOG,7985000,29
LOG_FREE,7985000,44,16
LOG_SYS,7988000,29,0
CSV_LOG,7988000,29
LOG_SYS,7992000,29,0
CSV_LOG,7992000,29
LOG_SYS,7995000,28,0
CSV_LOG,7995000,28
LOG_ALLOC,7995000,93,0
LOG_FREE,7995000,85,4
LOG_SYS,7998000,28,0
CSV_LOG,7998000,28
LOG_ALLOC,7998000,93,3
LOG_FREE,7998000,89,18
LOG_SYS,8002000,29,0
CSV_LOG,8002000,29
LOG_ALLOC,8002000,93,4
LOG_SYS,8005000,30,0
CSV_LOG,8005000,30
LOG_ALLOC,8005000,93,9
LOG_SYS,8008000,31,0
CSV_LOG,8008000,31
LOG_ALLOC,8008000,94,14
LOG_HOST,8008000,143,7,0
LOG_SYS,8012000,32,0
CSV_LOG,8012000,32
LOG_ALLOC,8012000,86,16
LOG_SYS,8015000,33,0
CSV_LOG,8015000,33
LOG_ALLOC,8015000,86,18
LOG_SYS,8018000,34,0
CSV_LOG,8018000,34
LOG_ALLOC,8018000,86,22
LOG_SYS,8022000,35,0
CSV_LOG,8022000,35
LOG_ALLOC,8022000,86,23
LOG_SYS,8025000,36,0
CSV_LOG,8025000,36
LOG_ALLOC,8025000,86,36
LOG_SYS,8028000,37,0
CSV_LOG,8028000,37
LOG_ALLOC,8028000,86,37
LOG_SYS,8032000,38,0
CSV_LOG,8032000,38
LOG_SYS,8035000,38,0
CSV_LOG,8035000,38
LOG_SYS,8038000,38,0
CSV_LOG,8038000,38
LOG_SYS,8042000,38,0
CSV_LOG,8042000,38
LOG_SYS,8045000,38,0
CSV_LOG,8045000,38
LOG_SYS,8048000,38,0
CSV_LOG,8048000,38
LOG_HOST,8052000,144,1,143
LOG_SYS,8052000,38,0
CSV_LOG,8052000,38
LOG_SYS,8055000,37,0
CSV_LOG,8055000,37
LOG_FREE,8055000,86,18
LOG_SYS,8058000,37,0
CSV_LOG,8058000,37
LOG_SYS,8062000,36,0
CSV_LOG,8062000,36
LOG_FREE,8062000,90,26
LOG_SYS,8065000,35,0
CSV_LOG,8065000,35
LOG_FREE,8065000,93,4
LOG_SYS,8068000,35,0
CSV_LOG,8068000,35
LOG_SYS,8072000,35,0
CSV_LOG,8072000,35
LOG_SYS,8075000,35,0
CSV_LOG,8075000,35
LOG_SYS,8078000,35,0
CSV_LOG,8078000,35
LOG_SYS,8082000,34,0
CSV_LOG,8082000,34
LOG_FREE,8082000,66,34
LOG_SYS,8085000,34,0
CSV_LOG,8085000,34
LOG_SYS,8088000,34,0
CSV_LOG,8088000,34
LOG_SYS,8092000,34,0
CSV_LOG,8092000,34
LOG_SYS,8095000,34,0
CSV_LOG,8095000,34
LOG_SYS,8098000,34,0
CSV_LOG,8098000,34
LOG_SYS,8102000,33,0
CSV_LOG,8102000,33
LOG_FREE,8102000,88,5
LOG_HOST,8105000,145,7,0
LOG_SYS,8105000,33,0
CSV_LOG,8105000,33
LOG_SYS,8108000,33,0
CSV_LOG,8108000,33
LOG_SYS,8112000,33,0
CSV_LOG,8112000,33
LOG_SYS,8115000,32,0
CSV_LOG,8115000,32
LOG_FREE,8115000,76,6
LOG_SYS,8118000,32,0
CSV_LOG,8118000,32
LOG_SYS,8122000,32,0
CSV_LOG,8122000,32
LOG_SYS,8125000,32,0
CSV_LOG,8125000,32
LOG_SYS,8128000,32,0
CSV_LOG,8128000,32
LOG_SYS,8132000,32,0
CSV_LOG,8132000,32
LOG_SYS,8135000,32,0
CSV_LOG,8135000,32
LOG_SYS,8138000,32,0
CSV_LOG,8138000,32
LOG_SYS,8142000,32,0
CSV_LOG,8142000,32
LOG_SYS,8145000,32,0
CSV_LOG,8145000,32
LOG_SYS,8148000,31,0
CSV_LOG,8148000,31
LOG_FREE,8148000,91,21
LOG_SYS,8152000,30,0
CSV_LOG,8152000,30
LOG_FREE,8152000,93,9
LOG_SYS,8155000,30,0
CSV_LOG,8155000,30
LOG_SYS,8158000,30,0
CSV_LOG,8158000,30
LOG_SYS,8162000,30,0
CSV_LOG,8162000,30
LOG_SYS,8165000,30,0
CSV_LOG,8165000,30
LOG_SYS,8168000,30,0
CSV_LOG,8168000,30
LOG_SYS,8172000,30,0
CSV_LOG,8172000,30
LOG_SYS,8175000,30,0
CSV_LOG,8175000,30
LOG_SYS,8178000,30,0
CSV_LOG,8178000,30
LOG_SYS,8182000,30,0
CSV_LOG,8182000,30
LOG_SYS,8185000,29,0
CSV_LOG,8185000,29
LOG_FREE,8185000,86,36
LOG_SYS,8188000,29,0
CSV_LOG,8188000,29
LOG_HOST,8192000,146,8,0
LOG_SYS,8192000,28,0
CSV_LOG,8192000,28
LOG_FREE,8192000,91,17
LOG_SYS,8195000,28,0
CSV_LOG,8195000,28
LOG_SYS,8198000,28,0
CSV_LOG,8198000,28
LOG_SYS,8202000,27,0
CSV_LOG,8202000,27
LOG_FREE,8202000,91,31
LOG_SYS,8205000,27,0
CSV_LOG,8205000,27
LOG_SYS,8208000,26,0
CSV_LOG,8208000,26
LOG_FREE,8208000,76,28
LOG_SYS,8212000,26,0
CSV_LOG,8212000,26
LOG_SYS,8215000,26,0
CSV_LOG,8215000,26
LOG_SYS,8218000,26,0
CSV_LOG,8218000,26
LOG_SYS,8222000,26,0
CSV_LOG,8222000,26
LOG_SYS,8225000,26,0
CSV_LOG,8225000,26
LOG_SYS,8228000,26,0
CSV_LOG,8228000,26
LOG_HOST,8232000,147,4,0
LOG_SYS,8232000,26,0
CSV_LOG,8232000,26
LOG_SYS,8235000,26,0
CSV_LOG,8235000,26
LOG_SYS,8238000,26,0
CSV_LOG,8238000,26
LOG_SYS,8242000,26,0
CSV_LOG,8242000,26
LOG_SYS,8245000,26,0
CSV_LOG,8245000,26
LOG_SYS,8248000,26,0
CSV_LOG,8248000,26
LOG_SYS,8252000,26,0
CSV_LOG,8252000,26
LOG_SYS,8255000,25,0
CSV_LOG,8255000,25
LOG_FREE,8255000,81,13
LOG_SYS,8258000,25,0
CSV_LOG,8258000,25
LOG_SYS,8262000,25,0
CSV_LOG,8262000,25
LOG_SYS,8265000,25,0
CSV_LOG,8265000,25
LOG_ALLOC,8265000,96,4
LOG_SYS,8268000,26,0
CSV_LOG,8268000,26
LOG_ALLOC,8268000,96,5
LOG_SYS,8272000,27,0
CSV_LOG,8272000,27
LOG_ALLOC,8272000,96,6
LOG_SYS,8275000,28,0
CSV_LOG,8275000,28
LOG_ALLOC,8275000,96,9
LOG_SYS,8278000,29,0
CSV_LOG,8278000,29
LOG_ALLOC,8278000,96,13
LOG_SYS,8282000,30,0
CSV_LOG,8282000,30
LOG_ALLOC,8282000,96,17
LOG_SYS,8285000,31,0
CSV_LOG,8285000,31
LOG_ALLOC,8285000,96,18
LOG_SYS,8288000,32,0
CSV_LOG,8288000,32
LOG_SYS,8292000,32,0
CSV_LOG,8292000,32
LOG_SYS,8295000,32,0
CSV_LOG,8295000,32
LOG_SYS,8298000,32,0
CSV_LOG,8298000,32
LOG_SYS,8302000,32,0
CSV_LOG,8302000,32
LOG_HOST,8302000,148,6,147
LOG_SYS,8305000,32,0
CSV_LOG,8305000,32
LOG_SYS,8308000,32,0
CSV_LOG,8308000,32
LOG_SYS,8312000,31,0
CSV_LOG,8312000,31
LOG_FREE,8312000,91,29
LOG_SYS,8315000,30,0
CSV_LOG,8315000,30
LOG_FREE,8315000,91,30
LOG_SYS,8318000,30,0
CSV_LOG,8318000,30
LOG_SYS,8322000,30,0
CSV_LOG,8322000,30
LOG_SYS,8325000,30,0
CSV_LOG,8325000,30
LOG_SYS,8328000,30,0
CSV_LOG,8328000,30
LOG_SYS,8332000,30,0
CSV_LOG,8332000,30
LOG_SYS,8335000,30,0
CSV_LOG,8335000,30
LOG_SYS,8338000,30,0
CSV_LOG,8338000,30
LOG_SYS,8342000,30,0
CSV_LOG,8342000,30
LOG_SYS,8345000,30,0
CSV_LOG,8345000,30
LOG_SYS,8348000,30,0
CSV_LOG,8348000,30
LOG_SYS,8352000,30,0
CSV_LOG,8352000,30
LOG_SYS,8355000,30,0
CSV_LOG,8355000,30
LOG_SYS,8358000,30,0
CSV_LOG,8358000,30
LOG_SYS,8362000,30,0
CSV_LOG,8362000,30
LOG_SYS,8365000,30,0
CSV_LOG,8365000,30
LOG_SYS,8368000,30,0
CSV_LOG,8368000,30
LOG_HOST,8368000,149,3,0
LOG_SYS,8372000,30,0
CSV_LOG,8372000,30
LOG_SYS,8375000,29,0
CSV_LOG,8375000,29
LOG_FREE,8375000,88,2
LOG_SYS,8378000,28,0
CSV_LOG,8378000,28
LOG_FREE,8378000,91,33
LOG_SYS,8382000,28,0
CSV_LOG,8382000,28
LOG_SYS,8385000,28,0
CSV_LOG,8385000,28
LOG_SYS,8388000,27,0
CSV_LOG,8388000,27
LOG_FREE,8388000,96,4
LOG_SYS,8392000,27,0
CSV_LOG,8392000,27
LOG_SYS,8395000,27,0
CSV_LOG,8395000,27
LOG_SYS,8398000,27,0
CSV_LOG,8398000,27
LOG_SYS,8402000,27,0
CSV_LOG,8402000,27
LOG_SYS,8405000,27,0
CSV_LOG,8405000,27
LOG_SYS,8408000,27,0
CSV_LOG,8408000,27
LOG_SYS,8412000,27,0
CSV_LOG,8412000,27
LOG_SYS,8415000,27,0
CSV_LOG,8415000,27
LOG_SYS,8418000,27,0
CSV_LOG,8418000,27
LOG_SYS,8422000,27,0
CSV_LOG,8422000,27
LOG_SYS,8425000,27,0
CSV_LOG,8425000,27
LOG_SYS,8428000,27,0
CSV_LOG,8428000,27
LOG_SYS,8432000,27,0
CSV_LOG,8432000,27
LOG_SYS,8435000,26,0
CSV_LOG,8435000,26
LOG_FREE,8435000,91,32
LOG_HOST,8435000,150,2,149
LOG_SYS,8438000,26,0
CSV_LOG,8438000,26
LOG_SYS,8442000,26,0
CSV_LOG,8442000,26
LOG_SYS,8445000,26,0
CSV_LOG,8445000,26
LOG_SYS,8448000,25,0
CSV_LOG,8448000,25
LOG_FREE,8448000,89,15
LOG_SYS,8452000,24,0
CSV_LOG,8452000,24
LOG_FREE,8452000,82,19
LOG_SYS,8455000,24,0
CSV_LOG,8455000,24
LOG_SYS,8458000,24,0
CSV_LOG,8458000,24
LOG_SYS,8462000,24,0
CSV_LOG,8462000,24
LOG_ALLOC,8462000,97,2
LOG_SYS,8465000,25,0
CSV_LOG,8465000,25
LOG_ALLOC,8465000,97,4
LOG_SYS,8468000,25,0
CSV_LOG,8468000,25
LOG_ALLOC,8468000,97,11
LOG_FREE,8468000,56,11
LOG_SYS,8472000,26,0
CSV_LOG,8472000,26
LOG_ALLOC,8472000,97,15
LOG_SYS,8475000,27,0
CSV_LOG,8475000,27
LOG_SYS,8478000,26,0
CSV_LOG,8478000,26
LOG_ALLOC,8478000,98,10
LOG_FREE,8478000,90,10
LOG_SYS,8482000,26,0
CSV_LOG,8482000,26
LOG_ALLOC,8482000,98,19
LOG_FREE,8482000,86,22
LOG_SYS,8485000,27,0
CSV_LOG,8485000,27
LOG_ALLOC,8485000,98,21
LOG_SYS,8488000,28,0
CSV_LOG,8488000,28
LOG_ALLOC,8488000,98,22
LOG_SYS,8492000,29,0
CSV_LOG,8492000,29
LOG_ALLOC,8492000,98,26
LOG_SYS,8495000,29,0
CSV_LOG,8495000,29
LOG_FREE,8495000,89,20
LOG_SYS,8498000,29,0
CSV_LOG,8498000,29
LOG_SYS,8502000,29,0
CSV_LOG,8502000,29
LOG_SYS,8505000,28,0
CSV_LOG,8505000,28
LOG_FREE,8505000,98,22
LOG_SYS,8508000,28,0
CSV_LOG,8508000,28
LOG_HOST,8512000,151,8,0
LOG_SYS,8512000,27,0
CSV_LOG,8512000,27
LOG_FREE,8512000,86,16
LOG_SYS,8515000,27,0
CSV_LOG,8515000,27
LOG_SYS,8518000,27,0
CSV_LOG,8518000,27
LOG_SYS,8522000,27,0
CSV_LOG,8522000,27
LOG_SYS,8525000,27,0
CSV_LOG,8525000,27
LOG_SYS,8528000,27,0
CSV_LOG,8528000,27
LOG_SYS,8532000,27,0
CSV_LOG,8532000,27
LOG_SYS,8535000,27,0
CSV_LOG,8535000,27
LOG_SYS,8538000,27,0
CSV_LOG,8538000,27
LOG_SYS,8542000,27,0
CSV_LOG,8542000,27
LOG_SYS,8545000,27,0
CSV_LOG,8545000,27
LOG_SYS,8548000,27,0
CSV_LOG,8548000,27
LOG_SYS,8552000,27,0
CSV_LOG,8552000,27
LOG_SYS,8555000,27,0
CSV_LOG,8555000,27
LOG_SYS,8558000,27,0
CSV_LOG,8558000,27
LOG_SYS,8562000,27,0
CSV_LOG,8562000,27
LOG_SYS,8565000,26,0
CSV_LOG,8565000,26
LOG_FREE,8565000,76,27
LOG_SYS,8568000,25,0
CSV_LOG,8568000,25
LOG_FREE,8568000,89,12
LOG_SYS,8572000,25,0
CSV_LOG,8572000,25
LOG_SYS,8575000,25,0
CSV_LOG,8575000,25
LOG_SYS,8578000,25,0
CSV_LOG,8578000,25
LOG_ALLOC,8578000,99,12
LOG_SYS,8582000,26,0
CSV_LOG,8582000,26
LOG_ALLOC,8582000,99,16
LOG_HOST,8582000,152,7,0
LOG_SYS,8585000,27,0
CSV_LOG,8585000,27
LOG_ALLOC,8585000,99,20
LOG_SYS,8588000,28,0
CSV_LOG,8588000,28
LOG_ALLOC,8588000,99,22
LOG_SYS,8592000,29,0
CSV_LOG,8592000,29
LOG_SYS,8595000,29,0
CSV_LOG,8595000,29
LOG_SYS,8598000,29,0
CSV_LOG,8598000,29
LOG_SYS,8602000,29,0
CSV_LOG,8602000,29
LOG_HOST,8605000,153,6,0
LOG_SYS,8605000,29,0
CSV_LOG,8605000,29
LOG_SYS,8608000,29,0
CSV_LOG,8608000,29
LOG_SYS,8612000,29,0
CSV_LOG,8612000,29
LOG_SYS,8615000,28,0
CSV_LOG,8615000,28
LOG_FREE,8615000,96,18
LOG_SYS,8618000,28,0
CSV_LOG,8618000,28
LOG_SYS,8622000,28,0
CSV_LOG,8622000,28
LOG_SYS,8625000,28,0
CSV_LOG,8625000,28
LOG_SYS,8628000,28,0
CSV_LOG,8628000,28
LOG_SYS,8632000,28,0
CSV_LOG,8632000,28
LOG_SYS,8635000,28,0
CSV_LOG,8635000,28
LOG_HOST,8635000,154,4,0
LOG_SYS,8638000,28,0
CSV_LOG,8638000,28
LOG_SYS,8642000,28,0
CSV_LOG,8642000,28
LOG_SYS,8645000,28,0
CSV_LOG,8645000,28
LOG_SYS,8648000,28,0
CSV_LOG,8648000,28
LOG_SYS,8652000,28,0
CSV_LOG,8652000,28
LOG_SYS,8655000,28,0
CSV_LOG,8655000,28
LOG_SYS,8658000,28,0
CSV_LOG,8658000,28
LOG_SYS,8662000,28,0
CSV_LOG,8662000,28
LOG_SYS,8665000,28,0
CSV_LOG,8665000,28
LOG_SYS,8668000,28,0
CSV_LOG,8668000,28
LOG_SYS,8672000,28,0
CSV_LOG,8672000,28
LOG_SYS,8675000,28,0
CSV_LOG,8675000,28
LOG_SYS,8678000,28,0
CSV_LOG,8678000,28
LOG_SYS,8682000,27,0
CSV_LOG,8682000,27
LOG_FREE,8682000,99,22
LOG_HOST,8682000,155,7,0
LOG_SYS,8685000,27,0
CSV_LOG,8685000,27
LOG_SYS,8688000,27,0
CSV_LOG,8688000,27
LOG_SYS,8692000,27,0
CSV_LOG,8692000,27
LOG_SYS,8695000,27,0
CSV_LOG,8695000,27
LOG_SYS,8698000,27,0
CSV_LOG,8698000,27
LOG_SYS,8702000,27,0
CSV_LOG,8702000,27
LOG_SYS,8705000,27,0
CSV_LOG,8705000,27
LOG_SYS,8708000,27,0
CSV_LOG,8708000,27
LOG_HOST,8712000,156,5,0
LOG_SYS,8712000,26,0
CSV_LOG,8712000,26
LOG_FREE,8712000,88,7
LOG_SYS,8715000,26,0
CSV_LOG,8715000,26
LOG_SYS,8718000,26,0
CSV_LOG,8718000,26
LOG_SYS,8722000,26,0
CSV_LOG,8722000,26
LOG_SYS,8725000,26,0
CSV_LOG,8725000,26
LOG_SYS,8728000,26,0
CSV_LOG,8728000,26
LOG_SYS,8732000,26,0
CSV_LOG,8732000,26
LOG_SYS,8735000,26,0
CSV_LOG,8735000,26
LOG_SYS,8738000,25,0
CSV_LOG,8738000,25
LOG_FREE,8738000,96,13
LOG_SYS,8742000,25,0
CSV_LOG,8742000,25
LOG_SYS,8745000,25,0
CSV_LOG,8745000,25
LOG_SYS,8748000,25,0
CSV_LOG,8748000,25
LOG_SYS,8751000,25,0
CSV_LOG,8751000,25
LOG_SYS,8755000,25,0
CSV_LOG,8755000,25
LOG_SYS,8758000,25,0
CSV_LOG,8758000,25
LOG_SYS,8761000,25,0
CSV_LOG,8761000,25
LOG_SYS,8765000,24,0
CSV_LOG,8765000,24
LOG_FREE,8765000,83,1
LOG_SYS,8768000,24,0
CSV_LOG,8768000,24
LOG_HOST,8768000,157,4,0
LOG_SYS,8771000,24,0
CSV_LOG,8771000,24
LOG_ALLOC,8771000,84,1
LOG_SYS,8775000,25,0
CSV_LOG,8775000,25
LOG_ALLOC,8775000,100,7
LOG_SYS,8778000,26,0
CSV_LOG,8778000,26
LOG_ALLOC,8778000,100,13
LOG_SYS,8781000,27,0
CSV_LOG,8781000,27
LOG_ALLOC,8781000,100,18
LOG_SYS,8785000,28,0
CSV_LOG,8785000,28
LOG_SYS,8788000,28,0
CSV_LOG,8788000,28
LOG_SYS,8791000,28,0
CSV_LOG,8791000,28
LOG_SYS,8795000,28,0
CSV_LOG,8795000,28
LOG_SYS,8798000,27,0
CSV_LOG,8798000,27
LOG_FREE,8798000,98,21
LOG_SYS,8801000,27,0
CSV_LOG,8801000,27
LOG_SYS,8805000,27,0
CSV_LOG,8805000,27
LOG_SYS,8808000,27,0
CSV_LOG,8808000,27
LOG_SYS,8811000,27,0
CSV_LOG,8811000,27
LOG_SYS,8815000,27,0
CSV_LOG,8815000,27
LOG_SYS,8818000,27,0
CSV_LOG,8818000,27
LOG_SYS,8821000,27,0
CSV_LOG,8821000,27
LOG_SYS,8825000,27,0
CSV_LOG,8825000,27
LOG_SYS,8828000,27,0
CSV_LOG,8828000,27
LOG_SYS,8831000,27,0
CSV_LOG,8831000,27
LOG_SYS,8835000,27,0
CSV_LOG,8835000,27
LOG_SYS,8838000,27,0
CSV_LOG,8838000,27
LOG_SYS,8841000,27,0
CSV_LOG,8841000,27
LOG_SYS,8845000,27,0
CSV_LOG,8845000,27
LOG_SYS,8848000,27,0
CSV_LOG,8848000,27
LOG_HOST,8848000,158,3,0
LOG_SYS,8851000,26,0
CSV_LOG,8851000,26
LOG_FREE,8851000,97,11
LOG_SYS,8855000,25,0
CSV_LOG,8855000,25
LOG_FREE,8855000,86,23
LOG_SYS,8858000,25,0
CSV_LOG,8858000,25
LOG_SYS,8861000,25,0
CSV_LOG,8861000,25
LOG_SYS,8865000,25,0
CSV_LOG,8865000,25
LOG_SYS,8868000,25,0
CSV_LOG,8868000,25
LOG_SYS,8871000,25,0
CSV_LOG,8871000,25
LOG_SYS,8875000,25,0
CSV_LOG,8875000,25
LOG_SYS,8878000,25,0
CSV_LOG,8878000,25
LOG_SYS,8881000,25,0
CSV_LOG,8881000,25
LOG_SYS,8885000,24,0
CSV_LOG,8885000,24
LOG_FREE,8885000,96,9
LOG_SYS,8888000,24,0
CSV_LOG,8888000,24
LOG_HOST,8891000,159,4,158
LOG_SYS,8891000,24,0
CSV_LOG,8891000,24
LOG_SYS,8895000,24,0
CSV_LOG,8895000,24
LOG_SYS,8898000,24,0
CSV_LOG,8898000,24
LOG_SYS,8901000,24,0
CSV_LOG,8901000,24
LOG_SYS,8905000,24,0
CSV_LOG,8905000,24
LOG_SYS,8908000,24,0
CSV_LOG,8908000,24
LOG_SYS,8911000,24,0
CSV_LOG,8911000,24
LOG_SYS,8915000,24,0
CSV_LOG,8915000,24
LOG_SYS,8918000,23,0
CSV_LOG,8918000,23
LOG_FREE,8918000,97,4
LOG_SYS,8921000,23,0
CSV_LOG,8921000,23
LOG_SYS,8925000,23,0
CSV_LOG,8925000,23
LOG_SYS,8928000,23,0
CSV_LOG,8928000,23
LOG_SYS,8931000,23,0
CSV_LOG,8931000,23
LOG_SYS,8935000,23,0
CSV_LOG,8935000,23
LOG_SYS,8938000,22,0
CSV_LOG,8938000,22
LOG_FREE,8938000,99,12
LOG_SYS,8941000,22,0
CSV_LOG,8941000,22
LOG_SYS,8945000,22,0
CSV_LOG,8945000,22
LOG_SYS,8948000,21,0
CSV_LOG,8948000,21
LOG_FREE,8948000,96,17
LOG_SYS,8951000,21,0
CSV_LOG,8951000,21
LOG_SYS,8955000,21,0
CSV_LOG,8955000,21
LOG_SYS,8958000,21,0
CSV_LOG,8958000,21
LOG_SYS,8961000,20,0
CSV_LOG,8961000,20
LOG_FREE,8961000,88,8
LOG_HOST,8965000,160,7,0
LOG_SYS,8965000,20,0
CSV_LOG,8965000,20
LOG_SYS,8968000,20,0
CSV_LOG,8968000,20
LOG_SYS,8971000,20,0
CSV_LOG,8971000,20
LOG_ALLOC,8971000,101,4
LOG_SYS,8975000,21,0
CSV_LOG,8975000,21
LOG_ALLOC,8975000,101,8
LOG_SYS,8978000,22,0
CSV_LOG,8978000,22
LOG_ALLOC,8978000,101,9
LOG_SYS,8981000,23,0
CSV_LOG,8981000,23
LOG_ALLOC,8981000,101,11
LOG_SYS,8985000,24,0
CSV_LOG,8985000,24
LOG_ALLOC,8985000,101,12
LOG_SYS,8988000,25,0
CSV_LOG,8988000,25
LOG_ALLOC,8988000,101,17
LOG_SYS,8991000,26,0
CSV_LOG,8991000,26
LOG_ALLOC,8991000,101,21
LOG_SYS,8995000,26,0
CSV_LOG,8995000,26
LOG_FREE,8995000,98,19
LOG_SYS,8998000,26,0
CSV_LOG,8998000,26
LOG_SYS,9001000,26,0
CSV_LOG,9001000,26
LOG_SYS,9005000,26,0
CSV_LOG,9005000,26
LOG_SYS,9008000,25,0
CSV_LOG,9008000,25
LOG_FREE,9008000,91,35
LOG_SYS,9011000,25,0
CSV_LOG,9011000,25
LOG_SYS,9015000,25,0
CSV_LOG,9015000,25
LOG_ALLOC,9015000,92,19
LOG_SYS,9018000,26,0
CSV_LOG,9018000,26
LOG_ALLOC,9018000,92,22
LOG_SYS,9021000,27,0
CSV_LOG,9021000,27
LOG_ALLOC,9021000,102,23
LOG_HOST,9021000,161,4,0
LOG_SYS,9025000,28,0
CSV_LOG,9025000,28
LOG_ALLOC,9025000,102,27
LOG_SYS,9028000,29,0
CSV_LOG,9028000,29
LOG_ALLOC,9028000,102,28
LOG_SYS,9031000,30,0
CSV_LOG,9031000,30
LOG_ALLOC,9031000,102,29
LOG_SYS,9035000,31,0
CSV_LOG,9035000,31
LOG_ALLOC,9035000,102,30
LOG_SYS,9038000,32,0
CSV_LOG,9038000,32
LOG_ALLOC,9038000,102,31
LOG_SYS,9041000,33,0
CSV_LOG,9041000,33
LOG_SYS,9045000,33,0
CSV_LOG,9045000,33
LOG_SYS,9048000,33,0
CSV_LOG,9048000,33
LOG_SYS,9051000,33,0
CSV_LOG,9051000,33
LOG_SYS,9055000,33,0
CSV_LOG,9055000,33
LOG_SYS,9058000,33,0
CSV_LOG,9058000,33
LOG_SYS,9061000,33,0
CSV_LOG,9061000,33
LOG_SYS,9065000,33,0
CSV_LOG,9065000,33
LOG_SYS,9068000,33,0
CSV_LOG,9068000,33
LOG_SYS,9071000,33,0
CSV_LOG,9071000,33
LOG_SYS,9075000,32,0
CSV_LOG,9075000,32
LOG_FREE,9075000,102,31
LOG_HOST,9075000,162,5,0
LOG_SYS,9078000,32,0
CSV_LOG,9078000,32
LOG_SYS,9081000,32,0
CSV_LOG,9081000,32
LOG_SYS,9085000,32,0
CSV_LOG,9085000,32
LOG_SYS,9088000,32,0
CSV_LOG,9088000,32
LOG_SYS,9091000,32,0
CSV_LOG,9091000,32
LOG_SYS,9095000,32,0
CSV_LOG,9095000,32
LOG_SYS,9098000,32,0
CSV_LOG,9098000,32
LOG_SYS,9101000,32,0
CSV_LOG,9101000,32
LOG_SYS,9105000,32,0
CSV_LOG,9105000,32
LOG_SYS,9108000,32,0
CSV_LOG,9108000,32
LOG_SYS,9111000,32,0
CSV_LOG,9111000,32
LOG_SYS,9115000,32,0
CSV_LOG,9115000,32
LOG_SYS,9118000,32,0
CSV_LOG,9118000,32
LOG_SYS,9121000,32,0
CSV_LOG,9121000,32
LOG_SYS,9125000,32,0
CSV_LOG,9125000,32
LOG_SYS,9128000,32,0
CSV_LOG,9128000,32
LOG_SYS,9131000,31,0
CSV_LOG,9131000,31
LOG_FREE,9131000,84,1
LOG_SYS,9135000,31,0
CSV_LOG,9135000,31
LOG_SYS,9138000,31,0
CSV_LOG,9138000,31
LOG_SYS,9141000,31,0
CSV_LOG,9141000,31
LOG_ALLOC,9141000,103,1
LOG_HOST,9145000,163,4,0
LOG_SYS,9145000,32,0
CSV_LOG,9145000,32
LOG_ALLOC,9145000,103,31
LOG_SYS,9148000,33,0
CSV_LOG,9148000,33
LOG_ALLOC,9148000,103,32
LOG_SYS,9151000,34,0
CSV_LOG,9151000,34
LOG_ALLOC,9151000,103,33
LOG_SYS,9155000,35,0
CSV_LOG,9155000,35
LOG_SYS,9158000,35,0
CSV_LOG,9158000,35
LOG_SYS,9161000,35,0
CSV_LOG,9161000,35
LOG_SYS,9165000,35,0
CSV_LOG,9165000,35
LOG_SYS,9168000,35,0
CSV_LOG,9168000,35
LOG_SYS,9171000,35,0
CSV_LOG,9171000,35
LOG_SYS,9175000,35,0
CSV_LOG,9175000,35
LOG_SYS,9178000,35,0
CSV_LOG,9178000,35
LOG_SYS,9181000,35,0
CSV_LOG,9181000,35
LOG_SYS,9185000,35,0
CSV_LOG,9185000,35
LOG_SYS,9188000,35,0
CSV_LOG,9188000,35
LOG_SYS,9191000,35,0
CSV_LOG,9191000,35
LOG_SYS,9195000,35,0
CSV_LOG,9195000,35
LOG_HOST,9195000,164,3,0
LOG_SYS,9198000,35,0
CSV_LOG,9198000,35
LOG_SYS,9201000,35,0
CSV_LOG,9201000,35
LOG_SYS,9205000,35,0
CSV_LOG,9205000,35
LOG_SYS,9208000,35,0
CSV_LOG,9208000,35
LOG_SYS,9211000,35,0
CSV_LOG,9211000,35
LOG_SYS,9215000,35,0
CSV_LOG,9215000,35
LOG_SYS,9218000,35,0
CSV_LOG,9218000,35
LOG_SYS,9221000,34,0
CSV_LOG,9221000,34
LOG_FREE,9221000,86,37
LOG_SYS,9225000,33,0
CSV_LOG,9225000,33
LOG_FREE,9225000,76,25
LOG_SYS,9228000,32,0
CSV_LOG,9228000,32
LOG_ALLOC,9228000,87,20
LOG_FREE,9228000,99,20
LOG_SYS,9231000,33,0
CSV_LOG,9231000,33
LOG_ALLOC,9231000,87,25
LOG_SYS,9235000,34,0
CSV_LOG,9235000,34
LOG_ALLOC,9235000,105,34
LOG_SYS,9238000,35,0
CSV_LOG,9238000,35
LOG_ALLOC,9238000,105,35
LOG_SYS,9241000,36,0
CSV_LOG,9241000,36
LOG_ALLOC,9241000,105,36
LOG_SYS,9245000,37,0
CSV_LOG,9245000,37
LOG_ALLOC,9245000,105,37
LOG_SYS,9248000,38,0
CSV_LOG,9248000,38
LOG_ALLOC,9248000,87,38
LOG_HOST,9248000,165,1,0
LOG_SYS,9251000,39,0
CSV_LOG,9251000,39
LOG_ALLOC,9251000,104,39
LOG_SYS,9255000,40,0
CSV_LOG,9255000,40
LOG_ALLOC,9255000,104,40
LOG_SYS,9258000,41,0
CSV_LOG,9258000,41
LOG_ALLOC,9258000,104,41
LOG_SYS,9261000,42,0
CSV_LOG,9261000,42
LOG_ALLOC,9261000,104,42
LOG_SYS,9265000,43,0
CSV_LOG,9265000,43
LOG_ALLOC,9265000,104,43
LOG_SYS,9268000,44,0
CSV_LOG,9268000,44
LOG_ALLOC,9268000,104,44
LOG_SYS,9271000,45,0
CSV_LOG,9271000,45
LOG_SYS,9275000,45,0
CSV_LOG,9275000,45
LOG_SYS,9278000,44,0
CSV_LOG,9278000,44
LOG_FREE,9278000,104,42
LOG_SYS,9281000,44,0
CSV_LOG,9281000,44
LOG_SYS,9285000,44,0
CSV_LOG,9285000,44
LOG_SYS,9288000,44,0
CSV_LOG,9288000,44
LOG_SYS,9291000,44,0
CSV_LOG,9291000,44
LOG_SYS,9295000,44,0
CSV_LOG,9295000,44
LOG_SYS,9298000,44,0
CSV_LOG,9298000,44
LOG_SYS,9301000,43,0
CSV_LOG,9301000,43
LOG_FREE,9301000,100,18
LOG_SYS,9305000,42,0
CSV_LOG,9305000,42
LOG_FREE,9305000,104,41
LOG_SYS,9308000,42,0
CSV_LOG,9308000,42
LOG_SYS,9311000,42,0
CSV_LOG,9311000,42
LOG_SYS,9315000,42,0
CSV_LOG,9315000,42
LOG_HOST,9315000,166,7,0
LOG_SYS,9318000,42,0
CSV_LOG,9318000,42
LOG_SYS,9321000,41,0
CSV_LOG,9321000,41
LOG_FREE,9321000,97,2
LOG_SYS,9325000,41,0
CSV_LOG,9325000,41
LOG_SYS,9328000,41,0
CSV_LOG,9328000,41
LOG_SYS,9331000,41,0
CSV_LOG,9331000,41
LOG_SYS,9335000,41,0
CSV_LOG,9335000,41
LOG_SYS,9338000,41,0
CSV_LOG,9338000,41
LOG_SYS,9341000,41,0
CSV_LOG,9341000,41
LOG_SYS,9345000,41,0
CSV_LOG,9345000,41
LOG_SYS,9348000,40,0
CSV_LOG,9348000,40
LOG_FREE,9348000,101,8
LOG_HOST,9351000,167,4,0
LOG_SYS,9351000,40,0
CSV_LOG,9351000,40
LOG_SYS,9355000,39,0
CSV_LOG,9355000,39
LOG_FREE,9355000,101,12
LOG_SYS,9358000,38,0
CSV_LOG,9358000,38
LOG_FREE,9358000,105,34
LOG_SYS,9361000,38,0
CSV_LOG,9361000,38
LOG_SYS,9365000,38,0
CSV_LOG,9365000,38
LOG_SYS,9368000,38,0
CSV_LOG,9368000,38
LOG_SYS,9371000,38,0
CSV_LOG,9371000,38
LOG_SYS,9375000,38,0
CSV_LOG,9375000,38
LOG_SYS,9378000,38,0
CSV_LOG,9378000,38
LOG_SYS,9381000,38,0
CSV_LOG,9381000,38
LOG_HOST,9381000,168,4,0
LOG_SYS,9385000,37,0
CSV_LOG,9385000,37
LOG_FREE,9385000,101,17
LOG_SYS,9388000,36,0
CSV_LOG,9388000,36
LOG_FREE,9388000,101,9
LOG_SYS,9391000,36,0
CSV_LOG,9391000,36
LOG_SYS,9395000,36,0
CSV_LOG,9395000,36
LOG_SYS,9398000,36,0
CSV_LOG,9398000,36
LOG_SYS,9401000,36,0
CSV_LOG,9401000,36
LOG_SYS,9405000,36,0
CSV_LOG,9405000,36
LOG_SYS,9408000,36,0
CSV_LOG,9408000,36
LOG_SYS,9411000,36,0
CSV_LOG,9411000,36
LOG_SYS,9415000,36,0
CSV_LOG,9415000,36
LOG_SYS,9418000,36,0
CSV_LOG,9418000,36
LOG_SYS,9421000,35,0
CSV_LOG,9421000,35
LOG_FREE,9421000,98,26
LOG_HOST,9425000,169,5,0
LOG_SYS,9425000,35,0
CSV_LOG,9425000,35
LOG_SYS,9428000,35,0
CSV_LOG,9428000,35
LOG_SYS,9431000,35,0
CSV_LOG,9431000,35
LOG_SYS,9435000,34,0
CSV_LOG,9435000,34
LOG_FREE,9435000,101,11
LOG_SYS,9438000,34,0
CSV_LOG,9438000,34
LOG_SYS,9441000,34,0
CSV_LOG,9441000,34
LOG_SYS,9445000,34,0
CSV_LOG,9445000,34
LOG_SYS,9448000,33,0
CSV_LOG,9448000,33
LOG_FREE,9448000,87,25
LOG_SYS,9451000,33,0
CSV_LOG,9451000,33
LOG_SYS,9455000,32,0
CSV_LOG,9455000,32
LOG_FREE,9455000,96,6
LOG_SYS,9458000,31,0
CSV_LOG,9458000,31
LOG_FREE,9458000,102,30
LOG_SYS,9461000,31,0
CSV_LOG,9461000,31
LOG_SYS,9465000,30,0
CSV_LOG,9465000,30
LOG_FREE,9465000,93,0
LOG_SYS,9468000,30,0
CSV_LOG,9468000,30
LOG_SYS,9471000,30,0
CSV_LOG,9471000,30
LOG_SYS,9475000,30,0
CSV_LOG,9475000,30
LOG_SYS,9478000,29,0
CSV_LOG,9478000,29
LOG_FREE,9478000,102,28
LOG_SYS,9481000,29,0
CSV_LOG,9481000,29
LOG_SYS,9485000,29,0
CSV_LOG,9485000,29
LOG_SYS,9488000,29,0
CSV_LOG,9488000,29
LOG_HOST,9488000,170,4,0
LOG_SYS,9491000,29,0
CSV_LOG,9491000,29
LOG_SYS,9495000,29,0
CSV_LOG,9495000,29
LOG_SYS,9498000,29,0
CSV_LOG,9498000,29
LOG_SYS,9501000,28,0
CSV_LOG,9501000,28
LOG_FREE,9501000,104,44
LOG_SYS,9505000,28,0
CSV_LOG,9505000,28
LOG_SYS,9508000,28,0
CSV_LOG,9508000,28
LOG_SYS,9511000,28,0
CSV_LOG,9511000,28
LOG_SYS,9515000,28,0
CSV_LOG,9515000,28
LOG_SYS,9518000,28,0
CSV_LOG,9518000,28
LOG_SYS,9521000,28,0
CSV_LOG,9521000,28
LOG_SYS,9525000,28,0
CSV_LOG,9525000,28
LOG_SYS,9528000,28,0
CSV_LOG,9528000,28
LOG_SYS,9531000,28,0
CSV_LOG,9531000,28
LOG_SYS,9535000,27,0
CSV_LOG,9535000,27
LOG_FREE,9535000,102,29
LOG_SYS,9538000,27,0
CSV_LOG,9538000,27
LOG_SYS,9541000,27,0
CSV_LOG,9541000,27
LOG_SYS,9545000,27,0
CSV_LOG,9545000,27
LOG_SYS,9548000,27,0
CSV_LOG,9548000,27
LOG_SYS,9551000,27,0
CSV_LOG,9551000,27
LOG_SYS,9555000,27,0
CSV_LOG,9555000,27
LOG_HOST,9558000,171,4,170
LOG_SYS,9558000,27,0
CSV_LOG,9558000,27
LOG_SYS,9561000,27,0
CSV_LOG,9561000,27
LOG_SYS,9565000,26,0
CSV_LOG,9565000,26
LOG_FREE,9565000,87,38
LOG_SYS,9568000,26,0
CSV_LOG,9568000,26
LOG_SYS,9571000,26,0
CSV_LOG,9571000,26
LOG_SYS,9575000,26,0
CSV_LOG,9575000,26
LOG_SYS,9578000,25,0
CSV_LOG,9578000,25
LOG_FREE,9578000,105,35
LOG_SYS,9581000,25,0
CSV_LOG,9581000,25
LOG_SYS,9584000,25,0
CSV_LOG,9584000,25
LOG_SYS,9588000,24,0
CSV_LOG,9588000,24
LOG_FREE,9588000,101,21
LOG_SYS,9591000,24,0
CSV_LOG,9591000,24
LOG_SYS,9594000,24,0
CSV_LOG,9594000,24
LOG_SYS,9598000,24,0
CSV_LOG,9598000,24
LOG_SYS,9601000,24,0
CSV_LOG,9601000,24
LOG_SYS,9604000,24,0
CSV_LOG,9604000,24
LOG_SYS,9608000,24,0
CSV_LOG,9608000,24
LOG_SYS,9611000,24,0
CSV_LOG,9611000,24
LOG_SYS,9614000,24,0
CSV_LOG,9614000,24
LOG_SYS,9618000,24,0
CSV_LOG,9618000,24
LOG_SYS,9621000,24,0
CSV_LOG,9621000,24
LOG_SYS,9624000,24,0
CSV_LOG,9624000,24
LOG_SYS,9628000,24,0
CSV_LOG,9628000,24
LOG_HOST,9631000,172,4,0
LOG_SYS,9631000,24,0
CSV_LOG,9631000,24
LOG_SYS,9634000,24,0
CSV_LOG,9634000,24
LOG_SYS,9638000,24,0
CSV_LOG,9638000,24
LOG_SYS,9641000,24,0
CSV_LOG,9641000,24
LOG_SYS,9644000,24,0
CSV_LOG,9644000,24
LOG_SYS,9648000,24,0
CSV_LOG,9648000,24
LOG_SYS,9651000,24,0
CSV_LOG,9651000,24
LOG_SYS,9654000,24,0
CSV_LOG,9654000,24
LOG_HOST,9658000,173,7,0
LOG_SYS,9658000,24,0
CSV_LOG,9658000,24
LOG_SYS,9661000,24,0
CSV_LOG,9661000,24
LOG_SYS,9664000,24,0
CSV_LOG,9664000,24
LOG_SYS,9668000,24,0
CSV_LOG,9668000,24
LOG_SYS,9671000,24,0
CSV_LOG,9671000,24
LOG_SYS,9674000,24,0
CSV_LOG,9674000,24
LOG_SYS,9678000,24,0
CSV_LOG,9678000,24
LOG_SYS,9681000,24,0
CSV_LOG,9681000,24
LOG_SYS,9684000,24,0
CSV_LOG,9684000,24
LOG_SYS,9688000,24,0
CSV_LOG,9688000,24
LOG_SYS,9691000,23,0
CSV_LOG,9691000,23
LOG_FREE,9691000,102,27
LOG_SYS,9694000,23,0
CSV_LOG,9694000,23
LOG_SYS,9698000,23,0
CSV_LOG,9698000,23
LOG_SYS,9701000,23,0
CSV_LOG,9701000,23
LOG_SYS,9704000,22,0
CSV_LOG,9704000,22
LOG_FREE,9704000,102,23
LOG_SYS,9708000,22,0
CSV_LOG,9708000,22
LOG_SYS,9711000,22,0
CSV_LOG,9711000,22
LOG_SYS,9714000,22,0
CSV_LOG,9714000,22
LOG_ALLOC,9714000,106,0
LOG_SYS,9718000,23,0
CSV_LOG,9718000,23
LOG_ALLOC,9718000,106,2
LOG_SYS,9721000,24,0
CSV_LOG,9721000,24
LOG_ALLOC,9721000,106,6
LOG_SYS,9724000,25,0
CSV_LOG,9724000,25
LOG_ALLOC,9724000,106,8
LOG_SYS,9728000,26,0
CSV_LOG,9728000,26
LOG_ALLOC,9728000,106,9
LOG_SYS,9731000,27,0
CSV_LOG,9731000,27
LOG_ALLOC,9731000,106,11
LOG_SYS,9734000,28,0
CSV_LOG,9734000,28
LOG_SYS,9738000,28,0
CSV_LOG,9738000,28
LOG_SYS,9741000,28,0
CSV_LOG,9741000,28
LOG_HOST,9744000,174,3,173
LOG_SYS,9744000,28,0
CSV_LOG,9744000,28
LOG_SYS,9748000,28,0
CSV_LOG,9748000,28
LOG_SYS,9751000,28,0
CSV_LOG,9751000,28
LOG_SYS,9754000,28,0
CSV_LOG,9754000,28
LOG_SYS,9758000,27,0
CSV_LOG,9758000,27
LOG_FREE,9758000,97,15
LOG_SYS,9761000,27,0
CSV_LOG,9761000,27
LOG_SYS,9764000,26,0
CSV_LOG,9764000,26
LOG_FREE,9764000,103,32
LOG_SYS,9768000,25,0
CSV_LOG,9768000,25
LOG_FREE,9768000,104,43
LOG_SYS,9771000,25,0
CSV_LOG,9771000,25
LOG_SYS,9774000,25,0
CSV_LOG,9774000,25
LOG_SYS,9778000,25,0
CSV_LOG,9778000,25
LOG_SYS,9781000,25,0
CSV_LOG,9781000,25
LOG_SYS,9784000,25,0
CSV_LOG,9784000,25
LOG_SYS,9788000,25,0
CSV_LOG,9788000,25
LOG_SYS,9791000,25,0
CSV_LOG,9791000,25
LOG_SYS,9794000,25,0
CSV_LOG,9794000,25
LOG_HOST,9794000,175,1,174
LOG_SYS,9798000,25,0
CSV_LOG,9798000,25
LOG_SYS,9801000,25,0
CSV_LOG,9801000,25
LOG_SYS,9804000,25,0
CSV_LOG,9804000,25
LOG_SYS,9808000,25,0
CSV_LOG,9808000,25
LOG_SYS,9811000,24,0
CSV_LOG,9811000,24
LOG_FREE,9811000,104,40
LOG_SYS,9814000,24,0
CSV_LOG,9814000,24
LOG_SYS,9818000,24,0
CSV_LOG,9818000,24
LOG_SYS,9821000,24,0
CSV_LOG,9821000,24
LOG_SYS,9824000,24,0
CSV_LOG,9824000,24
LOG_SYS,9828000,24,0
CSV_LOG,9828000,24
LOG_HOST,9828000,176,8,175
LOG_SYS,9831000,24,0
CSV_LOG,9831000,24
LOG_SYS,9834000,24,0
CSV_LOG,9834000,24
LOG_SYS,9838000,24,0
CSV_LOG,9838000,24
LOG_SYS,9841000,24,0
CSV_LOG,9841000,24
LOG_SYS,9844000,24,0
CSV_LOG,9844000,24
LOG_SYS,9848000,24,0
CSV_LOG,9848000,24
LOG_SYS,9851000,24,0
CSV_LOG,9851000,24
LOG_SYS,9854000,24,0
CSV_LOG,9854000,24
LOG_SYS,9858000,24,0
CSV_LOG,9858000,24
LOG_SYS,9861000,24,0
CSV_LOG,9861000,24
LOG_SYS,9864000,24,0
CSV_LOG,9864000,24
LOG_SYS,9868000,23,0
CSV_LOG,9868000,23
LOG_FREE,9868000,101,4
LOG_HOST,9868000,177,7,0
LOG_SYS,9871000,23,0
CSV_LOG,9871000,23
LOG_SYS,9874000,23,0
CSV_LOG,9874000,23
LOG_SYS,9878000,23,0
CSV_LOG,9878000,23
LOG_SYS,9881000,23,0
CSV_LOG,9881000,23
LOG_SYS,9884000,23,0
CSV_LOG,9884000,23
LOG_SYS,9888000,23,0
CSV_LOG,9888000,23
LOG_SYS,9891000,23,0
CSV_LOG,9891000,23
LOG_SYS,9894000,23,0
CSV_LOG,9894000,23
LOG_HOST,9894000,178,6,0
LOG_SYS,9898000,23,0
CSV_LOG,9898000,23
LOG_SYS,9901000,23,0
CSV_LOG,9901000,23
LOG_SYS,9904000,23,0
CSV_LOG,9904000,23
LOG_SYS,9908000,23,0
CSV_LOG,9908000,23
LOG_SYS,9911000,23,0
CSV_LOG,9911000,23
LOG_SYS,9914000,23,0
CSV_LOG,9914000,23
LOG_SYS,9918000,23,0
CSV_LOG,9918000,23
LOG_SYS,9921000,23,0
CSV_LOG,9921000,23
LOG_SYS,9924000,23,0
CSV_LOG,9924000,23
LOG_SYS,9928000,23,0
CSV_LOG,9928000,23
LOG_SYS,9931000,23,0
CSV_LOG,9931000,23
LOG_SYS,9934000,23,0
CSV_LOG,9934000,23
LOG_HOST,9938000,179,7,0
LOG_SYS,9938000,23,0
CSV_LOG,9938000,23
LOG_SYS,9941000,23,0
CSV_LOG,9941000,23
LOG_SYS,9944000,23,0
CSV_LOG,9944000,23
LOG_SYS,9948000,23,0
CSV_LOG,9948000,23
LOG_SYS,9951000,23,0
CSV_LOG,9951000,23
LOG_SYS,9954000,23,0
CSV_LOG,9954000,23
LOG_SYS,9958000,23,0
CSV_LOG,9958000,23
LOG_SYS,9961000,23,0
CSV_LOG,9961000,23
LOG_SYS,9964000,22,0
CSV_LOG,9964000,22
LOG_FREE,9964000,106,2
LOG_SYS,9968000,22,0
CSV_LOG,9968000,22
LOG_SYS,9971000,22,0
CSV_LOG,9971000,22
LOG_SYS,9974000,22,0
CSV_LOG,9974000,22
LOG_SYS,9978000,21,0
CSV_LOG,9978000,21
LOG_FREE,9978000,106,11
LOG_SYS,9981000,21,0
CSV_LOG,9981000,21
LOG_SYS,9984000,21,0
CSV_LOG,9984000,21
LOG_SYS,9988000,21,0
CSV_LOG,9988000,21
LOG_SYS,9991000,21,0
CSV_LOG,9991000,21
LOG_SYS,9994000,21,0
CSV_LOG,9994000,21
LOG_SYS,9998000,21,0
CSV_LOG,9998000,21
LOG_SYS,10001000,21,0
CSV_LOG,10001000,21
LOG_SYS,10004000,21,0
CSV_LOG,10004000,21
LOG_SYS,10008000,21,0
CSV_LOG,10008000,21
LOG_SYS,10011000,21,0
CSV_LOG,10011000,21
LOG_SYS,10014000,21,0
CSV_LOG,10014000,21
LOG_SYS,10018000,21,0
CSV_LOG,10018000,21
LOG_SYS,10021000,21,0
CSV_LOG,10021000,21
LOG_HOST,10024000,180,2,0
LOG_SYS,10024000,21,0
CSV_LOG,10024000,21
LOG_SYS,10028000,21,0
CSV_LOG,10028000,21
LOG_SYS,10031000,21,0
CSV_LOG,10031000,21
LOG_SYS,10034000,21,0
CSV_LOG,10034000,21
LOG_SYS,10038000,21,0
CSV_LOG,10038000,21
LOG_SYS,10041000,21,0
CSV_LOG,10041000,21
LOG_SYS,10044000,21,0
CSV_LOG,10044000,21
LOG_SYS,10048000,21,0
CSV_LOG,10048000,21
LOG_SYS,10051000,21,0
CSV_LOG,10051000,21
LOG_SYS,10054000,20,0
CSV_LOG,10054000,20
LOG_FREE,10054000,93,3
LOG_SYS,10058000,20,0
CSV_LOG,10058000,20
LOG_SYS,10061000,19,0
CSV_LOG,10061000,19
LOG_FREE,10061000,103,1
LOG_SYS,10064000,19,0
CSV_LOG,10064000,19
LOG_ALLOC,10064000,109,1
LOG_SYS,10068000,20,0
CSV_LOG,10068000,20
LOG_ALLOC,10068000,109,2
LOG_SYS,10071000,21,0
CSV_LOG,10071000,21
LOG_ALLOC,10071000,109,3
LOG_SYS,10074000,22,0
CSV_LOG,10074000,22
LOG_HOST,10074000,181,3,180
LOG_SYS,10078000,21,0
CSV_LOG,10078000,21
LOG_FREE,10078000,106,6
LOG_SYS,10081000,21,0
CSV_LOG,10081000,21
LOG_SYS,10084000,21,0
CSV_LOG,10084000,21
LOG_SYS,10088000,21,0
CSV_LOG,10088000,21
LOG_SYS,10091000,21,0
CSV_LOG,10091000,21
LOG_SYS,10094000,21,0
CSV_LOG,10094000,21
LOG_SYS,10098000,21,0
CSV_LOG,10098000,21
LOG_SYS,10101000,21,0
CSV_LOG,10101000,21
LOG_SYS,10104000,21,0
CSV_LOG,10104000,21
LOG_SYS,10108000,20,0
CSV_LOG,10108000,20
LOG_FREE,10108000,109,3
LOG_SYS,10111000,19,0
CSV_LOG,10111000,19
LOG_FREE,10111000,100,7
LOG_SYS,10114000,19,0
CSV_LOG,10114000,19
LOG_SYS,10118000,19,0
CSV_LOG,10118000,19
LOG_SYS,10121000,19,0
CSV_LOG,10121000,19
LOG_SYS,10124000,19,0
CSV_LOG,10124000,19
LOG_SYS,10128000,18,0
CSV_LOG,10128000,18
LOG_FREE,10128000,109,2
LOG_SYS,10131000,18,0
CSV_LOG,10131000,18
LOG_SYS,10134000,18,0
CSV_LOG,10134000,18
LOG_SYS,10138000,18,0
CSV_LOG,10138000,18
LOG_SYS,10141000,18,0
CSV_LOG,10141000,18
LOG_SYS,10144000,18,0
CSV_LOG,10144000,18
LOG_SYS,10148000,18,0
CSV_LOG,10148000,18
LOG_SYS,10151000,18,0
CSV_LOG,10151000,18
LOG_SYS,10154000,18,0
CSV_LOG,10154000,18
LOG_HOST,10154000,182,8,181
LOG_SYS,10158000,18,0
CSV_LOG,10158000,18
LOG_SYS,10161000,18,0
CSV_LOG,10161000,18
LOG_SYS,10164000,18,0
CSV_LOG,10164000,18
LOG_SYS,10168000,18,0
CSV_LOG,10168000,18
LOG_SYS,10171000,18,0
CSV_LOG,10171000,18
LOG_SYS,10174000,18,0
CSV_LOG,10174000,18
LOG_SYS,10178000,18,0
CSV_LOG,10178000,18
LOG_SYS,10181000,18,0
CSV_LOG,10181000,18
LOG_SYS,10184000,18,0
CSV_LOG,10184000,18
LOG_SYS,10188000,18,0
CSV_LOG,10188000,18
LOG_SYS,10191000,18,0
CSV_LOG,10191000,18
LOG_SYS,10194000,18,0
CSV_LOG,10194000,18
LOG_SYS,10198000,17,0
CSV_LOG,10198000,17
LOG_FREE,10198000,100,13
LOG_SYS,10201000,17,0
CSV_LOG,10201000,17
LOG_SYS,10204000,17,0
CSV_LOG,10204000,17
LOG_SYS,10208000,17,0
CSV_LOG,10208000,17
LOG_ALLOC,10208000,110,2
LOG_SYS,10211000,18,0
CSV_LOG,10211000,18
LOG_ALLOC,10211000,110,3
LOG_SYS,10214000,19,0
CSV_LOG,10214000,19
LOG_ALLOC,10214000,110,4
LOG_SYS,10218000,20,0
CSV_LOG,10218000,20
LOG_ALLOC,10218000,110,6
LOG_SYS,10221000,21,0
CSV_LOG,10221000,21
LOG_ALLOC,10221000,110,7
LOG_SYS,10224000,22,0
CSV_LOG,10224000,22
LOG_SYS,10228000,22,0
CSV_LOG,10228000,22
LOG_HOST,10228000,183,4,0
LOG_SYS,10231000,22,0
CSV_LOG,10231000,22
LOG_SYS,10234000,22,0
CSV_LOG,10234000,22
LOG_SYS,10238000,22,0
CSV_LOG,10238000,22
LOG_SYS,10241000,22,0
CSV_LOG,10241000,22
LOG_SYS,10244000,22,0
CSV_LOG,10244000,22
LOG_SYS,10248000,22,0
CSV_LOG,10248000,22
LOG_SYS,10251000,22,0
CSV_LOG,10251000,22
LOG_SYS,10254000,22,0
CSV_LOG,10254000,22
LOG_SYS,10258000,22,0
CSV_LOG,10258000,22
LOG_SYS,10261000,22,0
CSV_LOG,10261000,22
LOG_SYS,10264000,22,0
CSV_LOG,10264000,22
LOG_SYS,10268000,22,0
CSV_LOG,10268000,22
LOG_SYS,10271000,22,0
CSV_LOG,10271000,22
LOG_SYS,10274000,22,0
CSV_LOG,10274000,22
LOG_SYS,10278000,22,0
CSV_LOG,10278000,22
LOG_SYS,10281000,22,0
CSV_LOG,10281000,22
LOG_SYS,10284000,21,0
CSV_LOG,10284000,21
LOG_FREE,10284000,98,10
LOG_SYS,10288000,21,0
CSV_LOG,10288000,21
LOG_SYS,10291000,21,0
CSV_LOG,10291000,21
LOG_SYS,10294000,21,0
CSV_LOG,10294000,21
LOG_SYS,10298000,21,0
CSV_LOG,10298000,21
LOG_SYS,10301000,21,0
CSV_LOG,10301000,21
LOG_SYS,10304000,21,0
CSV_LOG,10304000,21
LOG_SYS,10308000,21,0
CSV_LOG,10308000,21
LOG_HOST,10308000,184,2,0
LOG_SYS,10311000,21,0
CSV_LOG,10311000,21
LOG_SYS,10314000,21,0
CSV_LOG,10314000,21
LOG_SYS,10318000,21,0
CSV_LOG,10318000,21
LOG_SYS,10321000,21,0
CSV_LOG,10321000,21
LOG_SYS,10324000,20,0
CSV_LOG,10324000,20
LOG_FREE,10324000,106,9
LOG_SYS,10328000,20,0
CSV_LOG,10328000,20
LOG_SYS,10331000,20,0
CSV_LOG,10331000,20
LOG_SYS,10334000,20,0
CSV_LOG,10334000,20
LOG_SYS,10338000,20,0
CSV_LOG,10338000,20
LOG_SYS,10341000,19,0
CSV_LOG,10341000,19
LOG_FREE,10341000,94,14
LOG_SYS,10344000,19,0
CSV_LOG,10344000,19
LOG_SYS,10348000,19,0
CSV_LOG,10348000,19
LOG_ALLOC,10348000,95,9
LOG_SYS,10351000,20,0
CSV_LOG,10351000,20
LOG_ALLOC,10351000,95,10
LOG_SYS,10354000,21,0
CSV_LOG,10354000,21
LOG_ALLOC,10354000,95,11
LOG_SYS,10358000,22,0
CSV_LOG,10358000,22
LOG_ALLOC,10358000,95,12
LOG_SYS,10361000,23,0
CSV_LOG,10361000,23
LOG_ALLOC,10361000,95,13
LOG_SYS,10364000,24,0
CSV_LOG,10364000,24
LOG_ALLOC,10364000,95,14
LOG_SYS,10368000,24,0
CSV_LOG,10368000,24
LOG_ALLOC,10368000,95,2
LOG_FREE,10368000,110,2
LOG_SYS,10371000,25,0
CSV_LOG,10371000,25
LOG_ALLOC,10371000,95,15
LOG_SYS,10374000,26,0
CSV_LOG,10374000,26
LOG_ALLOC,10374000,112,17
LOG_SYS,10378000,26,0
CSV_LOG,10378000,26
LOG_ALLOC,10378000,112,18
LOG_FREE,10378000,92,19
LOG_SYS,10381000,27,0
CSV_LOG,10381000,27
LOG_ALLOC,10381000,112,19
LOG_SYS,10384000,28,0
CSV_LOG,10384000,28
LOG_ALLOC,10384000,112,21
LOG_SYS,10388000,29,0
CSV_LOG,10388000,29
LOG_ALLOC,10388000,112,23
LOG_SYS,10391000,29,0
CSV_LOG,10391000,29
LOG_ALLOC,10391000,112,10
LOG_FREE,10391000,95,10
LOG_SYS,10394000,29,0
CSV_LOG,10394000,29
LOG_ALLOC,10394000,112,25
LOG_FREE,10394000,105,37
LOG_HOST,10394000,185,1,0
LOG_SYS,10398000,30,0
CSV_LOG,10398000,30
LOG_ALLOC,10398000,112,26
LOG_SYS,10401000,31,0
CSV_LOG,10401000,31
LOG_SYS,10404000,30,0
CSV_LOG,10404000,30
LOG_FREE,10404000,96,5
LOG_SYS,10408000,30,0
CSV_LOG,10408000,30
LOG_SYS,10411000,29,0
CSV_LOG,10411000,29
LOG_FREE,10411000,112,25
LOG_SYS,10414000,29,0
CSV_LOG,10414000,29
LOG_ALLOC,10414000,113,5
LOG_SYS,10417000,30,0
CSV_LOG,10417000,30
LOG_ALLOC,10417000,113,25
LOG_SYS,10421000,31,0
CSV_LOG,10421000,31
LOG_ALLOC,10421000,113,27
LOG_SYS,10424000,32,0
CSV_LOG,10424000,32
LOG_SYS,10427000,32,0
CSV_LOG,10427000,32
LOG_SYS,10431000,32,0
CSV_LOG,10431000,32
LOG_SYS,10434000,32,0
CSV_LOG,10434000,32
LOG_SYS,10437000,32,0
CSV_LOG,10437000,32
LOG_SYS,10441000,32,0
CSV_LOG,10441000,32
LOG_SYS,10444000,31,0
CSV_LOG,10444000,31
LOG_FREE,10444000,99,16
LOG_SYS,10447000,31,0
CSV_LOG,10447000,31
LOG_SYS,10451000,31,0
CSV_LOG,10451000,31
LOG_SYS,10454000,31,0
CSV_LOG,10454000,31
LOG_ALLOC,10454000,114,16
LOG_SYS,10457000,32,0
CSV_LOG,10457000,32
LOG_ALLOC,10457000,114,28
LOG_SYS,10461000,33,0
CSV_LOG,10461000,33
LOG_ALLOC,10461000,114,29
LOG_SYS,10464000,33,0
CSV_LOG,10464000,33
LOG_ALLOC,10464000,114,3
LOG_FREE,10464000,110,3
LOG_SYS,10467000,34,0
CSV_LOG,10467000,34
LOG_ALLOC,10467000,114,30
LOG_HOST,10471000,186,3,0
LOG_SYS,10471000,35,0
CSV_LOG,10471000,35
LOG_ALLOC,10471000,114,32
LOG_SYS,10474000,36,0
CSV_LOG,10474000,36
LOG_ALLOC,10474000,114,34
LOG_SYS,10477000,37,0
CSV_LOG,10477000,37
LOG_SYS,10481000,37,0
CSV_LOG,10481000,37
LOG_SYS,10484000,37,0
CSV_LOG,10484000,37
LOG_SYS,10487000,37,0
CSV_LOG,10487000,37
LOG_SYS,10491000,37,0
CSV_LOG,10491000,37
LOG_SYS,10494000,37,0
CSV_LOG,10494000,37
LOG_SYS,10497000,37,0
CSV_LOG,10497000,37
LOG_SYS,10501000,37,0
CSV_LOG,10501000,37
LOG_SYS,10504000,36,0
CSV_LOG,10504000,36
LOG_FREE,10504000,103,31
LOG_SYS,10507000,36,0
CSV_LOG,10507000,36
LOG_SYS,10511000,35,0
CSV_LOG,10511000,35
LOG_FREE,10511000,113,5
LOG_SYS,10514000,34,0
CSV_LOG,10514000,34
LOG_FREE,10514000,114,29
LOG_SYS,10517000,34,0
CSV_LOG,10517000,34
LOG_SYS,10521000,34,0
CSV_LOG,10521000,34
LOG_SYS,10524000,34,0
CSV_LOG,10524000,34
LOG_SYS,10527000,34,0
CSV_LOG,10527000,34
LOG_SYS,10531000,34,0
CSV_LOG,10531000,34
LOG_SYS,10534000,34,0
CSV_LOG,10534000,34
LOG_SYS,10537000,34,0
CSV_LOG,10537000,34
LOG_SYS,10541000,34,0
CSV_LOG,10541000,34
LOG_HOST,10541000,187,6,186
LOG_SYS,10544000,34,0
CSV_LOG,10544000,34
LOG_SYS,10547000,33,0
CSV_LOG,10547000,33
LOG_FREE,10547000,110,7
LOG_SYS,10551000,33,0
CSV_LOG,10551000,33
LOG_SYS,10554000,33,0
CSV_LOG,10554000,33
LOG_SYS,10557000,33,0
CSV_LOG,10557000,33
LOG_SYS,10561000,32,0
CSV_LOG,10561000,32
LOG_FREE,10561000,95,13
LOG_SYS,10564000,32,0
CSV_LOG,10564000,32
LOG_SYS,10567000,32,0
CSV_LOG,10567000,32
LOG_SYS,10571000,32,0
CSV_LOG,10571000,32
LOG_SYS,10574000,31,0
CSV_LOG,10574000,31
LOG_FREE,10574000,110,4
LOG_SYS,10577000,31,0
CSV_LOG,10577000,31
LOG_SYS,10581000,31,0
CSV_LOG,10581000,31
LOG_HOST,10581000,188,6,0
LOG_SYS,10584000,31,0
CSV_LOG,10584000,31
LOG_SYS,10587000,31,0
CSV_LOG,10587000,31
LOG_SYS,10591000,31,0
CSV_LOG,10591000,31
LOG_SYS,10594000,31,0
CSV_LOG,10594000,31
LOG_SYS,10597000,31,0
CSV_LOG,10597000,31
LOG_SYS,10601000,30,0
CSV_LOG,10601000,30
LOG_FREE,10601000,112,10
LOG_SYS,10604000,29,0
CSV_LOG,10604000,29
LOG_FREE,10604000,95,11
LOG_SYS,10607000,28,0
CSV_LOG,10607000,28
LOG_FREE,10607000,113,27
LOG_SYS,10611000,27,0
CSV_LOG,10611000,27
LOG_FREE,10611000,114,34
LOG_SYS,10614000,27,0
CSV_LOG,10614000,27
LOG_SYS,10617000,27,0
CSV_LOG,10617000,27
LOG_SYS,10621000,26,0
CSV_LOG,10621000,26
LOG_FREE,10621000,87,20
LOG_HOST,10624000,189,2,0
LOG_SYS,10624000,26,0
CSV_LOG,10624000,26
LOG_SYS,10627000,26,0
CSV_LOG,10627000,26
LOG_SYS,10631000,26,0
CSV_LOG,10631000,26
LOG_ALLOC,10631000,115,4
LOG_SYS,10634000,27,0
CSV_LOG,10634000,27
LOG_ALLOC,10634000,115,5
LOG_SYS,10637000,28,0
CSV_LOG,10637000,28
LOG_ALLOC,10637000,115,7
LOG_SYS,10641000,29,0
CSV_LOG,10641000,29
LOG_ALLOC,10641000,115,10
LOG_SYS,10644000,29,0
CSV_LOG,10644000,29
LOG_ALLOC,10644000,115,11
LOG_FREE,10644000,92,22
LOG_SYS,10647000,30,0
CSV_LOG,10647000,30
LOG_ALLOC,10647000,115,13
LOG_SYS,10651000,30,0
CSV_LOG,10651000,30
LOG_ALLOC,10651000,115,12
LOG_FREE,10651000,95,12
LOG_SYS,10654000,31,0
CSV_LOG,10654000,31
LOG_ALLOC,10654000,115,20
LOG_SYS,10657000,32,0
CSV_LOG,10657000,32
LOG_ALLOC,10657000,116,22
LOG_SYS,10661000,33,0
CSV_LOG,10661000,33
LOG_SYS,10664000,33,0
CSV_LOG,10664000,33
LOG_SYS,10667000,33,0
CSV_LOG,10667000,33
LOG_SYS,10671000,33,0
CSV_LOG,10671000,33
LOG_SYS,10674000,33,0
CSV_LOG,10674000,33
LOG_SYS,10677000,33,0
CSV_LOG,10677000,33
LOG_SYS,10681000,33,0
CSV_LOG,10681000,33
LOG_SYS,10684000,33,0
CSV_LOG,10684000,33
LOG_SYS,10687000,33,0
CSV_LOG,10687000,33
LOG_SYS,10691000,33,0
CSV_LOG,10691000,33
LOG_SYS,10694000,33,0
CSV_LOG,10694000,33
LOG_HOST,10697000,190,1,0
LOG_SYS,10697000,32,0
CSV_LOG,10697000,32
LOG_FREE,10697000,115,10
LOG_SYS,10701000,32,0
CSV_LOG,10701000,32
LOG_SYS,10704000,32,0
CSV_LOG,10704000,32
LOG_SYS,10707000,32,0
CSV_LOG,10707000,32
LOG_SYS,10711000,32,0
CSV_LOG,10711000,32
LOG_SYS,10714000,32,0
CSV_LOG,10714000,32
LOG_SYS,10717000,32,0
CSV_LOG,10717000,32
LOG_SYS,10721000,32,0
CSV_LOG,10721000,32
LOG_SYS,10724000,32,0
CSV_LOG,10724000,32
LOG_SYS,10727000,32,0
CSV_LOG,10727000,32
LOG_SYS,10731000,32,0
CSV_LOG,10731000,32
LOG_SYS,10734000,31,0
CSV_LOG,10734000,31
LOG_FREE,10734000,115,12
LOG_SYS,10737000,31,0
CSV_LOG,10737000,31
LOG_SYS,10741000,31,0
CSV_LOG,10741000,31
LOG_SYS,10744000,31,0
CSV_LOG,10744000,31
LOG_SYS,10747000,31,0
CSV_LOG,10747000,31
LOG_SYS,10751000,31,0
CSV_LOG,10751000,31
LOG_SYS,10754000,30,0
CSV_LOG,10754000,30
LOG_FREE,10754000,95,9
LOG_SYS,10757000,30,0
CSV_LOG,10757000,30
LOG_SYS,10761000,30,0
CSV_LOG,10761000,30
LOG_SYS,10764000,30,0
CSV_LOG,10764000,30
LOG_SYS,10767000,30,0
CSV_LOG,10767000,30
LOG_SYS,10771000,30,0
CSV_LOG,10771000,30
LOG_SYS,10774000,30,0
CSV_LOG,10774000,30
LOG_SYS,10777000,30,0
CSV_LOG,10777000,30
LOG_SYS,10781000,30,0
CSV_LOG,10781000,30
LOG_HOST,10784000,191,4,0
LOG_SYS,10784000,30,0
CSV_LOG,10784000,30
LOG_SYS,10787000,30,0
CSV_LOG,10787000,30
LOG_SYS,10791000,30,0
CSV_LOG,10791000,30
LOG_SYS,10794000,30,0
CSV_LOG,10794000,30
LOG_SYS,10797000,30,0
CSV_LOG,10797000,30
LOG_SYS,10801000,29,0
CSV_LOG,10801000,29
LOG_FREE,10801000,112,19
LOG_SYS,10804000,29,0
CSV_LOG,10804000,29
LOG_SYS,10807000,29,0
CSV_LOG,10807000,29
LOG_SYS,10811000,29,0
CSV_LOG,10811000,29
LOG_SYS,10814000,29,0
CSV_LOG,10814000,29
LOG_SYS,10817000,29,0
CSV_LOG,10817000,29
LOG_SYS,10821000,29,0
CSV_LOG,10821000,29
LOG_HOST,10824000,192,1,191
LOG_SYS,10824000,29,0
CSV_LOG,10824000,29
LOG_SYS,10827000,28,0
CSV_LOG,10827000,28
LOG_FREE,10827000,115,7
LOG_SYS,10831000,28,0
CSV_LOG,10831000,28
LOG_SYS,10834000,28,0
CSV_LOG,10834000,28
LOG_SYS,10837000,27,0
CSV_LOG,10837000,27
LOG_FREE,10837000,115,11
LOG_SYS,10841000,27,0
CSV_LOG,10841000,27
LOG_SYS,10844000,26,0
CSV_LOG,10844000,26
LOG_FREE,10844000,115,4
LOG_SYS,10847000,26,0
CSV_LOG,10847000,26
LOG_SYS,10851000,25,0
CSV_LOG,10851000,25
LOG_FREE,10851000,115,20
LOG_SYS,10854000,25,0
CSV_LOG,10854000,25
LOG_SYS,10857000,25,0
CSV_LOG,10857000,25
LOG_SYS,10861000,25,0
CSV_LOG,10861000,25
LOG_SYS,10864000,25,0
CSV_LOG,10864000,25
LOG_SYS,10867000,25,0
CSV_LOG,10867000,25
LOG_SYS,10871000,25,0
CSV_LOG,10871000,25
LOG_SYS,10874000,25,0
CSV_LOG,10874000,25
LOG_SYS,10877000,25,0
CSV_LOG,10877000,25
LOG_SYS,10881000,25,0
CSV_LOG,10881000,25
LOG_SYS,10884000,25,0
CSV_LOG,10884000,25
LOG_SYS,10887000,25,0
CSV_LOG,10887000,25
LOG_SYS,10891000,25,0
CSV_LOG,10891000,25
LOG_SYS,10894000,25,0
CSV_LOG,10894000,25
LOG_SYS,10897000,25,0
CSV_LOG,10897000,25
LOG_SYS,10901000,25,0
CSV_LOG,10901000,25
LOG_SYS,10904000,25,0
CSV_LOG,10904000,25
LOG_SYS,10907000,25,0
CSV_LOG,10907000,25
LOG_HOST,10911000,193,6,0
LOG_SYS,10911000,25,0
CSV_LOG,10911000,25
LOG_SYS,10914000,25,0
CSV_LOG,10914000,25
LOG_SYS,10917000,25,0
CSV_LOG,10917000,25
LOG_SYS,10921000,24,0
CSV_LOG,10921000,24
LOG_FREE,10921000,104,39
LOG_SYS,10924000,24,0
CSV_LOG,10924000,24
LOG_SYS,10927000,24,0
CSV_LOG,10927000,24
LOG_SYS,10931000,24,0
CSV_LOG,10931000,24
LOG_ALLOC,10931000,117,4
LOG_SYS,10934000,24,0
CSV_LOG,10934000,24
LOG_ALLOC,10934000,117,5
LOG_FREE,10934000,115,5
LOG_SYS,10937000,24,0
CSV_LOG,10937000,24
LOG_ALLOC,10937000,117,7
LOG_FREE,10937000,114,32
LOG_SYS,10941000,25,0
CSV_LOG,10941000,25
LOG_ALLOC,10941000,117,9
LOG_SYS,10944000,26,0
CSV_LOG,10944000,26
LOG_ALLOC,10944000,117,10
LOG_SYS,10947000,27,0
CSV_LOG,10947000,27
LOG_ALLOC,10947000,117,11
LOG_SYS,10951000,28,0
CSV_LOG,10951000,28
LOG_SYS,10954000,28,0
CSV_LOG,10954000,28
LOG_SYS,10957000,28,0
CSV_LOG,10957000,28
LOG_SYS,10961000,28,0
CSV_LOG,10961000,28
LOG_SYS,10964000,27,0
CSV_LOG,10964000,27
LOG_FREE,10964000,115,13
LOG_SYS,10967000,27,0
CSV_LOG,10967000,27
LOG_SYS,10971000,27,0
CSV_LOG,10971000,27
LOG_SYS,10974000,27,0
CSV_LOG,10974000,27
LOG_ALLOC,10974000,118,12
LOG_SYS,10977000,28,0
CSV_LOG,10977000,28
LOG_ALLOC,10977000,118,13
LOG_SYS,10981000,29,0
CSV_LOG,10981000,29
LOG_ALLOC,10981000,118,19
LOG_SYS,10984000,30,0
CSV_LOG,10984000,30
LOG_ALLOC,10984000,118,20
LOG_SYS,10987000,31,0
CSV_LOG,10987000,31
LOG_ALLOC,10987000,118,27
LOG_SYS,10991000,32,0
CSV_LOG,10991000,32
LOG_SYS,10994000,32,0
CSV_LOG,10994000,32
LOG_HOST,10994000,194,1,0
LOG_SYS,10997000,32,0
CSV_LOG,10997000,32
LOG_SYS,11001000,32,0
CSV_LOG,11001000,32
LOG_SYS,11004000,31,0
CSV_LOG,11004000,31
LOG_FREE,11004000,106,0
LOG_SYS,11007000,31,0
CSV_LOG,11007000,31
LOG_SYS,11011000,30,0
CSV_LOG,11011000,30
LOG_FREE,11011000,118,12
LOG_SYS,11014000,30,0
CSV_LOG,11014000,30
LOG_SYS,11017000,30,0
CSV_LOG,11017000,30
LOG_SYS,11021000,30,0
CSV_LOG,11021000,30
LOG_SYS,11024000,30,0
CSV_LOG,11024000,30
LOG_SYS,11027000,30,0
CSV_LOG,11027000,30
LOG_SYS,11031000,30,0
CSV_LOG,11031000,30
LOG_SYS,11034000,30,0
CSV_LOG,11034000,30
LOG_SYS,11037000,30,0
CSV_LOG,11037000,30
LOG_SYS,11041000,30,0
CSV_LOG,11041000,30
LOG_SYS,11044000,30,0
CSV_LOG,11044000,30
LOG_SYS,11047000,30,0
CSV_LOG,11047000,30
LOG_SYS,11051000,30,0
CSV_LOG,11051000,30
LOG_SYS,11054000,30,0
CSV_LOG,11054000,30
LOG_SYS,11057000,30,0
CSV_LOG,11057000,30
LOG_SYS,11061000,29,0
CSV_LOG,11061000,29
LOG_FREE,11061000,113,25
LOG_SYS,11064000,29,0
CSV_LOG,11064000,29
LOG_SYS,11067000,28,0
CSV_LOG,11067000,28
LOG_FREE,11067000,112,26
LOG_SYS,11071000,28,0
CSV_LOG,11071000,28
LOG_ALLOC,11071000,119,0
LOG_SYS,11074000,29,0
CSV_LOG,11074000,29
LOG_ALLOC,11074000,119,12
LOG_SYS,11077000,30,0
CSV_LOG,11077000,30
LOG_ALLOC,11077000,119,25
LOG_SYS,11081000,31,0
CSV_LOG,11081000,31
LOG_ALLOC,11081000,119,26
LOG_HOST,11081000,195,6,0
LOG_SYS,11084000,32,0
CSV_LOG,11084000,32
LOG_ALLOC,11084000,119,29
LOG_SYS,11087000,33,0
CSV_LOG,11087000,33
LOG_ALLOC,11087000,119,31
LOG_SYS,11091000,34,0
CSV_LOG,11091000,34
LOG_ALLOC,11091000,119,32
LOG_SYS,11094000,35,0
CSV_LOG,11094000,35
LOG_ALLOC,11094000,119,34
LOG_SYS,11097000,36,0
CSV_LOG,11097000,36
LOG_SYS,11101000,36,0
CSV_LOG,11101000,36
LOG_SYS,11104000,36,0
CSV_LOG,11104000,36
LOG_SYS,11107000,36,0
CSV_LOG,11107000,36
LOG_HOST,11111000,196,8,0
LOG_SYS,11111000,36,0
CSV_LOG,11111000,36
LOG_SYS,11114000,36,0
CSV_LOG,11114000,36
LOG_SYS,11117000,36,0
CSV_LOG,11117000,36
LOG_SYS,11121000,36,0
CSV_LOG,11121000,36
LOG_SYS,11124000,35,0
CSV_LOG,11124000,35
LOG_FREE,11124000,119,25
LOG_SYS,11127000,35,0
CSV_LOG,11127000,35
LOG_SYS,11131000,35,0
CSV_LOG,11131000,35
LOG_SYS,11134000,35,0
CSV_LOG,11134000,35
LOG_SYS,11137000,35,0
CSV_LOG,11137000,35
LOG_SYS,11141000,34,0
CSV_LOG,11141000,34
LOG_FREE,11141000,114,16
LOG_SYS,11144000,34,0
CSV_LOG,11144000,34
LOG_SYS,11147000,34,0
CSV_LOG,11147000,34
LOG_SYS,11151000,33,0
CSV_LOG,11151000,33
LOG_FREE,11151000,119,31
LOG_SYS,11154000,33,0
CSV_LOG,11154000,33
LOG_SYS,11157000,33,0
CSV_LOG,11157000,33
LOG_SYS,11161000,33,0
CSV_LOG,11161000,33
LOG_SYS,11164000,33,0
CSV_LOG,11164000,33
LOG_SYS,11167000,33,0
CSV_LOG,11167000,33
LOG_SYS,11171000,33,0
CSV_LOG,11171000,33
LOG_SYS,11174000,33,0
CSV_LOG,11174000,33
LOG_SYS,11177000,33,0
CSV_LOG,11177000,33
LOG_SYS,11181000,33,0
CSV_LOG,11181000,33
LOG_SYS,11184000,33,0
CSV_LOG,11184000,33
LOG_SYS,11187000,33,0
CSV_LOG,11187000,33
LOG_SYS,11191000,33,0
CSV_LOG,11191000,33
LOG_SYS,11194000,33,0
CSV_LOG,11194000,33
LOG_HOST,11194000,197,2,0
LOG_SYS,11197000,33,0
CSV_LOG,11197000,33
LOG_SYS,11201000,33,0
CSV_LOG,11201000,33
LOG_SYS,11204000,33,0
CSV_LOG,11204000,33
LOG_SYS,11207000,32,0
CSV_LOG,11207000,32
LOG_FREE,11207000,118,13
LOG_SYS,11211000,31,0
CSV_LOG,11211000,31
LOG_FREE,11211000,112,21
LOG_SYS,11214000,31,0
CSV_LOG,11214000,31
LOG_HOST,11217000,198,3,0
LOG_SYS,11217000,31,0
CSV_LOG,11217000,31
LOG_SYS,11221000,31,0
CSV_LOG,11221000,31
LOG_SYS,11224000,31,0
CSV_LOG,11224000,31
LOG_SYS,11227000,31,0
CSV_LOG,11227000,31
LOG_SYS,11231000,31,0
CSV_LOG,11231000,31
LOG_SYS,11234000,31,0
CSV_LOG,11234000,31
LOG_SYS,11237000,31,0
CSV_LOG,11237000,31
LOG_SYS,11241000,31,0
CSV_LOG,11241000,31
LOG_SYS,11244000,31,0
CSV_LOG,11244000,31
LOG_SYS,11247000,31,0
CSV_LOG,11247000,31
LOG_SYS,11250000,30,0
CSV_LOG,11250000,30
LOG_FREE,11250000,95,2
LOG_SYS,11254000,29,0
CSV_LOG,11254000,29
LOG_FREE,11254000,114,30
LOG_SYS,11257000,29,0
CSV_LOG,11257000,29
LOG_SYS,11260000,28,0
CSV_LOG,11260000,28
LOG_FREE,11260000,110,6
LOG_SYS,11264000,28,0
CSV_LOG,11264000,28
LOG_SYS,11267000,28,0
CSV_LOG,11267000,28
LOG_ALLOC,11267000,111,2
LOG_SYS,11270000,29,0
CSV_LOG,11270000,29
LOG_ALLOC,11270000,111,6
LOG_SYS,11274000,30,0
CSV_LOG,11274000,30
LOG_ALLOC,11274000,111,13
LOG_SYS,11277000,30,0
CSV_LOG,11277000,30
LOG_ALLOC,11277000,111,12
LOG_FREE,11277000,119,12
LOG_SYS,11280000,30,0
CSV_LOG,11280000,30
LOG_ALLOC,11280000,120,16
LOG_FREE,11280000,119,32
LOG_SYS,11284000,31,0
CSV_LOG,11284000,31
LOG_ALLOC,11284000,120,21
LOG_SYS,11287000,32,0
CSV_LOG,11287000,32
LOG_HOST,11290000,199,6,0
LOG_SYS,11290000,31,0
CSV_LOG,11290000,31
LOG_FREE,11290000,118,27
LOG_SYS,11294000,31,0
CSV_LOG,11294000,31
LOG_SYS,11297000,31,0
CSV_LOG,11297000,31
LOG_SYS,11300000,31,0
CSV_LOG,11300000,31
LOG_SYS,11304000,31,0
CSV_LOG,11304000,31
LOG_SYS,11307000,31,0
CSV_LOG,11307000,31
LOG_SYS,11310000,31,0
CSV_LOG,11310000,31
LOG_SYS,11314000,31,0
CSV_LOG,11314000,31
LOG_SYS,11317000,30,0
CSV_LOG,11317000,30
LOG_FREE,11317000,114,28
LOG_SYS,11320000,30,0
CSV_LOG,11320000,30
LOG_SYS,11324000,30,0
CSV_LOG,11324000,30
LOG_SYS,11327000,30,0
CSV_LOG,11327000,30
LOG_SYS,11330000,30,0
CSV_LOG,11330000,30
LOG_SYS,11334000,30,0
CSV_LOG,11334000,30
LOG_SYS,11337000,29,0
CSV_LOG,11337000,29
LOG_FREE,11337000,112,17
LOG_SYS,11340000,29,0
CSV_LOG,11340000,29
LOG_SYS,11344000,29,0
CSV_LOG,11344000,29
LOG_SYS,11347000,29,0
CSV_LOG,11347000,29
LOG_SYS,11350000,29,0
CSV_LOG,11350000,29
LOG_SYS,11354000,29,0
CSV_LOG,11354000,29
LOG_SYS,11357000,29,0
CSV_LOG,11357000,29
LOG_SYS,11360000,29,0
CSV_LOG,11360000,29
LOG_HOST,11360000,200,5,0
LOG_SYS,11364000,29,0
CSV_LOG,11364000,29
LOG_SYS,11367000,29,0
CSV_LOG,11367000,29
LOG_SYS,11370000,29,0
CSV_LOG,11370000,29
LOG_SYS,11374000,29,0
CSV_LOG,11374000,29
LOG_SYS,11377000,29,0
CSV_LOG,11377000,29
LOG_SYS,11380000,29,0
CSV_LOG,11380000,29
LOG_SYS,11384000,29,0
CSV_LOG,11384000,29
LOG_SYS,11387000,29,0
CSV_LOG,11387000,29
LOG_SYS,11390000,29,0
CSV_LOG,11390000,29
LOG_SYS,11394000,29,0
CSV_LOG,11394000,29
LOG_SYS,11397000,29,0
CSV_LOG,11397000,29
LOG_SYS,11400000,29,0
CSV_LOG,11400000,29
LOG_SYS,11404000,29,0
CSV_LOG,11404000,29
LOG_SYS,11407000,28,0
CSV_LOG,11407000,28
LOG_FREE,11407000,117,10
LOG_SYS,11410000,27,0
CSV_LOG,11410000,27
LOG_FREE,11410000,117,7
LOG_SYS,11414000,27,0
CSV_LOG,11414000,27
LOG_SYS,11417000,27,0
CSV_LOG,11417000,27
LOG_SYS,11420000,27,0
CSV_LOG,11420000,27
LOG_SYS,11424000,27,0
CSV_LOG,11424000,27
LOG_SYS,11427000,27,0
CSV_LOG,11427000,27
LOG_HOST,11427000,201,4,0
LOG_SYS,11430000,27,0
CSV_LOG,11430000,27
LOG_SYS,11434000,27,0
CSV_LOG,11434000,27
LOG_SYS,11437000,27,0
CSV_LOG,11437000,27
LOG_SYS,11440000,27,0
CSV_LOG,11440000,27
LOG_SYS,11444000,27,0
CSV_LOG,11444000,27
LOG_SYS,11447000,27,0
CSV_LOG,11447000,27
LOG_SYS,11450000,27,0
CSV_LOG,11450000,27
LOG_SYS,11454000,26,0
CSV_LOG,11454000,26
LOG_FREE,11454000,117,11
LOG_HOST,11457000,202,2,0
LOG_SYS,11457000,26,0
CSV_LOG,11457000,26
LOG_SYS,11460000,26,0
CSV_LOG,11460000,26
LOG_SYS,11464000,26,0
CSV_LOG,11464000,26
LOG_SYS,11467000,26,0
CSV_LOG,11467000,26
LOG_SYS,11470000,26,0
CSV_LOG,11470000,26
LOG_SYS,11474000,26,0
CSV_LOG,11474000,26
LOG_SYS,11477000,26,0
CSV_LOG,11477000,26
LOG_SYS,11480000,26,0
CSV_LOG,11480000,26
LOG_SYS,11484000,26,0
CSV_LOG,11484000,26
LOG_SYS,11487000,26,0
CSV_LOG,11487000,26
LOG_SYS,11490000,25,0
CSV_LOG,11490000,25
LOG_FREE,11490000,119,0
LOG_SYS,11494000,25,0
CSV_LOG,11494000,25
LOG_SYS,11497000,25,0
CSV_LOG,11497000,25
LOG_SYS,11500000,24,0
CSV_LOG,11500000,24
LOG_FREE,11500000,120,16
LOG_SYS,11504000,24,0
CSV_LOG,11504000,24
LOG_SYS,11507000,24,0
CSV_LOG,11507000,24
LOG_SYS,11510000,24,0
CSV_LOG,11510000,24
LOG_SYS,11514000,24,0
CSV_LOG,11514000,24
LOG_SYS,11517000,24,0
CSV_LOG,11517000,24
LOG_SYS,11520000,24,0
CSV_LOG,11520000,24
LOG_HOST,11524000,203,6,0
LOG_SYS,11524000,24,0
CSV_LOG,11524000,24
LOG_SYS,11527000,24,0
CSV_LOG,11527000,24
LOG_SYS,11530000,24,0
CSV_LOG,11530000,24
LOG_SYS,11534000,24,0
CSV_LOG,11534000,24
LOG_SYS,11537000,24,0
CSV_LOG,11537000,24
LOG_SYS,11540000,24,0
CSV_LOG,11540000,24
LOG_SYS,11544000,24,0
CSV_LOG,11544000,24
LOG_SYS,11547000,23,0
CSV_LOG,11547000,23
LOG_FREE,11547000,111,2
LOG_HOST,11550000,204,4,203
LOG_SYS,11550000,22,0
CSV_LOG,11550000,22
LOG_FREE,11550000,119,29
LOG_SYS,11554000,22,0
CSV_LOG,11554000,22
LOG_SYS,11557000,21,0
CSV_LOG,11557000,21
LOG_FREE,11557000,118,19
LOG_SYS,11560000,21,0
CSV_LOG,11560000,21
LOG_SYS,11564000,21,0
CSV_LOG,11564000,21
LOG_SYS,11567000,21,0
CSV_LOG,11567000,21
LOG_SYS,11570000,21,0
CSV_LOG,11570000,21
LOG_SYS,11574000,21,0
CSV_LOG,11574000,21
LOG_SYS,11577000,21,0
CSV_LOG,11577000,21
LOG_SYS,11580000,21,0
CSV_LOG,11580000,21
LOG_SYS,11584000,21,0
CSV_LOG,11584000,21
LOG_SYS,11587000,21,0
CSV_LOG,11587000,21
LOG_SYS,11590000,21,0
CSV_LOG,11590000,21
LOG_SYS,11594000,21,0
CSV_LOG,11594000,21
LOG_SYS,11597000,21,0
CSV_LOG,11597000,21
LOG_SYS,11600000,21,0
CSV_LOG,11600000,21
LOG_SYS,11604000,20,0
CSV_LOG,11604000,20
LOG_FREE,11604000,106,8
LOG_SYS,11607000,20,0
CSV_LOG,11607000,20
LOG_SYS,11610000,20,0
CSV_LOG,11610000,20
LOG_ALLOC,11610000,107,0
LOG_SYS,11614000,21,0
CSV_LOG,11614000,21
LOG_ALLOC,11614000,107,2
LOG_SYS,11617000,22,0
CSV_LOG,11617000,22
LOG_ALLOC,11617000,121,7
LOG_SYS,11620000,23,0
CSV_LOG,11620000,23
LOG_ALLOC,11620000,121,8
LOG_HOST,11624000,205,2,204
LOG_SYS,11624000,24,0
CSV_LOG,11624000,24
LOG_ALLOC,11624000,121,10
LOG_SYS,11627000,25,0
CSV_LOG,11627000,25
LOG_ALLOC,11627000,121,11
LOG_SYS,11630000,25,0
CSV_LOG,11630000,25
LOG_ALLOC,11630000,121,4
LOG_FREE,11630000,117,4
LOG_SYS,11634000,26,0
CSV_LOG,11634000,26
LOG_ALLOC,11634000,121,16
LOG_SYS,11637000,27,0
CSV_LOG,11637000,27
LOG_SYS,11640000,27,0
CSV_LOG,11640000,27
LOG_SYS,11644000,27,0
CSV_LOG,11644000,27
LOG_SYS,11647000,27,0
CSV_LOG,11647000,27
LOG_SYS,11650000,26,0
CSV_LOG,11650000,26
LOG_FREE,11650000,111,12
LOG_SYS,11654000,26,0
CSV_LOG,11654000,26
LOG_HOST,11654000,206,3,0
LOG_SYS,11657000,26,0
CSV_LOG,11657000,26
LOG_SYS,11660000,26,0
CSV_LOG,11660000,26
LOG_SYS,11664000,26,0
CSV_LOG,11664000,26
LOG_SYS,11667000,26,0
CSV_LOG,11667000,26
LOG_SYS,11670000,25,0
CSV_LOG,11670000,25
LOG_FREE,11670000,121,8
LOG_SYS,11674000,25,0
CSV_LOG,11674000,25
LOG_SYS,11677000,25,0
CSV_LOG,11677000,25
LOG_SYS,11680000,25,0
CSV_LOG,11680000,25
LOG_HOST,11680000,207,3,0
LOG_SYS,11684000,25,0
CSV_LOG,11684000,25
LOG_SYS,11687000,25,0
CSV_LOG,11687000,25
LOG_SYS,11690000,25,0
CSV_LOG,11690000,25
LOG_SYS,11694000,25,0
CSV_LOG,11694000,25
LOG_SYS,11697000,24,0
CSV_LOG,11697000,24
LOG_FREE,11697000,95,15
LOG_SYS,11700000,23,0
CSV_LOG,11700000,23
LOG_FREE,11700000,112,23
LOG_SYS,11704000,22,0
CSV_LOG,11704000,22
LOG_FREE,11704000,103,33
LOG_SYS,11707000,22,0
CSV_LOG,11707000,22
LOG_SYS,11710000,22,0
CSV_LOG,11710000,22
LOG_SYS,11714000,22,0
CSV_LOG,11714000,22
LOG_SYS,11717000,22,0
CSV_LOG,11717000,22
LOG_SYS,11720000,21,0
CSV_LOG,11720000,21
LOG_FREE,11720000,119,26
LOG_SYS,11724000,20,0
CSV_LOG,11724000,20
LOG_FREE,11724000,121,10
LOG_SYS,11727000,20,0
CSV_LOG,11727000,20
LOG_HOST,11730000,208,1,0
LOG_SYS,11730000,20,0
CSV_LOG,11730000,20
LOG_SYS,11734000,20,0
CSV_LOG,11734000,20
LOG_SYS,11737000,20,0
CSV_LOG,11737000,20
LOG_SYS,11740000,20,0
CSV_LOG,11740000,20
LOG_SYS,11744000,20,0
CSV_LOG,11744000,20
LOG_SYS,11747000,20,0
CSV_LOG,11747000,20
LOG_SYS,11750000,20,0
CSV_LOG,11750000,20
LOG_SYS,11754000,19,0
CSV_LOG,11754000,19
LOG_FREE,11754000,118,20
LOG_SYS,11757000,19,0
CSV_LOG,11757000,19
LOG_SYS,11760000,19,0
CSV_LOG,11760000,19
LOG_SYS,11764000,19,0
CSV_LOG,11764000,19
LOG_ALLOC,11764000,123,8
LOG_SYS,11767000,20,0
CSV_LOG,11767000,20
LOG_ALLOC,11767000,123,10
LOG_SYS,11770000,20,0
CSV_LOG,11770000,20
LOG_ALLOC,11770000,123,12
LOG_FREE,11770000,112,18
LOG_SYS,11774000,21,0
CSV_LOG,11774000,21
LOG_ALLOC,11774000,123,15
LOG_SYS,11777000,22,0
CSV_LOG,11777000,22
LOG_SYS,11780000,22,0
CSV_LOG,11780000,22
LOG_SYS,11784000,22,0
CSV_LOG,11784000,22
LOG_SYS,11787000,21,0
CSV_LOG,11787000,21
LOG_FREE,11787000,123,10
LOG_SYS,11790000,21,0
CSV_LOG,11790000,21
LOG_SYS,11794000,21,0
CSV_LOG,11794000,21
LOG_SYS,11797000,21,0
CSV_LOG,11797000,21
LOG_SYS,11800000,20,0
CSV_LOG,11800000,20
LOG_FREE,11800000,121,11
LOG_HOST,11800000,209,3,208
LOG_SYS,11804000,20,0
CSV_LOG,11804000,20
LOG_SYS,11807000,20,0
CSV_LOG,11807000,20
LOG_SYS,11810000,20,0
CSV_LOG,11810000,20
LOG_SYS,11814000,20,0
CSV_LOG,11814000,20
LOG_SYS,11817000,20,0
CSV_LOG,11817000,20
LOG_SYS,11820000,20,0
CSV_LOG,11820000,20
LOG_SYS,11824000,20,0
CSV_LOG,11824000,20
LOG_SYS,11827000,20,0
CSV_LOG,11827000,20
LOG_SYS,11830000,20,0
CSV_LOG,11830000,20
LOG_SYS,11834000,20,0
CSV_LOG,11834000,20
LOG_SYS,11837000,20,0
CSV_LOG,11837000,20
LOG_SYS,11840000,20,0
CSV_LOG,11840000,20
LOG_SYS,11844000,20,0
CSV_LOG,11844000,20
LOG_SYS,11847000,20,0
CSV_LOG,11847000,20
LOG_SYS,11850000,19,0
CSV_LOG,11850000,19
LOG_FREE,11850000,109,1
LOG_SYS,11854000,19,0
CSV_LOG,11854000,19
LOG_SYS,11857000,19,0
CSV_LOG,11857000,19
LOG_SYS,11860000,18,0
CSV_LOG,11860000,18
LOG_ALLOC,11860000,125,1
LOG_FREE,11860000,121,16
LOG_SYS,11864000,19,0
CSV_LOG,11864000,19
LOG_SYS,11867000,19,0
CSV_LOG,11867000,19
LOG_HOST,11870000,210,7,0
LOG_SYS,11870000,19,0
CSV_LOG,11870000,19
LOG_SYS,11874000,19,0
CSV_LOG,11874000,19
LOG_SYS,11877000,19,0
CSV_LOG,11877000,19
LOG_SYS,11880000,19,0
CSV_LOG,11880000,19
LOG_SYS,11884000,19,0
CSV_LOG,11884000,19
LOG_SYS,11887000,19,0
CSV_LOG,11887000,19
LOG_SYS,11890000,18,0
CSV_LOG,11890000,18
LOG_FREE,11890000,123,8
LOG_SYS,11894000,17,0
CSV_LOG,11894000,17
LOG_FREE,11894000,95,14
LOG_SYS,11897000,17,0
CSV_LOG,11897000,17
LOG_SYS,11900000,17,0
CSV_LOG,11900000,17
LOG_SYS,11904000,17,0
CSV_LOG,11904000,17
LOG_ALLOC,11904000,126,8
LOG_SYS,11907000,18,0
CSV_LOG,11907000,18
LOG_ALLOC,11907000,126,10
LOG_SYS,11910000,19,0
CSV_LOG,11910000,19
LOG_ALLOC,11910000,126,11
LOG_SYS,11914000,20,0
CSV_LOG,11914000,20
LOG_SYS,11917000,19,0
CSV_LOG,11917000,19
LOG_FREE,11917000,116,22
LOG_SYS,11920000,19,0
CSV_LOG,11920000,19
LOG_HOST,11924000,211,2,0
LOG_SYS,11924000,19,0
CSV_LOG,11924000,19
LOG_SYS,11927000,18,0
CSV_LOG,11927000,18
LOG_ALLOC,11927000,127,13
LOG_FREE,11927000,111,13
LOG_SYS,11930000,18,0
CSV_LOG,11930000,18
LOG_ALLOC,11930000,127,4
LOG_FREE,11930000,121,4
LOG_SYS,11934000,19,0
CSV_LOG,11934000,19
LOG_ALLOC,11934000,127,14
LOG_SYS,11937000,20,0
CSV_LOG,11937000,20
LOG_ALLOC,11937000,127,16
LOG_SYS,11940000,21,0
CSV_LOG,11940000,21
LOG_ALLOC,11940000,127,17
LOG_SYS,11944000,22,0
CSV_LOG,11944000,22
LOG_ALLOC,11944000,127,18
LOG_SYS,11947000,23,0
CSV_LOG,11947000,23
LOG_ALLOC,11947000,127,19
LOG_HOST,11947000,212,5,211
LOG_SYS,11950000,24,0
CSV_LOG,11950000,24
LOG_ALLOC,11950000,127,20
LOG_SYS,11954000,25,0
CSV_LOG,11954000,25
LOG_SYS,11957000,25,0
CSV_LOG,11957000,25
LOG_SYS,11960000,25,0
CSV_LOG,11960000,25
LOG_SYS,11964000,25,0
CSV_LOG,11964000,25
LOG_SYS,11967000,25,0
CSV_LOG,11967000,25
LOG_SYS,11970000,25,0
CSV_LOG,11970000,25
LOG_SYS,11974000,25,0
CSV_LOG,11974000,25
LOG_SYS,11977000,25,0
CSV_LOG,11977000,25
LOG_SYS,11980000,25,0
CSV_LOG,11980000,25
LOG_SYS,11984000,25,0
CSV_LOG,11984000,25
LOG_SYS,11987000,24,0
CSV_LOG,11987000,24
LOG_FREE,11987000,119,34
LOG_SYS,11990000,24,0
CSV_LOG,11990000,24
LOG_SYS,11994000,24,0
CSV_LOG,11994000,24
LOG_SYS,11997000,24,0
CSV_LOG,11997000,24
LOG_ALLOC,11997000,128,22
LOG_SYS,12000000,25,0
CSV_LOG,12000000,25
LOG_ALLOC,12000000,128,23
LOG_SYS,12004000,26,0
CSV_LOG,12004000,26
LOG_ALLOC,12004000,128,25
LOG_SYS,12007000,26,0
CSV_LOG,12007000,26
LOG_ALLOC,12007000,128,3
LOG_FREE,12007000,114,3
LOG_SYS,12010000,27,0
CSV_LOG,12010000,27
LOG_SYS,12014000,27,0
CSV_LOG,12014000,27
LOG_SYS,12017000,27,0
CSV_LOG,12017000,27
LOG_ALLOC,12017000,129,26
LOG_SYS,12020000,28,0
CSV_LOG,12020000,28
LOG_ALLOC,12020000,129,27
LOG_SYS,12024000,29,0
CSV_LOG,12024000,29
LOG_ALLOC,12024000,129,28
LOG_SYS,12027000,30,0
CSV_LOG,12027000,30
LOG_ALLOC,12027000,129,29
LOG_HOST,12030000,213,4,212
LOG_SYS,12030000,31,0
CSV_LOG,12030000,31
LOG_SYS,12034000,31,0
CSV_LOG,12034000,31
LOG_SYS,12037000,31,0
CSV_LOG,12037000,31
LOG_SYS,12040000,31,0
CSV_LOG,12040000,31
LOG_SYS,12044000,31,0
CSV_LOG,12044000,31
LOG_SYS,12047000,30,0
CSV_LOG,12047000,30
LOG_FREE,12047000,126,8
LOG_SYS,12050000,30,0
CSV_LOG,12050000,30
LOG_SYS,12054000,30,0
CSV_LOG,12054000,30
LOG_SYS,12057000,30,0
CSV_LOG,12057000,30
LOG_SYS,12060000,30,0
CSV_LOG,12060000,30
LOG_SYS,12064000,30,0
CSV_LOG,12064000,30
LOG_SYS,12067000,30,0
CSV_LOG,12067000,30
LOG_SYS,12070000,30,0
CSV_LOG,12070000,30
LOG_SYS,12074000,30,0
CSV_LOG,12074000,30
LOG_SYS,12077000,30,0
CSV_LOG,12077000,30
LOG_SYS,12080000,30,0
CSV_LOG,12080000,30
LOG_SYS,12083000,30,0
CSV_LOG,12083000,30
LOG_SYS,12087000,30,0
CSV_LOG,12087000,30
LOG_SYS,12090000,30,0
CSV_LOG,12090000,30
LOG_SYS,12093000,30,0
CSV_LOG,12093000,30
LOG_SYS,12097000,30,0
CSV_LOG,12097000,30
LOG_SYS,12100000,30,0
CSV_LOG,12100000,30
LOG_SYS,12103000,30,0
CSV_LOG,12103000,30
LOG_SYS,12107000,30,0
CSV_LOG,12107000,30
LOG_HOST,12110000,214,1,0
LOG_SYS,12110000,30,0
CSV_LOG,12110000,30
LOG_SYS,12113000,29,0
CSV_LOG,12113000,29
LOG_FREE,12113000,123,12
LOG_SYS,12117000,29,0
CSV_LOG,12117000,29
LOG_SYS,12120000,29,0
CSV_LOG,12120000,29
LOG_SYS,12123000,29,0
CSV_LOG,12123000,29
LOG_SYS,12127000,29,0
CSV_LOG,12127000,29
LOG_SYS,12130000,29,0
CSV_LOG,12130000,29
LOG_SYS,12133000,29,0
CSV_LOG,12133000,29
LOG_SYS,12137000,29,0
CSV_LOG,12137000,29
LOG_SYS,12140000,29,0
CSV_LOG,12140000,29
LOG_SYS,12143000,29,0
CSV_LOG,12143000,29
LOG_SYS,12147000,29,0
CSV_LOG,12147000,29
LOG_SYS,12150000,29,0
CSV_LOG,12150000,29
LOG_SYS,12153000,29,0
CSV_LOG,12153000,29
LOG_SYS,12157000,29,0
CSV_LOG,12157000,29
LOG_SYS,12160000,29,0
CSV_LOG,12160000,29
LOG_SYS,12163000,28,0
CSV_LOG,12163000,28
LOG_FREE,12163000,107,0
LOG_SYS,12167000,27,0
CSV_LOG,12167000,27
LOG_FREE,12167000,126,10
LOG_SYS,12170000,27,0
CSV_LOG,12170000,27
LOG_SYS,12173000,27,0
CSV_LOG,12173000,27
LOG_SYS,12177000,27,0
CSV_LOG,12177000,27
LOG_SYS,12180000,27,0
CSV_LOG,12180000,27
LOG_SYS,12183000,27,0
CSV_LOG,12183000,27
LOG_SYS,12187000,27,0
CSV_LOG,12187000,27
LOG_SYS,12190000,27,0
CSV_LOG,12190000,27
LOG_SYS,12193000,27,0
CSV_LOG,12193000,27
LOG_HOST,12197000,215,4,0
LOG_SYS,12197000,27,0
CSV_LOG,12197000,27
LOG_SYS,12200000,27,0
CSV_LOG,12200000,27
LOG_SYS,12203000,27,0
CSV_LOG,12203000,27
LOG_SYS,12207000,27,0
CSV_LOG,12207000,27
LOG_SYS,12210000,27,0
CSV_LOG,12210000,27
LOG_SYS,12213000,27,0
CSV_LOG,12213000,27
LOG_SYS,12217000,27,0
CSV_LOG,12217000,27
LOG_SYS,12220000,27,0
CSV_LOG,12220000,27
LOG_SYS,12223000,27,0
CSV_LOG,12223000,27
LOG_SYS,12227000,27,0
CSV_LOG,12227000,27
LOG_SYS,12230000,27,0
CSV_LOG,12230000,27
LOG_SYS,12233000,27,0
CSV_LOG,12233000,27
LOG_SYS,12237000,27,0
CSV_LOG,12237000,27
LOG_SYS,12240000,26,0
CSV_LOG,12240000,26
LOG_FREE,12240000,128,22
LOG_SYS,12243000,26,0
CSV_LOG,12243000,26
LOG_SYS,12247000,26,0
CSV_LOG,12247000,26
LOG_SYS,12250000,26,0
CSV_LOG,12250000,26
LOG_SYS,12253000,26,0
CSV_LOG,12253000,26
LOG_SYS,12257000,26,0
CSV_LOG,12257000,26
LOG_SYS,12260000,26,0
CSV_LOG,12260000,26
LOG_SYS,12263000,26,0
CSV_LOG,12263000,26
LOG_SYS,12267000,26,0
CSV_LOG,12267000,26
LOG_SYS,12270000,26,0
CSV_LOG,12270000,26
LOG_SYS,12273000,25,0
CSV_LOG,12273000,25
LOG_FREE,12273000,126,11
LOG_SYS,12277000,25,0
CSV_LOG,12277000,25
LOG_SYS,12280000,25,0
CSV_LOG,12280000,25
LOG_HOST,12280000,216,2,0
LOG_SYS,12283000,25,0
CSV_LOG,12283000,25
LOG_SYS,12287000,25,0
CSV_LOG,12287000,25
LOG_SYS,12290000,25,0
CSV_LOG,12290000,25
LOG_SYS,12293000,25,0
CSV_LOG,12293000,25
LOG_SYS,12297000,25,0
CSV_LOG,12297000,25
LOG_SYS,12300000,25,0
CSV_LOG,12300000,25
LOG_SYS,12303000,25,0
CSV_LOG,12303000,25
LOG_SYS,12307000,25,0
CSV_LOG,12307000,25
LOG_SYS,12310000,25,0
CSV_LOG,12310000,25
LOG_SYS,12313000,25,0
CSV_LOG,12313000,25
LOG_SYS,12317000,25,0
CSV_LOG,12317000,25
LOG_SYS,12320000,25,0
CSV_LOG,12320000,25
LOG_SYS,12323000,25,0
CSV_LOG,12323000,25
LOG_SYS,12327000,25,0
CSV_LOG,12327000,25
LOG_HOST,12330000,217,2,216
LOG_SYS,12330000,25,0
CSV_LOG,12330000,25
LOG_SYS,12333000,25,0
CSV_LOG,12333000,25
LOG_SYS,12337000,25,0
CSV_LOG,12337000,25
LOG_SYS,12340000,25,0
CSV_LOG,12340000,25
LOG_SYS,12343000,25,0
CSV_LOG,12343000,25
LOG_SYS,12347000,25,0
CSV_LOG,12347000,25
LOG_SYS,12350000,25,0
CSV_LOG,12350000,25
LOG_SYS,12353000,25,0
CSV_LOG,12353000,25
LOG_SYS,12357000,25,0
CSV_LOG,12357000,25
LOG_SYS,12360000,25,0
CSV_LOG,12360000,25
LOG_SYS,12363000,25,0
CSV_LOG,12363000,25
LOG_SYS,12367000,25,0
CSV_LOG,12367000,25
LOG_SYS,12370000,25,0
CSV_LOG,12370000,25
LOG_SYS,12373000,24,0
CSV_LOG,12373000,24
LOG_FREE,12373000,128,3
LOG_SYS,12377000,24,0
CSV_LOG,12377000,24
LOG_SYS,12380000,24,0
CSV_LOG,12380000,24
LOG_SYS,12383000,24,0
CSV_LOG,12383000,24
LOG_SYS,12387000,24,0
CSV_LOG,12387000,24
LOG_SYS,12390000,24,0
CSV_LOG,12390000,24
LOG_SYS,12393000,24,0
CSV_LOG,12393000,24
LOG_HOST,12393000,218,1,0
LOG_SYS,12397000,24,0
CSV_LOG,12397000,24
LOG_SYS,12400000,24,0
CSV_LOG,12400000,24
LOG_SYS,12403000,24,0
CSV_LOG,12403000,24
LOG_SYS,12407000,24,0
CSV_LOG,12407000,24
LOG_SYS,12410000,24,0
CSV_LOG,12410000,24
LOG_SYS,12413000,24,0
CSV_LOG,12413000,24
LOG_SYS,12417000,24,0
CSV_LOG,12417000,24
LOG_SYS,12420000,24,0
CSV_LOG,12420000,24
LOG_SYS,12423000,24,0
CSV_LOG,12423000,24
LOG_SYS,12427000,24,0
CSV_LOG,12427000,24
LOG_SYS,12430000,24,0
CSV_LOG,12430000,24
LOG_SYS,12433000,24,0
CSV_LOG,12433000,24
LOG_HOST,12437000,219,7,0
LOG_SYS,12437000,24,0
CSV_LOG,12437000,24
LOG_SYS,12440000,24,0
CSV_LOG,12440000,24
LOG_SYS,12443000,24,0
CSV_LOG,12443000,24
LOG_SYS,12447000,24,0
CSV_LOG,12447000,24
LOG_SYS,12450000,24,0
CSV_LOG,12450000,24
LOG_SYS,12453000,24,0
CSV_LOG,12453000,24
LOG_SYS,12457000,24,0
CSV_LOG,12457000,24
LOG_SYS,12460000,24,0
CSV_LOG,12460000,24
LOG_SYS,12463000,24,0
CSV_LOG,12463000,24
LOG_SYS,12467000,24,0
CSV_LOG,12467000,24
LOG_SYS,12470000,24,0
CSV_LOG,12470000,24
LOG_SYS,12473000,24,0
CSV_LOG,12473000,24
LOG_SYS,12477000,24,0
CSV_LOG,12477000,24
LOG_SYS,12480000,23,0
CSV_LOG,12480000,23
LOG_FREE,12480000,127,16
LOG_SYS,12483000,22,0
CSV_LOG,12483000,22
LOG_FREE,12483000,123,15
LOG_SYS,12487000,22,0
CSV_LOG,12487000,22
LOG_SYS,12490000,22,0
CSV_LOG,12490000,22
LOG_ALLOC,12490000,124,0
LOG_SYS,12493000,23,0
CSV_LOG,12493000,23
LOG_ALLOC,12493000,131,3
LOG_SYS,12497000,24,0
CSV_LOG,12497000,24
LOG_ALLOC,12497000,124,8
LOG_SYS,12500000,25,0
CSV_LOG,12500000,25
LOG_ALLOC,12500000,124,10
LOG_SYS,12503000,26,0
CSV_LOG,12503000,26
LOG_ALLOC,12503000,124,11
LOG_SYS,12507000,27,0
CSV_LOG,12507000,27
LOG_ALLOC,12507000,124,12
LOG_HOST,12510000,220,5,0
LOG_SYS,12510000,28,0
CSV_LOG,12510000,28
LOG_SYS,12513000,28,0
CSV_LOG,12513000,28
LOG_SYS,12517000,28,0
CSV_LOG,12517000,28
LOG_SYS,12520000,28,0
CSV_LOG,12520000,28
LOG_SYS,12523000,28,0
CSV_LOG,12523000,28
LOG_SYS,12527000,28,0
CSV_LOG,12527000,28
LOG_SYS,12530000,28,0
CSV_LOG,12530000,28
LOG_SYS,12533000,28,0
CSV_LOG,12533000,28
LOG_SYS,12537000,28,0
CSV_LOG,12537000,28
LOG_SYS,12540000,28,0
CSV_LOG,12540000,28
LOG_SYS,12543000,28,0
CSV_LOG,12543000,28
LOG_SYS,12547000,28,0
CSV_LOG,12547000,28
LOG_SYS,12550000,28,0
CSV_LOG,12550000,28
LOG_SYS,12553000,28,0
CSV_LOG,12553000,28
LOG_SYS,12557000,28,0
CSV_LOG,12557000,28
LOG_SYS,12560000,28,0
CSV_LOG,12560000,28
LOG_HOST,12560000,221,7,0
LOG_SYS,12563000,28,0
CSV_LOG,12563000,28
LOG_SYS,12567000,28,0
CSV_LOG,12567000,28
LOG_SYS,12570000,28,0
CSV_LOG,12570000,28
LOG_SYS,12573000,28,0
CSV_LOG,12573000,28
LOG_SYS,12577000,27,0
CSV_LOG,12577000,27
LOG_FREE,12577000,120,21
LOG_SYS,12580000,27,0
CSV_LOG,12580000,27
LOG_HOST,12583000,222,3,0
LOG_SYS,12583000,27,0
CSV_LOG,12583000,27
LOG_SYS,12587000,27,0
CSV_LOG,12587000,27
LOG_ALLOC,12587000,132,15
LOG_SYS,12590000,28,0
CSV_LOG,12590000,28
LOG_ALLOC,12590000,132,16
LOG_SYS,12593000,29,0
CSV_LOG,12593000,29
LOG_ALLOC,12593000,132,21
LOG_SYS,12597000,30,0
CSV_LOG,12597000,30
LOG_ALLOC,12597000,132,22
LOG_SYS,12600000,31,0
CSV_LOG,12600000,31
LOG_ALLOC,12600000,132,30
LOG_SYS,12603000,32,0
CSV_LOG,12603000,32
LOG_ALLOC,12603000,132,31
LOG_SYS,12607000,33,0
CSV_LOG,12607000,33
LOG_SYS,12610000,32,0
CSV_LOG,12610000,32
LOG_FREE,12610000,105,36
LOG_SYS,12613000,32,0
CSV_LOG,12613000,32
LOG_SYS,12617000,32,0
CSV_LOG,12617000,32
LOG_SYS,12620000,32,0
CSV_LOG,12620000,32
LOG_ALLOC,12620000,133,32
LOG_SYS,12623000,33,0
CSV_LOG,12623000,33
LOG_ALLOC,12623000,133,33
LOG_SYS,12627000,34,0
CSV_LOG,12627000,34
LOG_ALLOC,12627000,133,34
LOG_SYS,12630000,35,0
CSV_LOG,12630000,35
LOG_ALLOC,12630000,133,35
LOG_SYS,12633000,36,0
CSV_LOG,12633000,36
LOG_ALLOC,12633000,133,36
LOG_SYS,12637000,37,0
CSV_LOG,12637000,37
LOG_SYS,12640000,37,0
CSV_LOG,12640000,37
LOG_SYS,12643000,37,0
CSV_LOG,12643000,37
LOG_SYS,12647000,37,0
CSV_LOG,12647000,37
LOG_SYS,12650000,36,0
CSV_LOG,12650000,36
LOG_FREE,12650000,133,36
LOG_SYS,12653000,36,0
CSV_LOG,12653000,36
LOG_HOST,12653000,223,7,0
LOG_SYS,12657000,36,0
CSV_LOG,12657000,36
LOG_SYS,12660000,36,0
CSV_LOG,12660000,36
LOG_SYS,12663000,36,0
CSV_LOG,12663000,36
LOG_SYS,12667000,36,0
CSV_LOG,12667000,36
LOG_SYS,12670000,36,0
CSV_LOG,12670000,36
LOG_SYS,12673000,36,0
CSV_LOG,12673000,36
LOG_SYS,12677000,36,0
CSV_LOG,12677000,36
LOG_SYS,12680000,35,0
CSV_LOG,12680000,35
LOG_FREE,12680000,127,17
LOG_SYS,12683000,35,0
CSV_LOG,12683000,35
LOG_SYS,12687000,35,0
CSV_LOG,12687000,35
LOG_HOST,12690000,224,7,0
LOG_SYS,12690000,35,0
CSV_LOG,12690000,35
LOG_SYS,12693000,34,0
CSV_LOG,12693000,34
LOG_FREE,12693000,132,30
LOG_SYS,12697000,34,0
CSV_LOG,12697000,34
LOG_SYS,12700000,34,0
CSV_LOG,12700000,34
LOG_SYS,12703000,34,0
CSV_LOG,12703000,34
LOG_SYS,12707000,34,0
CSV_LOG,12707000,34
LOG_SYS,12710000,34,0
CSV_LOG,12710000,34
LOG_SYS,12713000,33,0
CSV_LOG,12713000,33
LOG_FREE,12713000,129,27
LOG_SYS,12717000,33,0
CSV_LOG,12717000,33
LOG_SYS,12720000,33,0
CSV_LOG,12720000,33
LOG_SYS,12723000,33,0
CSV_LOG,12723000,33
LOG_SYS,12727000,32,0
CSV_LOG,12727000,32
LOG_FREE,12727000,125,1
LOG_SYS,12730000,32,0
CSV_LOG,12730000,32
LOG_SYS,12733000,32,0
CSV_LOG,12733000,32
LOG_SYS,12737000,32,0
CSV_LOG,12737000,32
LOG_ALLOC,12737000,134,1
LOG_SYS,12740000,33,0
CSV_LOG,12740000,33
LOG_ALLOC,12740000,134,17
LOG_HOST,12743000,225,2,0
LOG_SYS,12743000,34,0
CSV_LOG,12743000,34
LOG_ALLOC,12743000,134,27
LOG_SYS,12747000,35,0
CSV_LOG,12747000,35
LOG_ALLOC,12747000,134,30
LOG_SYS,12750000,36,0
CSV_LOG,12750000,36
LOG_ALLOC,12750000,134,36
LOG_SYS,12753000,37,0
CSV_LOG,12753000,37
LOG_SYS,12757000,37,0
CSV_LOG,12757000,37
LOG_SYS,12760000,37,0
CSV_LOG,12760000,37
LOG_SYS,12763000,37,0
CSV_LOG,12763000,37
LOG_SYS,12767000,37,0
CSV_LOG,12767000,37
LOG_SYS,12770000,37,0
CSV_LOG,12770000,37
LOG_SYS,12773000,37,0
CSV_LOG,12773000,37
LOG_SYS,12777000,37,0
CSV_LOG,12777000,37
LOG_SYS,12780000,37,0
CSV_LOG,12780000,37
LOG_SYS,12783000,37,0
CSV_LOG,12783000,37
LOG_SYS,12787000,37,0
CSV_LOG,12787000,37
LOG_SYS,12790000,37,0
CSV_LOG,12790000,37
LOG_SYS,12793000,37,0
CSV_LOG,12793000,37
LOG_HOST,12793000,226,1,0
LOG_SYS,12797000,37,0
CSV_LOG,12797000,37
LOG_SYS,12800000,37,0
CSV_LOG,12800000,37
LOG_SYS,12803000,37,0
CSV_LOG,12803000,37
LOG_SYS,12807000,37,0
CSV_LOG,12807000,37
LOG_SYS,12810000,37,0
CSV_LOG,12810000,37
LOG_SYS,12813000,37,0
CSV_LOG,12813000,37
LOG_SYS,12817000,37,0
CSV_LOG,12817000,37
LOG_SYS,12820000,37,0
CSV_LOG,12820000,37
LOG_SYS,12823000,37,0
CSV_LOG,12823000,37
LOG_SYS,12827000,37,0
CSV_LOG,12827000,37
LOG_SYS,12830000,37,0
CSV_LOG,12830000,37
LOG_SYS,12833000,36,0
CSV_LOG,12833000,36
LOG_FREE,12833000,124,12
LOG_SYS,12837000,36,0
CSV_LOG,12837000,36
LOG_SYS,12840000,36,0
CSV_LOG,12840000,36
LOG_SYS,12843000,36,0
CSV_LOG,12843000,36
LOG_SYS,12847000,36,0
CSV_LOG,12847000,36
LOG_SYS,12850000,36,0
CSV_LOG,12850000,36
LOG_SYS,12853000,35,0
CSV_LOG,12853000,35
LOG_FREE,12853000,127,20
LOG_HOST,12853000,227,1,0
LOG_SYS,12857000,34,0
CSV_LOG,12857000,34
LOG_FREE,12857000,90,24
LOG_SYS,12860000,34,0
CSV_LOG,12860000,34
LOG_SYS,12863000,34,0
CSV_LOG,12863000,34
LOG_SYS,12867000,34,0
CSV_LOG,12867000,34
LOG_ALLOC,12867000,135,12
LOG_SYS,12870000,35,0
CSV_LOG,12870000,35
LOG_ALLOC,12870000,135,20
LOG_SYS,12873000,36,0
CSV_LOG,12873000,36
LOG_ALLOC,12873000,135,24
LOG_SYS,12877000,37,0
CSV_LOG,12877000,37
LOG_SYS,12880000,37,0
CSV_LOG,12880000,37
LOG_SYS,12883000,36,0
CSV_LOG,12883000,36
LOG_FREE,12883000,129,26
LOG_SYS,12887000,36,0
CSV_LOG,12887000,36
LOG_SYS,12890000,36,0
CSV_LOG,12890000,36
LOG_SYS,12893000,35,0
CSV_LOG,12893000,35
LOG_FREE,12893000,134,27
LOG_HOST,12897000,228,4,0
LOG_SYS,12897000,35,0
CSV_LOG,12897000,35
LOG_SYS,12900000,34,0
CSV_LOG,12900000,34
LOG_FREE,12900000,127,18
LOG_SYS,12903000,34,0
CSV_LOG,12903000,34
LOG_SYS,12907000,34,0
CSV_LOG,12907000,34
LOG_SYS,12910000,34,0
CSV_LOG,12910000,34
LOG_SYS,12913000,34,0
CSV_LOG,12913000,34
LOG_SYS,12916000,34,0
CSV_LOG,12916000,34
LOG_SYS,12920000,34,0
CSV_LOG,12920000,34
LOG_SYS,12923000,34,0
CSV_LOG,12923000,34
LOG_SYS,12926000,34,0
CSV_LOG,12926000,34
LOG_SYS,12930000,33,0
CSV_LOG,12930000,33
LOG_FREE,12930000,132,21
LOG_SYS,12933000,33,0
CSV_LOG,12933000,33
LOG_SYS,12936000,33,0
CSV_LOG,12936000,33
LOG_SYS,12940000,33,0
CSV_LOG,12940000,33
LOG_SYS,12943000,33,0
CSV_LOG,12943000,33
LOG_SYS,12946000,32,0
CSV_LOG,12946000,32
LOG_FREE,12946000,127,13
LOG_SYS,12950000,32,0
CSV_LOG,12950000,32
LOG_SYS,12953000,31,0
CSV_LOG,12953000,31
LOG_FREE,12953000,129,29
LOG_SYS,12956000,31,0
CSV_LOG,12956000,31
LOG_SYS,12960000,31,0
CSV_LOG,12960000,31
LOG_HOST,12960000,229,2,228
LOG_SYS,12963000,31,0
CSV_LOG,12963000,31
LOG_SYS,12966000,31,0
CSV_LOG,12966000,31
LOG_SYS,12970000,31,0
CSV_LOG,12970000,31
LOG_SYS,12973000,30,0
CSV_LOG,12973000,30
LOG_FREE,12973000,133,34
LOG_SYS,12976000,30,0
CSV_LOG,12976000,30
LOG_SYS,12980000,30,0
CSV_LOG,12980000,30
LOG_SYS,12983000,30,0
CSV_LOG,12983000,30
LOG_SYS,12986000,30,0
CSV_LOG,12986000,30
LOG_SYS,12990000,30,0
CSV_LOG,12990000,30
LOG_SYS,12993000,30,0
CSV_LOG,12993000,30
LOG_SYS,12996000,30,0
CSV_LOG,12996000,30
LOG_SYS,13000000,30,0
CSV_LOG,13000000,30
LOG_SYS,13003000,30,0
CSV_LOG,13003000,30
LOG_SYS,13006000,30,0
CSV_LOG,13006000,30
LOG_SYS,13010000,30,0
CSV_LOG,13010000,30
LOG_SYS,13013000,30,0
CSV_LOG,13013000,30
LOG_SYS,13016000,30,0
CSV_LOG,13016000,30
LOG_SYS,13020000,30,0
CSV_LOG,13020000,30
LOG_HOST,13020000,230,3,0
LOG_SYS,13023000,30,0
CSV_LOG,13023000,30
LOG_SYS,13026000,30,0
CSV_LOG,13026000,30
LOG_SYS,13030000,30,0
CSV_LOG,13030000,30
LOG_SYS,13033000,30,0
CSV_LOG,13033000,30
LOG_SYS,13036000,30,0
CSV_LOG,13036000,30
LOG_SYS,13040000,30,0
CSV_LOG,13040000,30
LOG_HOST,13043000,231,3,0
LOG_SYS,13043000,30,0
CSV_LOG,13043000,30
LOG_SYS,13046000,30,0
CSV_LOG,13046000,30
LOG_SYS,13050000,30,0
CSV_LOG,13050000,30
LOG_SYS,13053000,30,0
CSV_LOG,13053000,30
LOG_SYS,13056000,30,0
CSV_LOG,13056000,30
LOG_SYS,13060000,30,0
CSV_LOG,13060000,30
LOG_SYS,13063000,29,0
CSV_LOG,13063000,29
LOG_FREE,13063000,127,14
LOG_SYS,13066000,29,0
CSV_LOG,13066000,29
LOG_SYS,13070000,28,0
CSV_LOG,13070000,28
LOG_FREE,13070000,135,24
LOG_SYS,13073000,28,0
CSV_LOG,13073000,28
LOG_SYS,13076000,28,0
CSV_LOG,13076000,28
LOG_SYS,13080000,28,0
CSV_LOG,13080000,28
LOG_SYS,13083000,28,0
CSV_LOG,13083000,28
LOG_SYS,13086000,28,0
CSV_LOG,13086000,28
LOG_SYS,13090000,28,0
CSV_LOG,13090000,28
LOG_SYS,13093000,28,0
CSV_LOG,13093000,28
LOG_SYS,13096000,28,0
CSV_LOG,13096000,28
LOG_SYS,13100000,28,0
CSV_LOG,13100000,28
LOG_SYS,13103000,28,0
CSV_LOG,13103000,28
LOG_SYS,13106000,27,0
CSV_LOG,13106000,27
LOG_FREE,13106000,128,25
LOG_HOST,13110000,232,4,0
LOG_SYS,13110000,27,0
CSV_LOG,13110000,27
LOG_SYS,13113000,26,0
CSV_LOG,13113000,26
LOG_FREE,13113000,124,0
LOG_SYS,13116000,25,0
CSV_LOG,13116000,25
LOG_FREE,13116000,133,32
LOG_SYS,13120000,25,0
CSV_LOG,13120000,25
LOG_SYS,13123000,25,0
CSV_LOG,13123000,25
LOG_SYS,13126000,25,0
CSV_LOG,13126000,25
LOG_SYS,13130000,25,0
CSV_LOG,13130000,25
LOG_SYS,13133000,25,0
CSV_LOG,13133000,25
LOG_HOST,13136000,233,2,232
LOG_SYS,13136000,25,0
CSV_LOG,13136000,25
LOG_SYS,13140000,25,0
CSV_LOG,13140000,25
LOG_SYS,13143000,25,0
CSV_LOG,13143000,25
LOG_SYS,13146000,24,0
CSV_LOG,13146000,24
LOG_FREE,13146000,129,28
LOG_SYS,13150000,24,0
CSV_LOG,13150000,24
LOG_SYS,13153000,23,0
CSV_LOG,13153000,23
LOG_ALLOC,13153000,130,0
LOG_FREE,13153000,127,19
LOG_SYS,13156000,24,0
CSV_LOG,13156000,24
LOG_ALLOC,13156000,136,13
LOG_SYS,13160000,25,0
CSV_LOG,13160000,25
LOG_ALLOC,13160000,136,14
LOG_SYS,13163000,26,0
CSV_LOG,13163000,26
LOG_ALLOC,13163000,136,18
LOG_SYS,13166000,27,0
CSV_LOG,13166000,27
LOG_ALLOC,13166000,136,19
LOG_HOST,13170000,234,2,0
LOG_SYS,13170000,28,0
CSV_LOG,13170000,28
LOG_ALLOC,13170000,136,21
LOG_SYS,13173000,29,0
CSV_LOG,13173000,29
LOG_SYS,13176000,29,0
CSV_LOG,13176000,29
LOG_SYS,13180000,29,0
CSV_LOG,13180000,29
LOG_SYS,13183000,29,0
CSV_LOG,13183000,29
LOG_SYS,13186000,29,0
CSV_LOG,13186000,29
LOG_SYS,13190000,29,0
CSV_LOG,13190000,29
LOG_SYS,13193000,29,0
CSV_LOG,13193000,29
LOG_SYS,13196000,29,0
CSV_LOG,13196000,29
LOG_SYS,13200000,29,0
CSV_LOG,13200000,29
LOG_SYS,13203000,29,0
CSV_LOG,13203000,29
LOG_SYS,13206000,28,0
CSV_LOG,13206000,28
LOG_FREE,13206000,134,17
LOG_SYS,13210000,28,0
CSV_LOG,13210000,28
LOG_SYS,13213000,28,0
CSV_LOG,13213000,28
LOG_SYS,13216000,28,0
CSV_LOG,13216000,28
LOG_SYS,13220000,28,0
CSV_LOG,13220000,28
LOG_SYS,13223000,28,0
CSV_LOG,13223000,28
LOG_SYS,13226000,28,0
CSV_LOG,13226000,28
LOG_SYS,13230000,28,0
CSV_LOG,13230000,28
LOG_SYS,13233000,27,0
CSV_LOG,13233000,27
LOG_FREE,13233000,127,4
LOG_SYS,13236000,26,0
CSV_LOG,13236000,26
LOG_FREE,13236000,132,31
LOG_SYS,13240000,25,0
CSV_LOG,13240000,25
LOG_FREE,13240000,136,18
LOG_SYS,13243000,24,0
CSV_LOG,13243000,24
LOG_ALLOC,13243000,137,4
LOG_FREE,13243000,132,22
LOG_SYS,13246000,25,0
CSV_LOG,13246000,25
LOG_ALLOC,13246000,137,17
LOG_SYS,13250000,26,0
CSV_LOG,13250000,26
LOG_ALLOC,13250000,137,18
LOG_SYS,13253000,27,0
CSV_LOG,13253000,27
LOG_ALLOC,13253000,137,22
LOG_HOST,13256000,235,1,0
LOG_SYS,13256000,27,0
CSV_LOG,13256000,27
LOG_ALLOC,13256000,137,5
LOG_FREE,13256000,117,5
LOG_SYS,13260000,28,0
CSV_LOG,13260000,28
LOG_ALLOC,13260000,137,24
LOG_SYS,13263000,29,0
CSV_LOG,13263000,29
LOG_SYS,13266000,29,0
CSV_LOG,13266000,29
LOG_SYS,13270000,29,0
CSV_LOG,13270000,29
LOG_SYS,13273000,29,0
CSV_LOG,13273000,29
LOG_SYS,13276000,29,0
CSV_LOG,13276000,29
LOG_SYS,13280000,28,0
CSV_LOG,13280000,28
LOG_FREE,13280000,133,33
LOG_SYS,13283000,28,0
CSV_LOG,13283000,28
LOG_SYS,13286000,28,0
CSV_LOG,13286000,28
LOG_SYS,13290000,28,0
CSV_LOG,13290000,28
LOG_SYS,13293000,28,0
CSV_LOG,13293000,28
LOG_SYS,13296000,28,0
CSV_LOG,13296000,28
LOG_SYS,13300000,28,0
CSV_LOG,13300000,28
LOG_HOST,13303000,236,8,235
LOG_SYS,13303000,27,0
CSV_LOG,13303000,27
LOG_FREE,13303000,132,16
LOG_SYS,13306000,27,0
CSV_LOG,13306000,27
LOG_SYS,13310000,26,0
CSV_LOG,13310000,26
LOG_FREE,13310000,134,36
LOG_SYS,13313000,26,0
CSV_LOG,13313000,26
LOG_SYS,13316000,26,0
CSV_LOG,13316000,26
LOG_SYS,13320000,26,0
CSV_LOG,13320000,26
LOG_SYS,13323000,25,0
CSV_LOG,13323000,25
LOG_FREE,13323000,124,11
LOG_SYS,13326000,25,0
CSV_LOG,13326000,25
LOG_HOST,13326000,237,2,0
LOG_SYS,13330000,25,0
CSV_LOG,13330000,25
LOG_SYS,13333000,25,0
CSV_LOG,13333000,25
LOG_SYS,13336000,25,0
CSV_LOG,13336000,25
LOG_SYS,13340000,25,0
CSV_LOG,13340000,25
LOG_SYS,13343000,25,0
CSV_LOG,13343000,25
LOG_SYS,13346000,25,0
CSV_LOG,13346000,25
LOG_SYS,13350000,25,0
CSV_LOG,13350000,25
LOG_SYS,13353000,25,0
CSV_LOG,13353000,25
LOG_SYS,13356000,25,0
CSV_LOG,13356000,25
LOG_SYS,13360000,25,0
CSV_LOG,13360000,25
LOG_SYS,13363000,25,0
CSV_LOG,13363000,25
LOG_SYS,13366000,25,0
CSV_LOG,13366000,25
LOG_SYS,13370000,25,0
CSV_LOG,13370000,25
LOG_SYS,13373000,24,0
CSV_LOG,13373000,24
LOG_FREE,13373000,136,19
LOG_SYS,13376000,24,0
CSV_LOG,13376000,24
LOG_SYS,13380000,23,0
CSV_LOG,13380000,23
LOG_FREE,13380000,121,7
LOG_SYS,13383000,23,0
CSV_LOG,13383000,23
LOG_SYS,13386000,23,0
CSV_LOG,13386000,23
LOG_ALLOC,13386000,122,7
LOG_SYS,13390000,24,0
CSV_LOG,13390000,24
LOG_ALLOC,13390000,138,11
LOG_SYS,13393000,24,0
CSV_LOG,13393000,24
LOG_ALLOC,13393000,138,4
LOG_FREE,13393000,137,4
LOG_SYS,13396000,24,0
CSV_LOG,13396000,24
LOG_ALLOC,13396000,122,16
LOG_FREE,13396000,128,23
LOG_SYS,13400000,25,0
CSV_LOG,13400000,25
LOG_ALLOC,13400000,122,19
LOG_HOST,13400000,238,5,0
LOG_SYS,13403000,26,0
CSV_LOG,13403000,26
LOG_ALLOC,13403000,122,23
LOG_SYS,13406000,27,0
CSV_LOG,13406000,27
LOG_ALLOC,13406000,139,25
LOG_SYS,13410000,28,0
CSV_LOG,13410000,28
LOG_ALLOC,13410000,139,26
LOG_SYS,13413000,29,0
CSV_LOG,13413000,29
LOG_ALLOC,13413000,139,27
LOG_SYS,13416000,30,0
CSV_LOG,13416000,30
LOG_ALLOC,13416000,139,28
LOG_SYS,13420000,31,0
CSV_LOG,13420000,31
LOG_ALLOC,13420000,139,29
LOG_SYS,13423000,32,0
CSV_LOG,13423000,32
LOG_ALLOC,13423000,139,31
LOG_SYS,13426000,33,0
CSV_LOG,13426000,33
LOG_ALLOC,13426000,139,32
LOG_SYS,13430000,34,0
CSV_LOG,13430000,34
LOG_ALLOC,13430000,139,33
LOG_SYS,13433000,35,0
CSV_LOG,13433000,35
LOG_ALLOC,13433000,122,34
LOG_SYS,13436000,36,0
CSV_LOG,13436000,36
LOG_SYS,13440000,36,0
CSV_LOG,13440000,36
LOG_SYS,13443000,36,0
CSV_LOG,13443000,36
LOG_SYS,13446000,36,0
CSV_LOG,13446000,36
LOG_SYS,13450000,36,0
CSV_LOG,13450000,36
LOG_SYS,13453000,36,0
CSV_LOG,13453000,36
LOG_SYS,13456000,36,0
CSV_LOG,13456000,36
LOG_SYS,13460000,36,0
CSV_LOG,13460000,36
LOG_HOST,13460000,239,6,0
LOG_SYS,13463000,36,0
CSV_LOG,13463000,36
LOG_SYS,13466000,36,0
CSV_LOG,13466000,36
LOG_SYS,13470000,36,0
CSV_LOG,13470000,36
LOG_SYS,13473000,36,0
CSV_LOG,13473000,36
LOG_SYS,13476000,36,0
CSV_LOG,13476000,36
LOG_SYS,13480000,35,0
CSV_LOG,13480000,35
LOG_FREE,13480000,135,20
LOG_SYS,13483000,35,0
CSV_LOG,13483000,35
LOG_SYS,13486000,35,0
CSV_LOG,13486000,35
LOG_SYS,13490000,35,0
CSV_LOG,13490000,35
LOG_SYS,13493000,35,0
CSV_LOG,13493000,35
LOG_SYS,13496000,35,0
CSV_LOG,13496000,35
LOG_SYS,13500000,35,0
CSV_LOG,13500000,35
LOG_SYS,13503000,35,0
CSV_LOG,13503000,35
LOG_SYS,13506000,35,0
CSV_LOG,13506000,35
LOG_SYS,13510000,35,0
CSV_LOG,13510000,35
LOG_SYS,13513000,35,0
CSV_LOG,13513000,35
LOG_SYS,13516000,34,0
CSV_LOG,13516000,34
LOG_FREE,13516000,122,19
LOG_SYS,13520000,34,0
CSV_LOG,13520000,34
LOG_SYS,13523000,34,0
CSV_LOG,13523000,34
LOG_SYS,13526000,34,0
CSV_LOG,13526000,34
LOG_SYS,13530000,34,0
CSV_LOG,13530000,34
LOG_SYS,13533000,34,0
CSV_LOG,13533000,34
LOG_SYS,13536000,34,0
CSV_LOG,13536000,34
LOG_SYS,13540000,33,0
CSV_LOG,13540000,33
LOG_FREE,13540000,139,31
LOG_SYS,13543000,33,0
CSV_LOG,13543000,33
LOG_SYS,13546000,32,0
CSV_LOG,13546000,32
LOG_FREE,13546000,122,34
LOG_HOST,13546000,240,3,0
LOG_SYS,13550000,31,0
CSV_LOG,13550000,31
LOG_FREE,13550000,139,25
LOG_SYS,13553000,30,0
CSV_LOG,13553000,30
LOG_FREE,13553000,133,35
LOG_SYS,13556000,30,0
CSV_LOG,13556000,30
LOG_SYS,13560000,30,0
CSV_LOG,13560000,30
LOG_SYS,13563000,30,0
CSV_LOG,13563000,30
LOG_ALLOC,13563000,140,19
LOG_SYS,13566000,31,0
CSV_LOG,13566000,31
LOG_ALLOC,13566000,140,20
LOG_SYS,13570000,32,0
CSV_LOG,13570000,32
LOG_ALLOC,13570000,140,25
LOG_SYS,13573000,33,0
CSV_LOG,13573000,33
LOG_ALLOC,13573000,140,31
LOG_SYS,13576000,33,0
CSV_LOG,13576000,33
LOG_ALLOC,13576000,140,20
LOG_FREE,13576000,140,20
LOG_SYS,13580000,33,0
CSV_LOG,13580000,33
LOG_ALLOC,13580000,140,11
LOG_FREE,13580000,138,11
LOG_SYS,13583000,34,0
CSV_LOG,13583000,34
LOG_SYS,13586000,34,0
CSV_LOG,13586000,34
LOG_SYS,13590000,34,0
CSV_LOG,13590000,34
LOG_SYS,13593000,33,0
CSV_LOG,13593000,33
LOG_FREE,13593000,136,13
LOG_SYS,13596000,33,0
CSV_LOG,13596000,33
LOG_SYS,13600000,33,0
CSV_LOG,13600000,33
LOG_SYS,13603000,33,0
CSV_LOG,13603000,33
LOG_SYS,13606000,33,0
CSV_LOG,13606000,33
LOG_SYS,13610000,33,0
CSV_LOG,13610000,33
LOG_SYS,13613000,33,0
CSV_LOG,13613000,33
LOG_SYS,13616000,32,0
CSV_LOG,13616000,32
LOG_FREE,13616000,122,16
LOG_SYS,13620000,32,0
CSV_LOG,13620000,32
LOG_SYS,13623000,32,0
CSV_LOG,13623000,32
LOG_SYS,13626000,31,0
CSV_LOG,13626000,31
LOG_FREE,13626000,132,15
LOG_HOST,13626000,241,2,0
LOG_SYS,13630000,31,0
CSV_LOG,13630000,31
LOG_SYS,13633000,31,0
CSV_LOG,13633000,31
LOG_SYS,13636000,31,0
CSV_LOG,13636000,31
LOG_ALLOC,13636000,141,13
LOG_SYS,13640000,32,0
CSV_LOG,13640000,32
LOG_ALLOC,13640000,141,15
LOG_SYS,13643000,33,0
CSV_LOG,13643000,33
LOG_ALLOC,13643000,141,16
LOG_SYS,13646000,34,0
CSV_LOG,13646000,34
LOG_ALLOC,13646000,141,34
LOG_SYS,13650000,35,0
CSV_LOG,13650000,35
LOG_SYS,13653000,34,0
CSV_LOG,13653000,34
LOG_FREE,13653000,139,32
LOG_SYS,13656000,34,0
CSV_LOG,13656000,34
LOG_SYS,13660000,34,0
CSV_LOG,13660000,34
LOG_SYS,13663000,34,0
CSV_LOG,13663000,34
LOG_SYS,13666000,34,0
CSV_LOG,13666000,34
LOG_SYS,13670000,34,0
CSV_LOG,13670000,34
LOG_SYS,13673000,34,0
CSV_LOG,13673000,34
LOG_SYS,13676000,34,0
CSV_LOG,13676000,34
LOG_SYS,13680000,34,0
CSV_LOG,13680000,34
LOG_HOST,13680000,242,4,0
LOG_SYS,13683000,34,0
CSV_LOG,13683000,34
LOG_SYS,13686000,34,0
CSV_LOG,13686000,34
LOG_SYS,13690000,34,0
CSV_LOG,13690000,34
LOG_SYS,13693000,34,0
CSV_LOG,13693000,34
LOG_SYS,13696000,34,0
CSV_LOG,13696000,34
LOG_SYS,13700000,33,0
CSV_LOG,13700000,33
LOG_FREE,13700000,107,2
LOG_SYS,13703000,33,0
CSV_LOG,13703000,33
LOG_SYS,13706000,33,0
CSV_LOG,13706000,33
LOG_ALLOC,13706000,108,2
LOG_SYS,13710000,34,0
CSV_LOG,13710000,34
LOG_ALLOC,13710000,142,32
LOG_SYS,13713000,35,0
CSV_LOG,13713000,35
LOG_ALLOC,13713000,108,35
LOG_SYS,13716000,36,0
CSV_LOG,13716000,36
LOG_ALLOC,13716000,108,36
LOG_SYS,13720000,37,0
CSV_LOG,13720000,37
LOG_ALLOC,13720000,108,37
LOG_SYS,13723000,38,0
CSV_LOG,13723000,38
LOG_SYS,13726000,37,0
CSV_LOG,13726000,37
LOG_FREE,13726000,137,17
LOG_SYS,13730000,37,0
CSV_LOG,13730000,37
LOG_SYS,13733000,37,0
CSV_LOG,13733000,37
LOG_SYS,13736000,37,0
CSV_LOG,13736000,37
LOG_SYS,13740000,36,0
CSV_LOG,13740000,36
LOG_FREE,13740000,130,0
LOG_SYS,13743000,36,0
CSV_LOG,13743000,36
LOG_SYS,13746000,36,0
CSV_LOG,13746000,36
LOG_SYS,13749000,36,0
CSV_LOG,13749000,36
LOG_ALLOC,13749000,143,0
LOG_SYS,13753000,36,0
CSV_LOG,13753000,36
LOG_ALLOC,13753000,143,17
LOG_FREE,13753000,139,27
LOG_HOST,13756000,243,3,242
LOG_SYS,13756000,37,0
CSV_LOG,13756000,37
LOG_ALLOC,13756000,143,27
LOG_SYS,13759000,38,0
CSV_LOG,13759000,38
LOG_ALLOC,13759000,143,38
LOG_SYS,13763000,39,0
CSV_LOG,13763000,39
LOG_ALLOC,13763000,143,39
LOG_SYS,13766000,40,0
CSV_LOG,13766000,40
LOG_ALLOC,13766000,143,40
LOG_SYS,13769000,41,0
CSV_LOG,13769000,41
LOG_ALLOC,13769000,143,41
LOG_SYS,13773000,42,0
CSV_LOG,13773000,42
LOG_SYS,13776000,42,0
CSV_LOG,13776000,42
LOG_SYS,13779000,42,0
CSV_LOG,13779000,42
LOG_SYS,13783000,42,0
CSV_LOG,13783000,42
LOG_SYS,13786000,41,0
CSV_LOG,13786000,41
LOG_FREE,13786000,141,15
LOG_SYS,13789000,41,0
CSV_LOG,13789000,41
LOG_SYS,13793000,40,0
CSV_LOG,13793000,40
LOG_FREE,13793000,124,10
LOG_SYS,13796000,40,0
CSV_LOG,13796000,40
LOG_SYS,13799000,40,0
CSV_LOG,13799000,40
LOG_SYS,13803000,40,0
CSV_LOG,13803000,40
LOG_SYS,13806000,39,0
CSV_LOG,13806000,39
LOG_FREE,13806000,139,29
LOG_SYS,13809000,38,0
CSV_LOG,13809000,38
LOG_FREE,13809000,134,1
LOG_SYS,13813000,37,0
CSV_LOG,13813000,37
LOG_FREE,13813000,136,21
LOG_SYS,13816000,37,0
CSV_LOG,13816000,37
LOG_SYS,13819000,37,0
CSV_LOG,13819000,37
LOG_SYS,13823000,37,0
CSV_LOG,13823000,37
LOG_SYS,13826000,37,0
CSV_LOG,13826000,37
LOG_SYS,13829000,37,0
CSV_LOG,13829000,37
LOG_SYS,13833000,36,0
CSV_LOG,13833000,36
LOG_FREE,13833000,117,9
LOG_HOST,13833000,244,4,243
LOG_SYS,13836000,36,0
CSV_LOG,13836000,36
LOG_SYS,13839000,36,0
CSV_LOG,13839000,36
LOG_SYS,13843000,36,0
CSV_LOG,13843000,36
LOG_SYS,13846000,36,0
CSV_LOG,13846000,36
LOG_SYS,13849000,36,0
CSV_LOG,13849000,36
LOG_SYS,13853000,35,0
CSV_LOG,13853000,35
LOG_FREE,13853000,141,13
LOG_SYS,13856000,35,0
CSV_LOG,13856000,35
LOG_SYS,13859000,35,0
CSV_LOG,13859000,35
LOG_SYS,13863000,35,0
CSV_LOG,13863000,35
LOG_SYS,13866000,35,0
CSV_LOG,13866000,35
LOG_SYS,13869000,35,0
CSV_LOG,13869000,35
LOG_SYS,13873000,35,0
CSV_LOG,13873000,35
LOG_SYS,13876000,34,0
CSV_LOG,13876000,34
LOG_FREE,13876000,124,8
LOG_SYS,13879000,34,0
CSV_LOG,13879000,34
LOG_SYS,13883000,34,0
CSV_LOG,13883000,34
LOG_SYS,13886000,34,0
CSV_LOG,13886000,34
LOG_ALLOC,13886000,145,1
LOG_SYS,13889000,34,0
CSV_LOG,13889000,34
LOG_ALLOC,13889000,145,8
LOG_FREE,13889000,141,16
LOG_SYS,13893000,35,0
CSV_LOG,13893000,35
LOG_ALLOC,13893000,145,9
LOG_SYS,13896000,36,0
CSV_LOG,13896000,36
LOG_ALLOC,13896000,145,10
LOG_SYS,13899000,37,0
CSV_LOG,13899000,37
LOG_ALLOC,13899000,145,13
LOG_HOST,13903000,245,6,0
LOG_SYS,13903000,38,0
CSV_LOG,13903000,38
LOG_ALLOC,13903000,145,15
LOG_SYS,13906000,39,0
CSV_LOG,13906000,39
LOG_ALLOC,13906000,145,16
LOG_SYS,13909000,39,0
CSV_LOG,13909000,39
LOG_FREE,13909000,136,14
LOG_SYS,13913000,38,0
CSV_LOG,13913000,38
LOG_FREE,13913000,135,12
LOG_SYS,13916000,38,0
CSV_LOG,13916000,38
LOG_SYS,13919000,38,0
CSV_LOG,13919000,38
LOG_ALLOC,13919000,146,12
LOG_SYS,13923000,38,0
CSV_LOG,13923000,38
LOG_ALLOC,13923000,146,5
LOG_FREE,13923000,137,5
LOG_SYS,13926000,38,0
CSV_LOG,13926000,38
LOG_ALLOC,13926000,146,0
LOG_FREE,13926000,143,0
LOG_SYS,13929000,38,0
CSV_LOG,13929000,38
LOG_ALLOC,13929000,146,6
LOG_FREE,13929000,111,6
LOG_SYS,13933000,39,0
CSV_LOG,13933000,39
LOG_ALLOC,13933000,146,14
LOG_SYS,13936000,40,0
CSV_LOG,13936000,40
LOG_ALLOC,13936000,146,21
LOG_SYS,13939000,41,0
CSV_LOG,13939000,41
LOG_ALLOC,13939000,146,29
LOG_SYS,13943000,42,0
CSV_LOG,13943000,42
LOG_ALLOC,13943000,146,42
LOG_SYS,13946000,42,0
CSV_LOG,13946000,42
LOG_ALLOC,13946000,147,34
LOG_FREE,13946000,141,34
LOG_HOST,13946000,246,5,0
LOG_SYS,13949000,43,0
CSV_LOG,13949000,43
LOG_ALLOC,13949000,147,43
LOG_SYS,13953000,44,0
CSV_LOG,13953000,44
LOG_ALLOC,13953000,147,44
LOG_SYS,13956000,45,0
CSV_LOG,13956000,45
LOG_ALLOC,13956000,149,45
LOG_SYS,13959000,46,0
CSV_LOG,13959000,46
LOG_ALLOC,13959000,149,46
LOG_SYS,13963000,47,0
CSV_LOG,13963000,47
LOG_ALLOC,13963000,149,47
LOG_SYS,13966000,47,0
CSV_LOG,13966000,47
LOG_ALLOC,13966000,147,38
LOG_FREE,13966000,143,38
LOG_SYS,13969000,48,0
CSV_LOG,13969000,48
LOG_SYS,13973000,48,0
CSV_LOG,13973000,48
LOG_SYS,13976000,47,0
CSV_LOG,13976000,47
LOG_FREE,13976000,145,10
LOG_SYS,13979000,47,0
CSV_LOG,13979000,47
LOG_SYS,13983000,47,0
CSV_LOG,13983000,47
LOG_SYS,13986000,47,0
CSV_LOG,13986000,47
LOG_SYS,13989000,47,0
CSV_LOG,13989000,47
LOG_SYS,13993000,47,0
CSV_LOG,13993000,47
LOG_SYS,13996000,47,0
CSV_LOG,13996000,47
LOG_SYS,13999000,47,0
CSV_LOG,13999000,47
LOG_SYS,14003000,47,0
CSV_LOG,14003000,47
LOG_SYS,14006000,46,0
CSV_LOG,14006000,46
LOG_FREE,14006000,147,44
LOG_SYS,14009000,46,0
CSV_LOG,14009000,46
LOG_SYS,14013000,46,0
CSV_LOG,14013000,46
LOG_SYS,14016000,46,0
CSV_LOG,14016000,46
LOG_SYS,14019000,46,0
CSV_LOG,14019000,46
LOG_SYS,14023000,46,0
CSV_LOG,14023000,46
LOG_SYS,14026000,46,0
CSV_LOG,14026000,46
LOG_HOST,14029000,247,8,0
LOG_SYS,14029000,46,0
CSV_LOG,14029000,46
LOG_SYS,14033000,45,0
CSV_LOG,14033000,45
LOG_FREE,14033000,145,15
LOG_SYS,14036000,45,0
CSV_LOG,14036000,45
LOG_SYS,14039000,45,0
CSV_LOG,14039000,45
LOG_SYS,14043000,45,0
CSV_LOG,14043000,45
LOG_SYS,14046000,45,0
CSV_LOG,14046000,45
LOG_SYS,14049000,45,0
CSV_LOG,14049000,45
LOG_SYS,14053000,45,0
CSV_LOG,14053000,45
LOG_HOST,14053000,248,4,0
LOG_SYS,14056000,45,0
CSV_LOG,14056000,45
LOG_SYS,14059000,44,0
CSV_LOG,14059000,44
LOG_FREE,14059000,139,26
LOG_SYS,14063000,44,0
CSV_LOG,14063000,44
LOG_SYS,14066000,44,0
CSV_LOG,14066000,44
LOG_SYS,14069000,43,0
CSV_LOG,14069000,43
LOG_FREE,14069000,146,6
LOG_SYS,14073000,43,0
CSV_LOG,14073000,43
LOG_SYS,14076000,43,0
CSV_LOG,14076000,43
LOG_SYS,14079000,42,0
CSV_LOG,14079000,42
LOG_FREE,14079000,143,17
LOG_SYS,14083000,42,0
CSV_LOG,14083000,42
LOG_SYS,14086000,42,0
CSV_LOG,14086000,42
LOG_SYS,14089000,42,0
CSV_LOG,14089000,42
LOG_SYS,14093000,42,0
CSV_LOG,14093000,42
LOG_HOST,14093000,249,7,0
LOG_SYS,14096000,42,0
CSV_LOG,14096000,42
LOG_SYS,14099000,42,0
CSV_LOG,14099000,42
LOG_SYS,14103000,41,0
CSV_LOG,14103000,41
LOG_FREE,14103000,145,1
LOG_SYS,14106000,41,0
CSV_LOG,14106000,41
LOG_SYS,14109000,40,0
CSV_LOG,14109000,40
LOG_FREE,14109000,134,30
LOG_SYS,14113000,40,0
CSV_LOG,14113000,40
LOG_SYS,14116000,39,0
CSV_LOG,14116000,39
LOG_FREE,14116000,140,25
LOG_SYS,14119000,38,0
CSV_LOG,14119000,38
LOG_FREE,14119000,143,27
LOG_SYS,14123000,37,0
CSV_LOG,14123000,37
LOG_FREE,14123000,140,20
LOG_SYS,14126000,36,0
CSV_LOG,14126000,36
LOG_FREE,14126000,146,0
LOG_SYS,14129000,35,0
CSV_LOG,14129000,35
LOG_FREE,14129000,147,34
LOG_SYS,14133000,34,0
CSV_LOG,14133000,34
LOG_FREE,14133000,137,18
LOG_SYS,14136000,34,0
CSV_LOG,14136000,34
LOG_SYS,14139000,34,0
CSV_LOG,14139000,34
LOG_SYS,14143000,34,0
CSV_LOG,14143000,34
LOG_SYS,14146000,33,0
CSV_LOG,14146000,33
LOG_FREE,14146000,139,28
LOG_SYS,14149000,33,0
CSV_LOG,14149000,33
LOG_SYS,14153000,33,0
CSV_LOG,14153000,33
LOG_SYS,14156000,33,0
CSV_LOG,14156000,33
LOG_SYS,14159000,33,0
CSV_LOG,14159000,33
LOG_SYS,14163000,33,0
CSV_LOG,14163000,33
LOG_SYS,14166000,33,0
CSV_LOG,14166000,33
LOG_HOST,14166000,250,5,0
LOG_SYS,14169000,33,0
CSV_LOG,14169000,33
LOG_SYS,14173000,33,0
CSV_LOG,14173000,33
LOG_SYS,14176000,33,0
CSV_LOG,14176000,33
LOG_SYS,14179000,33,0
CSV_LOG,14179000,33
LOG_SYS,14183000,33,0
CSV_LOG,14183000,33
LOG_SYS,14186000,32,0
CSV_LOG,14186000,32
LOG_FREE,14186000,146,5
LOG_SYS,14189000,31,0
CSV_LOG,14189000,31
LOG_FREE,14189000,147,43
LOG_SYS,14193000,31,0
CSV_LOG,14193000,31
LOG_SYS,14196000,31,0
CSV_LOG,14196000,31
LOG_SYS,14199000,31,0
CSV_LOG,14199000,31
LOG_SYS,14203000,31,0
CSV_LOG,14203000,31
LOG_SYS,14206000,31,0
CSV_LOG,14206000,31
LOG_SYS,14209000,31,0
CSV_LOG,14209000,31
LOG_SYS,14213000,31,0
CSV_LOG,14213000,31
LOG_SYS,14216000,31,0
CSV_LOG,14216000,31
LOG_SYS,14219000,31,0
CSV_LOG,14219000,31
LOG_SYS,14223000,30,0
CSV_LOG,14223000,30
LOG_FREE,14223000,131,3
LOG_SYS,14226000,29,0
CSV_LOG,14226000,29
LOG_FREE,14226000,140,11
LOG_HOST,14229000,251,7,250
LOG_SYS,14229000,28,0
CSV_LOG,14229000,28
LOG_FREE,14229000,143,40
LOG_SYS,14233000,27,0
CSV_LOG,14233000,27
LOG_ALLOC,14233000,151,0
LOG_FREE,14233000,143,41
LOG_SYS,14236000,28,0
CSV_LOG,14236000,28
LOG_ALLOC,14236000,151,1
LOG_SYS,14239000,29,0
CSV_LOG,14239000,29
LOG_ALLOC,14239000,151,3
LOG_SYS,14243000,30,0
CSV_LOG,14243000,30
LOG_ALLOC,14243000,151,5
LOG_SYS,14246000,31,0
CSV_LOG,14246000,31
LOG_ALLOC,14246000,151,6
LOG_SYS,14249000,32,0
CSV_LOG,14249000,32
LOG_ALLOC,14249000,151,10
LOG_SYS,14253000,33,0
CSV_LOG,14253000,33
LOG_ALLOC,14253000,151,11
LOG_SYS,14256000,34,0
CSV_LOG,14256000,34
LOG_ALLOC,14256000,151,15
LOG_SYS,14259000,35,0
CSV_LOG,14259000,35
LOG_HOST,14263000,252,4,0
LOG_SYS,14263000,35,0
CSV_LOG,14263000,35
LOG_SYS,14266000,35,0
CSV_LOG,14266000,35
LOG_SYS,14269000,34,0
CSV_LOG,14269000,34
LOG_FREE,14269000,146,14
LOG_SYS,14273000,34,0
CSV_LOG,14273000,34
LOG_SYS,14276000,33,0
CSV_LOG,14276000,33
LOG_FREE,14276000,122,23
LOG_SYS,14279000,33,0
CSV_LOG,14279000,33
LOG_SYS,14283000,32,0
CSV_LOG,14283000,32
LOG_FREE,14283000,138,4
LOG_SYS,14286000,32,0
CSV_LOG,14286000,32
LOG_SYS,14289000,32,0
CSV_LOG,14289000,32
LOG_SYS,14293000,31,0
CSV_LOG,14293000,31
LOG_ALLOC,14293000,152,4
LOG_FREE,14293000,122,7
LOG_SYS,14296000,32,0
CSV_LOG,14296000,32
LOG_ALLOC,14296000,152,7
LOG_SYS,14299000,33,0
CSV_LOG,14299000,33
LOG_ALLOC,14299000,152,14
LOG_SYS,14303000,34,0
CSV_LOG,14303000,34
LOG_ALLOC,14303000,152,17
LOG_SYS,14306000,35,0
CSV_LOG,14306000,35
LOG_ALLOC,14306000,152,18
LOG_HOST,14306000,253,3,0
LOG_SYS,14309000,36,0
CSV_LOG,14309000,36
LOG_ALLOC,14309000,152,20
LOG_SYS,14313000,37,0
CSV_LOG,14313000,37
LOG_ALLOC,14313000,152,23
LOG_SYS,14316000,38,0
CSV_LOG,14316000,38
LOG_ALLOC,14316000,153,25
LOG_SYS,14319000,39,0
CSV_LOG,14319000,39
LOG_ALLOC,14319000,153,26
LOG_SYS,14323000,39,0
CSV_LOG,14323000,39
LOG_ALLOC,14323000,153,27
LOG_FREE,14323000,139,33
LOG_SYS,14326000,39,0
CSV_LOG,14326000,39
LOG_ALLOC,14326000,153,28
LOG_FREE,14326000,149,45
LOG_HOST,14329000,254,4,253
LOG_SYS,14329000,40,0
CSV_LOG,14329000,40
LOG_ALLOC,14329000,153,30
LOG_SYS,14333000,41,0
CSV_LOG,14333000,41
LOG_ALLOC,14333000,154,33
LOG_SYS,14336000,41,0
CSV_LOG,14336000,41
LOG_ALLOC,14336000,154,29
LOG_FREE,14336000,146,29
LOG_SYS,14339000,42,0
CSV_LOG,14339000,42
LOG_ALLOC,14339000,154,34
LOG_SYS,14343000,43,0
CSV_LOG,14343000,43
LOG_ALLOC,14343000,154,40
LOG_SYS,14346000,43,0
CSV_LOG,14346000,43
LOG_ALLOC,14346000,153,37
LOG_FREE,14346000,108,37
LOG_SYS,14349000,44,0
CSV_LOG,14349000,44
LOG_SYS,14353000,44,0
CSV_LOG,14353000,44
LOG_SYS,14356000,43,0
CSV_LOG,14356000,43
LOG_FREE,14356000,151,0
LOG_SYS,14359000,43,0
CSV_LOG,14359000,43
LOG_SYS,14363000,43,0
CSV_LOG,14363000,43
LOG_SYS,14366000,43,0
CSV_LOG,14366000,43
LOG_SYS,14369000,43,0
CSV_LOG,14369000,43
LOG_SYS,14373000,43,0
CSV_LOG,14373000,43
LOG_HOST,14376000,255,6,0
LOG_SYS,14376000,43,0
CSV_LOG,14376000,43
LOG_SYS,14379000,42,0
CSV_LOG,14379000,42
LOG_FREE,14379000,108,36
LOG_SYS,14383000,42,0
CSV_LOG,14383000,42
LOG_SYS,14386000,42,0
CSV_LOG,14386000,42
LOG_SYS,14389000,42,0
CSV_LOG,14389000,42
LOG_SYS,14393000,41,0
CSV_LOG,14393000,41
LOG_FREE,14393000,153,25
LOG_SYS,14396000,41,0
CSV_LOG,14396000,41
LOG_SYS,14399000,41,0
CSV_LOG,14399000,41
LOG_SYS,14403000,41,0
CSV_LOG,14403000,41
LOG_SYS,14406000,41,0
CSV_LOG,14406000,41
LOG_SYS,14409000,40,0
CSV_LOG,14409000,40
LOG_FREE,14409000,154,29
LOG_SYS,14413000,40,0
CSV_LOG,14413000,40
LOG_SYS,14416000,39,0
CSV_LOG,14416000,39
LOG_FREE,14416000,154,33
LOG_SYS,14419000,39,0
CSV_LOG,14419000,39
LOG_SYS,14423000,39,0
CSV_LOG,14423000,39
LOG_SYS,14426000,39,0
CSV_LOG,14426000,39
LOG_SYS,14429000,39,0
CSV_LOG,14429000,39
LOG_SYS,14433000,39,0
CSV_LOG,14433000,39
LOG_SYS,14436000,39,0
CSV_LOG,14436000,39
LOG_SYS,14439000,39,0
CSV_LOG,14439000,39
LOG_SYS,14443000,39,0
CSV_LOG,14443000,39
LOG_SYS,14446000,39,0
CSV_LOG,14446000,39
LOG_SYS,14449000,38,0
CSV_LOG,14449000,38
LOG_FREE,14449000,152,7
LOG_SYS,14453000,38,0
CSV_LOG,14453000,38
LOG_HOST,14456000,256,6,0
LOG_SYS,14456000,38,0
CSV_LOG,14456000,38
LOG_SYS,14459000,38,0
CSV_LOG,14459000,38
LOG_SYS,14463000,38,0
CSV_LOG,14463000,38
LOG_SYS,14466000,38,0
CSV_LOG,14466000,38
LOG_SYS,14469000,37,0
CSV_LOG,14469000,37
LOG_FREE,14469000,145,16
LOG_SYS,14473000,37,0
CSV_LOG,14473000,37
LOG_SYS,14476000,37,0
CSV_LOG,14476000,37
LOG_SYS,14479000,37,0
CSV_LOG,14479000,37
LOG_SYS,14483000,37,0
CSV_LOG,14483000,37
LOG_SYS,14486000,36,0
CSV_LOG,14486000,36
LOG_FREE,14486000,145,8
LOG_SYS,14489000,36,0
CSV_LOG,14489000,36
LOG_SYS,14493000,36,0
CSV_LOG,14493000,36
LOG_SYS,14496000,36,0
CSV_LOG,14496000,36
LOG_SYS,14499000,36,0
CSV_LOG,14499000,36
LOG_HOST,14503000,257,6,0
LOG_SYS,14503000,36,0
CSV_LOG,14503000,36
LOG_SYS,14506000,36,0
CSV_LOG,14506000,36
LOG_SYS,14509000,36,0
CSV_LOG,14509000,36
LOG_SYS,14513000,36,0
CSV_LOG,14513000,36
LOG_SYS,14516000,36,0
CSV_LOG,14516000,36
LOG_SYS,14519000,36,0
CSV_LOG,14519000,36
LOG_SYS,14523000,36,0
CSV_LOG,14523000,36
LOG_SYS,14526000,36,0
CSV_LOG,14526000,36
LOG_SYS,14529000,36,0
CSV_LOG,14529000,36
LOG_SYS,14533000,36,0
CSV_LOG,14533000,36
LOG_HOST,14533000,258,2,0
LOG_SYS,14536000,36,0
CSV_LOG,14536000,36
LOG_SYS,14539000,36,0
CSV_LOG,14539000,36
LOG_SYS,14543000,36,0
CSV_LOG,14543000,36
LOG_SYS,14546000,36,0
CSV_LOG,14546000,36
LOG_SYS,14549000,36,0
CSV_LOG,14549000,36
LOG_SYS,14553000,35,0
CSV_LOG,14553000,35
LOG_FREE,14553000,142,32
LOG_SYS,14556000,35,0
CSV_LOG,14556000,35
LOG_SYS,14559000,35,0
CSV_LOG,14559000,35
LOG_SYS,14563000,35,0
CSV_LOG,14563000,35
LOG_ALLOC,14563000,155,0
LOG_SYS,14566000,36,0
CSV_LOG,14566000,36
LOG_ALLOC,14566000,155,7
LOG_SYS,14569000,36,0
CSV_LOG,14569000,36
LOG_ALLOC,14569000,155,8
LOG_FREE,14569000,152,18
LOG_SYS,14573000,36,0
CSV_LOG,14573000,36
LOG_ALLOC,14573000,155,16
LOG_FREE,14573000,146,21
LOG_SYS,14576000,37,0
CSV_LOG,14576000,37
LOG_ALLOC,14576000,155,18
LOG_SYS,14579000,38,0
CSV_LOG,14579000,38
LOG_ALLOC,14579000,155,21
LOG_SYS,14582000,39,0
CSV_LOG,14582000,39
LOG_ALLOC,14582000,155,25
LOG_SYS,14586000,40,0
CSV_LOG,14586000,40
LOG_SYS,14589000,40,0
CSV_LOG,14589000,40
LOG_SYS,14592000,40,0
CSV_LOG,14592000,40
LOG_SYS,14596000,40,0
CSV_LOG,14596000,40
LOG_SYS,14599000,40,0
CSV_LOG,14599000,40
LOG_SYS,14602000,39,0
CSV_LOG,14602000,39
LOG_FREE,14602000,143,39
LOG_SYS,14606000,39,0
CSV_LOG,14606000,39
LOG_HOST,14606000,259,8,0
LOG_SYS,14609000,39,0
CSV_LOG,14609000,39
LOG_ALLOC,14609000,144,29
LOG_SYS,14612000,40,0
CSV_LOG,14612000,40
LOG_ALLOC,14612000,156,32
LOG_SYS,14616000,41,0
CSV_LOG,14616000,41
LOG_ALLOC,14616000,156,33
LOG_SYS,14619000,42,0
CSV_LOG,14619000,42
LOG_ALLOC,14619000,156,36
LOG_SYS,14622000,43,0
CSV_LOG,14622000,43
LOG_ALLOC,14622000,156,39
LOG_SYS,14626000,43,0
CSV_LOG,14626000,43
LOG_ALLOC,14626000,156,38
LOG_FREE,14626000,147,38
LOG_SYS,14629000,44,0
CSV_LOG,14629000,44
LOG_SYS,14632000,44,0
CSV_LOG,14632000,44
LOG_ALLOC,14632000,148,41
LOG_SYS,14636000,45,0
CSV_LOG,14636000,45
LOG_ALLOC,14636000,148,43
LOG_SYS,14639000,46,0
CSV_LOG,14639000,46
LOG_ALLOC,14639000,148,44
LOG_SYS,14642000,47,0
CSV_LOG,14642000,47
LOG_ALLOC,14642000,148,45
LOG_SYS,14646000,48,0
CSV_LOG,14646000,48
LOG_ALLOC,14646000,148,48
LOG_SYS,14649000,48,0
CSV_LOG,14649000,48
LOG_ALLOC,14649000,148,24
LOG_FREE,14649000,137,24
LOG_SYS,14652000,48,0
CSV_LOG,14652000,48
LOG_ALLOC,14652000,157,10
LOG_FREE,14652000,151,10
LOG_SYS,14656000,49,0
CSV_LOG,14656000,49
LOG_ALLOC,14656000,157,49
LOG_SYS,14659000,50,0
CSV_LOG,14659000,50
LOG_ALLOC,14659000,157,50
LOG_HOST,14659000,260,5,0
LOG_SYS,14662000,51,0
CSV_LOG,14662000,51
LOG_ALLOC,14662000,157,51
LOG_SYS,14666000,52,0
CSV_LOG,14666000,52
LOG_SYS,14669000,52,0
CSV_LOG,14669000,52
LOG_SYS,14672000,52,0
CSV_LOG,14672000,52
LOG_SYS,14676000,51,0
CSV_LOG,14676000,51
LOG_FREE,14676000,152,4
LOG_SYS,14679000,51,0
CSV_LOG,14679000,51
LOG_SYS,14682000,51,0
CSV_LOG,14682000,51
LOG_SYS,14686000,51,0
CSV_LOG,14686000,51
LOG_HOST,14689000,261,1,0
LOG_SYS,14689000,51,0
CSV_LOG,14689000,51
LOG_SYS,14692000,51,0
CSV_LOG,14692000,51
LOG_SYS,14696000,51,0
CSV_LOG,14696000,51
LOG_SYS,14699000,51,0
CSV_LOG,14699000,51
LOG_SYS,14702000,51,0
CSV_LOG,14702000,51
LOG_SYS,14706000,51,0
CSV_LOG,14706000,51
LOG_SYS,14709000,51,0
CSV_LOG,14709000,51
LOG_SYS,14712000,51,0
CSV_LOG,14712000,51
LOG_SYS,14716000,50,0
CSV_LOG,14716000,50
LOG_FREE,14716000,155,8
LOG_SYS,14719000,49,0
CSV_LOG,14719000,49
LOG_FREE,14719000,155,16
LOG_SYS,14722000,48,0
CSV_LOG,14722000,48
LOG_FREE,14722000,145,13
LOG_SYS,14726000,47,0
CSV_LOG,14726000,47
LOG_FREE,14726000,140,31
LOG_SYS,14729000,47,0
CSV_LOG,14729000,47
LOG_SYS,14732000,47,0
CSV_LOG,14732000,47
LOG_SYS,14736000,47,0
CSV_LOG,14736000,47
LOG_SYS,14739000,46,0
CSV_LOG,14739000,46
LOG_FREE,14739000,152,14
LOG_SYS,14742000,45,0
CSV_LOG,14742000,45
LOG_FREE,14742000,152,17
LOG_SYS,14746000,45,0
CSV_LOG,14746000,45
LOG_SYS,14749000,45,0
CSV_LOG,14749000,45
LOG_SYS,14752000,45,0
CSV_LOG,14752000,45
LOG_SYS,14756000,45,0
CSV_LOG,14756000,45
LOG_SYS,14759000,45,0
CSV_LOG,14759000,45
LOG_SYS,14762000,45,0
CSV_LOG,14762000,45
LOG_SYS,14766000,45,0
CSV_LOG,14766000,45
LOG_HOST,14769000,262,7,0
LOG_SYS,14769000,45,0
CSV_LOG,14769000,45
LOG_SYS,14772000,45,0
CSV_LOG,14772000,45
LOG_SYS,14776000,45,0
CSV_LOG,14776000,45
LOG_SYS,14779000,45,0
CSV_LOG,14779000,45
LOG_SYS,14782000,44,0
CSV_LOG,14782000,44
LOG_FREE,14782000,153,37
LOG_SYS,14786000,44,0
CSV_LOG,14786000,44
LOG_SYS,14789000,44,0
CSV_LOG,14789000,44
LOG_SYS,14792000,43,0
CSV_LOG,14792000,43
LOG_FREE,14792000,156,39
LOG_SYS,14796000,43,0
CSV_LOG,14796000,43
LOG_SYS,14799000,43,0
CSV_LOG,14799000,43
LOG_SYS,14802000,43,0
CSV_LOG,14802000,43
LOG_SYS,14806000,43,0
CSV_LOG,14806000,43
LOG_SYS,14809000,43,0
CSV_LOG,14809000,43
LOG_SYS,14812000,43,0
CSV_LOG,14812000,43
LOG_SYS,14816000,43,0
CSV_LOG,14816000,43
LOG_SYS,14819000,43,0
CSV_LOG,14819000,43
LOG_SYS,14822000,43,0
CSV_LOG,14822000,43
LOG_SYS,14826000,43,0
CSV_LOG,14826000,43
LOG_SYS,14829000,43,0
CSV_LOG,14829000,43
LOG_SYS,14832000,43,0
CSV_LOG,14832000,43
LOG_SYS,14836000,43,0
CSV_LOG,14836000,43
LOG_SYS,14839000,43,0
CSV_LOG,14839000,43
LOG_SYS,14842000,43,0
CSV_LOG,14842000,43
LOG_SYS,14846000,42,0
CSV_LOG,14846000,42
LOG_FREE,14846000,146,12
LOG_HOST,14849000,263,5,0
LOG_SYS,14849000,41,0
CSV_LOG,14849000,41
LOG_FREE,14849000,108,2
LOG_SYS,14852000,41,0
CSV_LOG,14852000,41
LOG_SYS,14856000,41,0
CSV_LOG,14856000,41
LOG_SYS,14859000,41,0
CSV_LOG,14859000,41
LOG_SYS,14862000,41,0
CSV_LOG,14862000,41
LOG_SYS,14866000,41,0
CSV_LOG,14866000,41
LOG_SYS,14869000,41,0
CSV_LOG,14869000,41
LOG_SYS,14872000,41,0
CSV_LOG,14872000,41
LOG_SYS,14876000,41,0
CSV_LOG,14876000,41
LOG_SYS,14879000,41,0
CSV_LOG,14879000,41
LOG_SYS,14882000,40,0
CSV_LOG,14882000,40
LOG_FREE,14882000,153,30
LOG_SYS,14886000,40,0
CSV_LOG,14886000,40
LOG_SYS,14889000,40,0
CSV_LOG,14889000,40
LOG_SYS,14892000,40,0
CSV_LOG,14892000,40
LOG_SYS,14896000,39,0
CSV_LOG,14896000,39
LOG_FREE,14896000,153,28
LOG_SYS,14899000,39,0
CSV_LOG,14899000,39
LOG_SYS,14902000,39,0
CSV_LOG,14902000,39
LOG_SYS,14906000,38,0
CSV_LOG,14906000,38
LOG_FREE,14906000,151,1
LOG_SYS,14909000,38,0
CSV_LOG,14909000,38
LOG_SYS,14912000,38,0
CSV_LOG,14912000,38
LOG_SYS,14916000,38,0
CSV_LOG,14916000,38
LOG_SYS,14919000,38,0
CSV_LOG,14919000,38
LOG_SYS,14922000,38,0
CSV_LOG,14922000,38
LOG_SYS,14926000,38,0
CSV_LOG,14926000,38
LOG_HOST,14929000,264,2,0
LOG_SYS,14929000,38,0
CSV_LOG,14929000,38
LOG_SYS,14932000,38,0
CSV_LOG,14932000,38
LOG_SYS,14936000,38,0
CSV_LOG,14936000,38
LOG_SYS,14939000,38,0
CSV_LOG,14939000,38
LOG_SYS,14942000,38,0
CSV_LOG,14942000,38
LOG_SYS,14946000,37,0
CSV_LOG,14946000,37
LOG_FREE,14946000,155,7
LOG_SYS,14949000,37,0
CSV_LOG,14949000,37
LOG_SYS,14952000,37,0
CSV_LOG,14952000,37
LOG_SYS,14956000,37,0
CSV_LOG,14956000,37
LOG_SYS,14959000,36,0
CSV_LOG,14959000,36
LOG_FREE,14959000,152,20
LOG_SYS,14962000,36,0
CSV_LOG,14962000,36
LOG_SYS,14966000,36,0
CSV_LOG,14966000,36
LOG_SYS,14969000,36,0
CSV_LOG,14969000,36
LOG_SYS,14972000,36,0
CSV_LOG,14972000,36
LOG_SYS,14976000,36,0
CSV_LOG,14976000,36
LOG_SYS,14979000,36,0
CSV_LOG,14979000,36
LOG_SYS,14982000,35,0
CSV_LOG,14982000,35
LOG_FREE,14982000,148,45
LOG_SYS,14986000,34,0
CSV_LOG,14986000,34
LOG_FREE,14986000,151,6
LOG_SYS,14989000,34,0
CSV_LOG,14989000,34
LOG_SYS,14992000,34,0
CSV_LOG,14992000,34
LOG_HOST,14992000,265,5,0
LOG_SYS,14996000,34,0
CSV_LOG,14996000,34
LOG_SYS,14999000,34,0
CSV_LOG,14999000,34
LOG_SYS,15002000,33,0
CSV_LOG,15002000,33
LOG_FREE,15002000,149,47
LOG_SYS,15006000,33,0
CSV_LOG,15006000,33
LOG_SYS,15009000,33,0
CSV_LOG,15009000,33
LOG_SYS,15012000,33,0
CSV_LOG,15012000,33
LOG_HOST,15016000,266,8,265
LOG_SYS,15016000,33,0
CSV_LOG,15016000,33
LOG_SYS,15019000,33,0
CSV_LOG,15019000,33
LOG_SYS,15022000,33,0
CSV_LOG,15022000,33
LOG_SYS,15026000,33,0
CSV_LOG,15026000,33
LOG_SYS,15029000,33,0
CSV_LOG,15029000,33
LOG_SYS,15032000,33,0
CSV_LOG,15032000,33
LOG_SYS,15036000,33,0
CSV_LOG,15036000,33
LOG_SYS,15039000,33,0
CSV_LOG,15039000,33
LOG_SYS,15042000,33,0
CSV_LOG,15042000,33
LOG_SYS,15046000,33,0
CSV_LOG,15046000,33
LOG_SYS,15049000,33,0
CSV_LOG,15049000,33
LOG_SYS,15052000,33,0
CSV_LOG,15052000,33
LOG_SYS,15056000,33,0
CSV_LOG,15056000,33
LOG_SYS,15059000,32,0
CSV_LOG,15059000,32
LOG_FREE,15059000,146,42
LOG_SYS,15062000,32,0
CSV_LOG,15062000,32
LOG_SYS,15066000,32,0
CSV_LOG,15066000,32
LOG_HOST,15066000,267,4,0
LOG_SYS,15069000,31,0
CSV_LOG,15069000,31
LOG_ALLOC,15069000,158,1
LOG_FREE,15069000,149,46
LOG_SYS,15072000,31,0
CSV_LOG,15072000,31
LOG_ALLOC,15072000,158,2
LOG_FREE,15072000,148,24
LOG_SYS,15076000,32,0
CSV_LOG,15076000,32
LOG_ALLOC,15076000,150,4
LOG_SYS,15079000,33,0
CSV_LOG,15079000,33
LOG_ALLOC,15079000,150,6
LOG_SYS,15082000,34,0
CSV_LOG,15082000,34
LOG_ALLOC,15082000,158,7
LOG_SYS,15086000,35,0
CSV_LOG,15086000,35
LOG_SYS,15089000,35,0
CSV_LOG,15089000,35
LOG_SYS,15092000,35,0
CSV_LOG,15092000,35
LOG_SYS,15096000,35,0
CSV_LOG,15096000,35
LOG_SYS,15099000,35,0
CSV_LOG,15099000,35
LOG_SYS,15102000,35,0
CSV_LOG,15102000,35
LOG_SYS,15106000,35,0
CSV_LOG,15106000,35
LOG_SYS,15109000,35,0
CSV_LOG,15109000,35
LOG_SYS,15112000,35,0
CSV_LOG,15112000,35
LOG_HOST,15112000,268,4,0
LOG_SYS,15116000,35,0
CSV_LOG,15116000,35
LOG_SYS,15119000,34,0
CSV_LOG,15119000,34
LOG_FREE,15119000,155,18
LOG_SYS,15122000,34,0
CSV_LOG,15122000,34
LOG_SYS,15126000,33,0
CSV_LOG,15126000,33
LOG_FREE,15126000,148,44
LOG_SYS,15129000,32,0
CSV_LOG,15129000,32
LOG_FREE,15129000,156,32
LOG_SYS,15132000,32,0
CSV_LOG,15132000,32
LOG_SYS,15136000,32,0
CSV_LOG,15136000,32
LOG_SYS,15139000,32,0
CSV_LOG,15139000,32
LOG_SYS,15142000,31,0
CSV_LOG,15142000,31
LOG_FREE,15142000,148,41
LOG_SYS,15146000,31,0
CSV_LOG,15146000,31
LOG_SYS,15149000,31,0
CSV_LOG,15149000,31
LOG_SYS,15152000,31,0
CSV_LOG,15152000,31
LOG_SYS,15156000,31,0
CSV_LOG,15156000,31
LOG_SYS,15159000,31,0
CSV_LOG,15159000,31
LOG_SYS,15162000,31,0
CSV_LOG,15162000,31
LOG_SYS,15166000,31,0
CSV_LOG,15166000,31
LOG_SYS,15169000,31,0
CSV_LOG,15169000,31
LOG_SYS,15172000,31,0
CSV_LOG,15172000,31
LOG_SYS,15176000,31,0
CSV_LOG,15176000,31
LOG_SYS,15179000,31,0
CSV_LOG,15179000,31
LOG_SYS,15182000,31,0
CSV_LOG,15182000,31
LOG_SYS,15186000,31,0
CSV_LOG,15186000,31
LOG_SYS,15189000,31,0
CSV_LOG,15189000,31
LOG_SYS,15192000,31,0
CSV_LOG,15192000,31
LOG_HOST,15192000,269,7,0
LOG_SYS,15196000,31,0
CSV_LOG,15196000,31
LOG_SYS,15199000,30,0
CSV_LOG,15199000,30
LOG_FREE,15199000,145,9
LOG_SYS,15202000,30,0
CSV_LOG,15202000,30
LOG_SYS,15206000,30,0
CSV_LOG,15206000,30
LOG_SYS,15209000,29,0
CSV_LOG,15209000,29
LOG_ALLOC,15209000,160,8
LOG_FREE,15209000,153,27
LOG_SYS,15212000,30,0
CSV_LOG,15212000,30
LOG_ALLOC,15212000,160,9
LOG_SYS,15216000,31,0
CSV_LOG,15216000,31
LOG_ALLOC,15216000,160,12
LOG_SYS,15219000,32,0
CSV_LOG,15219000,32
LOG_ALLOC,15219000,160,13
LOG_SYS,15222000,32,0
CSV_LOG,15222000,32
LOG_ALLOC,15222000,160,11
LOG_FREE,15222000,151,11
LOG_SYS,15226000,33,0
CSV_LOG,15226000,33
LOG_ALLOC,15226000,160,14
LOG_SYS,15229000,34,0
CSV_LOG,15229000,34
LOG_ALLOC,15229000,160,16
LOG_SYS,15232000,35,0
CSV_LOG,15232000,35
LOG_HOST,15232000,270,3,0
LOG_SYS,15236000,35,0
CSV_LOG,15236000,35
LOG_SYS,15239000,35,0
CSV_LOG,15239000,35
LOG_SYS,15242000,35,0
CSV_LOG,15242000,35
LOG_SYS,15246000,35,0
CSV_LOG,15246000,35
LOG_SYS,15249000,35,0
CSV_LOG,15249000,35
LOG_SYS,15252000,35,0
CSV_LOG,15252000,35
LOG_SYS,15256000,35,0
CSV_LOG,15256000,35
LOG_SYS,15259000,35,0
CSV_LOG,15259000,35
LOG_SYS,15262000,35,0
CSV_LOG,15262000,35
LOG_SYS,15266000,35,0
CSV_LOG,15266000,35
LOG_SYS,15269000,35,0
CSV_LOG,15269000,35
LOG_SYS,15272000,35,0
CSV_LOG,15272000,35
LOG_SYS,15276000,35,0
CSV_LOG,15276000,35
LOG_SYS,15279000,35,0
CSV_LOG,15279000,35
LOG_SYS,15282000,34,0
CSV_LOG,15282000,34
LOG_FREE,15282000,155,0
LOG_SYS,15286000,34,0
CSV_LOG,15286000,34
LOG_SYS,15289000,34,0
CSV_LOG,15289000,34
LOG_SYS,15292000,34,0
CSV_LOG,15292000,34
LOG_SYS,15296000,34,0
CSV_LOG,15296000,34
LOG_SYS,15299000,34,0
CSV_LOG,15299000,34
LOG_HOST,15302000,271,7,270
LOG_SYS,15302000,33,0
CSV_LOG,15302000,33
LOG_FREE,15302000,160,14
LOG_SYS,15306000,33,0
CSV_LOG,15306000,33
LOG_SYS,15309000,32,0
CSV_LOG,15309000,32
LOG_FREE,15309000,155,25
LOG_SYS,15312000,31,0
CSV_LOG,15312000,31
LOG_FREE,15312000,156,36
LOG_SYS,15316000,31,0
CSV_LOG,15316000,31
LOG_SYS,15319000,31,0
CSV_LOG,15319000,31
LOG_SYS,15322000,31,0
CSV_LOG,15322000,31
LOG_SYS,15326000,31,0
CSV_LOG,15326000,31
LOG_SYS,15329000,31,0
CSV_LOG,15329000,31
LOG_SYS,15332000,31,0
CSV_LOG,15332000,31
LOG_SYS,15336000,31,0
CSV_LOG,15336000,31
LOG_SYS,15339000,31,0
CSV_LOG,15339000,31
LOG_SYS,15342000,31,0
CSV_LOG,15342000,31
LOG_SYS,15346000,30,0
CSV_LOG,15346000,30
LOG_FREE,15346000,151,3
LOG_SYS,15349000,30,0
CSV_LOG,15349000,30
LOG_SYS,15352000,30,0
CSV_LOG,15352000,30
LOG_SYS,15356000,30,0
CSV_LOG,15356000,30
LOG_SYS,15359000,30,0
CSV_LOG,15359000,30
LOG_HOST,15362000,272,5,0
LOG_SYS,15362000,30,0
CSV_LOG,15362000,30
LOG_SYS,15366000,30,0
CSV_LOG,15366000,30
LOG_SYS,15369000,30,0
CSV_LOG,15369000,30
LOG_SYS,15372000,30,0
CSV_LOG,15372000,30
LOG_SYS,15376000,30,0
CSV_LOG,15376000,30
LOG_SYS,15379000,30,0
CSV_LOG,15379000,30
LOG_SYS,15382000,30,0
CSV_LOG,15382000,30
LOG_SYS,15386000,29,0
CSV_LOG,15386000,29
LOG_FREE,15386000,144,29
LOG_SYS,15389000,29,0
CSV_LOG,15389000,29
LOG_SYS,15392000,29,0
CSV_LOG,15392000,29
LOG_SYS,15396000,29,0
CSV_LOG,15396000,29
LOG_ALLOC,15396000,161,0
LOG_SYS,15399000,30,0
CSV_LOG,15399000,30
LOG_ALLOC,15399000,161,3
LOG_SYS,15402000,31,0
CSV_LOG,15402000,31
LOG_ALLOC,15402000,161,14
LOG_SYS,15406000,32,0
CSV_LOG,15406000,32
LOG_ALLOC,15406000,161,17
LOG_SYS,15409000,33,0
CSV_LOG,15409000,33
LOG_SYS,15412000,33,0
CSV_LOG,15412000,33
LOG_SYS,15415000,33,0
CSV_LOG,15415000,33
LOG_SYS,15419000,33,0
CSV_LOG,15419000,33
LOG_SYS,15422000,33,0
CSV_LOG,15422000,33
LOG_SYS,15425000,33,0
CSV_LOG,15425000,33
LOG_SYS,15429000,33,0
CSV_LOG,15429000,33
LOG_SYS,15432000,32,0
CSV_LOG,15432000,32
LOG_FREE,15432000,148,43
LOG_HOST,15432000,273,2,0
LOG_SYS,15435000,32,0
CSV_LOG,15435000,32
LOG_SYS,15439000,31,0
CSV_LOG,15439000,31
LOG_FREE,15439000,154,40
LOG_SYS,15442000,30,0
CSV_LOG,15442000,30
LOG_FREE,15442000,161,0
LOG_SYS,15445000,29,0
CSV_LOG,15445000,29
LOG_FREE,15445000,160,8
LOG_SYS,15449000,28,0
CSV_LOG,15449000,28
LOG_FREE,15449000,156,33
LOG_SYS,15452000,27,0
CSV_LOG,15452000,27
LOG_FREE,15452000,157,49
LOG_HOST,15455000,274,5,0
LOG_SYS,15455000,27,0
CSV_LOG,15455000,27
LOG_SYS,15459000,27,0
CSV_LOG,15459000,27
LOG_SYS,15462000,27,0
CSV_LOG,15462000,27
LOG_SYS,15465000,27,0
CSV_LOG,15465000,27
LOG_SYS,15469000,27,0
CSV_LOG,15469000,27
LOG_SYS,15472000,27,0
CSV_LOG,15472000,27
LOG_SYS,15475000,27,0
CSV_LOG,15475000,27
LOG_SYS,15479000,27,0
CSV_LOG,15479000,27
LOG_SYS,15482000,27,0
CSV_LOG,15482000,27
LOG_SYS,15485000,26,0
CSV_LOG,15485000,26
LOG_FREE,15485000,153,26
LOG_SYS,15489000,26,0
CSV_LOG,15489000,26
LOG_SYS,15492000,26,0
CSV_LOG,15492000,26
LOG_SYS,15495000,26,0
CSV_LOG,15495000,26
LOG_ALLOC,15495000,162,0
LOG_SYS,15499000,27,0
CSV_LOG,15499000,27
LOG_ALLOC,15499000,162,8
LOG_SYS,15502000,27,0
CSV_LOG,15502000,27
LOG_ALLOC,15502000,162,18
LOG_FREE,15502000,140,19
LOG_SYS,15505000,28,0
CSV_LOG,15505000,28
LOG_ALLOC,15505000,162,19
LOG_HOST,15505000,275,5,274
LOG_SYS,15509000,29,0
CSV_LOG,15509000,29
LOG_ALLOC,15509000,162,20
LOG_SYS,15512000,30,0
CSV_LOG,15512000,30
LOG_ALLOC,15512000,163,24
LOG_SYS,15515000,31,0
CSV_LOG,15515000,31
LOG_ALLOC,15515000,163,25
LOG_SYS,15519000,32,0
CSV_LOG,15519000,32
LOG_ALLOC,15519000,163,26
LOG_SYS,15522000,33,0
CSV_LOG,15522000,33
LOG_ALLOC,15522000,163,27
LOG_SYS,15525000,34,0
CSV_LOG,15525000,34
LOG_SYS,15529000,34,0
CSV_LOG,15529000,34
LOG_SYS,15532000,34,0
CSV_LOG,15532000,34
LOG_SYS,15535000,34,0
CSV_LOG,15535000,34
LOG_SYS,15539000,33,0
CSV_LOG,15539000,33
LOG_FREE,15539000,163,24
LOG_SYS,15542000,33,0
CSV_LOG,15542000,33
LOG_SYS,15545000,33,0
CSV_LOG,15545000,33
LOG_SYS,15549000,33,0
CSV_LOG,15549000,33
LOG_SYS,15552000,33,0
CSV_LOG,15552000,33
LOG_HOST,15555000,276,8,0
LOG_SYS,15555000,32,0
CSV_LOG,15555000,32
LOG_FREE,15555000,157,51
LOG_SYS,15559000,32,0
CSV_LOG,15559000,32
LOG_SYS,15562000,32,0
CSV_LOG,15562000,32
LOG_SYS,15565000,32,0
CSV_LOG,15565000,32
LOG_SYS,15569000,32,0
CSV_LOG,15569000,32
LOG_SYS,15572000,32,0
CSV_LOG,15572000,32
LOG_SYS,15575000,32,0
CSV_LOG,15575000,32
LOG_SYS,15579000,32,0
CSV_LOG,15579000,32
LOG_SYS,15582000,31,0
CSV_LOG,15582000,31
LOG_FREE,15582000,158,2
LOG_SYS,15585000,31,0
CSV_LOG,15585000,31
LOG_HOST,15585000,277,1,0
LOG_SYS,15589000,31,0
CSV_LOG,15589000,31
LOG_SYS,15592000,31,0
CSV_LOG,15592000,31
LOG_SYS,15595000,31,0
CSV_LOG,15595000,31
LOG_SYS,15599000,31,0
CSV_LOG,15599000,31
LOG_SYS,15602000,31,0
CSV_LOG,15602000,31
LOG_SYS,15605000,30,0
CSV_LOG,15605000,30
LOG_FREE,15605000,160,12
LOG_SYS,15609000,30,0
CSV_LOG,15609000,30
LOG_SYS,15612000,29,0
CSV_LOG,15612000,29
LOG_FREE,15612000,160,11
LOG_SYS,15615000,29,0
CSV_LOG,15615000,29
LOG_SYS,15619000,28,0
CSV_LOG,15619000,28
LOG_FREE,15619000,137,22
LOG_SYS,15622000,28,0
CSV_LOG,15622000,28
LOG_SYS,15625000,28,0
CSV_LOG,15625000,28
LOG_SYS,15629000,28,0
CSV_LOG,15629000,28
LOG_ALLOC,15629000,164,2
LOG_SYS,15632000,29,0
CSV_LOG,15632000,29
LOG_ALLOC,15632000,164,11
LOG_SYS,15635000,29,0
CSV_LOG,15635000,29
LOG_ALLOC,15635000,164,8
LOG_FREE,15635000,162,8
LOG_SYS,15639000,29,0
CSV_LOG,15639000,29
LOG_FREE,15639000,160,13
LOG_SYS,15642000,29,0
CSV_LOG,15642000,29
LOG_SYS,15645000,29,0
CSV_LOG,15645000,29
LOG_HOST,15645000,278,6,277
LOG_SYS,15649000,29,0
CSV_LOG,15649000,29
LOG_SYS,15652000,29,0
CSV_LOG,15652000,29
LOG_SYS,15655000,29,0
CSV_LOG,15655000,29
LOG_SYS,15659000,29,0
CSV_LOG,15659000,29
LOG_SYS,15662000,29,0
CSV_LOG,15662000,29
LOG_SYS,15665000,29,0
CSV_LOG,15665000,29
LOG_SYS,15669000,29,0
CSV_LOG,15669000,29
LOG_SYS,15672000,29,0
CSV_LOG,15672000,29
LOG_SYS,15675000,29,0
CSV_LOG,15675000,29
LOG_SYS,15679000,28,0
CSV_LOG,15679000,28
LOG_FREE,15679000,157,10
LOG_SYS,15682000,28,0
CSV_LOG,15682000,28
LOG_SYS,15685000,28,0
CSV_LOG,15685000,28
LOG_SYS,15689000,28,0
CSV_LOG,15689000,28
LOG_SYS,15692000,28,0
CSV_LOG,15692000,28
LOG_SYS,15695000,28,0
CSV_LOG,15695000,28
LOG_SYS,15699000,27,0
CSV_LOG,15699000,27
LOG_FREE,15699000,108,35
LOG_SYS,15702000,26,0
CSV_LOG,15702000,26
LOG_FREE,15702000,162,18
LOG_SYS,15705000,26,0
CSV_LOG,15705000,26
LOG_SYS,15709000,26,0
CSV_LOG,15709000,26
LOG_ALLOC,15709000,165,10
LOG_SYS,15712000,27,0
CSV_LOG,15712000,27
LOG_SYS,15715000,27,0
CSV_LOG,15715000,27
LOG_SYS,15719000,27,0
CSV_LOG,15719000,27
LOG_SYS,15722000,27,0
CSV_LOG,15722000,27
LOG_SYS,15725000,27,0
CSV_LOG,15725000,27
LOG_HOST,15729000,279,1,0
LOG_SYS,15729000,27,0
CSV_LOG,15729000,27
LOG_SYS,15732000,27,0
CSV_LOG,15732000,27
LOG_SYS,15735000,27,0
CSV_LOG,15735000,27
LOG_SYS,15739000,27,0
CSV_LOG,15739000,27
LOG_SYS,15742000,27,0
CSV_LOG,15742000,27
LOG_SYS,15745000,26,0
CSV_LOG,15745000,26
LOG_FREE,15745000,150,6
LOG_SYS,15749000,25,0
CSV_LOG,15749000,25
LOG_FREE,15749000,152,23
LOG_SYS,15752000,24,0
CSV_LOG,15752000,24
LOG_FREE,15752000,158,1
LOG_SYS,15755000,24,0
CSV_LOG,15755000,24
LOG_SYS,15759000,24,0
CSV_LOG,15759000,24
LOG_ALLOC,15759000,166,1
LOG_SYS,15762000,25,0
CSV_LOG,15762000,25
LOG_ALLOC,15762000,166,6
LOG_SYS,15765000,26,0
CSV_LOG,15765000,26
LOG_ALLOC,15765000,166,12
LOG_SYS,15769000,27,0
CSV_LOG,15769000,27
LOG_ALLOC,15769000,166,13
LOG_SYS,15772000,28,0
CSV_LOG,15772000,28
LOG_ALLOC,15772000,166,18
LOG_HOST,15775000,280,7,0
LOG_SYS,15775000,29,0
CSV_LOG,15775000,29
LOG_ALLOC,15775000,166,22
LOG_SYS,15779000,30,0
CSV_LOG,15779000,30
LOG_ALLOC,15779000,166,23
LOG_SYS,15782000,31,0
CSV_LOG,15782000,31
LOG_SYS,15785000,31,0
CSV_LOG,15785000,31
LOG_SYS,15789000,31,0
CSV_LOG,15789000,31
LOG_SYS,15792000,31,0
CSV_LOG,15792000,31
LOG_SYS,15795000,30,0
CSV_LOG,15795000,30
LOG_FREE,15795000,162,0
LOG_SYS,15799000,30,0
CSV_LOG,15799000,30
LOG_SYS,15802000,30,0
CSV_LOG,15802000,30
LOG_SYS,15805000,30,0
CSV_LOG,15805000,30
LOG_SYS,15809000,30,0
CSV_LOG,15809000,30
LOG_SYS,15812000,30,0
CSV_LOG,15812000,30
LOG_SYS,15815000,30,0
CSV_LOG,15815000,30
LOG_SYS,15819000,30,0
CSV_LOG,15819000,30
LOG_SYS,15822000,30,0
CSV_LOG,15822000,30
LOG_SYS,15825000,29,0
CSV_LOG,15825000,29
LOG_FREE,15825000,158,7
LOG_SYS,15829000,29,0
CSV_LOG,15829000,29
LOG_SYS,15832000,29,0
CSV_LOG,15832000,29
LOG_ALLOC,15832000,159,0
LOG_SYS,15835000,30,0
CSV_LOG,15835000,30
LOG_ALLOC,15835000,159,7
LOG_SYS,15839000,31,0
CSV_LOG,15839000,31
LOG_ALLOC,15839000,159,24
LOG_SYS,15842000,31,0
CSV_LOG,15842000,31
LOG_ALLOC,15842000,159,8
LOG_FREE,15842000,164,8
LOG_SYS,15845000,32,0
CSV_LOG,15845000,32
LOG_ALLOC,15845000,167,28
LOG_SYS,15849000,33,0
CSV_LOG,15849000,33
LOG_ALLOC,15849000,167,29
LOG_SYS,15852000,33,0
CSV_LOG,15852000,33
LOG_ALLOC,15852000,167,9
LOG_FREE,15852000,160,9
LOG_HOST,15852000,281,5,280
LOG_SYS,15855000,34,0
CSV_LOG,15855000,34
LOG_ALLOC,15855000,167,30
LOG_SYS,15859000,35,0
CSV_LOG,15859000,35
LOG_SYS,15862000,35,0
CSV_LOG,15862000,35
LOG_SYS,15865000,35,0
CSV_LOG,15865000,35
LOG_SYS,15869000,34,0
CSV_LOG,15869000,34
LOG_FREE,15869000,164,2
LOG_SYS,15872000,33,0
CSV_LOG,15872000,33
LOG_FREE,15872000,159,0
LOG_SYS,15875000,33,0
CSV_LOG,15875000,33
LOG_SYS,15879000,33,0
CSV_LOG,15879000,33
LOG_SYS,15882000,33,0
CSV_LOG,15882000,33
LOG_SYS,15885000,33,0
CSV_LOG,15885000,33
LOG_SYS,15889000,33,0
CSV_LOG,15889000,33
LOG_SYS,15892000,32,0
CSV_LOG,15892000,32
LOG_FREE,15892000,167,28
LOG_SYS,15895000,32,0
CSV_LOG,15895000,32
LOG_SYS,15899000,32,0
CSV_LOG,15899000,32
LOG_SYS,15902000,32,0
CSV_LOG,15902000,32
LOG_SYS,15905000,32,0
CSV_LOG,15905000,32
LOG_SYS,15909000,32,0
CSV_LOG,15909000,32
LOG_SYS,15912000,32,0
CSV_LOG,15912000,32
LOG_SYS,15915000,31,0
CSV_LOG,15915000,31
LOG_FREE,15915000,167,9
LOG_SYS,15919000,31,0
CSV_LOG,15919000,31
LOG_SYS,15922000,31,0
CSV_LOG,15922000,31
LOG_SYS,15925000,31,0
CSV_LOG,15925000,31
LOG_SYS,15929000,30,0
CSV_LOG,15929000,30
LOG_FREE,15929000,159,8
LOG_SYS,15932000,30,0
CSV_LOG,15932000,30
LOG_HOST,15932000,282,8,0
LOG_SYS,15935000,30,0
CSV_LOG,15935000,30
LOG_SYS,15939000,30,0
CSV_LOG,15939000,30
LOG_SYS,15942000,30,0
CSV_LOG,15942000,30
LOG_SYS,15945000,30,0
CSV_LOG,15945000,30
LOG_SYS,15949000,30,0
CSV_LOG,15949000,30
LOG_SYS,15952000,30,0
CSV_LOG,15952000,30
LOG_SYS,15955000,30,0
CSV_LOG,15955000,30
LOG_SYS,15959000,30,0
CSV_LOG,15959000,30
LOG_SYS,15962000,30,0
CSV_LOG,15962000,30
LOG_SYS,15965000,30,0
CSV_LOG,15965000,30
LOG_SYS,15969000,30,0
CSV_LOG,15969000,30
LOG_SYS,15972000,29,0
CSV_LOG,15972000,29
LOG_FREE,15972000,162,20
LOG_SYS,15975000,29,0
CSV_LOG,15975000,29
LOG_SYS,15979000,29,0
CSV_LOG,15979000,29
LOG_SYS,15982000,29,0
CSV_LOG,15982000,29
LOG_SYS,15985000,29,0
CSV_LOG,15985000,29
LOG_SYS,15989000,29,0
CSV_LOG,15989000,29
LOG_SYS,15992000,28,0
CSV_LOG,15992000,28
LOG_FREE,15992000,166,1
LOG_SYS,15995000,28,0
CSV_LOG,15995000,28
LOG_SYS,15999000,27,0
CSV_LOG,15999000,27
LOG_FREE,15999000,166,23
LOG_SYS,16002000,26,0
CSV_LOG,16002000,26
LOG_FREE,16002000,159,7
LOG_SYS,16005000,26,0
CSV_LOG,16005000,26
LOG_SYS,16009000,26,0
CSV_LOG,16009000,26
LOG_SYS,16012000,26,0
CSV_LOG,16012000,26
LOG_HOST,16015000,283,8,0
LOG_SYS,16015000,26,0
CSV_LOG,16015000,26
LOG_SYS,16019000,26,0
CSV_LOG,16019000,26
LOG_SYS,16022000,26,0
CSV_LOG,16022000,26
LOG_SYS,16025000,26,0
CSV_LOG,16025000,26
LOG_SYS,16029000,26,0
CSV_LOG,16029000,26
LOG_SYS,16032000,26,0
CSV_LOG,16032000,26
LOG_SYS,16035000,26,0
CSV_LOG,16035000,26
LOG_SYS,16039000,26,0
CSV_LOG,16039000,26
LOG_SYS,16042000,26,0
CSV_LOG,16042000,26
LOG_SYS,16045000,26,0
CSV_LOG,16045000,26
LOG_HOST,16045000,284,1,0
LOG_SYS,16049000,26,0
CSV_LOG,16049000,26
LOG_SYS,16052000,26,0
CSV_LOG,16052000,26
LOG_SYS,16055000,26,0
CSV_LOG,16055000,26
LOG_SYS,16059000,26,0
CSV_LOG,16059000,26
LOG_SYS,16062000,26,0
CSV_LOG,16062000,26
LOG_SYS,16065000,26,0
CSV_LOG,16065000,26
LOG_SYS,16069000,26,0
CSV_LOG,16069000,26
LOG_SYS,16072000,26,0
CSV_LOG,16072000,26
LOG_SYS,16075000,26,0
CSV_LOG,16075000,26
LOG_SYS,16079000,26,0
CSV_LOG,16079000,26
LOG_SYS,16082000,26,0
CSV_LOG,16082000,26
LOG_SYS,16085000,26,0
CSV_LOG,16085000,26
LOG_SYS,16089000,26,0
CSV_LOG,16089000,26
LOG_SYS,16092000,26,0
CSV_LOG,16092000,26
LOG_SYS,16095000,26,0
CSV_LOG,16095000,26
LOG_SYS,16099000,26,0
CSV_LOG,16099000,26
LOG_SYS,16102000,26,0
CSV_LOG,16102000,26
LOG_SYS,16105000,26,0
CSV_LOG,16105000,26
LOG_SYS,16109000,26,0
CSV_LOG,16109000,26
LOG_SYS,16112000,26,0
CSV_LOG,16112000,26
LOG_HOST,16112000,285,5,0
LOG_SYS,16115000,26,0
CSV_LOG,16115000,26
LOG_SYS,16119000,26,0
CSV_LOG,16119000,26
LOG_SYS,16122000,25,0
CSV_LOG,16122000,25
LOG_FREE,16122000,167,30
LOG_SYS,16125000,25,0
CSV_LOG,16125000,25
LOG_SYS,16129000,25,0
CSV_LOG,16129000,25
LOG_SYS,16132000,25,0
CSV_LOG,16132000,25
LOG_SYS,16135000,25,0
CSV_LOG,16135000,25
LOG_SYS,16139000,25,0
CSV_LOG,16139000,25
LOG_SYS,16142000,25,0
CSV_LOG,16142000,25
LOG_SYS,16145000,25,0
CSV_LOG,16145000,25
LOG_SYS,16149000,25,0
CSV_LOG,16149000,25
LOG_SYS,16152000,24,0
CSV_LOG,16152000,24
LOG_FREE,16152000,163,26
LOG_SYS,16155000,24,0
CSV_LOG,16155000,24
LOG_SYS,16159000,24,0
CSV_LOG,16159000,24
LOG_HOST,16159000,286,4,0
LOG_SYS,16162000,24,0
CSV_LOG,16162000,24
LOG_SYS,16165000,24,0
CSV_LOG,16165000,24
LOG_SYS,16169000,24,0
CSV_LOG,16169000,24
LOG_SYS,16172000,24,0
CSV_LOG,16172000,24
LOG_SYS,16175000,24,0
CSV_LOG,16175000,24
LOG_SYS,16179000,23,0
CSV_LOG,16179000,23
LOG_FREE,16179000,161,3
LOG_SYS,16182000,23,0
CSV_LOG,16182000,23
LOG_SYS,16185000,23,0
CSV_LOG,16185000,23
LOG_SYS,16189000,23,0
CSV_LOG,16189000,23
LOG_SYS,16192000,23,0
CSV_LOG,16192000,23
LOG_SYS,16195000,23,0
CSV_LOG,16195000,23
LOG_SYS,16199000,23,0
CSV_LOG,16199000,23
LOG_SYS,16202000,23,0
CSV_LOG,16202000,23
LOG_SYS,16205000,23,0
CSV_LOG,16205000,23
LOG_SYS,16209000,23,0
CSV_LOG,16209000,23
LOG_SYS,16212000,23,0
CSV_LOG,16212000,23
LOG_SYS,16215000,23,0
CSV_LOG,16215000,23
LOG_SYS,16219000,23,0
CSV_LOG,16219000,23
LOG_HOST,16219000,287,8,0
LOG_SYS,16222000,23,0
CSV_LOG,16222000,23
LOG_SYS,16225000,23,0
CSV_LOG,16225000,23
LOG_SYS,16229000,23,0
CSV_LOG,16229000,23
LOG_SYS,16232000,22,0
CSV_LOG,16232000,22
LOG_FREE,16232000,167,29
LOG_SYS,16235000,22,0
CSV_LOG,16235000,22
LOG_SYS,16239000,22,0
CSV_LOG,16239000,22
LOG_SYS,16242000,22,0
CSV_LOG,16242000,22
LOG_ALLOC,16242000,168,0
LOG_SYS,16245000,23,0
CSV_LOG,16245000,23
LOG_ALLOC,16245000,168,1
LOG_SYS,16248000,24,0
CSV_LOG,16248000,24
LOG_ALLOC,16248000,168,2
LOG_SYS,16252000,25,0
CSV_LOG,16252000,25
LOG_ALLOC,16252000,168,3
LOG_SYS,16255000,26,0
CSV_LOG,16255000,26
LOG_SYS,16258000,25,0
CSV_LOG,16258000,25
LOG_FREE,16258000,148,48
LOG_SYS,16262000,25,0
CSV_LOG,16262000,25
LOG_SYS,16265000,24,0
CSV_LOG,16265000,24
LOG_FREE,16265000,166,18
LOG_HOST,16268000,288,8,0
LOG_SYS,16268000,24,0
CSV_LOG,16268000,24
LOG_ALLOC,16268000,169,7
LOG_SYS,16272000,25,0
CSV_LOG,16272000,25
LOG_ALLOC,16272000,169,8
LOG_SYS,16275000,26,0
CSV_LOG,16275000,26
LOG_ALLOC,16275000,169,9
LOG_SYS,16278000,27,0
CSV_LOG,16278000,27
LOG_ALLOC,16278000,169,18
LOG_SYS,16282000,28,0
CSV_LOG,16282000,28
LOG_ALLOC,16282000,169,20
LOG_SYS,16285000,29,0
CSV_LOG,16285000,29
LOG_SYS,16288000,29,0
CSV_LOG,16288000,29
LOG_SYS,16292000,29,0
CSV_LOG,16292000,29
LOG_SYS,16295000,29,0
CSV_LOG,16295000,29
LOG_SYS,16298000,29,0
CSV_LOG,16298000,29
LOG_SYS,16302000,29,0
CSV_LOG,16302000,29
LOG_SYS,16305000,29,0
CSV_LOG,16305000,29
LOG_HOST,16305000,289,5,0
LOG_SYS,16308000,29,0
CSV_LOG,16308000,29
LOG_SYS,16312000,29,0
CSV_LOG,16312000,29
LOG_SYS,16315000,29,0
CSV_LOG,16315000,29
LOG_SYS,16318000,29,0
CSV_LOG,16318000,29
LOG_SYS,16322000,29,0
CSV_LOG,16322000,29
LOG_SYS,16325000,29,0
CSV_LOG,16325000,29
LOG_SYS,16328000,29,0
CSV_LOG,16328000,29
LOG_SYS,16332000,28,0
CSV_LOG,16332000,28
LOG_FREE,16332000,166,12
LOG_SYS,16335000,28,0
CSV_LOG,16335000,28
LOG_SYS,16338000,28,0
CSV_LOG,16338000,28
LOG_HOST,16338000,290,8,0
LOG_SYS,16342000,28,0
CSV_LOG,16342000,28
LOG_SYS,16345000,28,0
CSV_LOG,16345000,28
LOG_SYS,16348000,28,0
CSV_LOG,16348000,28
LOG_SYS,16352000,28,0
CSV_LOG,16352000,28
LOG_SYS,16355000,28,0
CSV_LOG,16355000,28
LOG_SYS,16358000,28,0
CSV_LOG,16358000,28
LOG_SYS,16362000,28,0
CSV_LOG,16362000,28
LOG_SYS,16365000,27,0
CSV_LOG,16365000,27
LOG_FREE,16365000,168,1
LOG_SYS,16368000,27,0
CSV_LOG,16368000,27
LOG_SYS,16372000,27,0
CSV_LOG,16372000,27
LOG_SYS,16375000,27,0
CSV_LOG,16375000,27
LOG_SYS,16378000,27,0
CSV_LOG,16378000,27
LOG_SYS,16382000,27,0
CSV_LOG,16382000,27
LOG_SYS,16385000,27,0
CSV_LOG,16385000,27
LOG_SYS,16388000,27,0
CSV_LOG,16388000,27
LOG_SYS,16392000,27,0
CSV_LOG,16392000,27
LOG_HOST,16392000,291,1,0
LOG_SYS,16395000,27,0
CSV_LOG,16395000,27
LOG_SYS,16398000,27,0
CSV_LOG,16398000,27
LOG_SYS,16402000,27,0
CSV_LOG,16402000,27
LOG_SYS,16405000,27,0
CSV_LOG,16405000,27
LOG_SYS,16408000,27,0
CSV_LOG,16408000,27
LOG_SYS,16412000,27,0
CSV_LOG,16412000,27
LOG_SYS,16415000,26,0
CSV_LOG,16415000,26
LOG_FREE,16415000,161,14
LOG_SYS,16418000,26,0
CSV_LOG,16418000,26
LOG_SYS,16422000,26,0
CSV_LOG,16422000,26
LOG_SYS,16425000,26,0
CSV_LOG,16425000,26
LOG_SYS,16428000,26,0
CSV_LOG,16428000,26
LOG_SYS,16432000,25,0
CSV_LOG,16432000,25
LOG_FREE,16432000,157,50
LOG_SYS,16435000,25,0
CSV_LOG,16435000,25
LOG_SYS,16438000,25,0
CSV_LOG,16438000,25
LOG_SYS,16442000,25,0
CSV_LOG,16442000,25
LOG_ALLOC,16442000,170,1
LOG_SYS,16445000,26,0
CSV_LOG,16445000,26
LOG_ALLOC,16445000,170,12
LOG_SYS,16448000,27,0
CSV_LOG,16448000,27
LOG_ALLOC,16448000,170,14
LOG_SYS,16452000,28,0
CSV_LOG,16452000,28
LOG_ALLOC,16452000,170,23
LOG_SYS,16455000,29,0
CSV_LOG,16455000,29
LOG_SYS,16458000,29,0
CSV_LOG,16458000,29
LOG_SYS,16462000,29,0
CSV_LOG,16462000,29
LOG_SYS,16465000,29,0
CSV_LOG,16465000,29
LOG_HOST,16465000,292,8,291
LOG_SYS,16468000,29,0
CSV_LOG,16468000,29
LOG_SYS,16472000,29,0
CSV_LOG,16472000,29
LOG_SYS,16475000,29,0
CSV_LOG,16475000,29
LOG_SYS,16478000,29,0
CSV_LOG,16478000,29
LOG_SYS,16482000,28,0
CSV_LOG,16482000,28
LOG_FREE,16482000,155,21
LOG_SYS,16485000,28,0
CSV_LOG,16485000,28
LOG_SYS,16488000,28,0
CSV_LOG,16488000,28
LOG_SYS,16492000,28,0
CSV_LOG,16492000,28
LOG_SYS,16495000,28,0
CSV_LOG,16495000,28
LOG_SYS,16498000,28,0
CSV_LOG,16498000,28
LOG_HOST,16502000,293,2,0
LOG_SYS,16502000,28,0
CSV_LOG,16502000,28
LOG_SYS,16505000,28,0
CSV_LOG,16505000,28
LOG_SYS,16508000,28,0
CSV_LOG,16508000,28
LOG_SYS,16512000,28,0
CSV_LOG,16512000,28
LOG_SYS,16515000,27,0
CSV_LOG,16515000,27
LOG_FREE,16515000,162,19
LOG_SYS,16518000,26,0
CSV_LOG,16518000,26
LOG_FREE,16518000,165,10
LOG_SYS,16522000,26,0
CSV_LOG,16522000,26
LOG_SYS,16525000,26,0
CSV_LOG,16525000,26
LOG_ALLOC,16525000,172,10
LOG_SYS,16528000,27,0
CSV_LOG,16528000,27
LOG_ALLOC,16528000,173,19
LOG_SYS,16532000,28,0
CSV_LOG,16532000,28
LOG_ALLOC,16532000,173,21
LOG_SYS,16535000,29,0
CSV_LOG,16535000,29
LOG_ALLOC,16535000,173,26
LOG_SYS,16538000,30,0
CSV_LOG,16538000,30
LOG_ALLOC,16538000,173,28
LOG_HOST,16538000,294,4,0
LOG_SYS,16542000,31,0
CSV_LOG,16542000,31
LOG_ALLOC,16542000,173,29
LOG_SYS,16545000,32,0
CSV_LOG,16545000,32
LOG_ALLOC,16545000,173,30
LOG_SYS,16548000,32,0
CSV_LOG,16548000,32
LOG_ALLOC,16548000,173,4
LOG_FREE,16548000,150,4
LOG_SYS,16552000,33,0
CSV_LOG,16552000,33
LOG_ALLOC,16552000,172,31
LOG_SYS,16555000,34,0
CSV_LOG,16555000,34
LOG_ALLOC,16555000,172,32
LOG_SYS,16558000,35,0
CSV_LOG,16558000,35
LOG_ALLOC,16558000,172,33
LOG_SYS,16562000,36,0
CSV_LOG,16562000,36
LOG_SYS,16565000,36,0
CSV_LOG,16565000,36
LOG_SYS,16568000,35,0
CSV_LOG,16568000,35
LOG_FREE,16568000,160,16
LOG_SYS,16572000,35,0
CSV_LOG,16572000,35
LOG_SYS,16575000,35,0
CSV_LOG,16575000,35
LOG_SYS,16578000,35,0
CSV_LOG,16578000,35
LOG_HOST,16578000,295,4,0
LOG_SYS,16582000,35,0
CSV_LOG,16582000,35
LOG_SYS,16585000,35,0
CSV_LOG,16585000,35
LOG_SYS,16588000,35,0
CSV_LOG,16588000,35
LOG_SYS,16592000,35,0
CSV_LOG,16592000,35
LOG_SYS,16595000,35,0
CSV_LOG,16595000,35
LOG_SYS,16598000,35,0
CSV_LOG,16598000,35
LOG_HOST,16602000,296,8,295
LOG_SYS,16602000,35,0
CSV_LOG,16602000,35
LOG_SYS,16605000,35,0
CSV_LOG,16605000,35
LOG_SYS,16608000,35,0
CSV_LOG,16608000,35
LOG_SYS,16612000,34,0
CSV_LOG,16612000,34
LOG_FREE,16612000,166,22
LOG_SYS,16615000,33,0
CSV_LOG,16615000,33
LOG_FREE,16615000,172,10
LOG_SYS,16618000,33,0
CSV_LOG,16618000,33
LOG_SYS,16622000,33,0
CSV_LOG,16622000,33
LOG_SYS,16625000,33,0
CSV_LOG,16625000,33
LOG_SYS,16628000,33,0
CSV_LOG,16628000,33
LOG_SYS,16632000,33,0
CSV_LOG,16632000,33
LOG_SYS,16635000,32,0
CSV_LOG,16635000,32
LOG_FREE,16635000,161,17
LOG_SYS,16638000,32,0
CSV_LOG,16638000,32
LOG_SYS,16642000,31,0
CSV_LOG,16642000,31
LOG_FREE,16642000,173,29
LOG_SYS,16645000,31,0
CSV_LOG,16645000,31
LOG_HOST,16648000,297,1,0
LOG_SYS,16648000,31,0
CSV_LOG,16648000,31
LOG_SYS,16652000,31,0
CSV_LOG,16652000,31
LOG_SYS,16655000,31,0
CSV_LOG,16655000,31
LOG_SYS,16658000,31,0
CSV_LOG,16658000,31
LOG_SYS,16662000,31,0
CSV_LOG,16662000,31
LOG_SYS,16665000,31,0
CSV_LOG,16665000,31
LOG_SYS,16668000,31,0
CSV_LOG,16668000,31
LOG_SYS,16672000,31,0
CSV_LOG,16672000,31
LOG_SYS,16675000,31,0
CSV_LOG,16675000,31
LOG_SYS,16678000,31,0
CSV_LOG,16678000,31
LOG_SYS,16682000,31,0
CSV_LOG,16682000,31
LOG_SYS,16685000,30,0
CSV_LOG,16685000,30
LOG_FREE,16685000,168,2
LOG_SYS,16688000,30,0
CSV_LOG,16688000,30
LOG_SYS,16692000,29,0
CSV_LOG,16692000,29
LOG_FREE,16692000,170,12
LOG_SYS,16695000,29,0
CSV_LOG,16695000,29
LOG_SYS,16698000,29,0
CSV_LOG,16698000,29
LOG_SYS,16702000,29,0
CSV_LOG,16702000,29
LOG_SYS,16705000,29,0
CSV_LOG,16705000,29
LOG_SYS,16708000,28,0
CSV_LOG,16708000,28
LOG_FREE,16708000,159,24
LOG_SYS,16712000,28,0
CSV_LOG,16712000,28
LOG_HOST,16712000,298,1,0
LOG_SYS,16715000,28,0
CSV_LOG,16715000,28
LOG_SYS,16718000,28,0
CSV_LOG,16718000,28
LOG_ALLOC,16718000,177,2
LOG_SYS,16722000,29,0
CSV_LOG,16722000,29
LOG_ALLOC,16722000,177,10
LOG_SYS,16725000,30,0
CSV_LOG,16725000,30
LOG_ALLOC,16725000,177,12
LOG_SYS,16728000,31,0
CSV_LOG,16728000,31
LOG_ALLOC,16728000,177,16
LOG_SYS,16732000,32,0
CSV_LOG,16732000,32
LOG_ALLOC,16732000,177,17
LOG_SYS,16735000,33,0
CSV_LOG,16735000,33
LOG_ALLOC,16735000,177,22
LOG_SYS,16738000,34,0
CSV_LOG,16738000,34
LOG_ALLOC,16738000,177,24
LOG_SYS,16742000,35,0
CSV_LOG,16742000,35
LOG_SYS,16745000,35,0
CSV_LOG,16745000,35
LOG_SYS,16748000,34,0
CSV_LOG,16748000,34
LOG_FREE,16748000,163,27
LOG_SYS,16752000,34,0
CSV_LOG,16752000,34
LOG_SYS,16755000,34,0
CSV_LOG,16755000,34
LOG_SYS,16758000,33,0
CSV_LOG,16758000,33
LOG_FREE,16758000,168,3
LOG_SYS,16762000,33,0
CSV_LOG,16762000,33
LOG_SYS,16765000,33,0
CSV_LOG,16765000,33
LOG_SYS,16768000,33,0
CSV_LOG,16768000,33
LOG_SYS,16772000,32,0
CSV_LOG,16772000,32
LOG_FREE,16772000,177,24
LOG_SYS,16775000,31,0
CSV_LOG,16775000,31
LOG_FREE,16775000,151,15
LOG_SYS,16778000,30,0
CSV_LOG,16778000,30
LOG_FREE,16778000,173,19
LOG_SYS,16782000,30,0
CSV_LOG,16782000,30
LOG_SYS,16785000,30,0
CSV_LOG,16785000,30
LOG_SYS,16788000,30,0
CSV_LOG,16788000,30
LOG_SYS,16792000,30,0
CSV_LOG,16792000,30
LOG_HOST,16795000,299,2,0
LOG_SYS,16795000,30,0
CSV_LOG,16795000,30
LOG_SYS,16798000,30,0
CSV_LOG,16798000,30
LOG_SYS,16802000,30,0
CSV_LOG,16802000,30
LOG_SYS,16805000,30,0
CSV_LOG,16805000,30
LOG_SYS,16808000,30,0
CSV_LOG,16808000,30
LOG_SYS,16812000,30,0
CSV_LOG,16812000,30
LOG_SYS,16815000,30,0
CSV_LOG,16815000,30
LOG_SYS,16818000,30,0
CSV_LOG,16818000,30
LOG_SYS,16822000,30,0
CSV_LOG,16822000,30
LOG_SYS,16825000,30,0
CSV_LOG,16825000,30
LOG_SYS,16828000,30,0
CSV_LOG,16828000,30
LOG_SYS,16832000,30,0
CSV_LOG,16832000,30
LOG_SYS,16835000,30,0
CSV_LOG,16835000,30
LOG_SYS,16838000,30,0
CSV_LOG,16838000,30
LOG_SYS,16842000,30,0
CSV_LOG,16842000,30
LOG_SYS,16845000,30,0
CSV_LOG,16845000,30
LOG_SYS,16848000,30,0
CSV_LOG,16848000,30
LOG_SYS,16852000,30,0
CSV_LOG,16852000,30
LOG_SYS,16855000,30,0
CSV_LOG,16855000,30
LOG_SYS,16858000,30,0
CSV_LOG,16858000,30
LOG_SYS,16862000,30,0
CSV_LOG,16862000,30
LOG_SYS,16865000,30,0
CSV_LOG,16865000,30
LOG_SYS,16868000,30,0
CSV_LOG,16868000,30
LOG_SYS,16872000,29,0
CSV_LOG,16872000,29
LOG_FREE,16872000,169,18
LOG_SYS,16875000,29,0
CSV_LOG,16875000,29
LOG_SYS,16878000,29,0
CSV_LOG,16878000,29
LOG_HOST,16878000,300,4,299
LOG_SYS,16882000,29,0
CSV_LOG,16882000,29
LOG_SYS,16885000,29,0
CSV_LOG,16885000,29
LOG_SYS,16888000,29,0
CSV_LOG,16888000,29
LOG_SYS,16892000,29,0
CSV_LOG,16892000,29
LOG_SYS,16895000,29,0
CSV_LOG,16895000,29
LOG_SYS,16898000,29,0
CSV_LOG,16898000,29
LOG_SYS,16902000,29,0
CSV_LOG,16902000,29
LOG_SYS,16905000,29,0
CSV_LOG,16905000,29
LOG_SYS,16908000,29,0
CSV_LOG,16908000,29
LOG_SYS,16912000,29,0
CSV_LOG,16912000,29
LOG_SYS,16915000,28,0
CSV_LOG,16915000,28
LOG_FREE,16915000,172,33
LOG_SYS,16918000,27,0
CSV_LOG,16918000,27
LOG_FREE,16918000,170,23
LOG_SYS,16922000,27,0
CSV_LOG,16922000,27
LOG_SYS,16925000,27,0
CSV_LOG,16925000,27
LOG_SYS,16928000,27,0
CSV_LOG,16928000,27
LOG_SYS,16932000,27,0
CSV_LOG,16932000,27
LOG_HOST,16935000,301,4,0
LOG_SYS,16935000,26,0
CSV_LOG,16935000,26
LOG_FREE,16935000,169,20
LOG_SYS,16938000,26,0
CSV_LOG,16938000,26
LOG_SYS,16942000,26,0
CSV_LOG,16942000,26
LOG_SYS,16945000,26,0
CSV_LOG,16945000,26
LOG_SYS,16948000,26,0
CSV_LOG,16948000,26
LOG_SYS,16952000,26,0
CSV_LOG,16952000,26
LOG_SYS,16955000,26,0
CSV_LOG,16955000,26
LOG_SYS,16958000,26,0
CSV_LOG,16958000,26
LOG_SYS,16962000,26,0
CSV_LOG,16962000,26
LOG_SYS,16965000,25,0
CSV_LOG,16965000,25
LOG_FREE,16965000,173,30
LOG_SYS,16968000,25,0
CSV_LOG,16968000,25
LOG_SYS,16972000,25,0
CSV_LOG,16972000,25
LOG_SYS,16975000,25,0
CSV_LOG,16975000,25
LOG_SYS,16978000,25,0
CSV_LOG,16978000,25
LOG_SYS,16982000,25,0
CSV_LOG,16982000,25
LOG_SYS,16985000,25,0
CSV_LOG,16985000,25
LOG_SYS,16988000,25,0
CSV_LOG,16988000,25
LOG_SYS,16992000,25,0
CSV_LOG,16992000,25
LOG_SYS,16995000,25,0
CSV_LOG,16995000,25
LOG_SYS,16998000,25,0
CSV_LOG,16998000,25
LOG_SYS,17002000,25,0
CSV_LOG,17002000,25
LOG_SYS,17005000,25,0
CSV_LOG,17005000,25
LOG_HOST,17008000,302,4,0
LOG_SYS,17008000,25,0
CSV_LOG,17008000,25
LOG_SYS,17012000,25,0
CSV_LOG,17012000,25
LOG_SYS,17015000,25,0
CSV_LOG,17015000,25
LOG_SYS,17018000,25,0
CSV_LOG,17018000,25
LOG_SYS,17022000,25,0
CSV_LOG,17022000,25
LOG_SYS,17025000,25,0
CSV_LOG,17025000,25
LOG_SYS,17028000,25,0
CSV_LOG,17028000,25
LOG_SYS,17032000,25,0
CSV_LOG,17032000,25
LOG_SYS,17035000,25,0
CSV_LOG,17035000,25
LOG_SYS,17038000,25,0
CSV_LOG,17038000,25
LOG_SYS,17042000,25,0
CSV_LOG,17042000,25
LOG_SYS,17045000,25,0
CSV_LOG,17045000,25
LOG_SYS,17048000,25,0
CSV_LOG,17048000,25
LOG_SYS,17052000,25,0
CSV_LOG,17052000,25
LOG_SYS,17055000,25,0
CSV_LOG,17055000,25
LOG_SYS,17058000,25,0
CSV_LOG,17058000,25
LOG_SYS,17062000,25,0
CSV_LOG,17062000,25
LOG_SYS,17065000,25,0
CSV_LOG,17065000,25
LOG_SYS,17068000,25,0
CSV_LOG,17068000,25
LOG_SYS,17072000,25,0
CSV_LOG,17072000,25
LOG_HOST,17072000,303,3,0
LOG_SYS,17075000,25,0
CSV_LOG,17075000,25
LOG_SYS,17078000,24,0
CSV_LOG,17078000,24
LOG_FREE,17078000,173,21
LOG_SYS,17081000,24,0
CSV_LOG,17081000,24
LOG_SYS,17085000,24,0
CSV_LOG,17085000,24
LOG_SYS,17088000,24,0
CSV_LOG,17088000,24
LOG_SYS,17091000,24,0
CSV_LOG,17091000,24
LOG_SYS,17095000,24,0
CSV_LOG,17095000,24
LOG_SYS,17098000,24,0
CSV_LOG,17098000,24
LOG_SYS,17101000,24,0
CSV_LOG,17101000,24
LOG_SYS,17105000,24,0
CSV_LOG,17105000,24
LOG_SYS,17108000,24,0
CSV_LOG,17108000,24
LOG_SYS,17111000,23,0
CSV_LOG,17111000,23
LOG_FREE,17111000,177,10
LOG_SYS,17115000,23,0
CSV_LOG,17115000,23
LOG_SYS,17118000,23,0
CSV_LOG,17118000,23
LOG_SYS,17121000,23,0
CSV_LOG,17121000,23
LOG_SYS,17125000,23,0
CSV_LOG,17125000,23
LOG_HOST,17125000,304,3,0
LOG_SYS,17128000,23,0
CSV_LOG,17128000,23
LOG_SYS,17131000,23,0
CSV_LOG,17131000,23
LOG_SYS,17135000,23,0
CSV_LOG,17135000,23
LOG_SYS,17138000,23,0
CSV_LOG,17138000,23
LOG_SYS,17141000,23,0
CSV_LOG,17141000,23
LOG_SYS,17145000,23,0
CSV_LOG,17145000,23
LOG_SYS,17148000,23,0
CSV_LOG,17148000,23
LOG_SYS,17151000,22,0
CSV_LOG,17151000,22
LOG_FREE,17151000,164,11
LOG_SYS,17155000,22,0
CSV_LOG,17155000,22
LOG_SYS,17158000,22,0
CSV_LOG,17158000,22
LOG_SYS,17161000,22,0
CSV_LOG,17161000,22
LOG_ALLOC,17161000,178,3
LOG_SYS,17165000,23,0
CSV_LOG,17165000,23
LOG_ALLOC,17165000,178,10
LOG_SYS,17168000,24,0
CSV_LOG,17168000,24
LOG_ALLOC,17168000,178,11
LOG_SYS,17171000,25,0
CSV_LOG,17171000,25
LOG_ALLOC,17171000,178,15
LOG_HOST,17171000,305,8,0
LOG_SYS,17175000,26,0
CSV_LOG,17175000,26
LOG_ALLOC,17175000,178,18
LOG_SYS,17178000,27,0
CSV_LOG,17178000,27
LOG_ALLOC,17178000,178,19
LOG_SYS,17181000,28,0
CSV_LOG,17181000,28
LOG_SYS,17185000,28,0
CSV_LOG,17185000,28
LOG_SYS,17188000,28,0
CSV_LOG,17188000,28
LOG_SYS,17191000,28,0
CSV_LOG,17191000,28
LOG_SYS,17195000,27,0
CSV_LOG,17195000,27
LOG_FREE,17195000,172,31
LOG_SYS,17198000,26,0
CSV_LOG,17198000,26
LOG_FREE,17198000,178,11
LOG_HOST,17201000,306,2,0
LOG_SYS,17201000,26,0
CSV_LOG,17201000,26
LOG_SYS,17205000,26,1
CSV_LOG,17205000,26
LOG_SYS,17208000,26,1
CSV_LOG,17208000,26
LOG_SYS,17211000,26,1
CSV_LOG,17211000,26
LOG_SYS,17215000,26,1
CSV_LOG,17215000,26
LOG_SYS,17218000,26,1
CSV_LOG,17218000,26
LOG_SYS,17221000,26,1
CSV_LOG,17221000,26
LOG_SYS,17225000,26,1
CSV_LOG,17225000,26
LOG_SYS,17228000,26,1
CSV_LOG,17228000,26
LOG_SYS,17231000,25,1
CSV_LOG,17231000,25
LOG_FREE,17231000,163,25
LOG_SYS,17235000,25,1
CSV_LOG,17235000,25
LOG_SYS,17238000,25,0
CSV_LOG,17238000,25
LOG_SYS,17241000,25,0
CSV_LOG,17241000,25
LOG_ALLOC,17241000,179,11
LOG_SYS,17245000,25,0
CSV_LOG,17245000,25
LOG_ALLOC,17245000,179,10
LOG_FREE,17245000,178,10
LOG_SYS,17248000,26,0
CSV_LOG,17248000,26
LOG_ALLOC,17248000,179,20
LOG_SYS,17251000,27,0
CSV_LOG,17251000,27
LOG_ALLOC,17251000,179,21
LOG_SYS,17255000,27,0
CSV_LOG,17255000,27
LOG_ALLOC,17255000,179,18
LOG_FREE,17255000,178,18
LOG_SYS,17258000,28,0
CSV_LOG,17258000,28
LOG_ALLOC,17258000,179,23
LOG_SYS,17261000,29,0
CSV_LOG,17261000,29
LOG_ALLOC,17261000,179,24
LOG_SYS,17265000,30,0
CSV_LOG,17265000,30
LOG_HOST,17265000,307,3,0
LOG_SYS,17268000,30,1
CSV_LOG,17268000,30
LOG_SYS,17271000,30,1
CSV_LOG,17271000,30
LOG_SYS,17275000,30,1
CSV_LOG,17275000,30
LOG_SYS,17278000,30,1
CSV_LOG,17278000,30
LOG_SYS,17281000,30,1
CSV_LOG,17281000,30
LOG_SYS,17285000,30,1
CSV_LOG,17285000,30
LOG_SYS,17288000,30,1
CSV_LOG,17288000,30
LOG_SYS,17291000,30,1
CSV_LOG,17291000,30
LOG_SYS,17295000,30,1
CSV_LOG,17295000,30
LOG_SYS,17298000,30,1
CSV_LOG,17298000,30
LOG_SYS,17301000,30,1
CSV_LOG,17301000,30
LOG_SYS,17305000,30,1
CSV_LOG,17305000,30
LOG_SYS,17308000,30,1
CSV_LOG,17308000,30
LOG_SYS,17311000,30,1
CSV_LOG,17311000,30
LOG_SYS,17315000,30,1
CSV_LOG,17315000,30
LOG_SYS,17318000,30,1
CSV_LOG,17318000,30
LOG_SYS,17321000,29,1
CSV_LOG,17321000,29
LOG_FREE,17321000,154,34
LOG_SYS,17325000,29,1
CSV_LOG,17325000,29
LOG_HOST,17328000,308,7,0
LOG_SYS,17328000,28,0
CSV_LOG,17328000,28
LOG_FREE,17328000,173,28
LOG_SYS,17331000,27,1
CSV_LOG,17331000,27
LOG_ALLOC,17331000,180,23
LOG_FREE,17331000,179,23
LOG_SYS,17335000,28,1
CSV_LOG,17335000,28
LOG_ALLOC,17335000,180,25
LOG_SYS,17338000,29,1
CSV_LOG,17338000,29
LOG_SYS,17341000,29,1
CSV_LOG,17341000,29
LOG_SYS,17345000,29,1
CSV_LOG,17345000,29
LOG_SYS,17348000,29,1
CSV_LOG,17348000,29
LOG_SYS,17351000,29,1
CSV_LOG,17351000,29
LOG_SYS,17355000,29,1
CSV_LOG,17355000,29
LOG_SYS,17358000,29,1
CSV_LOG,17358000,29
LOG_SYS,17361000,29,1
CSV_LOG,17361000,29
LOG_SYS,17365000,28,1
CSV_LOG,17365000,28
LOG_FREE,17365000,179,18
LOG_SYS,17368000,28,1
CSV_LOG,17368000,28
LOG_SYS,17371000,28,1
CSV_LOG,17371000,28
LOG_SYS,17375000,28,1
CSV_LOG,17375000,28
LOG_SYS,17378000,28,1
CSV_LOG,17378000,28
LOG_SYS,17381000,28,1
CSV_LOG,17381000,28
LOG_SYS,17385000,28,1
CSV_LOG,17385000,28
LOG_SYS,17388000,28,1
CSV_LOG,17388000,28
LOG_SYS,17391000,28,1
CSV_LOG,17391000,28
LOG_SYS,17395000,28,1
CSV_LOG,17395000,28
LOG_SYS,17398000,28,1
CSV_LOG,17398000,28
LOG_SYS,17401000,28,1
CSV_LOG,17401000,28
LOG_SYS,17405000,28,1
CSV_LOG,17405000,28
LOG_SYS,17408000,28,1
CSV_LOG,17408000,28
LOG_SYS,17411000,28,1
CSV_LOG,17411000,28
LOG_SYS,17415000,28,1
CSV_LOG,17415000,28
LOG_SYS,17418000,28,1
CSV_LOG,17418000,28
LOG_SYS,17421000,28,1
CSV_LOG,17421000,28
LOG_SYS,17425000,27,1
CSV_LOG,17425000,27
LOG_FREE,17425000,169,8
LOG_SYS,17428000,26,1
CSV_LOG,17428000,26
LOG_FREE,17428000,177,2
LOG_SYS,17431000,25,1
CSV_LOG,17431000,25
LOG_FREE,17431000,151,5
LOG_SYS,17435000,25,1
CSV_LOG,17435000,25
LOG_HOST,17438000,309,7,0
LOG_SYS,17438000,25,0
CSV_LOG,17438000,25
LOG_SYS,17441000,25,1
CSV_LOG,17441000,25
LOG_SYS,17445000,25,1
CSV_LOG,17445000,25
LOG_SYS,17448000,25,1
CSV_LOG,17448000,25
LOG_SYS,17451000,25,1
CSV_LOG,17451000,25
LOG_SYS,17455000,25,1
CSV_LOG,17455000,25
LOG_SYS,17458000,24,1
CSV_LOG,17458000,24
LOG_FREE,17458000,177,17
LOG_SYS,17461000,24,1
CSV_LOG,17461000,24
LOG_SYS,17465000,24,1
CSV_LOG,17465000,24
LOG_SYS,17468000,24,1
CSV_LOG,17468000,24
LOG_SYS,17471000,24,1
CSV_LOG,17471000,24
LOG_SYS,17475000,24,1
CSV_LOG,17475000,24
LOG_SYS,17478000,24,1
CSV_LOG,17478000,24
LOG_SYS,17481000,24,1
CSV_LOG,17481000,24
LOG_SYS,17485000,23,1
CSV_LOG,17485000,23
LOG_FREE,17485000,169,9
LOG_SYS,17488000,23,1
CSV_LOG,17488000,23
LOG_SYS,17491000,23,1
CSV_LOG,17491000,23
LOG_SYS,17495000,23,1
CSV_LOG,17495000,23
LOG_SYS,17498000,23,1
CSV_LOG,17498000,23
LOG_SYS,17501000,23,1
CSV_LOG,17501000,23
LOG_SYS,17505000,23,1
CSV_LOG,17505000,23
LOG_SYS,17508000,23,1
CSV_LOG,17508000,23
LOG_SYS,17511000,23,1
CSV_LOG,17511000,23
LOG_SYS,17515000,23,1
CSV_LOG,17515000,23
LOG_SYS,17518000,23,1
CSV_LOG,17518000,23
LOG_SYS,17521000,23,1
CSV_LOG,17521000,23
LOG_SYS,17525000,23,1
CSV_LOG,17525000,23
LOG_SYS,17528000,23,1
CSV_LOG,17528000,23
LOG_SYS,17531000,23,1
CSV_LOG,17531000,23
LOG_SYS,17535000,23,1
CSV_LOG,17535000,23
LOG_SYS,17538000,23,1
CSV_LOG,17538000,23
LOG_SYS,17541000,23,1
CSV_LOG,17541000,23
LOG_SYS,17545000,23,1
CSV_LOG,17545000,23
LOG_SYS,17548000,23,1
CSV_LOG,17548000,23
LOG_SYS,17551000,23,1
CSV_LOG,17551000,23
LOG_SYS,17555000,23,1
CSV_LOG,17555000,23
LOG_SYS,17558000,23,1
CSV_LOG,17558000,23
LOG_SYS,17561000,23,1
CSV_LOG,17561000,23
LOG_SYS,17565000,23,1
CSV_LOG,17565000,23
LOG_SYS,17568000,23,1
CSV_LOG,17568000,23
LOG_SYS,17571000,22,1
CSV_LOG,17571000,22
LOG_FREE,17571000,178,19
LOG_SYS,17575000,22,1
CSV_LOG,17575000,22
LOG_SYS,17578000,22,1
CSV_LOG,17578000,22
LOG_SYS,17581000,22,1
CSV_LOG,17581000,22
LOG_SYS,17585000,21,1
CSV_LOG,17585000,21
LOG_FREE,17585000,178,3
LOG_SYS,17588000,21,1
CSV_LOG,17588000,21
LOG_SYS,17591000,20,1
CSV_LOG,17591000,20
LOG_FREE,17591000,177,12
LOG_SYS,17595000,19,1
CSV_LOG,17595000,19
LOG_FREE,17595000,179,21
LOG_SYS,17598000,19,1
CSV_LOG,17598000,19
LOG_SYS,17601000,19,1
CSV_LOG,17601000,19
LOG_SYS,17605000,19,1
CSV_LOG,17605000,19
LOG_SYS,17608000,19,1
CSV_LOG,17608000,19
LOG_SYS,17611000,19,1
CSV_LOG,17611000,19
LOG_SYS,17615000,19,1
CSV_LOG,17615000,19
LOG_SYS,17618000,19,1
CSV_LOG,17618000,19
LOG_SYS,17621000,19,1
CSV_LOG,17621000,19
LOG_SYS,17625000,19,1
CSV_LOG,17625000,19
LOG_SYS,17628000,19,1
CSV_LOG,17628000,19
LOG_SYS,17631000,19,1
CSV_LOG,17631000,19
LOG_SYS,17635000,19,1
CSV_LOG,17635000,19
LOG_SYS,17638000,19,1
CSV_LOG,17638000,19
LOG_SYS,17641000,18,1
CSV_LOG,17641000,18
LOG_FREE,17641000,179,20
LOG_SYS,17645000,17,1
CSV_LOG,17645000,17
LOG_FREE,17645000,170,14
LOG_SYS,17648000,17,1
CSV_LOG,17648000,17
LOG_SYS,17651000,17,1
CSV_LOG,17651000,17
LOG_SYS,17655000,17,1
CSV_LOG,17655000,17
LOG_SYS,17658000,17,1
CSV_LOG,17658000,17
LOG_SYS,17661000,17,1
CSV_LOG,17661000,17
LOG_SYS,17665000,17,1
CSV_LOG,17665000,17
LOG_SYS,17668000,17,1
CSV_LOG,17668000,17
LOG_SYS,17671000,17,1
CSV_LOG,17671000,17
LOG_SYS,17675000,17,1
CSV_LOG,17675000,17
LOG_SYS,17678000,17,1
CSV_LOG,17678000,17
LOG_SYS,17681000,17,1
CSV_LOG,17681000,17
LOG_SYS,17685000,17,1
CSV_LOG,17685000,17
LOG_SYS,17688000,17,1
CSV_LOG,17688000,17
LOG_SYS,17691000,17,1
CSV_LOG,17691000,17
LOG_SYS,17695000,17,1
CSV_LOG,17695000,17
LOG_SYS,17698000,17,1
CSV_LOG,17698000,17
LOG_SYS,17701000,16,1
CSV_LOG,17701000,16
LOG_FREE,17701000,179,11
LOG_SYS,17705000,16,1
CSV_LOG,17705000,16
LOG_SYS,17708000,16,1
CSV_LOG,17708000,16
LOG_SYS,17711000,16,1
CSV_LOG,17711000,16
LOG_SYS,17715000,16,1
CSV_LOG,17715000,16
LOG_SYS,17718000,16,1
CSV_LOG,17718000,16
LOG_SYS,17721000,15,1
CSV_LOG,17721000,15
LOG_FREE,17721000,156,38
LOG_SYS,17725000,15,1
CSV_LOG,17725000,15
LOG_HOST,17728000,310,7,0
LOG_SYS,17728000,15,0
CSV_LOG,17728000,15
LOG_SYS,17731000,15,1
CSV_LOG,17731000,15
LOG_SYS,17735000,15,1
CSV_LOG,17735000,15
LOG_SYS,17738000,15,1
CSV_LOG,17738000,15
LOG_SYS,17741000,15,1
CSV_LOG,17741000,15
LOG_SYS,17745000,15,1
CSV_LOG,17745000,15
LOG_SYS,17748000,15,1
CSV_LOG,17748000,15
LOG_SYS,17751000,15,1
CSV_LOG,17751000,15
LOG_SYS,17755000,15,1
CSV_LOG,17755000,15
LOG_SYS,17758000,15,1
CSV_LOG,17758000,15
LOG_SYS,17761000,15,1
CSV_LOG,17761000,15
LOG_SYS,17765000,14,1
CSV_LOG,17765000,14
LOG_FREE,17765000,177,22
LOG_SYS,17768000,14,1
CSV_LOG,17768000,14
LOG_SYS,17771000,14,1
CSV_LOG,17771000,14
LOG_SYS,17775000,14,1
CSV_LOG,17775000,14
LOG_SYS,17778000,14,1
CSV_LOG,17778000,14
LOG_SYS,17781000,14,1
CSV_LOG,17781000,14
LOG_SYS,17785000,14,1
CSV_LOG,17785000,14
LOG_SYS,17788000,14,1
CSV_LOG,17788000,14
LOG_SYS,17791000,14,1
CSV_LOG,17791000,14
LOG_SYS,17795000,14,1
CSV_LOG,17795000,14
LOG_SYS,17798000,14,1
CSV_LOG,17798000,14
LOG_SYS,17801000,14,1
CSV_LOG,17801000,14
LOG_SYS,17805000,14,1
CSV_LOG,17805000,14
LOG_SYS,17808000,13,1
CSV_LOG,17808000,13
LOG_FREE,17808000,179,24
LOG_SYS,17811000,13,1
CSV_LOG,17811000,13
LOG_SYS,17815000,13,1
CSV_LOG,17815000,13
LOG_SYS,17818000,13,1
CSV_LOG,17818000,13
LOG_SYS,17821000,13,1
CSV_LOG,17821000,13
LOG_SYS,17825000,13,1
CSV_LOG,17825000,13
LOG_SYS,17828000,13,1
CSV_LOG,17828000,13
LOG_SYS,17831000,13,1
CSV_LOG,17831000,13
LOG_SYS,17835000,13,1
CSV_LOG,17835000,13
LOG_SYS,17838000,13,1
CSV_LOG,17838000,13
LOG_SYS,17841000,13,1
CSV_LOG,17841000,13
LOG_SYS,17845000,13,1
CSV_LOG,17845000,13
LOG_SYS,17848000,13,1
CSV_LOG,17848000,13
LOG_SYS,17851000,13,1
CSV_LOG,17851000,13
LOG_SYS,17855000,13,1
CSV_LOG,17855000,13
LOG_SYS,17858000,13,1
CSV_LOG,17858000,13
LOG_SYS,17861000,13,1
CSV_LOG,17861000,13
LOG_SYS,17865000,13,1
CSV_LOG,17865000,13
LOG_SYS,17868000,13,1
CSV_LOG,17868000,13
LOG_SYS,17871000,13,1
CSV_LOG,17871000,13
LOG_SYS,17875000,13,1
CSV_LOG,17875000,13
LOG_SYS,17878000,13,1
CSV_LOG,17878000,13
LOG_SYS,17881000,13,1
CSV_LOG,17881000,13
LOG_SYS,17885000,13,1
CSV_LOG,17885000,13
LOG_SYS,17888000,13,1
CSV_LOG,17888000,13
LOG_SYS,17891000,12,1
CSV_LOG,17891000,12
LOG_FREE,17891000,180,23
LOG_SYS,17895000,12,1
CSV_LOG,17895000,12
LOG_SYS,17898000,12,1
CSV_LOG,17898000,12
LOG_SYS,17901000,12,1
CSV_LOG,17901000,12
LOG_SYS,17905000,12,1
CSV_LOG,17905000,12
LOG_SYS,17908000,12,1
CSV_LOG,17908000,12
LOG_SYS,17911000,12,1
CSV_LOG,17911000,12
LOG_SYS,17914000,12,1
CSV_LOG,17914000,12
LOG_SYS,17918000,12,1
CSV_LOG,17918000,12
LOG_SYS,17921000,12,1
CSV_LOG,17921000,12
LOG_SYS,17924000,12,1
CSV_LOG,17924000,12
LOG_SYS,17928000,12,1
CSV_LOG,17928000,12
LOG_SYS,17931000,12,1
CSV_LOG,17931000,12
LOG_SYS,17934000,11,1
CSV_LOG,17934000,11
LOG_FREE,17934000,166,13
LOG_SYS,17938000,11,1
CSV_LOG,17938000,11
LOG_SYS,17941000,11,1
CSV_LOG,17941000,11
LOG_SYS,17944000,11,1
CSV_LOG,17944000,11
LOG_SYS,17948000,11,1
CSV_LOG,17948000,11
LOG_SYS,17951000,11,1
CSV_LOG,17951000,11
LOG_SYS,17954000,11,1
CSV_LOG,17954000,11
LOG_SYS,17958000,11,1
CSV_LOG,17958000,11
LOG_SYS,17961000,11,1
CSV_LOG,17961000,11
LOG_SYS,17964000,11,1
CSV_LOG,17964000,11
LOG_SYS,17968000,11,1
CSV_LOG,17968000,11
LOG_SYS,17971000,11,1
CSV_LOG,17971000,11
LOG_SYS,17974000,11,1
CSV_LOG,17974000,11
LOG_SYS,17978000,11,1
CSV_LOG,17978000,11
LOG_SYS,17981000,11,1
CSV_LOG,17981000,11
LOG_SYS,17984000,11,1
CSV_LOG,17984000,11
LOG_SYS,17988000,11,1
CSV_LOG,17988000,11
LOG_SYS,17991000,11,1
CSV_LOG,17991000,11
LOG_SYS,17994000,11,1
CSV_LOG,17994000,11
LOG_SYS,17998000,11,1
CSV_LOG,17998000,11
LOG_SYS,18001000,11,1
CSV_LOG,18001000,11
LOG_SYS,18004000,11,1
CSV_LOG,18004000,11
LOG_SYS,18008000,11,1
CSV_LOG,18008000,11
LOG_SYS,18011000,10,1
CSV_LOG,18011000,10
LOG_FREE,18011000,177,16
LOG_SYS,18014000,10,1
CSV_LOG,18014000,10
LOG_HOST,18018000,311,5,310
LOG_SYS,18018000,10,0
CSV_LOG,18018000,10
LOG_SYS,18021000,10,1
CSV_LOG,18021000,10
LOG_ALLOC,18021000,183,2
LOG_SYS,18024000,11,1
CSV_LOG,18024000,11
LOG_ALLOC,18024000,183,3
LOG_SYS,18028000,12,1
CSV_LOG,18028000,12
LOG_ALLOC,18028000,183,5
LOG_SYS,18031000,13,1
CSV_LOG,18031000,13
LOG_ALLOC,18031000,183,8
LOG_SYS,18034000,14,1
CSV_LOG,18034000,14
LOG_SYS,18038000,14,1
CSV_LOG,18038000,14
LOG_SYS,18041000,14,1
CSV_LOG,18041000,14
LOG_SYS,18044000,14,1
CSV_LOG,18044000,14
LOG_SYS,18048000,14,1
CSV_LOG,18048000,14
LOG_SYS,18051000,14,1
CSV_LOG,18051000,14
LOG_SYS,18054000,14,1
CSV_LOG,18054000,14
LOG_SYS,18058000,14,1
CSV_LOG,18058000,14
LOG_SYS,18061000,14,1
CSV_LOG,18061000,14
LOG_SYS,18064000,14,1
CSV_LOG,18064000,14
LOG_SYS,18068000,14,1
CSV_LOG,18068000,14
LOG_SYS,18071000,14,1
CSV_LOG,18071000,14
LOG_SYS,18074000,14,1
CSV_LOG,18074000,14
LOG_SYS,18078000,14,1
CSV_LOG,18078000,14
LOG_SYS,18081000,14,1
CSV_LOG,18081000,14
LOG_SYS,18084000,14,1
CSV_LOG,18084000,14
LOG_SYS,18088000,14,1
CSV_LOG,18088000,14
LOG_SYS,18091000,13,1
CSV_LOG,18091000,13
LOG_FREE,18091000,178,15
LOG_SYS,18094000,13,1
CSV_LOG,18094000,13
LOG_HOST,18098000,312,7,0
LOG_SYS,18098000,13,0
CSV_LOG,18098000,13
LOG_SYS,18101000,13,1
CSV_LOG,18101000,13
LOG_ALLOC,18101000,184,9
LOG_SYS,18104000,14,1
CSV_LOG,18104000,14
LOG_ALLOC,18104000,184,11
LOG_SYS,18108000,15,1
CSV_LOG,18108000,15
LOG_SYS,18111000,15,1
CSV_LOG,18111000,15
LOG_SYS,18114000,15,1
CSV_LOG,18114000,15
LOG_SYS,18118000,15,1
CSV_LOG,18118000,15
LOG_SYS,18121000,15,1
CSV_LOG,18121000,15
LOG_SYS,18124000,15,1
CSV_LOG,18124000,15
LOG_SYS,18128000,15,1
CSV_LOG,18128000,15
LOG_SYS,18131000,15,1
CSV_LOG,18131000,15
LOG_SYS,18134000,15,1
CSV_LOG,18134000,15
LOG_SYS,18138000,15,1
CSV_LOG,18138000,15
LOG_SYS,18141000,15,1
CSV_LOG,18141000,15
LOG_SYS,18144000,15,1
CSV_LOG,18144000,15
LOG_SYS,18148000,15,1
CSV_LOG,18148000,15
LOG_SYS,18151000,15,1
CSV_LOG,18151000,15
LOG_SYS,18154000,15,1
CSV_LOG,18154000,15
LOG_SYS,18158000,15,1
CSV_LOG,18158000,15
LOG_SYS,18161000,15,1
CSV_LOG,18161000,15
LOG_SYS,18164000,14,1
CSV_LOG,18164000,14
LOG_FREE,18164000,184,11
LOG_SYS,18168000,14,1
CSV_LOG,18168000,14
LOG_SYS,18171000,14,1
CSV_LOG,18171000,14
LOG_SYS,18174000,14,1
CSV_LOG,18174000,14
LOG_SYS,18178000,14,1
CSV_LOG,18178000,14
LOG_SYS,18181000,14,1
CSV_LOG,18181000,14
LOG_SYS,18184000,14,1
CSV_LOG,18184000,14
LOG_SYS,18188000,14,1
CSV_LOG,18188000,14
LOG_SYS,18191000,14,1
CSV_LOG,18191000,14
LOG_SYS,18194000,14,1
CSV_LOG,18194000,14
LOG_SYS,18198000,14,1
CSV_LOG,18198000,14
LOG_SYS,18201000,14,1
CSV_LOG,18201000,14
LOG_SYS,18204000,14,1
CSV_LOG,18204000,14
LOG_SYS,18208000,14,1
CSV_LOG,18208000,14
LOG_SYS,18211000,14,1
CSV_LOG,18211000,14
LOG_SYS,18214000,14,1
CSV_LOG,18214000,14
LOG_SYS,18218000,14,1
CSV_LOG,18218000,14
LOG_SYS,18221000,14,1
CSV_LOG,18221000,14
LOG_SYS,18224000,13,1
CSV_LOG,18224000,13
LOG_FREE,18224000,169,7
LOG_SYS,18228000,13,1
CSV_LOG,18228000,13
LOG_HOST,18231000,313,2,312
LOG_SYS,18231000,13,0
CSV_LOG,18231000,13
LOG_SYS,18234000,13,1
CSV_LOG,18234000,13
LOG_ALLOC,18234000,185,7
LOG_SYS,18238000,14,1
CSV_LOG,18238000,14
LOG_SYS,18241000,14,1
CSV_LOG,18241000,14
LOG_SYS,18244000,14,1
CSV_LOG,18244000,14
LOG_SYS,18248000,14,1
CSV_LOG,18248000,14
LOG_SYS,18251000,14,1
CSV_LOG,18251000,14
LOG_SYS,18254000,14,1
CSV_LOG,18254000,14
LOG_SYS,18258000,14,1
CSV_LOG,18258000,14
LOG_SYS,18261000,14,1
CSV_LOG,18261000,14
LOG_SYS,18264000,14,1
CSV_LOG,18264000,14
LOG_SYS,18268000,14,1
CSV_LOG,18268000,14
LOG_SYS,18271000,14,1
CSV_LOG,18271000,14
LOG_SYS,18274000,14,1
CSV_LOG,18274000,14
LOG_SYS,18278000,14,1
CSV_LOG,18278000,14
LOG_SYS,18281000,14,1
CSV_LOG,18281000,14
LOG_SYS,18284000,14,1
CSV_LOG,18284000,14
LOG_SYS,18288000,14,1
CSV_LOG,18288000,14
LOG_SYS,18291000,14,1
CSV_LOG,18291000,14
LOG_SYS,18294000,14,1
CSV_LOG,18294000,14
LOG_SYS,18298000,14,1
CSV_LOG,18298000,14
LOG_SYS,18301000,14,1
CSV_LOG,18301000,14
LOG_SYS,18304000,14,1
CSV_LOG,18304000,14
LOG_SYS,18308000,14,1
CSV_LOG,18308000,14
LOG_SYS,18311000,14,1
CSV_LOG,18311000,14
LOG_SYS,18314000,14,1
CSV_LOG,18314000,14
LOG_SYS,18318000,14,1
CSV_LOG,18318000,14
LOG_SYS,18321000,14,1
CSV_LOG,18321000,14
LOG_SYS,18324000,14,1
CSV_LOG,18324000,14
LOG_SYS,18328000,14,1
CSV_LOG,18328000,14
LOG_SYS,18331000,14,1
CSV_LOG,18331000,14
LOG_SYS,18334000,14,1
CSV_LOG,18334000,14
LOG_SYS,18338000,14,1
CSV_LOG,18338000,14
LOG_SYS,18341000,14,1
CSV_LOG,18341000,14
LOG_SYS,18344000,14,1
CSV_LOG,18344000,14
LOG_SYS,18348000,14,1
CSV_LOG,18348000,14
LOG_SYS,18351000,14,1
CSV_LOG,18351000,14
LOG_SYS,18354000,14,1
CSV_LOG,18354000,14
LOG_SYS,18358000,14,1
CSV_LOG,18358000,14
LOG_SYS,18361000,14,1
CSV_LOG,18361000,14
LOG_SYS,18364000,14,1
CSV_LOG,18364000,14
LOG_SYS,18368000,14,1
CSV_LOG,18368000,14
LOG_SYS,18371000,14,1
CSV_LOG,18371000,14
LOG_SYS,18374000,13,1
CSV_LOG,18374000,13
LOG_FREE,18374000,180,25
LOG_SYS,18378000,13,1
CSV_LOG,18378000,13
LOG_HOST,18381000,314,2,0
LOG_SYS,18381000,13,0
CSV_LOG,18381000,13
LOG_ALLOC,18381000,181,11
LOG_SYS,18384000,14,1
CSV_LOG,18384000,14
LOG_ALLOC,18384000,181,12
LOG_SYS,18388000,15,1
CSV_LOG,18388000,15
LOG_ALLOC,18388000,181,13
LOG_SYS,18391000,16,1
CSV_LOG,18391000,16
LOG_ALLOC,18391000,186,14
LOG_SYS,18394000,17,1
CSV_LOG,18394000,17
LOG_ALLOC,18394000,186,15
LOG_SYS,18398000,18,1
CSV_LOG,18398000,18
LOG_ALLOC,18398000,186,16
LOG_SYS,18401000,19,1
CSV_LOG,18401000,19
LOG_SYS,18404000,19,1
CSV_LOG,18404000,19
LOG_SYS,18408000,19,1
CSV_LOG,18408000,19
LOG_SYS,18411000,19,1
CSV_LOG,18411000,19
LOG_SYS,18414000,19,1
CSV_LOG,18414000,19
LOG_SYS,18418000,19,1
CSV_LOG,18418000,19
LOG_SYS,18421000,19,1
CSV_LOG,18421000,19
LOG_SYS,18424000,19,1
CSV_LOG,18424000,19
LOG_SYS,18428000,19,1
CSV_LOG,18428000,19
LOG_SYS,18431000,19,1
CSV_LOG,18431000,19
LOG_SYS,18434000,19,1
CSV_LOG,18434000,19
LOG_SYS,18438000,19,1
CSV_LOG,18438000,19
LOG_SYS,18441000,19,1
CSV_LOG,18441000,19
LOG_SYS,18444000,19,1
CSV_LOG,18444000,19
LOG_SYS,18448000,19,1
CSV_LOG,18448000,19
LOG_SYS,18451000,19,1
CSV_LOG,18451000,19
LOG_SYS,18454000,19,1
CSV_LOG,18454000,19
LOG_SYS,18458000,19,1
CSV_LOG,18458000,19
LOG_SYS,18461000,19,1
CSV_LOG,18461000,19
LOG_SYS,18464000,19,1
CSV_LOG,18464000,19
LOG_SYS,18468000,19,1
CSV_LOG,18468000,19
LOG_SYS,18471000,19,1
CSV_LOG,18471000,19
LOG_SYS,18474000,19,1
CSV_LOG,18474000,19
LOG_SYS,18478000,19,1
CSV_LOG,18478000,19
LOG_SYS,18481000,19,1
CSV_LOG,18481000,19
LOG_SYS,18484000,19,1
CSV_LOG,18484000,19
LOG_SYS,18488000,18,1
CSV_LOG,18488000,18
LOG_FREE,18488000,173,4
LOG_SYS,18491000,17,1
CSV_LOG,18491000,17
LOG_FREE,18491000,185,7
LOG_SYS,18494000,17,1
CSV_LOG,18494000,17
LOG_HOST,18498000,315,1,0
LOG_SYS,18498000,17,0
CSV_LOG,18498000,17
LOG_SYS,18501000,16,1
CSV_LOG,18501000,16
LOG_FREE,18501000,183,5
LOG_SYS,18504000,16,1
CSV_LOG,18504000,16
LOG_SYS,18508000,16,1
CSV_LOG,18508000,16
LOG_SYS,18511000,16,1
CSV_LOG,18511000,16
LOG_SYS,18514000,15,1
CSV_LOG,18514000,15
LOG_FREE,18514000,166,6
LOG_SYS,18518000,15,1
CSV_LOG,18518000,15
LOG_SYS,18521000,15,0
CSV_LOG,18521000,15
LOG_SYS,18524000,15,0
CSV_LOG,18524000,15
LOG_ALLOC,18524000,188,4
LOG_SYS,18528000,16,0
CSV_LOG,18528000,16
LOG_ALLOC,18528000,188,5
LOG_SYS,18531000,17,0
CSV_LOG,18531000,17
LOG_ALLOC,18531000,188,6
LOG_SYS,18534000,18,0
CSV_LOG,18534000,18
LOG_ALLOC,18534000,188,7
LOG_SYS,18538000,19,0
CSV_LOG,18538000,19
LOG_ALLOC,18538000,188,17
LOG_SYS,18541000,20,0
CSV_LOG,18541000,20
LOG_ALLOC,18541000,188,18
LOG_SYS,18544000,20,0
CSV_LOG,18544000,20
LOG_FREE,18544000,170,1
LOG_SYS,18548000,19,0
CSV_LOG,18548000,19
LOG_FREE,18548000,179,10
LOG_SYS,18551000,19,0
CSV_LOG,18551000,19
LOG_ALLOC,18551000,171,1
LOG_SYS,18554000,20,0
CSV_LOG,18554000,20
LOG_ALLOC,18554000,171,10
LOG_SYS,18558000,21,0
CSV_LOG,18558000,21
LOG_ALLOC,18558000,190,19
LOG_SYS,18561000,22,0
CSV_LOG,18561000,22
LOG_ALLOC,18561000,171,20
LOG_SYS,18564000,23,0
CSV_LOG,18564000,23
LOG_ALLOC,18564000,171,21
LOG_SYS,18568000,24,0
CSV_LOG,18568000,24
LOG_ALLOC,18568000,189,22
LOG_SYS,18571000,25,0
CSV_LOG,18571000,25
LOG_ALLOC,18571000,189,23
LOG_SYS,18574000,25,0
CSV_LOG,18574000,25
LOG_FREE,18574000,188,5
LOG_HOST,18574000,316,5,0
LOG_SYS,18578000,25,0
CSV_LOG,18578000,25
LOG_SYS,18581000,25,0
CSV_LOG,18581000,25
LOG_SYS,18584000,25,0
CSV_LOG,18584000,25
LOG_SYS,18588000,25,0
CSV_LOG,18588000,25
LOG_SYS,18591000,24,0
CSV_LOG,18591000,24
LOG_FREE,18591000,171,10
LOG_SYS,18594000,24,0
CSV_LOG,18594000,24
LOG_SYS,18598000,24,0
CSV_LOG,18598000,24
LOG_SYS,18601000,23,0
CSV_LOG,18601000,23
LOG_FREE,18601000,186,15
LOG_SYS,18604000,22,0
CSV_LOG,18604000,22
LOG_FREE,18604000,190,19
LOG_SYS,18608000,22,0
CSV_LOG,18608000,22
LOG_SYS,18611000,22,0
CSV_LOG,18611000,22
LOG_SYS,18614000,22,0
CSV_LOG,18614000,22
LOG_ALLOC,18614000,191,5
LOG_SYS,18618000,23,0
CSV_LOG,18618000,23
LOG_ALLOC,18618000,191,10
LOG_SYS,18621000,24,0
CSV_LOG,18621000,24
LOG_ALLOC,18621000,191,15
LOG_SYS,18624000,25,0
CSV_LOG,18624000,25
LOG_ALLOC,18624000,191,19
LOG_SYS,18628000,26,0
CSV_LOG,18628000,26
LOG_SYS,18631000,26,0
CSV_LOG,18631000,26
LOG_SYS,18634000,26,0
CSV_LOG,18634000,26
LOG_HOST,18634000,317,2,0
LOG_SYS,18638000,26,0
CSV_LOG,18638000,26
LOG_SYS,18641000,26,0
CSV_LOG,18641000,26
LOG_SYS,18644000,26,0
CSV_LOG,18644000,26
LOG_SYS,18648000,26,0
CSV_LOG,18648000,26
LOG_SYS,18651000,26,0
CSV_LOG,18651000,26
LOG_SYS,18654000,26,0
CSV_LOG,18654000,26
LOG_HOST,18658000,318,1,0
LOG_SYS,18658000,26,0
CSV_LOG,18658000,26
LOG_SYS,18661000,25,0
CSV_LOG,18661000,25
LOG_FREE,18661000,173,26
LOG_SYS,18664000,25,0
CSV_LOG,18664000,25
LOG_SYS,18668000,25,0
CSV_LOG,18668000,25
LOG_ALLOC,18668000,174,24
LOG_SYS,18671000,26,0
CSV_LOG,18671000,26
LOG_ALLOC,18671000,174,25
LOG_SYS,18674000,27,0
CSV_LOG,18674000,27
LOG_ALLOC,18674000,174,26
LOG_SYS,18678000,28,0
CSV_LOG,18678000,28
LOG_SYS,18681000,28,0
CSV_LOG,18681000,28
LOG_SYS,18684000,27,0
CSV_LOG,18684000,27
LOG_FREE,18684000,188,18
LOG_SYS,18688000,27,0
CSV_LOG,18688000,27
LOG_SYS,18691000,27,0
CSV_LOG,18691000,27
LOG_SYS,18694000,27,0
CSV_LOG,18694000,27
LOG_SYS,18698000,27,0
CSV_LOG,18698000,27
LOG_SYS,18701000,27,0
CSV_LOG,18701000,27
LOG_SYS,18704000,27,0
CSV_LOG,18704000,27
LOG_SYS,18708000,27,0
CSV_LOG,18708000,27
LOG_HOST,18708000,319,1,318
LOG_SYS,18711000,27,0
CSV_LOG,18711000,27
LOG_SYS,18714000,27,0
CSV_LOG,18714000,27
LOG_SYS,18718000,27,0
CSV_LOG,18718000,27
LOG_SYS,18721000,26,0
CSV_LOG,18721000,26
LOG_FREE,18721000,191,10
LOG_SYS,18724000,26,0
CSV_LOG,18724000,26
LOG_SYS,18728000,26,0
CSV_LOG,18728000,26
LOG_SYS,18731000,26,0
CSV_LOG,18731000,26
LOG_SYS,18734000,26,0
CSV_LOG,18734000,26
LOG_SYS,18738000,26,0
CSV_LOG,18738000,26
LOG_SYS,18741000,26,0
CSV_LOG,18741000,26
LOG_SYS,18744000,26,0
CSV_LOG,18744000,26
LOG_SYS,18747000,26,0
CSV_LOG,18747000,26
LOG_SYS,18751000,26,0
CSV_LOG,18751000,26
LOG_SYS,18754000,26,0
CSV_LOG,18754000,26
LOG_SYS,18757000,26,0
CSV_LOG,18757000,26
LOG_SYS,18761000,26,0
CSV_LOG,18761000,26
LOG_SYS,18764000,26,0
CSV_LOG,18764000,26
LOG_SYS,18767000,26,0
CSV_LOG,18767000,26
LOG_SYS,18771000,25,0
CSV_LOG,18771000,25
LOG_FREE,18771000,181,11
LOG_SYS,18774000,24,0
CSV_LOG,18774000,24
LOG_FREE,18774000,191,19
LOG_HOST,18774000,320,3,0
LOG_SYS,18777000,24,1
CSV_LOG,18777000,24
LOG_SYS,18781000,24,1
CSV_LOG,18781000,24
LOG_SYS,18784000,24,1
CSV_LOG,18784000,24
LOG_SYS,18787000,24,1
CSV_LOG,18787000,24
LOG_SYS,18791000,24,1
CSV_LOG,18791000,24
LOG_SYS,18794000,24,1
CSV_LOG,18794000,24
LOG_SYS,18797000,24,1
CSV_LOG,18797000,24
LOG_SYS,18801000,24,1
CSV_LOG,18801000,24
LOG_SYS,18804000,24,1
CSV_LOG,18804000,24
LOG_SYS,18807000,24,1
CSV_LOG,18807000,24
LOG_SYS,18811000,24,1
CSV_LOG,18811000,24
LOG_SYS,18814000,24,1
CSV_LOG,18814000,24
LOG_SYS,18817000,24,1
CSV_LOG,18817000,24
LOG_SYS,18821000,24,1
CSV_LOG,18821000,24
LOG_SYS,18824000,24,1
CSV_LOG,18824000,24
LOG_SYS,18827000,23,1
CSV_LOG,18827000,23
LOG_FREE,18827000,171,1
LOG_SYS,18831000,23,1
CSV_LOG,18831000,23
LOG_SYS,18834000,23,1
CSV_LOG,18834000,23
LOG_SYS,18837000,23,1
CSV_LOG,18837000,23
LOG_SYS,18841000,23,1
CSV_LOG,18841000,23
LOG_SYS,18844000,23,1
CSV_LOG,18844000,23
LOG_SYS,18847000,23,1
CSV_LOG,18847000,23
LOG_SYS,18851000,23,1
CSV_LOG,18851000,23
LOG_SYS,18854000,23,1
CSV_LOG,18854000,23
LOG_SYS,18857000,23,1
CSV_LOG,18857000,23
LOG_SYS,18861000,23,1
CSV_LOG,18861000,23
LOG_SYS,18864000,23,1
CSV_LOG,18864000,23
LOG_SYS,18867000,23,1
CSV_LOG,18867000,23
LOG_SYS,18871000,23,1
CSV_LOG,18871000,23
LOG_SYS,18874000,23,1
CSV_LOG,18874000,23
LOG_SYS,18877000,23,1
CSV_LOG,18877000,23
LOG_SYS,18881000,23,1
CSV_LOG,18881000,23
LOG_SYS,18884000,23,1
CSV_LOG,18884000,23
LOG_SYS,18887000,23,1
CSV_LOG,18887000,23
LOG_SYS,18891000,23,1
CSV_LOG,18891000,23
LOG_SYS,18894000,23,1
CSV_LOG,18894000,23
LOG_SYS,18897000,23,1
CSV_LOG,18897000,23
LOG_SYS,18901000,23,1
CSV_LOG,18901000,23
LOG_SYS,18904000,23,1
CSV_LOG,18904000,23
LOG_SYS,18907000,23,1
CSV_LOG,18907000,23
LOG_SYS,18911000,23,1
CSV_LOG,18911000,23
LOG_SYS,18914000,23,1
CSV_LOG,18914000,23
LOG_SYS,18917000,23,1
CSV_LOG,18917000,23
LOG_SYS,18921000,23,1
CSV_LOG,18921000,23
LOG_SYS,18924000,22,1
CSV_LOG,18924000,22
LOG_FREE,18924000,174,24
LOG_SYS,18927000,22,1
CSV_LOG,18927000,22
LOG_SYS,18931000,22,1
CSV_LOG,18931000,22
LOG_SYS,18934000,22,1
CSV_LOG,18934000,22
LOG_SYS,18937000,22,1
CSV_LOG,18937000,22
LOG_SYS,18941000,22,1
CSV_LOG,18941000,22
LOG_SYS,18944000,22,1
CSV_LOG,18944000,22
LOG_SYS,18947000,22,1
CSV_LOG,18947000,22
LOG_SYS,18951000,22,1
CSV_LOG,18951000,22
LOG_SYS,18954000,22,1
CSV_LOG,18954000,22
LOG_SYS,18957000,22,1
CSV_LOG,18957000,22
LOG_SYS,18961000,22,1
CSV_LOG,18961000,22
LOG_SYS,18964000,22,1
CSV_LOG,18964000,22
LOG_SYS,18967000,22,1
CSV_LOG,18967000,22
LOG_SYS,18971000,22,1
CSV_LOG,18971000,22
LOG_SYS,18974000,21,1
CSV_LOG,18974000,21
LOG_FREE,18974000,186,16
LOG_SYS,18977000,21,1
CSV_LOG,18977000,21
LOG_SYS,18981000,21,1
CSV_LOG,18981000,21
LOG_SYS,18984000,20,1
CSV_LOG,18984000,20
LOG_FREE,18984000,188,6
LOG_SYS,18987000,20,1
CSV_LOG,18987000,20
LOG_SYS,18991000,20,1
CSV_LOG,18991000,20
LOG_SYS,18994000,20,1
CSV_LOG,18994000,20
LOG_SYS,18997000,20,1
CSV_LOG,18997000,20
LOG_SYS,19001000,20,1
CSV_LOG,19001000,20
LOG_SYS,19004000,20,1
CSV_LOG,19004000,20
LOG_SYS,19007000,19,1
CSV_LOG,19007000,19
LOG_FREE,19007000,189,22
LOG_SYS,19011000,19,1
CSV_LOG,19011000,19
LOG_SYS,19014000,19,1
CSV_LOG,19014000,19
LOG_SYS,19017000,19,1
CSV_LOG,19017000,19
LOG_SYS,19021000,19,1
CSV_LOG,19021000,19
LOG_SYS,19024000,19,1
CSV_LOG,19024000,19
LOG_SYS,19027000,19,1
CSV_LOG,19027000,19
LOG_SYS,19031000,18,1
CSV_LOG,19031000,18
LOG_FREE,19031000,183,2
LOG_SYS,19034000,18,1
CSV_LOG,19034000,18
LOG_SYS,19037000,18,1
CSV_LOG,19037000,18
LOG_SYS,19041000,18,1
CSV_LOG,19041000,18
LOG_SYS,19044000,18,1
CSV_LOG,19044000,18
LOG_SYS,19047000,18,1
CSV_LOG,19047000,18
LOG_SYS,19051000,18,1
CSV_LOG,19051000,18
LOG_SYS,19054000,18,1
CSV_LOG,19054000,18
LOG_SYS,19057000,18,1
CSV_LOG,19057000,18
LOG_SYS,19061000,18,1
CSV_LOG,19061000,18
LOG_SYS,19064000,18,1
CSV_LOG,19064000,18
LOG_SYS,19067000,18,1
CSV_LOG,19067000,18
LOG_SYS,19071000,18,1
CSV_LOG,19071000,18
LOG_SYS,19074000,18,1
CSV_LOG,19074000,18
LOG_SYS,19077000,18,1
CSV_LOG,19077000,18
LOG_SYS,19081000,18,1
CSV_LOG,19081000,18
LOG_SYS,19084000,18,1
CSV_LOG,19084000,18
LOG_SYS,19087000,18,1
CSV_LOG,19087000,18
LOG_SYS,19091000,18,1
CSV_LOG,19091000,18
LOG_SYS,19094000,18,1
CSV_LOG,19094000,18
LOG_SYS,19097000,18,1
CSV_LOG,19097000,18
LOG_SYS,19101000,18,1
CSV_LOG,19101000,18
LOG_SYS,19104000,18,1
CSV_LOG,19104000,18
LOG_SYS,19107000,18,1
CSV_LOG,19107000,18
LOG_SYS,19111000,18,1
CSV_LOG,19111000,18
LOG_SYS,19114000,17,1
CSV_LOG,19114000,17
LOG_FREE,19114000,174,26
LOG_SYS,19117000,17,1
CSV_LOG,19117000,17
LOG_SYS,19121000,17,1
CSV_LOG,19121000,17
LOG_SYS,19124000,17,1
CSV_LOG,19124000,17
LOG_SYS,19127000,17,1
CSV_LOG,19127000,17
LOG_SYS,19131000,17,1
CSV_LOG,19131000,17
LOG_SYS,19134000,17,1
CSV_LOG,19134000,17
LOG_SYS,19137000,16,1
CSV_LOG,19137000,16
LOG_FREE,19137000,189,23
LOG_SYS,19141000,16,1
CSV_LOG,19141000,16
LOG_HOST,19144000,321,1,0
LOG_SYS,19144000,16,0
CSV_LOG,19144000,16
LOG_SYS,19147000,16,1
CSV_LOG,19147000,16
LOG_ALLOC,19147000,193,1
LOG_SYS,19151000,17,1
CSV_LOG,19151000,17
LOG_ALLOC,19151000,193,2
LOG_SYS,19154000,18,1
CSV_LOG,19154000,18
LOG_ALLOC,19154000,193,6
LOG_SYS,19157000,19,1
CSV_LOG,19157000,19
LOG_ALLOC,19157000,193,10
LOG_SYS,19161000,20,1
CSV_LOG,19161000,20
LOG_ALLOC,19161000,193,11
LOG_SYS,19164000,21,1
CSV_LOG,19164000,21
LOG_ALLOC,19164000,193,16
LOG_SYS,19167000,22,1
CSV_LOG,19167000,22
LOG_SYS,19171000,22,1
CSV_LOG,19171000,22
LOG_SYS,19174000,22,1
CSV_LOG,19174000,22
LOG_SYS,19177000,22,1
CSV_LOG,19177000,22
LOG_SYS,19181000,22,1
CSV_LOG,19181000,22
LOG_SYS,19184000,22,1
CSV_LOG,19184000,22
LOG_SYS,19187000,22,1
CSV_LOG,19187000,22
LOG_SYS,19191000,22,1
CSV_LOG,19191000,22
LOG_SYS,19194000,22,1
CSV_LOG,19194000,22
LOG_SYS,19197000,22,1
CSV_LOG,19197000,22
LOG_SYS,19201000,22,1
CSV_LOG,19201000,22
LOG_SYS,19204000,22,1
CSV_LOG,19204000,22
LOG_SYS,19207000,22,1
CSV_LOG,19207000,22
LOG_SYS,19211000,22,1
CSV_LOG,19211000,22
LOG_SYS,19214000,22,1
CSV_LOG,19214000,22
LOG_SYS,19217000,22,1
CSV_LOG,19217000,22
LOG_SYS,19221000,22,1
CSV_LOG,19221000,22
LOG_SYS,19224000,22,1
CSV_LOG,19224000,22
LOG_SYS,19227000,22,1
CSV_LOG,19227000,22
LOG_SYS,19231000,22,1
CSV_LOG,19231000,22
LOG_SYS,19234000,22,1
CSV_LOG,19234000,22
LOG_SYS,19237000,21,1
CSV_LOG,19237000,21
LOG_FREE,19237000,188,17
LOG_SYS,19241000,21,1
CSV_LOG,19241000,21
LOG_SYS,19244000,21,1
CSV_LOG,19244000,21
LOG_SYS,19247000,20,1
CSV_LOG,19247000,20
LOG_FREE,19247000,191,5
LOG_SYS,19251000,20,1
CSV_LOG,19251000,20
LOG_SYS,19254000,19,1
CSV_LOG,19254000,19
LOG_FREE,19254000,172,32
LOG_SYS,19257000,19,1
CSV_LOG,19257000,19
LOG_HOST,19261000,322,2,0
LOG_SYS,19261000,19,0
CSV_LOG,19261000,19
LOG_SYS,19264000,19,1
CSV_LOG,19264000,19
LOG_ALLOC,19264000,194,5
LOG_SYS,19267000,20,1
CSV_LOG,19267000,20
LOG_SYS,19271000,20,1
CSV_LOG,19271000,20
LOG_SYS,19274000,20,1
CSV_LOG,19274000,20
LOG_SYS,19277000,20,1
CSV_LOG,19277000,20
LOG_SYS,19281000,20,1
CSV_LOG,19281000,20
LOG_SYS,19284000,20,1
CSV_LOG,19284000,20
LOG_SYS,19287000,19,1
CSV_LOG,19287000,19
LOG_FREE,19287000,193,1
LOG_SYS,19291000,19,1
CSV_LOG,19291000,19
LOG_SYS,19294000,19,1
CSV_LOG,19294000,19
LOG_SYS,19297000,19,1
CSV_LOG,19297000,19
LOG_SYS,19301000,19,1
CSV_LOG,19301000,19
LOG_SYS,19304000,19,1
CSV_LOG,19304000,19
LOG_SYS,19307000,19,1
CSV_LOG,19307000,19
LOG_SYS,19311000,19,1
CSV_LOG,19311000,19
LOG_SYS,19314000,19,1
CSV_LOG,19314000,19
LOG_SYS,19317000,19,1
CSV_LOG,19317000,19
LOG_SYS,19321000,19,1
CSV_LOG,19321000,19
LOG_SYS,19324000,19,1
CSV_LOG,19324000,19
LOG_SYS,19327000,19,1
CSV_LOG,19327000,19
LOG_SYS,19331000,19,1
CSV_LOG,19331000,19
LOG_SYS,19334000,19,1
CSV_LOG,19334000,19
LOG_SYS,19337000,19,1
CSV_LOG,19337000,19
LOG_SYS,19341000,19,1
CSV_LOG,19341000,19
LOG_SYS,19344000,19,1
CSV_LOG,19344000,19
LOG_SYS,19347000,19,1
CSV_LOG,19347000,19
LOG_SYS,19351000,19,1
CSV_LOG,19351000,19
LOG_SYS,19354000,19,1
CSV_LOG,19354000,19
LOG_SYS,19357000,19,1
CSV_LOG,19357000,19
LOG_SYS,19361000,19,1
CSV_LOG,19361000,19
LOG_SYS,19364000,19,1
CSV_LOG,19364000,19
LOG_SYS,19367000,19,1
CSV_LOG,19367000,19
LOG_SYS,19371000,19,1
CSV_LOG,19371000,19
LOG_SYS,19374000,19,1
CSV_LOG,19374000,19
LOG_SYS,19377000,19,1
CSV_LOG,19377000,19
LOG_SYS,19381000,19,1
CSV_LOG,19381000,19
LOG_SYS,19384000,19,1
CSV_LOG,19384000,19
LOG_SYS,19387000,19,1
CSV_LOG,19387000,19
LOG_SYS,19391000,19,1
CSV_LOG,19391000,19
LOG_SYS,19394000,19,1
CSV_LOG,19394000,19
LOG_SYS,19397000,19,1
CSV_LOG,19397000,19
LOG_SYS,19401000,19,1
CSV_LOG,19401000,19
LOG_SYS,19404000,19,1
CSV_LOG,19404000,19
LOG_SYS,19407000,19,1
CSV_LOG,19407000,19
LOG_SYS,19411000,19,1
CSV_LOG,19411000,19
LOG_SYS,19414000,19,1
CSV_LOG,19414000,19
LOG_SYS,19417000,19,1
CSV_LOG,19417000,19
LOG_SYS,19421000,19,1
CSV_LOG,19421000,19
LOG_SYS,19424000,19,1
CSV_LOG,19424000,19
LOG_SYS,19427000,19,1
CSV_LOG,19427000,19
LOG_SYS,19431000,19,1
CSV_LOG,19431000,19
LOG_SYS,19434000,19,1
CSV_LOG,19434000,19
LOG_SYS,19437000,19,1
CSV_LOG,19437000,19
LOG_SYS,19441000,19,1
CSV_LOG,19441000,19
LOG_SYS,19444000,19,1
CSV_LOG,19444000,19
LOG_SYS,19447000,18,1
CSV_LOG,19447000,18
LOG_FREE,19447000,171,21
LOG_SYS,19451000,18,1
CSV_LOG,19451000,18
LOG_SYS,19454000,18,1
CSV_LOG,19454000,18
LOG_SYS,19457000,18,1
CSV_LOG,19457000,18
LOG_SYS,19461000,18,1
CSV_LOG,19461000,18
LOG_SYS,19464000,18,1
CSV_LOG,19464000,18
LOG_SYS,19467000,18,1
CSV_LOG,19467000,18
LOG_SYS,19471000,18,1
CSV_LOG,19471000,18
LOG_SYS,19474000,17,1
CSV_LOG,19474000,17
LOG_FREE,19474000,193,2
LOG_SYS,19477000,17,1
CSV_LOG,19477000,17
LOG_SYS,19481000,17,1
CSV_LOG,19481000,17
LOG_SYS,19484000,17,1
CSV_LOG,19484000,17
LOG_SYS,19487000,17,1
CSV_LOG,19487000,17
LOG_SYS,19491000,16,1
CSV_LOG,19491000,16
LOG_FREE,19491000,186,14
LOG_SYS,19494000,16,1
CSV_LOG,19494000,16
LOG_HOST,19497000,323,2,0
LOG_SYS,19497000,16,0
CSV_LOG,19497000,16
LOG_ALLOC,19497000,187,1
LOG_SYS,19501000,17,1
CSV_LOG,19501000,17
LOG_ALLOC,19501000,187,2
LOG_SYS,19504000,18,1
CSV_LOG,19504000,18
LOG_ALLOC,19504000,187,14
LOG_SYS,19507000,19,1
CSV_LOG,19507000,19
LOG_ALLOC,19507000,187,17
LOG_SYS,19511000,20,1
CSV_LOG,19511000,20
LOG_ALLOC,19511000,187,18
LOG_SYS,19514000,21,1
CSV_LOG,19514000,21
LOG_ALLOC,19514000,187,19
LOG_SYS,19517000,22,1
CSV_LOG,19517000,22
LOG_ALLOC,19517000,195,21
LOG_SYS,19521000,23,1
CSV_LOG,19521000,23
LOG_ALLOC,19521000,195,22
LOG_SYS,19524000,24,1
CSV_LOG,19524000,24
LOG_ALLOC,19524000,195,23
LOG_SYS,19527000,25,1
CSV_LOG,19527000,25
LOG_ALLOC,19527000,195,24
LOG_SYS,19531000,26,1
CSV_LOG,19531000,26
LOG_ALLOC,19531000,195,26
LOG_SYS,19534000,27,1
CSV_LOG,19534000,27
LOG_ALLOC,19534000,195,27
LOG_SYS,19537000,28,1
CSV_LOG,19537000,28
LOG_SYS,19541000,27,1
CSV_LOG,19541000,27
LOG_FREE,19541000,187,18
LOG_SYS,19544000,26,1
CSV_LOG,19544000,26
LOG_FREE,19544000,171,20
LOG_SYS,19547000,26,1
CSV_LOG,19547000,26
LOG_HOST,19551000,324,1,0
LOG_SYS,19551000,25,0
CSV_LOG,19551000,25
LOG_FREE,19551000,195,23
LOG_SYS,19554000,25,1
CSV_LOG,19554000,25
LOG_ALLOC,19554000,196,18
LOG_SYS,19557000,26,1
CSV_LOG,19557000,26
LOG_ALLOC,19557000,196,20
LOG_SYS,19561000,27,1
CSV_LOG,19561000,27
LOG_ALLOC,19561000,196,23
LOG_SYS,19564000,28,1
CSV_LOG,19564000,28
LOG_ALLOC,19564000,196,28
LOG_SYS,19567000,29,1
CSV_LOG,19567000,29
LOG_ALLOC,19567000,196,29
LOG_SYS,19571000,30,1
CSV_LOG,19571000,30
LOG_ALLOC,19571000,196,30
LOG_SYS,19574000,31,1
CSV_LOG,19574000,31
LOG_ALLOC,19574000,196,31
LOG_SYS,19577000,32,1
CSV_LOG,19577000,32
LOG_ALLOC,19577000,196,32
LOG_SYS,19580000,33,1
CSV_LOG,19580000,33
LOG_SYS,19584000,33,1
CSV_LOG,19584000,33
LOG_SYS,19587000,32,1
CSV_LOG,19587000,32
LOG_FREE,19587000,194,5
LOG_SYS,19590000,32,1
CSV_LOG,19590000,32
LOG_HOST,19594000,325,2,324
LOG_SYS,19594000,32,0
CSV_LOG,19594000,32
LOG_SYS,19597000,32,1
CSV_LOG,19597000,32
LOG_ALLOC,19597000,197,5
LOG_SYS,19600000,33,1
CSV_LOG,19600000,33
LOG_ALLOC,19600000,197,33
LOG_SYS,19604000,34,1
CSV_LOG,19604000,34
LOG_SYS,19607000,34,1
CSV_LOG,19607000,34
LOG_SYS,19610000,33,1
CSV_LOG,19610000,33
LOG_FREE,19610000,187,14
LOG_SYS,19614000,33,1
CSV_LOG,19614000,33
LOG_SYS,19617000,33,1
CSV_LOG,19617000,33
LOG_SYS,19620000,33,1
CSV_LOG,19620000,33
LOG_SYS,19624000,32,1
CSV_LOG,19624000,32
LOG_FREE,19624000,168,0
LOG_SYS,19627000,32,1
CSV_LOG,19627000,32
LOG_HOST,19630000,326,4,325
LOG_SYS,19630000,31,0
CSV_LOG,19630000,31
LOG_FREE,19630000,193,6
LOG_SYS,19634000,30,1
CSV_LOG,19634000,30
LOG_ALLOC,19634000,198,0
LOG_FREE,19634000,183,3
LOG_SYS,19637000,30,1
CSV_LOG,19637000,30
LOG_ALLOC,19637000,198,3
LOG_FREE,19637000,174,25
LOG_SYS,19640000,30,1
CSV_LOG,19640000,30
LOG_ALLOC,19640000,198,6
LOG_FREE,19640000,197,33
LOG_SYS,19644000,31,0
CSV_LOG,19644000,31
LOG_ALLOC,19644000,175,14
LOG_SYS,19647000,32,0
CSV_LOG,19647000,32
LOG_ALLOC,19647000,199,25
LOG_SYS,19650000,33,0
CSV_LOG,19650000,33
LOG_ALLOC,19650000,199,33
LOG_SYS,19654000,34,0
CSV_LOG,19654000,34
LOG_ALLOC,19654000,199,34
LOG_SYS,19657000,35,0
CSV_LOG,19657000,35
LOG_ALLOC,19657000,199,35
LOG_SYS,19660000,36,0
CSV_LOG,19660000,36
LOG_ALLOC,19660000,199,36
LOG_SYS,19664000,37,0
CSV_LOG,19664000,37
LOG_ALLOC,19664000,199,37
LOG_SYS,19667000,37,0
CSV_LOG,19667000,37
LOG_FREE,19667000,196,29
LOG_SYS,19670000,37,0
CSV_LOG,19670000,37
LOG_SYS,19674000,37,0
CSV_LOG,19674000,37
LOG_SYS,19677000,37,0
CSV_LOG,19677000,37
LOG_SYS,19680000,37,0
CSV_LOG,19680000,37
LOG_SYS,19684000,36,0
CSV_LOG,19684000,36
LOG_FREE,19684000,198,3
LOG_SYS,19687000,36,0
CSV_LOG,19687000,36
LOG_SYS,19690000,36,0
CSV_LOG,19690000,36
LOG_SYS,19694000,36,0
CSV_LOG,19694000,36
LOG_SYS,19697000,36,0
CSV_LOG,19697000,36
LOG_SYS,19700000,36,0
CSV_LOG,19700000,36
LOG_HOST,19704000,327,5,0
LOG_SYS,19704000,36,0
CSV_LOG,19704000,36
LOG_SYS,19707000,35,1
CSV_LOG,19707000,35
LOG_FREE,19707000,191,15
LOG_SYS,19710000,35,1
CSV_LOG,19710000,35
LOG_SYS,19714000,35,0
CSV_LOG,19714000,35
LOG_ALLOC,19714000,192,3
LOG_SYS,19717000,36,0
CSV_LOG,19717000,36
LOG_ALLOC,19717000,200,15
LOG_SYS,19720000,37,0
CSV_LOG,19720000,37
LOG_ALLOC,19720000,200,29
LOG_SYS,19724000,37,0
CSV_LOG,19724000,37
LOG_ALLOC,19724000,200,17
LOG_FREE,19724000,187,17
LOG_SYS,19727000,38,0
CSV_LOG,19727000,38
LOG_ALLOC,19727000,200,38
LOG_SYS,19730000,39,0
CSV_LOG,19730000,39
LOG_ALLOC,19730000,200,39
LOG_SYS,19734000,40,0
CSV_LOG,19734000,40
LOG_SYS,19737000,39,0
CSV_LOG,19737000,39
LOG_FREE,19737000,200,15
LOG_SYS,19740000,39,0
CSV_LOG,19740000,39
LOG_SYS,19744000,39,0
CSV_LOG,19744000,39
LOG_SYS,19747000,39,0
CSV_LOG,19747000,39
LOG_SYS,19750000,39,0
CSV_LOG,19750000,39
LOG_SYS,19754000,39,0
CSV_LOG,19754000,39
LOG_SYS,19757000,39,0
CSV_LOG,19757000,39
LOG_SYS,19760000,39,0
CSV_LOG,19760000,39
LOG_SYS,19764000,39,0
CSV_LOG,19764000,39
LOG_SYS,19767000,39,0
CSV_LOG,19767000,39
LOG_SYS,19770000,38,0
CSV_LOG,19770000,38
LOG_FREE,19770000,199,34
LOG_SYS,19774000,37,0
CSV_LOG,19774000,37
LOG_FREE,19774000,199,35
LOG_SYS,19777000,37,0
CSV_LOG,19777000,37
LOG_SYS,19780000,37,0
CSV_LOG,19780000,37
LOG_SYS,19784000,37,0
CSV_LOG,19784000,37
LOG_SYS,19787000,37,0
CSV_LOG,19787000,37
LOG_HOST,19787000,328,4,0
LOG_SYS,19790000,37,1
CSV_LOG,19790000,37
LOG_SYS,19794000,37,1
CSV_LOG,19794000,37
LOG_SYS,19797000,37,1
CSV_LOG,19797000,37
LOG_SYS,19800000,37,1
CSV_LOG,19800000,37
LOG_SYS,19804000,37,1
CSV_LOG,19804000,37
LOG_SYS,19807000,37,1
CSV_LOG,19807000,37
LOG_SYS,19810000,36,1
CSV_LOG,19810000,36
LOG_FREE,19810000,183,8
LOG_SYS,19814000,36,1
CSV_LOG,19814000,36
LOG_SYS,19817000,36,0
CSV_LOG,19817000,36
LOG_SYS,19820000,36,0
CSV_LOG,19820000,36
LOG_ALLOC,19820000,201,8
LOG_SYS,19824000,36,0
CSV_LOG,19824000,36
LOG_ALLOC,19824000,201,11
LOG_FREE,19824000,193,11
LOG_SYS,19827000,37,0
CSV_LOG,19827000,37
LOG_ALLOC,19827000,201,15
LOG_SYS,19830000,37,0
CSV_LOG,19830000,37
LOG_ALLOC,19830000,201,24
LOG_FREE,19830000,195,24
LOG_SYS,19834000,38,0
CSV_LOG,19834000,38
LOG_SYS,19837000,38,0
CSV_LOG,19837000,38
LOG_SYS,19840000,37,0
CSV_LOG,19840000,37
LOG_FREE,19840000,199,37
LOG_SYS,19844000,37,0
CSV_LOG,19844000,37
LOG_SYS,19847000,36,0
CSV_LOG,19847000,36
LOG_FREE,19847000,181,12
LOG_SYS,19850000,36,0
CSV_LOG,19850000,36
LOG_SYS,19854000,36,0
CSV_LOG,19854000,36
LOG_SYS,19857000,36,0
CSV_LOG,19857000,36
LOG_SYS,19860000,36,0
CSV_LOG,19860000,36
LOG_HOST,19860000,329,6,328
LOG_SYS,19864000,36,1
CSV_LOG,19864000,36
LOG_SYS,19867000,36,1
CSV_LOG,19867000,36
LOG_SYS,19870000,36,1
CSV_LOG,19870000,36
LOG_SYS,19874000,36,1
CSV_LOG,19874000,36
LOG_SYS,19877000,36,1
CSV_LOG,19877000,36
LOG_SYS,19880000,36,1
CSV_LOG,19880000,36
LOG_SYS,19884000,35,1
CSV_LOG,19884000,35
LOG_FREE,19884000,187,2
LOG_SYS,19887000,34,1
CSV_LOG,19887000,34
LOG_FREE,19887000,195,21
LOG_SYS,19890000,34,1
CSV_LOG,19890000,34
LOG_SYS,19894000,34,1
CSV_LOG,19894000,34
LOG_SYS,19897000,34,1
CSV_LOG,19897000,34
LOG_SYS,19900000,34,1
CSV_LOG,19900000,34
LOG_SYS,19904000,34,1
CSV_LOG,19904000,34
LOG_SYS,19907000,34,1
CSV_LOG,19907000,34
LOG_SYS,19910000,34,1
CSV_LOG,19910000,34
LOG_SYS,19914000,34,1
CSV_LOG,19914000,34
LOG_SYS,19917000,34,1
CSV_LOG,19917000,34
LOG_SYS,19920000,34,1
CSV_LOG,19920000,34
LOG_SYS,19924000,34,1
CSV_LOG,19924000,34
LOG_SYS,19927000,34,1
CSV_LOG,19927000,34
LOG_SYS,19930000,34,1
CSV_LOG,19930000,34
LOG_SYS,19934000,34,1
CSV_LOG,19934000,34
LOG_SYS,19937000,34,1
CSV_LOG,19937000,34
LOG_SYS,19940000,34,1
CSV_LOG,19940000,34
LOG_SYS,19944000,34,1
CSV_LOG,19944000,34
LOG_SYS,19947000,34,1
CSV_LOG,19947000,34
LOG_SYS,19950000,34,1
CSV_LOG,19950000,34
LOG_SYS,19954000,34,1
CSV_LOG,19954000,34
LOG_SYS,19957000,34,1
CSV_LOG,19957000,34
LOG_SYS,19960000,34,1
CSV_LOG,19960000,34
LOG_SYS,19964000,34,1
CSV_LOG,19964000,34
LOG_SYS,19967000,34,1
CSV_LOG,19967000,34
LOG_SYS,19970000,34,1
CSV_LOG,19970000,34
LOG_SYS,19974000,34,1
CSV_LOG,19974000,34
LOG_SYS,19977000,34,1
CSV_LOG,19977000,34
LOG_SYS,19980000,34,1
CSV_LOG,19980000,34
LOG_SYS,19984000,34,1
CSV_LOG,19984000,34
LOG_SYS,19987000,34,1
CSV_LOG,19987000,34
LOG_SYS,19990000,34,1
CSV_LOG,19990000,34
LOG_SYS,19994000,34,1
CSV_LOG,19994000,34
LOG_SYS,19997000,34,1
CSV_LOG,19997000,34
LOG_SYS,20000000,34,1
CSV_LOG,20000000,34
LOG_SYS,20004000,34,1
CSV_LOG,20004000,34
LOG_SYS,20007000,34,1
CSV_LOG,20007000,34
LOG_SYS,20010000,34,1
CSV_LOG,20010000,34
LOG_SYS,20014000,34,1
CSV_LOG,20014000,34
LOG_SYS,20017000,33,1
CSV_LOG,20017000,33
LOG_FREE,20017000,184,9
LOG_SYS,20020000,33,1
CSV_LOG,20020000,33
LOG_HOST,20024000,330,6,0
LOG_SYS,20024000,33,0
CSV_LOG,20024000,33
LOG_SYS,20027000,33,1
CSV_LOG,20027000,33
LOG_ALLOC,20027000,202,2
LOG_SYS,20030000,34,1
CSV_LOG,20030000,34
LOG_ALLOC,20030000,202,9
LOG_SYS,20034000,35,1
CSV_LOG,20034000,35
LOG_SYS,20037000,35,1
CSV_LOG,20037000,35
LOG_SYS,20040000,35,1
CSV_LOG,20040000,35
LOG_SYS,20044000,35,1
CSV_LOG,20044000,35
LOG_SYS,20047000,34,1
CSV_LOG,20047000,34
LOG_FREE,20047000,200,38
LOG_SYS,20050000,34,1
CSV_LOG,20050000,34
LOG_SYS,20054000,34,1
CSV_LOG,20054000,34
LOG_SYS,20057000,34,1
CSV_LOG,20057000,34
LOG_SYS,20060000,34,1
CSV_LOG,20060000,34
LOG_SYS,20064000,33,1
CSV_LOG,20064000,33
LOG_FREE,20064000,199,25
LOG_SYS,20067000,33,1
CSV_LOG,20067000,33
LOG_SYS,20070000,33,1
CSV_LOG,20070000,33
LOG_SYS,20074000,33,1
CSV_LOG,20074000,33
LOG_SYS,20077000,33,1
CSV_LOG,20077000,33
LOG_SYS,20080000,33,1
CSV_LOG,20080000,33
LOG_SYS,20084000,32,1
CSV_LOG,20084000,32
LOG_FREE,20084000,200,39
LOG_SYS,20087000,32,1
CSV_LOG,20087000,32
LOG_SYS,20090000,32,1
CSV_LOG,20090000,32
LOG_SYS,20094000,32,1
CSV_LOG,20094000,32
LOG_SYS,20097000,32,1
CSV_LOG,20097000,32
LOG_SYS,20100000,32,1
CSV_LOG,20100000,32
LOG_SYS,20104000,31,1
CSV_LOG,20104000,31
LOG_FREE,20104000,188,7
LOG_SYS,20107000,31,1
CSV_LOG,20107000,31
LOG_SYS,20110000,31,1
CSV_LOG,20110000,31
LOG_SYS,20114000,30,1
CSV_LOG,20114000,30
LOG_FREE,20114000,181,13
LOG_SYS,20117000,30,1
CSV_LOG,20117000,30
LOG_HOST,20120000,331,1,0
LOG_SYS,20120000,30,0
CSV_LOG,20120000,30
LOG_ALLOC,20120000,182,7
LOG_SYS,20124000,31,1
CSV_LOG,20124000,31
LOG_ALLOC,20124000,203,12
LOG_SYS,20127000,31,1
CSV_LOG,20127000,31
LOG_ALLOC,20127000,203,13
LOG_FREE,20127000,199,36
LOG_SYS,20130000,32,1
CSV_LOG,20130000,32
LOG_ALLOC,20130000,203,21
LOG_SYS,20134000,33,1
CSV_LOG,20134000,33
LOG_ALLOC,20134000,203,25
LOG_SYS,20137000,34,1
CSV_LOG,20137000,34
LOG_ALLOC,20137000,203,34
LOG_SYS,20140000,35,1
CSV_LOG,20140000,35
LOG_ALLOC,20140000,203,35
LOG_SYS,20144000,36,1
CSV_LOG,20144000,36
LOG_ALLOC,20144000,182,36
LOG_SYS,20147000,37,1
CSV_LOG,20147000,37
LOG_ALLOC,20147000,182,37
LOG_SYS,20150000,38,1
CSV_LOG,20150000,38
LOG_ALLOC,20150000,182,38
LOG_SYS,20154000,39,1
CSV_LOG,20154000,39
LOG_ALLOC,20154000,182,39
LOG_SYS,20157000,40,1
CSV_LOG,20157000,40
LOG_ALLOC,20157000,182,40
LOG_SYS,20160000,41,1
CSV_LOG,20160000,41
LOG_ALLOC,20160000,182,41
LOG_SYS,20164000,42,1
CSV_LOG,20164000,42
LOG_ALLOC,20164000,182,42
LOG_SYS,20167000,43,1
CSV_LOG,20167000,43
LOG_SYS,20170000,43,1
CSV_LOG,20170000,43
LOG_SYS,20174000,43,1
CSV_LOG,20174000,43
LOG_SYS,20177000,43,1
CSV_LOG,20177000,43
LOG_SYS,20180000,43,1
CSV_LOG,20180000,43
LOG_SYS,20184000,43,1
CSV_LOG,20184000,43
LOG_SYS,20187000,42,1
CSV_LOG,20187000,42
LOG_FREE,20187000,182,39
LOG_SYS,20190000,42,1
CSV_LOG,20190000,42
LOG_SYS,20194000,42,1
CSV_LOG,20194000,42
LOG_SYS,20197000,42,1
CSV_LOG,20197000,42
LOG_SYS,20200000,42,1
CSV_LOG,20200000,42
LOG_SYS,20204000,42,1
CSV_LOG,20204000,42
LOG_SYS,20207000,41,1
CSV_LOG,20207000,41
LOG_FREE,20207000,203,21
LOG_SYS,20210000,41,1
CSV_LOG,20210000,41
LOG_SYS,20214000,41,1
CSV_LOG,20214000,41
LOG_SYS,20217000,41,1
CSV_LOG,20217000,41
LOG_SYS,20220000,41,1
CSV_LOG,20220000,41
LOG_SYS,20224000,40,1
CSV_LOG,20224000,40
LOG_FREE,20224000,196,32
LOG_SYS,20227000,40,1
CSV_LOG,20227000,40
LOG_SYS,20230000,40,1
CSV_LOG,20230000,40
LOG_SYS,20234000,40,1
CSV_LOG,20234000,40
LOG_SYS,20237000,40,1
CSV_LOG,20237000,40
LOG_SYS,20240000,39,1
CSV_LOG,20240000,39
LOG_FREE,20240000,198,0
LOG_SYS,20244000,38,1
CSV_LOG,20244000,38
LOG_FREE,20244000,200,29
LOG_SYS,20247000,38,1
CSV_LOG,20247000,38
LOG_SYS,20250000,38,1
CSV_LOG,20250000,38
LOG_SYS,20254000,37,1
CSV_LOG,20254000,37
LOG_FREE,20254000,195,27
LOG_SYS,20257000,37,1
CSV_LOG,20257000,37
LOG_SYS,20260000,37,1
CSV_LOG,20260000,37
LOG_SYS,20264000,36,1
CSV_LOG,20264000,36
LOG_FREE,20264000,197,5
LOG_SYS,20267000,35,1
CSV_LOG,20267000,35
LOG_FREE,20267000,202,9
LOG_HOST,20270000,332,1,0
LOG_SYS,20270000,35,0
CSV_LOG,20270000,35
LOG_SYS,20274000,35,1
CSV_LOG,20274000,35
LOG_SYS,20277000,35,1
CSV_LOG,20277000,35
LOG_SYS,20280000,35,1
CSV_LOG,20280000,35
LOG_SYS,20284000,34,1
CSV_LOG,20284000,34
LOG_FREE,20284000,193,10
LOG_SYS,20287000,34,1
CSV_LOG,20287000,34
LOG_SYS,20290000,34,1
CSV_LOG,20290000,34
LOG_SYS,20294000,34,1
CSV_LOG,20294000,34
LOG_SYS,20297000,34,1
CSV_LOG,20297000,34
LOG_SYS,20300000,34,1
CSV_LOG,20300000,34
LOG_SYS,20304000,34,1
CSV_LOG,20304000,34
LOG_SYS,20307000,34,1
CSV_LOG,20307000,34
LOG_SYS,20310000,34,1
CSV_LOG,20310000,34
LOG_SYS,20314000,34,1
CSV_LOG,20314000,34
LOG_SYS,20317000,34,1
CSV_LOG,20317000,34
LOG_SYS,20320000,33,1
CSV_LOG,20320000,33
LOG_FREE,20320000,182,41
LOG_SYS,20324000,33,1
CSV_LOG,20324000,33
LOG_SYS,20327000,33,1
CSV_LOG,20327000,33
LOG_SYS,20330000,33,1
CSV_LOG,20330000,33
LOG_SYS,20334000,32,1
CSV_LOG,20334000,32
LOG_FREE,20334000,196,30
LOG_SYS,20337000,32,1
CSV_LOG,20337000,32
LOG_SYS,20340000,32,1
CSV_LOG,20340000,32
LOG_SYS,20344000,32,1
CSV_LOG,20344000,32
LOG_SYS,20347000,32,1
CSV_LOG,20347000,32
LOG_SYS,20350000,32,1
CSV_LOG,20350000,32
LOG_SYS,20354000,32,1
CSV_LOG,20354000,32
LOG_SYS,20357000,32,1
CSV_LOG,20357000,32
LOG_SYS,20360000,32,1
CSV_LOG,20360000,32
LOG_SYS,20364000,32,1
CSV_LOG,20364000,32
LOG_SYS,20367000,32,1
CSV_LOG,20367000,32
LOG_SYS,20370000,32,1
CSV_LOG,20370000,32
LOG_SYS,20374000,32,1
CSV_LOG,20374000,32
LOG_SYS,20377000,32,1
CSV_LOG,20377000,32
LOG_SYS,20380000,32,1
CSV_LOG,20380000,32
LOG_SYS,20384000,31,1
CSV_LOG,20384000,31
LOG_FREE,20384000,182,40
LOG_SYS,20387000,31,1
CSV_LOG,20387000,31
LOG_SYS,20390000,31,1
CSV_LOG,20390000,31
LOG_SYS,20394000,31,1
CSV_LOG,20394000,31
LOG_SYS,20397000,31,1
CSV_LOG,20397000,31
LOG_SYS,20400000,31,1
CSV_LOG,20400000,31
LOG_SYS,20404000,31,1
CSV_LOG,20404000,31
LOG_SYS,20407000,31,1
CSV_LOG,20407000,31
LOG_SYS,20410000,31,1
CSV_LOG,20410000,31
LOG_SYS,20413000,31,1
CSV_LOG,20413000,31
LOG_SYS,20417000,31,1
CSV_LOG,20417000,31
LOG_SYS,20420000,30,1
CSV_LOG,20420000,30
LOG_FREE,20420000,202,2
LOG_SYS,20423000,30,1
CSV_LOG,20423000,30
LOG_HOST,20427000,333,1,0
LOG_SYS,20427000,30,0
CSV_LOG,20427000,30
LOG_SYS,20430000,29,1
CSV_LOG,20430000,29
LOG_FREE,20430000,203,13
LOG_SYS,20433000,29,1
CSV_LOG,20433000,29
LOG_SYS,20437000,29,1
CSV_LOG,20437000,29
LOG_SYS,20440000,29,1
CSV_LOG,20440000,29
LOG_SYS,20443000,29,1
CSV_LOG,20443000,29
LOG_SYS,20447000,29,1
CSV_LOG,20447000,29
LOG_SYS,20450000,29,1
CSV_LOG,20450000,29
LOG_SYS,20453000,29,1
CSV_LOG,20453000,29
LOG_SYS,20457000,29,1
CSV_LOG,20457000,29
LOG_SYS,20460000,29,1
CSV_LOG,20460000,29
LOG_SYS,20463000,29,1
CSV_LOG,20463000,29
LOG_SYS,20467000,29,1
CSV_LOG,20467000,29
LOG_SYS,20470000,29,1
CSV_LOG,20470000,29
LOG_SYS,20473000,28,1
CSV_LOG,20473000,28
LOG_FREE,20473000,196,28
LOG_SYS,20477000,28,1
CSV_LOG,20477000,28
LOG_SYS,20480000,28,1
CSV_LOG,20480000,28
LOG_SYS,20483000,28,1
CSV_LOG,20483000,28
LOG_SYS,20487000,28,1
CSV_LOG,20487000,28
LOG_SYS,20490000,28,1
CSV_LOG,20490000,28
LOG_SYS,20493000,28,1
CSV_LOG,20493000,28
LOG_SYS,20497000,28,1
CSV_LOG,20497000,28
LOG_SYS,20500000,28,1
CSV_LOG,20500000,28
LOG_SYS,20503000,28,1
CSV_LOG,20503000,28
LOG_SYS,20507000,28,1
CSV_LOG,20507000,28
LOG_SYS,20510000,28,1
CSV_LOG,20510000,28
LOG_SYS,20513000,28,1
CSV_LOG,20513000,28
LOG_SYS,20517000,28,1
CSV_LOG,20517000,28
LOG_SYS,20520000,28,1
CSV_LOG,20520000,28
LOG_SYS,20523000,27,1
CSV_LOG,20523000,27
LOG_FREE,20523000,203,35
LOG_SYS,20527000,27,1
CSV_LOG,20527000,27
LOG_SYS,20530000,26,1
CSV_LOG,20530000,26
LOG_FREE,20530000,196,18
LOG_SYS,20533000,26,1
CSV_LOG,20533000,26
LOG_SYS,20537000,26,1
CSV_LOG,20537000,26
LOG_SYS,20540000,26,1
CSV_LOG,20540000,26
LOG_SYS,20543000,26,1
CSV_LOG,20543000,26
LOG_SYS,20547000,26,1
CSV_LOG,20547000,26
LOG_SYS,20550000,26,1
CSV_LOG,20550000,26
LOG_SYS,20553000,26,1
CSV_LOG,20553000,26
LOG_SYS,20557000,25,1
CSV_LOG,20557000,25
LOG_FREE,20557000,201,24
LOG_SYS,20560000,25,1
CSV_LOG,20560000,25
LOG_SYS,20563000,25,1
CSV_LOG,20563000,25
LOG_SYS,20567000,25,1
CSV_LOG,20567000,25
LOG_SYS,20570000,25,1
CSV_LOG,20570000,25
LOG_SYS,20573000,25,1
CSV_LOG,20573000,25
LOG_SYS,20577000,25,1
CSV_LOG,20577000,25
LOG_SYS,20580000,25,1
CSV_LOG,20580000,25
LOG_SYS,20583000,25,1
CSV_LOG,20583000,25
LOG_SYS,20587000,25,1
CSV_LOG,20587000,25
LOG_SYS,20590000,25,1
CSV_LOG,20590000,25
LOG_SYS,20593000,25,1
CSV_LOG,20593000,25
LOG_SYS,20597000,25,1
CSV_LOG,20597000,25
LOG_SYS,20600000,25,1
CSV_LOG,20600000,25
LOG_SYS,20603000,25,1
CSV_LOG,20603000,25
LOG_SYS,20607000,25,1
CSV_LOG,20607000,25
LOG_SYS,20610000,25,1
CSV_LOG,20610000,25
LOG_SYS,20613000,24,1
CSV_LOG,20613000,24
LOG_FREE,20613000,199,33
LOG_SYS,20617000,24,1
CSV_LOG,20617000,24
LOG_HOST,20620000,334,7,333
LOG_SYS,20620000,24,0
CSV_LOG,20620000,24
LOG_SYS,20623000,24,1
CSV_LOG,20623000,24
LOG_ALLOC,20623000,206,0
LOG_SYS,20627000,25,1
CSV_LOG,20627000,25
LOG_ALLOC,20627000,206,2
LOG_SYS,20630000,26,1
CSV_LOG,20630000,26
LOG_ALLOC,20630000,206,5
LOG_SYS,20633000,27,1
CSV_LOG,20633000,27
LOG_SYS,20637000,27,1
CSV_LOG,20637000,27
LOG_SYS,20640000,27,1
CSV_LOG,20640000,27
LOG_SYS,20643000,27,1
CSV_LOG,20643000,27
LOG_SYS,20647000,27,1
CSV_LOG,20647000,27
LOG_SYS,20650000,27,1
CSV_LOG,20650000,27
LOG_SYS,20653000,27,1
CSV_LOG,20653000,27
LOG_SYS,20657000,27,1
CSV_LOG,20657000,27
LOG_SYS,20660000,27,1
CSV_LOG,20660000,27
LOG_SYS,20663000,27,1
CSV_LOG,20663000,27
LOG_SYS,20667000,27,1
CSV_LOG,20667000,27
LOG_SYS,20670000,26,1
CSV_LOG,20670000,26
LOG_FREE,20670000,175,14
LOG_SYS,20673000,25,1
CSV_LOG,20673000,25
LOG_FREE,20673000,195,26
LOG_SYS,20677000,25,0
CSV_LOG,20677000,25
LOG_ALLOC,20677000,176,9
LOG_SYS,20680000,26,0
CSV_LOG,20680000,26
LOG_ALLOC,20680000,207,10
LOG_SYS,20683000,27,0
CSV_LOG,20683000,27
LOG_ALLOC,20683000,207,13
LOG_SYS,20687000,28,0
CSV_LOG,20687000,28
LOG_ALLOC,20687000,207,14
LOG_SYS,20690000,29,0
CSV_LOG,20690000,29
LOG_ALLOC,20690000,176,18
LOG_SYS,20693000,30,0
CSV_LOG,20693000,30
LOG_ALLOC,20693000,176,21
LOG_SYS,20697000,31,0
CSV_LOG,20697000,31
LOG_ALLOC,20697000,176,24
LOG_HOST,20700000,335,4,0
LOG_SYS,20700000,32,0
CSV_LOG,20700000,32
LOG_ALLOC,20700000,176,26
LOG_SYS,20703000,33,1
CSV_LOG,20703000,33
LOG_ALLOC,20703000,176,27
LOG_SYS,20707000,34,1
CSV_LOG,20707000,34
LOG_ALLOC,20707000,176,28
LOG_SYS,20710000,34,1
CSV_LOG,20710000,34
LOG_ALLOC,20710000,176,13
LOG_FREE,20710000,207,13
LOG_SYS,20713000,35,1
CSV_LOG,20713000,35
LOG_SYS,20717000,35,1
CSV_LOG,20717000,35
LOG_SYS,20720000,35,1
CSV_LOG,20720000,35
LOG_SYS,20723000,35,1
CSV_LOG,20723000,35
LOG_SYS,20727000,35,1
CSV_LOG,20727000,35
LOG_SYS,20730000,35,1
CSV_LOG,20730000,35
LOG_SYS,20733000,35,1
CSV_LOG,20733000,35
LOG_SYS,20737000,35,1
CSV_LOG,20737000,35
LOG_SYS,20740000,34,1
CSV_LOG,20740000,34
LOG_FREE,20740000,182,36
LOG_SYS,20743000,34,1
CSV_LOG,20743000,34
LOG_SYS,20747000,33,1
CSV_LOG,20747000,33
LOG_FREE,20747000,182,38
LOG_SYS,20750000,33,1
CSV_LOG,20750000,33
LOG_SYS,20753000,32,1
CSV_LOG,20753000,32
LOG_FREE,20753000,176,13
LOG_SYS,20757000,32,1
CSV_LOG,20757000,32
LOG_SYS,20760000,31,1
CSV_LOG,20760000,31
LOG_FREE,20760000,196,20
LOG_SYS,20763000,31,1
CSV_LOG,20763000,31
LOG_SYS,20767000,31,1
CSV_LOG,20767000,31
LOG_SYS,20770000,31,1
CSV_LOG,20770000,31
LOG_SYS,20773000,30,1
CSV_LOG,20773000,30
LOG_FREE,20773000,182,42
LOG_SYS,20777000,30,1
CSV_LOG,20777000,30
LOG_SYS,20780000,29,1
CSV_LOG,20780000,29
LOG_FREE,20780000,176,18
LOG_SYS,20783000,29,1
CSV_LOG,20783000,29
LOG_SYS,20787000,29,1
CSV_LOG,20787000,29
LOG_SYS,20790000,29,1
CSV_LOG,20790000,29
LOG_SYS,20793000,29,1
CSV_LOG,20793000,29
LOG_SYS,20797000,29,1
CSV_LOG,20797000,29
LOG_SYS,20800000,29,1
CSV_LOG,20800000,29
LOG_SYS,20803000,28,1
CSV_LOG,20803000,28
LOG_FREE,20803000,201,11
LOG_SYS,20807000,28,1
CSV_LOG,20807000,28
LOG_SYS,20810000,28,1
CSV_LOG,20810000,28
LOG_SYS,20813000,28,1
CSV_LOG,20813000,28
LOG_SYS,20817000,28,1
CSV_LOG,20817000,28
LOG_SYS,20820000,28,1
CSV_LOG,20820000,28
LOG_SYS,20823000,28,1
CSV_LOG,20823000,28
LOG_SYS,20827000,28,1
CSV_LOG,20827000,28
LOG_SYS,20830000,28,1
CSV_LOG,20830000,28
LOG_SYS,20833000,27,1
CSV_LOG,20833000,27
LOG_FREE,20833000,182,37
LOG_SYS,20837000,27,1
CSV_LOG,20837000,27
LOG_SYS,20840000,27,1
CSV_LOG,20840000,27
LOG_SYS,20843000,27,1
CSV_LOG,20843000,27
LOG_SYS,20847000,27,1
CSV_LOG,20847000,27
LOG_SYS,20850000,27,1
CSV_LOG,20850000,27
LOG_SYS,20853000,27,1
CSV_LOG,20853000,27
LOG_SYS,20857000,26,1
CSV_LOG,20857000,26
LOG_FREE,20857000,176,26
LOG_SYS,20860000,26,1
CSV_LOG,20860000,26
LOG_SYS,20863000,26,1
CSV_LOG,20863000,26
LOG_SYS,20867000,26,1
CSV_LOG,20867000,26
LOG_SYS,20870000,26,1
CSV_LOG,20870000,26
LOG_SYS,20873000,26,1
CSV_LOG,20873000,26
LOG_SYS,20877000,26,1
CSV_LOG,20877000,26
LOG_SYS,20880000,26,1
CSV_LOG,20880000,26
LOG_SYS,20883000,25,1
CSV_LOG,20883000,25
LOG_FREE,20883000,176,27
LOG_SYS,20887000,25,1
CSV_LOG,20887000,25
LOG_SYS,20890000,25,1
CSV_LOG,20890000,25
LOG_SYS,20893000,25,1
CSV_LOG,20893000,25
LOG_SYS,20897000,25,1
CSV_LOG,20897000,25
LOG_SYS,20900000,25,1
CSV_LOG,20900000,25
LOG_SYS,20903000,25,1
CSV_LOG,20903000,25
LOG_SYS,20907000,25,1
CSV_LOG,20907000,25
LOG_SYS,20910000,25,1
CSV_LOG,20910000,25
LOG_SYS,20913000,25,1
CSV_LOG,20913000,25
LOG_SYS,20917000,25,1
CSV_LOG,20917000,25
LOG_SYS,20920000,25,1
CSV_LOG,20920000,25
LOG_SYS,20923000,25,1
CSV_LOG,20923000,25
LOG_SYS,20927000,24,1
CSV_LOG,20927000,24
LOG_FREE,20927000,200,17
LOG_SYS,20930000,23,1
CSV_LOG,20930000,23
LOG_FREE,20930000,203,25
LOG_HOST,20933000,336,1,0
LOG_SYS,20933000,23,0
CSV_LOG,20933000,23
LOG_SYS,20937000,23,1
CSV_LOG,20937000,23
LOG_ALLOC,20937000,208,11
LOG_SYS,20940000,24,1
CSV_LOG,20940000,24
LOG_SYS,20943000,24,1
CSV_LOG,20943000,24
LOG_SYS,20947000,23,1
CSV_LOG,20947000,23
LOG_FREE,20947000,176,9
LOG_SYS,20950000,23,1
CSV_LOG,20950000,23
LOG_SYS,20953000,23,1
CSV_LOG,20953000,23
LOG_SYS,20957000,23,1
CSV_LOG,20957000,23
LOG_SYS,20960000,23,1
CSV_LOG,20960000,23
LOG_SYS,20963000,23,1
CSV_LOG,20963000,23
LOG_SYS,20967000,23,1
CSV_LOG,20967000,23
LOG_SYS,20970000,23,1
CSV_LOG,20970000,23
LOG_SYS,20973000,22,1
CSV_LOG,20973000,22
LOG_FREE,20973000,187,19
LOG_SYS,20977000,22,1
CSV_LOG,20977000,22
LOG_SYS,20980000,22,1
CSV_LOG,20980000,22
LOG_SYS,20983000,22,1
CSV_LOG,20983000,22
LOG_SYS,20987000,22,1
CSV_LOG,20987000,22
LOG_SYS,20990000,22,1
CSV_LOG,20990000,22
LOG_SYS,20993000,22,1
CSV_LOG,20993000,22
LOG_SYS,20997000,21,1
CSV_LOG,20997000,21
LOG_FREE,20997000,206,0
LOG_SYS,21000000,21,1
CSV_LOG,21000000,21
LOG_SYS,21003000,21,1
CSV_LOG,21003000,21
LOG_SYS,21007000,21,1
CSV_LOG,21007000,21
LOG_SYS,21010000,21,1
CSV_LOG,21010000,21
LOG_SYS,21013000,21,1
CSV_LOG,21013000,21
LOG_SYS,21017000,21,1
CSV_LOG,21017000,21
LOG_SYS,21020000,21,1
CSV_LOG,21020000,21
LOG_SYS,21023000,20,1
CSV_LOG,21023000,20
LOG_FREE,21023000,207,14
LOG_SYS,21027000,20,1
CSV_LOG,21027000,20
LOG_SYS,21030000,20,1
CSV_LOG,21030000,20
LOG_SYS,21033000,20,1
CSV_LOG,21033000,20
LOG_SYS,21037000,20,1
CSV_LOG,21037000,20
LOG_SYS,21040000,20,1
CSV_LOG,21040000,20
LOG_SYS,21043000,20,1
CSV_LOG,21043000,20
LOG_SYS,21047000,20,1
CSV_LOG,21047000,20
LOG_SYS,21050000,20,1
CSV_LOG,21050000,20
LOG_SYS,21053000,20,1
CSV_LOG,21053000,20
LOG_SYS,21057000,20,1
CSV_LOG,21057000,20
LOG_SYS,21060000,20,1
CSV_LOG,21060000,20
LOG_SYS,21063000,20,1
CSV_LOG,21063000,20
LOG_SYS,21067000,20,1
CSV_LOG,21067000,20
LOG_SYS,21070000,20,1
CSV_LOG,21070000,20
LOG_SYS,21073000,20,1
CSV_LOG,21073000,20
LOG_SYS,21077000,20,1
CSV_LOG,21077000,20
LOG_SYS,21080000,20,1
CSV_LOG,21080000,20
LOG_SYS,21083000,20,1
CSV_LOG,21083000,20
LOG_SYS,21087000,20,1
CSV_LOG,21087000,20
LOG_SYS,21090000,20,1
CSV_LOG,21090000,20
LOG_SYS,21093000,20,1
CSV_LOG,21093000,20
LOG_SYS,21097000,20,1
CSV_LOG,21097000,20
LOG_SYS,21100000,20,1
CSV_LOG,21100000,20
LOG_SYS,21103000,20,1
CSV_LOG,21103000,20
LOG_SYS,21107000,20,1
CSV_LOG,21107000,20
LOG_SYS,21110000,20,1
CSV_LOG,21110000,20
LOG_SYS,21113000,20,1
CSV_LOG,21113000,20
LOG_SYS,21117000,20,1
CSV_LOG,21117000,20
LOG_SYS,21120000,20,1
CSV_LOG,21120000,20
LOG_SYS,21123000,20,1
CSV_LOG,21123000,20
LOG_SYS,21127000,20,1
CSV_LOG,21127000,20
LOG_SYS,21130000,20,1
CSV_LOG,21130000,20
LOG_SYS,21133000,20,1
CSV_LOG,21133000,20
LOG_SYS,21137000,20,1
CSV_LOG,21137000,20
LOG_SYS,21140000,20,1
CSV_LOG,21140000,20
LOG_SYS,21143000,19,1
CSV_LOG,21143000,19
LOG_FREE,21143000,192,3
LOG_SYS,21147000,19,1
CSV_LOG,21147000,19
LOG_HOST,21150000,337,3,0
LOG_SYS,21150000,19,0
CSV_LOG,21150000,19
LOG_SYS,21153000,19,1
CSV_LOG,21153000,19
LOG_SYS,21157000,19,1
CSV_LOG,21157000,19
LOG_SYS,21160000,19,1
CSV_LOG,21160000,19
LOG_SYS,21163000,19,1
CSV_LOG,21163000,19
LOG_SYS,21167000,19,1
CSV_LOG,21167000,19
LOG_SYS,21170000,19,1
CSV_LOG,21170000,19
LOG_SYS,21173000,19,1
CSV_LOG,21173000,19
LOG_SYS,21177000,19,1
CSV_LOG,21177000,19
LOG_SYS,21180000,19,1
CSV_LOG,21180000,19
LOG_SYS,21183000,19,1
CSV_LOG,21183000,19
LOG_SYS,21187000,19,1
CSV_LOG,21187000,19
LOG_SYS,21190000,19,1
CSV_LOG,21190000,19
LOG_SYS,21193000,19,1
CSV_LOG,21193000,19
LOG_SYS,21197000,19,1
CSV_LOG,21197000,19
LOG_SYS,21200000,19,1
CSV_LOG,21200000,19
LOG_SYS,21203000,19,1
CSV_LOG,21203000,19
LOG_SYS,21207000,19,1
CSV_LOG,21207000,19
LOG_SYS,21210000,18,1
CSV_LOG,21210000,18
LOG_FREE,21210000,176,24
LOG_SYS,21213000,18,1
CSV_LOG,21213000,18
LOG_SYS,21217000,18,1
CSV_LOG,21217000,18
LOG_SYS,21220000,18,1
CSV_LOG,21220000,18
LOG_SYS,21223000,18,1
CSV_LOG,21223000,18
LOG_SYS,21227000,17,1
CSV_LOG,21227000,17
LOG_FREE,21227000,196,31
LOG_SYS,21230000,17,1
CSV_LOG,21230000,17
LOG_SYS,21233000,17,1
CSV_LOG,21233000,17
LOG_SYS,21237000,17,1
CSV_LOG,21237000,17
LOG_SYS,21240000,17,1
CSV_LOG,21240000,17
LOG_SYS,21243000,17,1
CSV_LOG,21243000,17
LOG_SYS,21246000,17,1
CSV_LOG,21246000,17
LOG_SYS,21250000,17,1
CSV_LOG,21250000,17
LOG_SYS,21253000,17,1
CSV_LOG,21253000,17
LOG_SYS,21256000,17,1
CSV_LOG,21256000,17
LOG_SYS,21260000,17,1
CSV_LOG,21260000,17
LOG_SYS,21263000,17,1
CSV_LOG,21263000,17
LOG_SYS,21266000,17,1
CSV_LOG,21266000,17
LOG_SYS,21270000,17,1
CSV_LOG,21270000,17
LOG_SYS,21273000,17,1
CSV_LOG,21273000,17
LOG_SYS,21276000,17,1
CSV_LOG,21276000,17
LOG_SYS,21280000,17,1
CSV_LOG,21280000,17
LOG_SYS,21283000,17,1
CSV_LOG,21283000,17
LOG_SYS,21286000,17,1
CSV_LOG,21286000,17
LOG_SYS,21290000,17,1
CSV_LOG,21290000,17
LOG_SYS,21293000,17,1
CSV_LOG,21293000,17
LOG_SYS,21296000,16,1
CSV_LOG,21296000,16
LOG_FREE,21296000,193,16
LOG_SYS,21300000,15,1
CSV_LOG,21300000,15
LOG_FREE,21300000,188,4
LOG_HOST,21303000,338,6,0
LOG_SYS,21303000,14,0
CSV_LOG,21303000,14
LOG_FREE,21303000,176,21
LOG_SYS,21306000,14,0
CSV_LOG,21306000,14
LOG_ALLOC,21306000,210,0
LOG_SYS,21310000,14,0
CSV_LOG,21310000,14
LOG_ALLOC,21310000,211,3
LOG_FREE,21310000,203,34
LOG_SYS,21313000,15,0
CSV_LOG,21313000,15
LOG_ALLOC,21313000,211,4
LOG_SYS,21316000,16,0
CSV_LOG,21316000,16
LOG_ALLOC,21316000,210,9
LOG_SYS,21320000,17,0
CSV_LOG,21320000,17
LOG_ALLOC,21320000,210,13
LOG_SYS,21323000,18,0
CSV_LOG,21323000,18
LOG_ALLOC,21323000,210,14
LOG_SYS,21326000,19,0
CSV_LOG,21326000,19
LOG_ALLOC,21326000,210,16
LOG_SYS,21330000,20,0
CSV_LOG,21330000,20
LOG_ALLOC,21330000,210,17
LOG_SYS,21333000,21,0
CSV_LOG,21333000,21
LOG_ALLOC,21333000,210,18
LOG_HOST,21333000,339,4,0
LOG_SYS,21336000,22,1
CSV_LOG,21336000,22
LOG_SYS,21340000,22,1
CSV_LOG,21340000,22
LOG_SYS,21343000,21,1
CSV_LOG,21343000,21
LOG_FREE,21343000,211,3
LOG_SYS,21346000,21,1
CSV_LOG,21346000,21
LOG_SYS,21350000,21,1
CSV_LOG,21350000,21
LOG_SYS,21353000,21,1
CSV_LOG,21353000,21
LOG_SYS,21356000,21,1
CSV_LOG,21356000,21
LOG_SYS,21360000,21,1
CSV_LOG,21360000,21
LOG_SYS,21363000,21,1
CSV_LOG,21363000,21
LOG_SYS,21366000,21,1
CSV_LOG,21366000,21
LOG_SYS,21370000,21,1
CSV_LOG,21370000,21
LOG_SYS,21373000,21,1
CSV_LOG,21373000,21
LOG_SYS,21376000,21,1
CSV_LOG,21376000,21
LOG_SYS,21380000,21,1
CSV_LOG,21380000,21
LOG_SYS,21383000,21,1
CSV_LOG,21383000,21
LOG_SYS,21386000,21,1
CSV_LOG,21386000,21
LOG_SYS,21390000,21,1
CSV_LOG,21390000,21
LOG_SYS,21393000,21,1
CSV_LOG,21393000,21
LOG_SYS,21396000,21,1
CSV_LOG,21396000,21
LOG_SYS,21400000,21,1
CSV_LOG,21400000,21
LOG_SYS,21403000,21,1
CSV_LOG,21403000,21
LOG_SYS,21406000,21,1
CSV_LOG,21406000,21
LOG_SYS,21410000,21,1
CSV_LOG,21410000,21
LOG_SYS,21413000,21,1
CSV_LOG,21413000,21
LOG_SYS,21416000,21,1
CSV_LOG,21416000,21
LOG_SYS,21420000,21,1
CSV_LOG,21420000,21
LOG_SYS,21423000,21,1
CSV_LOG,21423000,21
LOG_SYS,21426000,20,1
CSV_LOG,21426000,20
LOG_FREE,21426000,208,11
LOG_SYS,21430000,20,1
CSV_LOG,21430000,20
LOG_HOST,21433000,340,4,0
LOG_SYS,21433000,20,0
CSV_LOG,21433000,20
LOG_ALLOC,21433000,209,3
LOG_SYS,21436000,21,1
CSV_LOG,21436000,21
LOG_ALLOC,21436000,209,11
LOG_SYS,21440000,22,1
CSV_LOG,21440000,22
LOG_ALLOC,21440000,209,19
LOG_SYS,21443000,23,1
CSV_LOG,21443000,23
LOG_SYS,21446000,23,1
CSV_LOG,21446000,23
LOG_SYS,21450000,23,1
CSV_LOG,21450000,23
LOG_SYS,21453000,23,1
CSV_LOG,21453000,23
LOG_SYS,21456000,23,1
CSV_LOG,21456000,23
LOG_SYS,21460000,23,1
CSV_LOG,21460000,23
LOG_SYS,21463000,23,1
CSV_LOG,21463000,23
LOG_SYS,21466000,23,1
CSV_LOG,21466000,23
LOG_SYS,21470000,23,1
CSV_LOG,21470000,23
LOG_SYS,21473000,23,1
CSV_LOG,21473000,23
LOG_SYS,21476000,23,1
CSV_LOG,21476000,23
LOG_SYS,21480000,23,1
CSV_LOG,21480000,23
LOG_SYS,21483000,22,1
CSV_LOG,21483000,22
LOG_FREE,21483000,201,15
LOG_SYS,21486000,22,1
CSV_LOG,21486000,22
LOG_SYS,21490000,22,1
CSV_LOG,21490000,22
LOG_SYS,21493000,22,1
CSV_LOG,21493000,22
LOG_SYS,21496000,21,1
CSV_LOG,21496000,21
LOG_FREE,21496000,210,13
LOG_SYS,21500000,21,1
CSV_LOG,21500000,21
LOG_SYS,21503000,21,1
CSV_LOG,21503000,21
LOG_SYS,21506000,21,1
CSV_LOG,21506000,21
LOG_SYS,21510000,21,1
CSV_LOG,21510000,21
LOG_SYS,21513000,21,1
CSV_LOG,21513000,21
LOG_SYS,21516000,21,1
CSV_LOG,21516000,21
LOG_SYS,21520000,21,1
CSV_LOG,21520000,21
LOG_SYS,21523000,20,1
CSV_LOG,21523000,20
LOG_FREE,21523000,201,8
LOG_SYS,21526000,20,1
CSV_LOG,21526000,20
LOG_HOST,21530000,341,7,0
LOG_SYS,21530000,20,0
CSV_LOG,21530000,20
LOG_SYS,21533000,20,1
CSV_LOG,21533000,20
LOG_SYS,21536000,20,1
CSV_LOG,21536000,20
LOG_SYS,21540000,20,1
CSV_LOG,21540000,20
LOG_SYS,21543000,19,1
CSV_LOG,21543000,19
LOG_FREE,21543000,211,4
LOG_SYS,21546000,19,1
CSV_LOG,21546000,19
LOG_SYS,21550000,18,0
CSV_LOG,21550000,18
LOG_ALLOC,21550000,212,4
LOG_FREE,21550000,210,16
LOG_SYS,21553000,19,0
CSV_LOG,21553000,19
LOG_ALLOC,21553000,212,8
LOG_SYS,21556000,20,0
CSV_LOG,21556000,20
LOG_ALLOC,21556000,212,13
LOG_SYS,21560000,21,0
CSV_LOG,21560000,21
LOG_ALLOC,21560000,212,15
LOG_SYS,21563000,22,0
CSV_LOG,21563000,22
LOG_ALLOC,21563000,212,16
LOG_SYS,21566000,23,0
CSV_LOG,21566000,23
LOG_ALLOC,21566000,214,20
LOG_SYS,21570000,24,0
CSV_LOG,21570000,24
LOG_SYS,21573000,24,0
CSV_LOG,21573000,24
LOG_SYS,21576000,24,0
CSV_LOG,21576000,24
LOG_SYS,21580000,24,0
CSV_LOG,21580000,24
LOG_SYS,21583000,24,0
CSV_LOG,21583000,24
LOG_SYS,21586000,24,0
CSV_LOG,21586000,24
LOG_SYS,21590000,24,0
CSV_LOG,21590000,24
LOG_SYS,21593000,23,0
CSV_LOG,21593000,23
LOG_FREE,21593000,203,12
LOG_SYS,21596000,23,0
CSV_LOG,21596000,23
LOG_SYS,21600000,23,0
CSV_LOG,21600000,23
LOG_ALLOC,21600000,204,12
LOG_HOST,21603000,342,4,0
LOG_SYS,21603000,24,0
CSV_LOG,21603000,24
LOG_ALLOC,21603000,215,21
LOG_SYS,21606000,25,0
CSV_LOG,21606000,25
LOG_ALLOC,21606000,215,24
LOG_SYS,21610000,26,0
CSV_LOG,21610000,26
LOG_ALLOC,21610000,215,25
LOG_SYS,21613000,27,0
CSV_LOG,21613000,27
LOG_ALLOC,21613000,215,26
LOG_SYS,21616000,28,0
CSV_LOG,21616000,28
LOG_ALLOC,21616000,204,27
LOG_SYS,21620000,29,0
CSV_LOG,21620000,29
LOG_ALLOC,21620000,204,29
LOG_SYS,21623000,30,0
CSV_LOG,21623000,30
LOG_ALLOC,21623000,204,30
LOG_SYS,21626000,31,0
CSV_LOG,21626000,31
LOG_SYS,21630000,31,0
CSV_LOG,21630000,31
LOG_SYS,21633000,30,0
CSV_LOG,21633000,30
LOG_FREE,21633000,206,2
LOG_SYS,21636000,29,0
CSV_LOG,21636000,29
LOG_FREE,21636000,212,8
LOG_SYS,21640000,29,0
CSV_LOG,21640000,29
LOG_SYS,21643000,29,0
CSV_LOG,21643000,29
LOG_SYS,21646000,29,0
CSV_LOG,21646000,29
LOG_SYS,21650000,29,0
CSV_LOG,21650000,29
LOG_SYS,21653000,29,0
CSV_LOG,21653000,29
LOG_SYS,21656000,29,0
CSV_LOG,21656000,29
LOG_SYS,21660000,29,0
CSV_LOG,21660000,29
LOG_SYS,21663000,29,0
CSV_LOG,21663000,29
LOG_SYS,21666000,29,0
CSV_LOG,21666000,29
LOG_HOST,21666000,343,1,0
LOG_SYS,21670000,29,1
CSV_LOG,21670000,29
LOG_SYS,21673000,28,1
CSV_LOG,21673000,28
LOG_FREE,21673000,198,6
LOG_SYS,21676000,28,1
CSV_LOG,21676000,28
LOG_SYS,21680000,28,0
CSV_LOG,21680000,28
LOG_SYS,21683000,27,0
CSV_LOG,21683000,27
LOG_ALLOC,21683000,216,2
LOG_FREE,21683000,204,27
LOG_SYS,21686000,28,0
CSV_LOG,21686000,28
LOG_ALLOC,21686000,216,6
LOG_SYS,21690000,29,0
CSV_LOG,21690000,29
LOG_SYS,21693000,28,0
CSV_LOG,21693000,28
LOG_FREE,21693000,209,19
LOG_SYS,21696000,28,0
CSV_LOG,21696000,28
LOG_SYS,21700000,28,0
CSV_LOG,21700000,28
LOG_SYS,21703000,28,0
CSV_LOG,21703000,28
LOG_SYS,21706000,27,0
CSV_LOG,21706000,27
LOG_FREE,21706000,176,28
LOG_SYS,21710000,27,0
CSV_LOG,21710000,27
LOG_SYS,21713000,27,0
CSV_LOG,21713000,27
LOG_SYS,21716000,27,0
CSV_LOG,21716000,27
LOG_SYS,21720000,27,0
CSV_LOG,21720000,27
LOG_SYS,21723000,27,0
CSV_LOG,21723000,27
LOG_SYS,21726000,27,0
CSV_LOG,21726000,27
LOG_SYS,21730000,27,0
CSV_LOG,21730000,27
LOG_SYS,21733000,27,0
CSV_LOG,21733000,27
LOG_SYS,21736000,27,0
CSV_LOG,21736000,27
LOG_SYS,21740000,27,0
CSV_LOG,21740000,27
LOG_HOST,21743000,344,3,0
LOG_SYS,21743000,27,0
CSV_LOG,21743000,27
LOG_SYS,21746000,27,0
CSV_LOG,21746000,27
LOG_SYS,21750000,27,0
CSV_LOG,21750000,27
LOG_SYS,21753000,27,0
CSV_LOG,21753000,27
LOG_SYS,21756000,27,0
CSV_LOG,21756000,27
LOG_SYS,21760000,27,0
CSV_LOG,21760000,27
LOG_SYS,21763000,27,0
CSV_LOG,21763000,27
LOG_SYS,21766000,27,0
CSV_LOG,21766000,27
LOG_SYS,21770000,27,0
CSV_LOG,21770000,27
LOG_SYS,21773000,27,0
CSV_LOG,21773000,27
LOG_SYS,21776000,26,0
CSV_LOG,21776000,26
LOG_FREE,21776000,196,23
LOG_SYS,21780000,26,0
CSV_LOG,21780000,26
LOG_SYS,21783000,25,0
CSV_LOG,21783000,25
LOG_FREE,21783000,216,2
LOG_SYS,21786000,25,0
CSV_LOG,21786000,25
LOG_ALLOC,21786000,218,2
LOG_SYS,21790000,25,0
CSV_LOG,21790000,25
LOG_FREE,21790000,206,5
LOG_SYS,21793000,24,0
CSV_LOG,21793000,24
LOG_FREE,21793000,214,20
LOG_SYS,21796000,24,0
CSV_LOG,21796000,24
LOG_SYS,21800000,24,0
CSV_LOG,21800000,24
LOG_ALLOC,21800000,219,5
LOG_SYS,21803000,25,0
CSV_LOG,21803000,25
LOG_ALLOC,21803000,219,8
LOG_SYS,21806000,26,0
CSV_LOG,21806000,26
LOG_ALLOC,21806000,219,19
LOG_SYS,21810000,27,0
CSV_LOG,21810000,27
LOG_ALLOC,21810000,219,20
LOG_SYS,21813000,28,0
CSV_LOG,21813000,28
LOG_ALLOC,21813000,219,23
LOG_SYS,21816000,29,0
CSV_LOG,21816000,29
LOG_ALLOC,21816000,219,27
LOG_SYS,21820000,30,0
CSV_LOG,21820000,30
LOG_ALLOC,21820000,219,28
LOG_SYS,21823000,31,0
CSV_LOG,21823000,31
LOG_ALLOC,21823000,220,31
LOG_SYS,21826000,32,0
CSV_LOG,21826000,32
LOG_ALLOC,21826000,220,32
LOG_HOST,21826000,345,1,0
LOG_SYS,21830000,33,0
CSV_LOG,21830000,33
LOG_ALLOC,21830000,220,33
LOG_SYS,21833000,33,0
CSV_LOG,21833000,33
LOG_ALLOC,21833000,220,11
LOG_FREE,21833000,209,11
LOG_SYS,21836000,33,0
CSV_LOG,21836000,33
LOG_ALLOC,21836000,220,24
LOG_FREE,21836000,215,24
LOG_SYS,21840000,34,0
CSV_LOG,21840000,34
LOG_SYS,21843000,34,0
CSV_LOG,21843000,34
LOG_SYS,21846000,34,0
CSV_LOG,21846000,34
LOG_HOST,21850000,346,4,345
LOG_SYS,21850000,34,0
CSV_LOG,21850000,34
LOG_SYS,21853000,34,0
CSV_LOG,21853000,34
LOG_SYS,21856000,34,0
CSV_LOG,21856000,34
LOG_SYS,21860000,34,0
CSV_LOG,21860000,34
LOG_SYS,21863000,34,0
CSV_LOG,21863000,34
LOG_SYS,21866000,34,0
CSV_LOG,21866000,34
LOG_SYS,21870000,34,0
CSV_LOG,21870000,34
LOG_SYS,21873000,33,0
CSV_LOG,21873000,33
LOG_FREE,21873000,218,2
LOG_SYS,21876000,33,0
CSV_LOG,21876000,33
LOG_SYS,21880000,32,0
CSV_LOG,21880000,32
LOG_FREE,21880000,210,9
LOG_SYS,21883000,32,0
CSV_LOG,21883000,32
LOG_ALLOC,21883000,221,2
LOG_SYS,21886000,33,0
CSV_LOG,21886000,33
LOG_ALLOC,21886000,221,9
LOG_SYS,21890000,34,0
CSV_LOG,21890000,34
LOG_ALLOC,21890000,221,34
LOG_SYS,21893000,35,0
CSV_LOG,21893000,35
LOG_ALLOC,21893000,221,35
LOG_SYS,21896000,36,0
CSV_LOG,21896000,36
LOG_ALLOC,21896000,221,36
LOG_SYS,21900000,37,0
CSV_LOG,21900000,37
LOG_ALLOC,21900000,221,37
LOG_SYS,21903000,38,0
CSV_LOG,21903000,38
LOG_ALLOC,21903000,221,38
LOG_SYS,21906000,39,0
CSV_LOG,21906000,39
LOG_SYS,21910000,39,0
CSV_LOG,21910000,39
LOG_SYS,21913000,38,0
CSV_LOG,21913000,38
LOG_FREE,21913000,210,0
LOG_SYS,21916000,38,0
CSV_LOG,21916000,38
LOG_SYS,21920000,38,0
CSV_LOG,21920000,38
LOG_HOST,21920000,347,4,0
LOG_SYS,21923000,38,0
CSV_LOG,21923000,38
LOG_SYS,21926000,37,0
CSV_LOG,21926000,37
LOG_FREE,21926000,219,8
LOG_SYS,21930000,36,0
CSV_LOG,21930000,36
LOG_FREE,21930000,182,7
LOG_SYS,21933000,35,0
CSV_LOG,21933000,35
LOG_FREE,21933000,220,11
LOG_SYS,21936000,34,0
CSV_LOG,21936000,34
LOG_FREE,21936000,219,28
LOG_SYS,21940000,33,0
CSV_LOG,21940000,33
LOG_ALLOC,21940000,222,0
LOG_FREE,21940000,212,15
LOG_SYS,21943000,34,0
CSV_LOG,21943000,34
LOG_ALLOC,21943000,222,7
LOG_SYS,21946000,34,0
CSV_LOG,21946000,34
LOG_ALLOC,21946000,222,8
LOG_FREE,21946000,212,13
LOG_SYS,21950000,34,0
CSV_LOG,21950000,34
LOG_FREE,21950000,219,23
LOG_SYS,21953000,34,0
CSV_LOG,21953000,34
LOG_SYS,21956000,34,0
CSV_LOG,21956000,34
LOG_SYS,21960000,34,0
CSV_LOG,21960000,34
LOG_SYS,21963000,34,0
CSV_LOG,21963000,34
LOG_SYS,21966000,33,0
CSV_LOG,21966000,33
LOG_FREE,21966000,207,10
LOG_SYS,21970000,32,0
CSV_LOG,21970000,32
LOG_FREE,21970000,220,31
LOG_SYS,21973000,32,0
CSV_LOG,21973000,32
LOG_SYS,21976000,32,0
CSV_LOG,21976000,32
LOG_ALLOC,21976000,223,10
LOG_SYS,21980000,33,0
CSV_LOG,21980000,33
LOG_ALLOC,21980000,223,11
LOG_HOST,21980000,348,1,0
LOG_SYS,21983000,34,0
CSV_LOG,21983000,34
LOG_ALLOC,21983000,223,13
LOG_SYS,21986000,34,0
CSV_LOG,21986000,34
LOG_ALLOC,21986000,223,15
LOG_FREE,21986000,221,36
LOG_SYS,21990000,34,0
CSV_LOG,21990000,34
LOG_ALLOC,21990000,223,23
LOG_FREE,21990000,221,35
LOG_SYS,21993000,35,0
CSV_LOG,21993000,35
LOG_ALLOC,21993000,223,28
LOG_SYS,21996000,36,0
CSV_LOG,21996000,36
LOG_ALLOC,21996000,223,31
LOG_SYS,22000000,37,0
CSV_LOG,22000000,37
LOG_SYS,22003000,37,0
CSV_LOG,22003000,37
LOG_SYS,22006000,37,0
CSV_LOG,22006000,37
LOG_HOST,22010000,349,4,0
LOG_SYS,22010000,37,0
CSV_LOG,22010000,37
LOG_SYS,22013000,36,0
CSV_LOG,22013000,36
LOG_FREE,22013000,215,26
LOG_SYS,22016000,36,0
CSV_LOG,22016000,36
LOG_SYS,22020000,36,0
CSV_LOG,22020000,36
LOG_SYS,22023000,36,0
CSV_LOG,22023000,36
LOG_SYS,22026000,36,0
CSV_LOG,22026000,36
LOG_SYS,22030000,35,0
CSV_LOG,22030000,35
LOG_FREE,22030000,220,32
LOG_SYS,22033000,35,0
CSV_LOG,22033000,35
LOG_SYS,22036000,35,0
CSV_LOG,22036000,35
LOG_SYS,22040000,35,0
CSV_LOG,22040000,35
LOG_SYS,22043000,35,0
CSV_LOG,22043000,35
LOG_SYS,22046000,35,0
CSV_LOG,22046000,35
LOG_HOST,22050000,350,1,0
LOG_SYS,22050000,35,0
CSV_LOG,22050000,35
LOG_SYS,22053000,35,0
CSV_LOG,22053000,35
LOG_SYS,22056000,35,0
CSV_LOG,22056000,35
LOG_SYS,22060000,35,0
CSV_LOG,22060000,35
LOG_SYS,22063000,34,0
CSV_LOG,22063000,34
LOG_FREE,22063000,187,1
LOG_SYS,22066000,34,0
CSV_LOG,22066000,34
LOG_SYS,22070000,34,0
CSV_LOG,22070000,34
LOG_SYS,22073000,34,0
CSV_LOG,22073000,34
LOG_ALLOC,22073000,224,1
LOG_SYS,22076000,35,0
CSV_LOG,22076000,35
LOG_ALLOC,22076000,224,26
LOG_SYS,22079000,36,0
CSV_LOG,22079000,36
LOG_ALLOC,22079000,224,32
LOG_SYS,22083000,37,0
CSV_LOG,22083000,37
LOG_ALLOC,22083000,224,35
LOG_SYS,22086000,38,0
CSV_LOG,22086000,38
LOG_ALLOC,22086000,224,36
LOG_SYS,22089000,39,0
CSV_LOG,22089000,39
LOG_ALLOC,22089000,224,39
LOG_SYS,22093000,40,0
CSV_LOG,22093000,40
LOG_ALLOC,22093000,224,40
LOG_SYS,22096000,41,0
CSV_LOG,22096000,41
LOG_SYS,22099000,40,0
CSV_LOG,22099000,40
LOG_FREE,22099000,195,22
LOG_SYS,22103000,40,0
CSV_LOG,22103000,40
LOG_SYS,22106000,40,0
CSV_LOG,22106000,40
LOG_HOST,22106000,351,2,0
LOG_SYS,22109000,40,0
CSV_LOG,22109000,40
LOG_ALLOC,22109000,225,22
LOG_SYS,22113000,41,0
CSV_LOG,22113000,41
LOG_ALLOC,22113000,225,41
LOG_SYS,22116000,42,0
CSV_LOG,22116000,42
LOG_SYS,22119000,42,0
CSV_LOG,22119000,42
LOG_SYS,22123000,41,0
CSV_LOG,22123000,41
LOG_FREE,22123000,224,36
LOG_SYS,22126000,41,0
CSV_LOG,22126000,41
LOG_SYS,22129000,41,0
CSV_LOG,22129000,41
LOG_SYS,22133000,41,0
CSV_LOG,22133000,41
LOG_SYS,22136000,41,0
CSV_LOG,22136000,41
LOG_SYS,22139000,41,0
CSV_LOG,22139000,41
LOG_SYS,22143000,40,0
CSV_LOG,22143000,40
LOG_FREE,22143000,223,23
LOG_SYS,22146000,40,0
CSV_LOG,22146000,40
LOG_SYS,22149000,40,0
CSV_LOG,22149000,40
LOG_SYS,22153000,40,0
CSV_LOG,22153000,40
LOG_SYS,22156000,40,0
CSV_LOG,22156000,40
LOG_SYS,22159000,39,0
CSV_LOG,22159000,39
LOG_FREE,22159000,219,27
LOG_SYS,22163000,39,0
CSV_LOG,22163000,39
LOG_SYS,22166000,39,0
CSV_LOG,22166000,39
LOG_HOST,22169000,352,5,0
LOG_SYS,22169000,39,0
CSV_LOG,22169000,39
LOG_SYS,22173000,39,0
CSV_LOG,22173000,39
LOG_SYS,22176000,39,0
CSV_LOG,22176000,39
LOG_SYS,22179000,39,0
CSV_LOG,22179000,39
LOG_SYS,22183000,39,0
CSV_LOG,22183000,39
LOG_SYS,22186000,38,0
CSV_LOG,22186000,38
LOG_FREE,22186000,212,4
LOG_SYS,22189000,38,0
CSV_LOG,22189000,38
LOG_SYS,22193000,38,0
CSV_LOG,22193000,38
LOG_SYS,22196000,38,0
CSV_LOG,22196000,38
LOG_SYS,22199000,38,0
CSV_LOG,22199000,38
LOG_HOST,22199000,353,3,0
LOG_SYS,22203000,38,1
CSV_LOG,22203000,38
LOG_SYS,22206000,38,1
CSV_LOG,22206000,38
LOG_SYS,22209000,38,1
CSV_LOG,22209000,38
LOG_SYS,22213000,38,1
CSV_LOG,22213000,38
LOG_SYS,22216000,38,1
CSV_LOG,22216000,38
LOG_SYS,22219000,38,1
CSV_LOG,22219000,38
LOG_SYS,22223000,38,1
CSV_LOG,22223000,38
LOG_SYS,22226000,37,1
CSV_LOG,22226000,37
LOG_FREE,22226000,221,2
LOG_SYS,22229000,37,1
CSV_LOG,22229000,37
LOG_SYS,22233000,37,1
CSV_LOG,22233000,37
LOG_SYS,22236000,36,1
CSV_LOG,22236000,36
LOG_FREE,22236000,204,30
LOG_SYS,22239000,36,1
CSV_LOG,22239000,36
LOG_SYS,22243000,36,1
CSV_LOG,22243000,36
LOG_SYS,22246000,36,1
CSV_LOG,22246000,36
LOG_SYS,22249000,36,1
CSV_LOG,22249000,36
LOG_SYS,22253000,36,1
CSV_LOG,22253000,36
LOG_SYS,22256000,36,1
CSV_LOG,22256000,36
LOG_SYS,22259000,36,1
CSV_LOG,22259000,36
LOG_SYS,22263000,35,1
CSV_LOG,22263000,35
LOG_FREE,22263000,220,24
LOG_SYS,22266000,34,1
CSV_LOG,22266000,34
LOG_FREE,22266000,204,29
LOG_SYS,22269000,34,1
CSV_LOG,22269000,34
LOG_SYS,22273000,34,1
CSV_LOG,22273000,34
LOG_SYS,22276000,34,1
CSV_LOG,22276000,34
LOG_SYS,22279000,34,1
CSV_LOG,22279000,34
LOG_SYS,22283000,34,1
CSV_LOG,22283000,34
LOG_SYS,22286000,34,1
CSV_LOG,22286000,34
LOG_SYS,22289000,34,1
CSV_LOG,22289000,34
LOG_SYS,22293000,34,1
CSV_LOG,22293000,34
LOG_SYS,22296000,34,1
CSV_LOG,22296000,34
LOG_SYS,22299000,34,1
CSV_LOG,22299000,34
LOG_SYS,22303000,34,1
CSV_LOG,22303000,34
LOG_SYS,22306000,34,1
CSV_LOG,22306000,34
LOG_SYS,22309000,34,1
CSV_LOG,22309000,34
LOG_SYS,22313000,34,1
CSV_LOG,22313000,34
LOG_SYS,22316000,34,1
CSV_LOG,22316000,34
LOG_SYS,22319000,34,1
CSV_LOG,22319000,34
LOG_SYS,22323000,34,1
CSV_LOG,22323000,34
LOG_SYS,22326000,34,1
CSV_LOG,22326000,34
LOG_SYS,22329000,34,1
CSV_LOG,22329000,34
LOG_SYS,22333000,33,1
CSV_LOG,22333000,33
LOG_FREE,22333000,215,21
LOG_SYS,22336000,33,1
CSV_LOG,22336000,33
LOG_SYS,22339000,33,1
CSV_LOG,22339000,33
LOG_SYS,22343000,32,1
CSV_LOG,22343000,32
LOG_FREE,22343000,221,9
LOG_SYS,22346000,31,1
CSV_LOG,22346000,31
LOG_FREE,22346000,225,41
LOG_SYS,22349000,31,1
CSV_LOG,22349000,31
LOG_SYS,22353000,31,1
CSV_LOG,22353000,31
LOG_SYS,22356000,30,1
CSV_LOG,22356000,30
LOG_FREE,22356000,222,8
LOG_SYS,22359000,29,1
CSV_LOG,22359000,29
LOG_FREE,22359000,222,7
LOG_SYS,22363000,28,1
CSV_LOG,22363000,28
LOG_FREE,22363000,223,10
LOG_SYS,22366000,27,1
CSV_LOG,22366000,27
LOG_FREE,22366000,223,13
LOG_SYS,22369000,26,1
CSV_LOG,22369000,26
LOG_FREE,22369000,210,14
LOG_SYS,22373000,26,1
CSV_LOG,22373000,26
LOG_SYS,22376000,25,1
CSV_LOG,22376000,25
LOG_FREE,22376000,219,20
LOG_SYS,22379000,25,1
CSV_LOG,22379000,25
LOG_SYS,22383000,25,1
CSV_LOG,22383000,25
LOG_SYS,22386000,25,1
CSV_LOG,22386000,25
LOG_SYS,22389000,25,1
CSV_LOG,22389000,25
LOG_SYS,22393000,25,1
CSV_LOG,22393000,25
LOG_SYS,22396000,25,1
CSV_LOG,22396000,25
LOG_SYS,22399000,24,1
CSV_LOG,22399000,24
LOG_FREE,22399000,223,28
LOG_SYS,22403000,23,1
CSV_LOG,22403000,23
LOG_FREE,22403000,219,19
LOG_SYS,22406000,23,1
CSV_LOG,22406000,23
LOG_SYS,22409000,23,1
CSV_LOG,22409000,23
LOG_SYS,22413000,23,1
CSV_LOG,22413000,23
LOG_SYS,22416000,23,1
CSV_LOG,22416000,23
LOG_SYS,22419000,23,1
CSV_LOG,22419000,23
LOG_SYS,22423000,23,1
CSV_LOG,22423000,23
LOG_SYS,22426000,23,1
CSV_LOG,22426000,23
LOG_SYS,22429000,22,1
CSV_LOG,22429000,22
LOG_FREE,22429000,216,6
LOG_SYS,22433000,22,1
CSV_LOG,22433000,22
LOG_HOST,22436000,354,3,0
LOG_SYS,22436000,22,0
CSV_LOG,22436000,22
LOG_ALLOC,22436000,217,2
LOG_SYS,22439000,23,1
CSV_LOG,22439000,23
LOG_ALLOC,22439000,226,4
LOG_SYS,22443000,24,1
CSV_LOG,22443000,24
LOG_ALLOC,22443000,217,6
LOG_SYS,22446000,25,1
CSV_LOG,22446000,25
LOG_SYS,22449000,25,1
CSV_LOG,22449000,25
LOG_SYS,22453000,25,1
CSV_LOG,22453000,25
LOG_SYS,22456000,25,1
CSV_LOG,22456000,25
LOG_SYS,22459000,25,1
CSV_LOG,22459000,25
LOG_SYS,22463000,25,1
CSV_LOG,22463000,25
LOG_SYS,22466000,25,1
CSV_LOG,22466000,25
LOG_SYS,22469000,25,1
CSV_LOG,22469000,25
LOG_SYS,22473000,25,1
CSV_LOG,22473000,25
LOG_SYS,22476000,25,1
CSV_LOG,22476000,25
LOG_SYS,22479000,25,1
CSV_LOG,22479000,25
LOG_SYS,22483000,25,1
CSV_LOG,22483000,25
LOG_SYS,22486000,25,1
CSV_LOG,22486000,25
LOG_SYS,22489000,25,1
CSV_LOG,22489000,25
LOG_SYS,22493000,25,1
CSV_LOG,22493000,25
LOG_SYS,22496000,25,1
CSV_LOG,22496000,25
LOG_SYS,22499000,25,1
CSV_LOG,22499000,25
LOG_SYS,22503000,25,1
CSV_LOG,22503000,25
LOG_SYS,22506000,24,1
CSV_LOG,22506000,24
LOG_FREE,22506000,221,37
LOG_SYS,22509000,23,1
CSV_LOG,22509000,23
LOG_FREE,22509000,223,11
LOG_SYS,22513000,23,1
CSV_LOG,22513000,23
LOG_SYS,22516000,23,1
CSV_LOG,22516000,23
LOG_SYS,22519000,23,1
CSV_LOG,22519000,23
LOG_SYS,22523000,23,1
CSV_LOG,22523000,23
LOG_SYS,22526000,23,1
CSV_LOG,22526000,23
LOG_SYS,22529000,22,1
CSV_LOG,22529000,22
LOG_FREE,22529000,224,32
LOG_SYS,22533000,22,1
CSV_LOG,22533000,22
LOG_SYS,22536000,22,1
CSV_LOG,22536000,22
LOG_SYS,22539000,22,1
CSV_LOG,22539000,22
LOG_SYS,22543000,22,1
CSV_LOG,22543000,22
LOG_SYS,22546000,22,1
CSV_LOG,22546000,22
LOG_SYS,22549000,22,1
CSV_LOG,22549000,22
LOG_SYS,22553000,22,1
CSV_LOG,22553000,22
LOG_SYS,22556000,22,1
CSV_LOG,22556000,22
LOG_SYS,22559000,22,1
CSV_LOG,22559000,22
LOG_SYS,22563000,22,1
CSV_LOG,22563000,22
LOG_SYS,22566000,22,1
CSV_LOG,22566000,22
LOG_SYS,22569000,22,1
CSV_LOG,22569000,22
LOG_SYS,22573000,22,1
CSV_LOG,22573000,22
LOG_SYS,22576000,21,1
CSV_LOG,22576000,21
LOG_FREE,22576000,219,5
LOG_SYS,22579000,21,1
CSV_LOG,22579000,21
LOG_HOST,22583000,355,6,0
LOG_SYS,22583000,20,0
CSV_LOG,22583000,20
LOG_FREE,22583000,226,4
LOG_SYS,22586000,20,1
CSV_LOG,22586000,20
LOG_ALLOC,22586000,227,4
LOG_SYS,22589000,21,0
CSV_LOG,22589000,21
LOG_SYS,22593000,21,0
CSV_LOG,22593000,21
LOG_ALLOC,22593000,228,5
LOG_SYS,22596000,22,0
CSV_LOG,22596000,22
LOG_ALLOC,22596000,228,7
LOG_SYS,22599000,23,0
CSV_LOG,22599000,23
LOG_ALLOC,22599000,228,8
LOG_SYS,22603000,24,0
CSV_LOG,22603000,24
LOG_ALLOC,22603000,228,9
LOG_SYS,22606000,24,0
CSV_LOG,22606000,24
LOG_FREE,22606000,223,31
LOG_HOST,22606000,356,5,0
LOG_SYS,22609000,23,1
CSV_LOG,22609000,23
LOG_FREE,22609000,221,34
LOG_SYS,22613000,23,1
CSV_LOG,22613000,23
LOG_SYS,22616000,23,1
CSV_LOG,22616000,23
LOG_SYS,22619000,23,1
CSV_LOG,22619000,23
LOG_SYS,22623000,23,1
CSV_LOG,22623000,23
LOG_SYS,22626000,23,1
CSV_LOG,22626000,23
LOG_SYS,22629000,23,1
CSV_LOG,22629000,23
LOG_SYS,22633000,23,1
CSV_LOG,22633000,23
LOG_SYS,22636000,22,1
CSV_LOG,22636000,22
LOG_FREE,22636000,228,8
LOG_SYS,22639000,22,1
CSV_LOG,22639000,22
LOG_SYS,22643000,22,1
CSV_LOG,22643000,22
LOG_SYS,22646000,22,1
CSV_LOG,22646000,22
LOG_SYS,22649000,22,1
CSV_LOG,22649000,22
LOG_SYS,22653000,22,1
CSV_LOG,22653000,22
LOG_SYS,22656000,22,1
CSV_LOG,22656000,22
LOG_SYS,22659000,22,1
CSV_LOG,22659000,22
LOG_SYS,22663000,22,1
CSV_LOG,22663000,22
LOG_SYS,22666000,22,1
CSV_LOG,22666000,22
LOG_SYS,22669000,22,1
CSV_LOG,22669000,22
LOG_SYS,22673000,22,1
CSV_LOG,22673000,22
LOG_SYS,22676000,22,1
CSV_LOG,22676000,22
LOG_SYS,22679000,22,1
CSV_LOG,22679000,22
LOG_SYS,22683000,22,1
CSV_LOG,22683000,22
LOG_SYS,22686000,22,1
CSV_LOG,22686000,22
LOG_SYS,22689000,22,1
CSV_LOG,22689000,22
LOG_SYS,22693000,22,1
CSV_LOG,22693000,22
LOG_SYS,22696000,22,1
CSV_LOG,22696000,22
LOG_SYS,22699000,22,1
CSV_LOG,22699000,22
LOG_SYS,22703000,22,1
CSV_LOG,22703000,22
LOG_SYS,22706000,22,1
CSV_LOG,22706000,22
LOG_SYS,22709000,22,1
CSV_LOG,22709000,22
LOG_SYS,22713000,22,1
CSV_LOG,22713000,22
LOG_SYS,22716000,21,1
CSV_LOG,22716000,21
LOG_FREE,22716000,212,16
LOG_SYS,22719000,20,1
CSV_LOG,22719000,20
LOG_FREE,22719000,220,33
LOG_HOST,22723000,357,7,356
LOG_SYS,22723000,20,0
CSV_LOG,22723000,20
LOG_ALLOC,22723000,213,8
LOG_SYS,22726000,21,0
CSV_LOG,22726000,21
LOG_ALLOC,22726000,213,10
LOG_SYS,22729000,22,0
CSV_LOG,22729000,22
LOG_ALLOC,22729000,213,11
LOG_SYS,22733000,23,0
CSV_LOG,22733000,23
LOG_ALLOC,22733000,213,13
LOG_SYS,22736000,24,0
CSV_LOG,22736000,24
LOG_ALLOC,22736000,230,14
LOG_SYS,22739000,25,0
CSV_LOG,22739000,25
LOG_ALLOC,22739000,230,16
LOG_SYS,22743000,26,0
CSV_LOG,22743000,26
LOG_ALLOC,22743000,230,19
LOG_SYS,22746000,27,0
CSV_LOG,22746000,27
LOG_SYS,22749000,27,0
CSV_LOG,22749000,27
LOG_SYS,22753000,27,0
CSV_LOG,22753000,27
LOG_SYS,22756000,27,0
CSV_LOG,22756000,27
LOG_SYS,22759000,27,0
CSV_LOG,22759000,27
LOG_SYS,22763000,27,0
CSV_LOG,22763000,27
LOG_SYS,22766000,27,0
CSV_LOG,22766000,27
LOG_SYS,22769000,27,0
CSV_LOG,22769000,27
LOG_SYS,22773000,26,0
CSV_LOG,22773000,26
LOG_FREE,22773000,224,35
LOG_HOST,22773000,358,7,0
LOG_SYS,22776000,26,1
CSV_LOG,22776000,26
LOG_SYS,22779000,26,1
CSV_LOG,22779000,26
LOG_SYS,22783000,26,1
CSV_LOG,22783000,26
LOG_SYS,22786000,26,1
CSV_LOG,22786000,26
LOG_SYS,22789000,25,1
CSV_LOG,22789000,25
LOG_FREE,22789000,228,5
LOG_SYS,22793000,25,1
CSV_LOG,22793000,25
LOG_SYS,22796000,25,1
CSV_LOG,22796000,25
LOG_SYS,22799000,24,1
CSV_LOG,22799000,24
LOG_FREE,22799000,215,25
LOG_SYS,22803000,24,1
CSV_LOG,22803000,24
LOG_SYS,22806000,24,0
CSV_LOG,22806000,24
LOG_SYS,22809000,24,0
CSV_LOG,22809000,24
LOG_ALLOC,22809000,231,5
LOG_SYS,22813000,25,0
CSV_LOG,22813000,25
LOG_ALLOC,22813000,231,20
LOG_HOST,22816000,359,4,0
LOG_SYS,22816000,26,0
CSV_LOG,22816000,26
LOG_ALLOC,22816000,231,21
LOG_SYS,22819000,27,1
CSV_LOG,22819000,27
LOG_SYS,22823000,27,1
CSV_LOG,22823000,27
LOG_SYS,22826000,27,1
CSV_LOG,22826000,27
LOG_SYS,22829000,27,1
CSV_LOG,22829000,27
LOG_SYS,22833000,27,1
CSV_LOG,22833000,27
LOG_SYS,22836000,27,1
CSV_LOG,22836000,27
LOG_SYS,22839000,27,1
CSV_LOG,22839000,27
LOG_SYS,22843000,27,1
CSV_LOG,22843000,27
LOG_SYS,22846000,27,1
CSV_LOG,22846000,27
LOG_SYS,22849000,27,1
CSV_LOG,22849000,27
LOG_SYS,22853000,26,1
CSV_LOG,22853000,26
LOG_FREE,22853000,213,10
LOG_SYS,22856000,26,1
CSV_LOG,22856000,26
LOG_SYS,22859000,26,1
CSV_LOG,22859000,26
LOG_SYS,22863000,26,1
CSV_LOG,22863000,26
LOG_SYS,22866000,26,1
CSV_LOG,22866000,26
LOG_SYS,22869000,26,1
CSV_LOG,22869000,26
LOG_SYS,22873000,26,1
CSV_LOG,22873000,26
LOG_SYS,22876000,26,1
CSV_LOG,22876000,26
LOG_SYS,22879000,26,1
CSV_LOG,22879000,26
LOG_SYS,22883000,25,1
CSV_LOG,22883000,25
LOG_FREE,22883000,224,26
LOG_SYS,22886000,25,1
CSV_LOG,22886000,25
LOG_SYS,22889000,24,1
CSV_LOG,22889000,24
LOG_FREE,22889000,224,39
LOG_SYS,22893000,24,1
CSV_LOG,22893000,24
LOG_SYS,22896000,24,1
CSV_LOG,22896000,24
LOG_SYS,22899000,23,1
CSV_LOG,22899000,23
LOG_FREE,22899000,231,5
LOG_SYS,22903000,23,1
CSV_LOG,22903000,23
LOG_SYS,22906000,23,1
CSV_LOG,22906000,23
LOG_SYS,22909000,23,1
CSV_LOG,22909000,23
LOG_SYS,22912000,23,1
CSV_LOG,22912000,23
LOG_SYS,22916000,23,1
CSV_LOG,22916000,23
LOG_SYS,22919000,22,1
CSV_LOG,22919000,22
LOG_FREE,22919000,221,38
LOG_SYS,22922000,22,1
CSV_LOG,22922000,22
LOG_HOST,22926000,360,3,0
LOG_SYS,22926000,21,0
CSV_LOG,22926000,21
LOG_FREE,22926000,231,20
LOG_SYS,22929000,21,1
CSV_LOG,22929000,21
LOG_ALLOC,22929000,232,5
LOG_SYS,22932000,22,1
CSV_LOG,22932000,22
LOG_ALLOC,22932000,232,10
LOG_SYS,22936000,23,1
CSV_LOG,22936000,23
LOG_ALLOC,22936000,232,20
LOG_SYS,22939000,24,1
CSV_LOG,22939000,24
LOG_ALLOC,22939000,232,23
LOG_SYS,22942000,25,1
CSV_LOG,22942000,25
LOG_SYS,22946000,25,1
CSV_LOG,22946000,25
LOG_SYS,22949000,25,1
CSV_LOG,22949000,25
LOG_SYS,22952000,25,1
CSV_LOG,22952000,25
LOG_SYS,22956000,25,1
CSV_LOG,22956000,25
LOG_SYS,22959000,25,1
CSV_LOG,22959000,25
LOG_SYS,22962000,24,1
CSV_LOG,22962000,24
LOG_FREE,22962000,210,17
LOG_SYS,22966000,24,1
CSV_LOG,22966000,24
LOG_SYS,22969000,23,1
CSV_LOG,22969000,23
LOG_FREE,22969000,228,9
LOG_SYS,22972000,23,1
CSV_LOG,22972000,23
LOG_SYS,22976000,23,1
CSV_LOG,22976000,23
LOG_SYS,22979000,23,1
CSV_LOG,22979000,23
LOG_SYS,22982000,23,1
CSV_LOG,22982000,23
LOG_SYS,22986000,23,1
CSV_LOG,22986000,23
LOG_SYS,22989000,22,1
CSV_LOG,22989000,22
LOG_FREE,22989000,217,2
LOG_SYS,22992000,21,1
CSV_LOG,22992000,21
LOG_FREE,22992000,228,7
LOG_SYS,22996000,21,1
CSV_LOG,22996000,21
LOG_HOST,22999000,361,2,360
LOG_SYS,22999000,21,0
CSV_LOG,22999000,21
LOG_ALLOC,22999000,229,2
LOG_SYS,23002000,22,1
CSV_LOG,23002000,22
LOG_ALLOC,23002000,229,7
LOG_SYS,23006000,23,1
CSV_LOG,23006000,23
LOG_SYS,23009000,23,1
CSV_LOG,23009000,23
LOG_SYS,23012000,23,1
CSV_LOG,23012000,23
LOG_SYS,23016000,23,1
CSV_LOG,23016000,23
LOG_SYS,23019000,23,1
CSV_LOG,23019000,23
LOG_SYS,23022000,22,1
CSV_LOG,23022000,22
LOG_FREE,23022000,230,19
LOG_SYS,23026000,22,1
CSV_LOG,23026000,22
LOG_SYS,23029000,22,1
CSV_LOG,23029000,22
LOG_SYS,23032000,22,1
CSV_LOG,23032000,22
LOG_SYS,23036000,22,1
CSV_LOG,23036000,22
LOG_SYS,23039000,22,1
CSV_LOG,23039000,22
LOG_SYS,23042000,21,1
CSV_LOG,23042000,21
LOG_FREE,23042000,209,3
LOG_SYS,23046000,20,1
CSV_LOG,23046000,20
LOG_FREE,23046000,204,12
LOG_SYS,23049000,20,0
CSV_LOG,23049000,20
LOG_SYS,23052000,19,0
CSV_LOG,23052000,19
LOG_ALLOC,23052000,205,1
LOG_FREE,23052000,224,1
LOG_SYS,23056000,20,0
CSV_LOG,23056000,20
LOG_ALLOC,23056000,205,3
LOG_SYS,23059000,21,0
CSV_LOG,23059000,21
LOG_ALLOC,23059000,234,9
LOG_SYS,23062000,22,0
CSV_LOG,23062000,22
LOG_ALLOC,23062000,234,12
LOG_SYS,23066000,23,0
CSV_LOG,23066000,23
LOG_ALLOC,23066000,235,17
LOG_SYS,23069000,24,0
CSV_LOG,23069000,24
LOG_SYS,23072000,23,0
CSV_LOG,23072000,23
LOG_FREE,23072000,229,2
LOG_SYS,23076000,23,0
CSV_LOG,23076000,23
LOG_HOST,23076000,362,1,0
LOG_SYS,23079000,23,0
CSV_LOG,23079000,23
LOG_SYS,23082000,23,0
CSV_LOG,23082000,23
LOG_SYS,23086000,23,0
CSV_LOG,23086000,23
LOG_SYS,23089000,23,0
CSV_LOG,23089000,23
LOG_SYS,23092000,22,0
CSV_LOG,23092000,22
LOG_FREE,23092000,229,7
LOG_SYS,23096000,22,0
CSV_LOG,23096000,22
LOG_SYS,23099000,22,0
CSV_LOG,23099000,22
LOG_SYS,23102000,21,0
CSV_LOG,23102000,21
LOG_FREE,23102000,227,4
LOG_HOST,23106000,363,1,0
LOG_SYS,23106000,21,0
CSV_LOG,23106000,21
LOG_SYS,23109000,21,0
CSV_LOG,23109000,21
LOG_SYS,23112000,21,0
CSV_LOG,23112000,21
LOG_ALLOC,23112000,237,2
LOG_SYS,23116000,22,0
CSV_LOG,23116000,22
LOG_ALLOC,23116000,237,4
LOG_SYS,23119000,23,0
CSV_LOG,23119000,23
LOG_SYS,23122000,23,0
CSV_LOG,23122000,23
LOG_SYS,23126000,23,0
CSV_LOG,23126000,23
LOG_SYS,23129000,23,0
CSV_LOG,23129000,23
LOG_SYS,23132000,23,0
CSV_LOG,23132000,23
LOG_SYS,23136000,23,0
CSV_LOG,23136000,23
LOG_HOST,23139000,364,6,0
LOG_SYS,23139000,23,0
CSV_LOG,23139000,23
LOG_SYS,23142000,22,0
CSV_LOG,23142000,22
LOG_FREE,23142000,213,13
LOG_SYS,23146000,22,0
CSV_LOG,23146000,22
LOG_SYS,23149000,22,0
CSV_LOG,23149000,22
LOG_SYS,23152000,22,0
CSV_LOG,23152000,22
LOG_SYS,23156000,22,0
CSV_LOG,23156000,22
LOG_SYS,23159000,22,0
CSV_LOG,23159000,22
LOG_SYS,23162000,22,0
CSV_LOG,23162000,22
LOG_SYS,23166000,22,0
CSV_LOG,23166000,22
LOG_SYS,23169000,22,0
CSV_LOG,23169000,22
LOG_SYS,23172000,22,0
CSV_LOG,23172000,22
LOG_SYS,23176000,22,0
CSV_LOG,23176000,22
LOG_SYS,23179000,22,0
CSV_LOG,23179000,22
LOG_SYS,23182000,22,0
CSV_LOG,23182000,22
LOG_SYS,23186000,21,0
CSV_LOG,23186000,21
LOG_FREE,23186000,224,40
LOG_SYS,23189000,21,0
CSV_LOG,23189000,21
LOG_SYS,23192000,21,0
CSV_LOG,23192000,21
LOG_SYS,23196000,21,0
CSV_LOG,23196000,21
LOG_ALLOC,23196000,238,7
LOG_SYS,23199000,22,0
CSV_LOG,23199000,22
LOG_ALLOC,23199000,238,13
LOG_SYS,23202000,23,0
CSV_LOG,23202000,23
LOG_ALLOC,23202000,238,19
LOG_SYS,23206000,24,0
CSV_LOG,23206000,24
LOG_ALLOC,23206000,238,24
LOG_SYS,23209000,25,0
CSV_LOG,23209000,25
LOG_ALLOC,23209000,238,25
LOG_SYS,23212000,26,0
CSV_LOG,23212000,26
LOG_SYS,23216000,26,0
CSV_LOG,23216000,26
LOG_HOST,23216000,365,5,364
LOG_SYS,23219000,26,0
CSV_LOG,23219000,26
LOG_SYS,23222000,26,0
CSV_LOG,23222000,26
LOG_SYS,23226000,26,0
CSV_LOG,23226000,26
LOG_SYS,23229000,26,0
CSV_LOG,23229000,26
LOG_SYS,23232000,26,0
CSV_LOG,23232000,26
LOG_SYS,23236000,26,0
CSV_LOG,23236000,26
LOG_SYS,23239000,26,0
CSV_LOG,23239000,26
LOG_SYS,23242000,26,0
CSV_LOG,23242000,26
LOG_SYS,23246000,25,0
CSV_LOG,23246000,25
LOG_FREE,23246000,234,12
LOG_SYS,23249000,24,0
CSV_LOG,23249000,24
LOG_FREE,23249000,231,21
LOG_SYS,23252000,24,0
CSV_LOG,23252000,24
LOG_SYS,23256000,24,0
CSV_LOG,23256000,24
LOG_HOST,23256000,366,7,365
LOG_SYS,23259000,24,0
CSV_LOG,23259000,24
LOG_ALLOC,23259000,239,12
LOG_SYS,23262000,24,0
CSV_LOG,23262000,24
LOG_ALLOC,23262000,239,1
LOG_FREE,23262000,205,1
LOG_SYS,23266000,25,0
CSV_LOG,23266000,25
LOG_ALLOC,23266000,239,21
LOG_SYS,23269000,26,0
CSV_LOG,23269000,26
LOG_ALLOC,23269000,239,26
LOG_SYS,23272000,27,0
CSV_LOG,23272000,27
LOG_ALLOC,23272000,239,27
LOG_SYS,23276000,28,0
CSV_LOG,23276000,28
LOG_ALLOC,23276000,239,28
LOG_SYS,23279000,29,0
CSV_LOG,23279000,29
LOG_SYS,23282000,29,0
CSV_LOG,23282000,29
LOG_SYS,23286000,29,0
CSV_LOG,23286000,29
LOG_SYS,23289000,29,0
CSV_LOG,23289000,29
LOG_SYS,23292000,29,0
CSV_LOG,23292000,29
LOG_SYS,23296000,29,0
CSV_LOG,23296000,29
LOG_SYS,23299000,29,0
CSV_LOG,23299000,29
LOG_SYS,23302000,29,0
CSV_LOG,23302000,29
LOG_SYS,23306000,29,0
CSV_LOG,23306000,29
LOG_SYS,23309000,29,0
CSV_LOG,23309000,29
LOG_SYS,23312000,29,0
CSV_LOG,23312000,29
LOG_SYS,23316000,29,0
CSV_LOG,23316000,29
LOG_SYS,23319000,29,0
CSV_LOG,23319000,29
LOG_SYS,23322000,29,0
CSV_LOG,23322000,29
LOG_SYS,23326000,29,0
CSV_LOG,23326000,29
LOG_SYS,23329000,29,0
CSV_LOG,23329000,29
LOG_SYS,23332000,28,0
CSV_LOG,23332000,28
LOG_FREE,23332000,238,25
LOG_SYS,23336000,28,0
CSV_LOG,23336000,28
LOG_HOST,23339000,367,5,0
LOG_SYS,23339000,28,0
CSV_LOG,23339000,28
LOG_SYS,23342000,27,1
CSV_LOG,23342000,27
LOG_FREE,23342000,239,12
LOG_SYS,23346000,27,1
CSV_LOG,23346000,27
LOG_SYS,23349000,27,1
CSV_LOG,23349000,27
LOG_SYS,23352000,27,1
CSV_LOG,23352000,27
LOG_SYS,23356000,26,1
CSV_LOG,23356000,26
LOG_FREE,23356000,232,10
LOG_SYS,23359000,26,1
CSV_LOG,23359000,26
LOG_SYS,23362000,26,1
CSV_LOG,23362000,26
LOG_SYS,23366000,26,1
CSV_LOG,23366000,26
LOG_SYS,23369000,26,1
CSV_LOG,23369000,26
LOG_SYS,23372000,26,1
CSV_LOG,23372000,26
LOG_SYS,23376000,26,1
CSV_LOG,23376000,26
LOG_SYS,23379000,25,1
CSV_LOG,23379000,25
LOG_FREE,23379000,232,20
LOG_SYS,23382000,25,1
CSV_LOG,23382000,25
LOG_SYS,23386000,25,1
CSV_LOG,23386000,25
LOG_SYS,23389000,25,1
CSV_LOG,23389000,25
LOG_SYS,23392000,25,1
CSV_LOG,23392000,25
LOG_SYS,23396000,25,1
CSV_LOG,23396000,25
LOG_SYS,23399000,25,1
CSV_LOG,23399000,25
LOG_SYS,23402000,25,1
CSV_LOG,23402000,25
LOG_SYS,23406000,24,1
CSV_LOG,23406000,24
LOG_FREE,23406000,230,14
LOG_SYS,23409000,24,1
CSV_LOG,23409000,24
LOG_SYS,23412000,24,1
CSV_LOG,23412000,24
LOG_SYS,23416000,24,1
CSV_LOG,23416000,24
LOG_SYS,23419000,24,1
CSV_LOG,23419000,24
LOG_SYS,23422000,24,1
CSV_LOG,23422000,24
LOG_SYS,23426000,24,1
CSV_LOG,23426000,24
LOG_SYS,23429000,24,1
CSV_LOG,23429000,24
LOG_SYS,23432000,24,1
CSV_LOG,23432000,24
LOG_SYS,23436000,23,1
CSV_LOG,23436000,23
LOG_FREE,23436000,238,24
LOG_SYS,23439000,23,1
CSV_LOG,23439000,23
LOG_SYS,23442000,23,1
CSV_LOG,23442000,23
LOG_SYS,23446000,23,1
CSV_LOG,23446000,23
LOG_SYS,23449000,23,1
CSV_LOG,23449000,23
LOG_SYS,23452000,23,1
CSV_LOG,23452000,23
LOG_SYS,23456000,23,1
CSV_LOG,23456000,23
LOG_SYS,23459000,23,1
CSV_LOG,23459000,23
LOG_SYS,23462000,23,1
CSV_LOG,23462000,23
LOG_SYS,23466000,23,1
CSV_LOG,23466000,23
LOG_SYS,23469000,23,1
CSV_LOG,23469000,23
LOG_SYS,23472000,23,1
CSV_LOG,23472000,23
LOG_SYS,23476000,23,1
CSV_LOG,23476000,23
LOG_SYS,23479000,23,1
CSV_LOG,23479000,23
LOG_SYS,23482000,23,1
CSV_LOG,23482000,23
LOG_SYS,23486000,23,1
CSV_LOG,23486000,23
LOG_SYS,23489000,23,1
CSV_LOG,23489000,23
LOG_SYS,23492000,23,1
CSV_LOG,23492000,23
LOG_SYS,23496000,23,1
CSV_LOG,23496000,23
LOG_SYS,23499000,23,1
CSV_LOG,23499000,23
LOG_SYS,23502000,22,1
CSV_LOG,23502000,22
LOG_FREE,23502000,222,0
LOG_SYS,23506000,22,1
CSV_LOG,23506000,22
LOG_HOST,23509000,368,2,0
LOG_SYS,23509000,22,0
CSV_LOG,23509000,22
LOG_SYS,23512000,22,1
CSV_LOG,23512000,22
LOG_ALLOC,23512000,240,0
LOG_SYS,23516000,23,1
CSV_LOG,23516000,23
LOG_ALLOC,23516000,240,10
LOG_SYS,23519000,24,1
CSV_LOG,23519000,24
LOG_ALLOC,23519000,240,12
LOG_SYS,23522000,25,1
CSV_LOG,23522000,25
LOG_SYS,23526000,25,1
CSV_LOG,23526000,25
LOG_SYS,23529000,25,1
CSV_LOG,23529000,25
LOG_SYS,23532000,24,1
CSV_LOG,23532000,24
LOG_FREE,23532000,205,3
LOG_SYS,23536000,24,1
CSV_LOG,23536000,24
LOG_SYS,23539000,23,0
CSV_LOG,23539000,23
LOG_FREE,23539000,240,0
LOG_SYS,23542000,23,0
CSV_LOG,23542000,23
LOG_ALLOC,23542000,241,0
LOG_SYS,23546000,24,0
CSV_LOG,23546000,24
LOG_ALLOC,23546000,241,3
LOG_SYS,23549000,25,0
CSV_LOG,23549000,25
LOG_SYS,23552000,25,0
CSV_LOG,23552000,25
LOG_HOST,23556000,369,6,368
LOG_SYS,23556000,25,0
CSV_LOG,23556000,25
LOG_SYS,23559000,25,1
CSV_LOG,23559000,25
LOG_SYS,23562000,24,1
CSV_LOG,23562000,24
LOG_FREE,23562000,232,23
LOG_SYS,23566000,24,1
CSV_LOG,23566000,24
LOG_SYS,23569000,24,1
CSV_LOG,23569000,24
LOG_SYS,23572000,24,1
CSV_LOG,23572000,24
LOG_SYS,23576000,23,1
CSV_LOG,23576000,23
LOG_FREE,23576000,213,11
LOG_SYS,23579000,23,1
CSV_LOG,23579000,23
LOG_SYS,23582000,23,1
CSV_LOG,23582000,23
LOG_SYS,23586000,23,1
CSV_LOG,23586000,23
LOG_SYS,23589000,23,1
CSV_LOG,23589000,23
LOG_SYS,23592000,23,1
CSV_LOG,23592000,23
LOG_SYS,23596000,23,1
CSV_LOG,23596000,23
LOG_SYS,23599000,23,1
CSV_LOG,23599000,23
LOG_SYS,23602000,23,1
CSV_LOG,23602000,23
LOG_SYS,23606000,23,1
CSV_LOG,23606000,23
LOG_SYS,23609000,23,1
CSV_LOG,23609000,23
LOG_SYS,23612000,23,1
CSV_LOG,23612000,23
LOG_SYS,23616000,23,1
CSV_LOG,23616000,23
LOG_SYS,23619000,23,1
CSV_LOG,23619000,23
LOG_SYS,23622000,23,1
CSV_LOG,23622000,23
LOG_SYS,23626000,23,1
CSV_LOG,23626000,23
LOG_SYS,23629000,23,1
CSV_LOG,23629000,23
LOG_SYS,23632000,23,1
CSV_LOG,23632000,23
LOG_SYS,23636000,23,1
CSV_LOG,23636000,23
LOG_SYS,23639000,22,1
CSV_LOG,23639000,22
LOG_FREE,23639000,238,19
LOG_SYS,23642000,22,1
CSV_LOG,23642000,22
LOG_SYS,23646000,22,1
CSV_LOG,23646000,22
LOG_SYS,23649000,22,1
CSV_LOG,23649000,22
LOG_SYS,23652000,22,1
CSV_LOG,23652000,22
LOG_SYS,23656000,22,1
CSV_LOG,23656000,22
LOG_SYS,23659000,22,1
CSV_LOG,23659000,22
LOG_SYS,23662000,22,1
CSV_LOG,23662000,22
LOG_SYS,23666000,22,1
CSV_LOG,23666000,22
LOG_SYS,23669000,22,1
CSV_LOG,23669000,22
LOG_SYS,23672000,22,1
CSV_LOG,23672000,22
LOG_SYS,23676000,21,1
CSV_LOG,23676000,21
LOG_FREE,23676000,235,17
LOG_SYS,23679000,21,1
CSV_LOG,23679000,21
LOG_HOST,23682000,370,8,369
LOG_SYS,23682000,21,0
CSV_LOG,23682000,21
LOG_ALLOC,23682000,236,11
LOG_SYS,23686000,22,1
CSV_LOG,23686000,22
LOG_ALLOC,23686000,236,14
LOG_SYS,23689000,23,1
CSV_LOG,23689000,23
LOG_ALLOC,23689000,236,17
LOG_SYS,23692000,24,1
CSV_LOG,23692000,24
LOG_ALLOC,23692000,236,19
LOG_SYS,23696000,25,1
CSV_LOG,23696000,25
LOG_ALLOC,23696000,236,20
LOG_SYS,23699000,26,1
CSV_LOG,23699000,26
LOG_ALLOC,23699000,236,23
LOG_SYS,23702000,27,1
CSV_LOG,23702000,27
LOG_ALLOC,23702000,236,24
LOG_SYS,23706000,27,1
CSV_LOG,23706000,27
LOG_ALLOC,23706000,236,13
LOG_FREE,23706000,238,13
LOG_SYS,23709000,27,1
CSV_LOG,23709000,27
LOG_ALLOC,23709000,242,20
LOG_FREE,23709000,236,20
LOG_SYS,23712000,28,1
CSV_LOG,23712000,28
LOG_ALLOC,23712000,242,25
LOG_SYS,23716000,29,1
CSV_LOG,23716000,29
LOG_ALLOC,23716000,242,29
LOG_SYS,23719000,30,1
CSV_LOG,23719000,30
LOG_ALLOC,23719000,242,30
LOG_SYS,23722000,31,1
CSV_LOG,23722000,31
LOG_SYS,23726000,31,1
CSV_LOG,23726000,31
LOG_SYS,23729000,31,1
CSV_LOG,23729000,31
LOG_SYS,23732000,31,1
CSV_LOG,23732000,31
LOG_SYS,23736000,31,1
CSV_LOG,23736000,31
LOG_SYS,23739000,31,1
CSV_LOG,23739000,31
LOG_SYS,23742000,30,1
CSV_LOG,23742000,30
LOG_FREE,23742000,223,15
LOG_SYS,23745000,30,1
CSV_LOG,23745000,30
LOG_SYS,23749000,30,0
CSV_LOG,23749000,30
LOG_SYS,23752000,30,0
CSV_LOG,23752000,30
LOG_HOST,23755000,371,2,0
LOG_SYS,23755000,30,0
CSV_LOG,23755000,30
LOG_SYS,23759000,30,1
CSV_LOG,23759000,30
LOG_SYS,23762000,30,1
CSV_LOG,23762000,30
LOG_SYS,23765000,30,1
CSV_LOG,23765000,30
LOG_SYS,23769000,30,1
CSV_LOG,23769000,30
LOG_SYS,23772000,30,1
CSV_LOG,23772000,30
LOG_SYS,23775000,29,1
CSV_LOG,23775000,29
LOG_FREE,23775000,236,17
LOG_SYS,23779000,29,1
CSV_LOG,23779000,29
LOG_SYS,23782000,29,1
CSV_LOG,23782000,29
LOG_SYS,23785000,29,1
CSV_LOG,23785000,29
LOG_SYS,23789000,28,1
CSV_LOG,23789000,28
LOG_FREE,23789000,237,4
LOG_SYS,23792000,28,1
CSV_LOG,23792000,28
LOG_SYS,23795000,28,1
CSV_LOG,23795000,28
LOG_SYS,23799000,28,1
CSV_LOG,23799000,28
LOG_SYS,23802000,28,1
CSV_LOG,23802000,28
LOG_SYS,23805000,28,1
CSV_LOG,23805000,28
LOG_SYS,23809000,28,1
CSV_LOG,23809000,28
LOG_SYS,23812000,28,1
CSV_LOG,23812000,28
LOG_SYS,23815000,28,1
CSV_LOG,23815000,28
LOG_SYS,23819000,27,1
CSV_LOG,23819000,27
LOG_FREE,23819000,225,22
LOG_SYS,23822000,27,1
CSV_LOG,23822000,27
LOG_HOST,23825000,372,1,0
LOG_SYS,23825000,27,0
CSV_LOG,23825000,27
LOG_SYS,23829000,27,1
CSV_LOG,23829000,27
LOG_SYS,23832000,27,1
CSV_LOG,23832000,27
LOG_SYS,23835000,27,1
CSV_LOG,23835000,27
LOG_SYS,23839000,27,1
CSV_LOG,23839000,27
LOG_SYS,23842000,26,1
CSV_LOG,23842000,26
LOG_FREE,23842000,232,5
LOG_SYS,23845000,26,1
CSV_LOG,23845000,26
LOG_HOST,23849000,373,5,0
LOG_SYS,23849000,25,0
CSV_LOG,23849000,25
LOG_ALLOC,23849000,233,1
LOG_FREE,23849000,239,1
LOG_SYS,23852000,26,1
CSV_LOG,23852000,26
LOG_ALLOC,23852000,245,4
LOG_SYS,23855000,27,1
CSV_LOG,23855000,27
LOG_ALLOC,23855000,245,5
LOG_SYS,23859000,28,1
CSV_LOG,23859000,28
LOG_ALLOC,23859000,245,15
LOG_SYS,23862000,29,1
CSV_LOG,23862000,29
LOG_ALLOC,23862000,245,17
LOG_SYS,23865000,30,1
CSV_LOG,23865000,30
LOG_ALLOC,23865000,245,22
LOG_SYS,23869000,31,1
CSV_LOG,23869000,31
LOG_ALLOC,23869000,245,31
LOG_SYS,23872000,32,1
CSV_LOG,23872000,32
LOG_ALLOC,23872000,233,32
LOG_SYS,23875000,33,1
CSV_LOG,23875000,33
LOG_SYS,23879000,33,1
CSV_LOG,23879000,33
LOG_SYS,23882000,33,1
CSV_LOG,23882000,33
LOG_SYS,23885000,32,1
CSV_LOG,23885000,32
LOG_FREE,23885000,236,24
LOG_SYS,23889000,32,1
CSV_LOG,23889000,32
LOG_SYS,23892000,32,1
CSV_LOG,23892000,32
LOG_SYS,23895000,32,1
CSV_LOG,23895000,32
LOG_SYS,23899000,32,1
CSV_LOG,23899000,32
LOG_SYS,23902000,32,1
CSV_LOG,23902000,32
LOG_SYS,23905000,32,1
CSV_LOG,23905000,32
LOG_SYS,23909000,32,1
CSV_LOG,23909000,32
LOG_SYS,23912000,32,1
CSV_LOG,23912000,32
LOG_SYS,23915000,32,1
CSV_LOG,23915000,32
LOG_SYS,23919000,32,1
CSV_LOG,23919000,32
LOG_SYS,23922000,31,1
CSV_LOG,23922000,31
LOG_FREE,23922000,245,4
LOG_SYS,23925000,31,1
CSV_LOG,23925000,31
LOG_SYS,23929000,30,1
CSV_LOG,23929000,30
LOG_FREE,23929000,242,30
LOG_SYS,23932000,30,1
CSV_LOG,23932000,30
LOG_SYS,23935000,30,1
CSV_LOG,23935000,30
LOG_SYS,23939000,30,1
CSV_LOG,23939000,30
LOG_SYS,23942000,29,1
CSV_LOG,23942000,29
LOG_FREE,23942000,236,11
LOG_SYS,23945000,29,1
CSV_LOG,23945000,29
LOG_SYS,23949000,28,1
CSV_LOG,23949000,28
LOG_FREE,23949000,236,14
LOG_SYS,23952000,27,1
CSV_LOG,23952000,27
LOG_FREE,23952000,239,21
LOG_SYS,23955000,27,1
CSV_LOG,23955000,27
LOG_SYS,23959000,26,1
CSV_LOG,23959000,26
LOG_FREE,23959000,217,6
LOG_SYS,23962000,26,1
CSV_LOG,23962000,26
LOG_HOST,23965000,374,3,0
LOG_SYS,23965000,26,0
CSV_LOG,23965000,26
LOG_SYS,23969000,26,1
CSV_LOG,23969000,26
LOG_ALLOC,23969000,246,4
LOG_SYS,23972000,27,1
CSV_LOG,23972000,27
LOG_ALLOC,23972000,246,6
LOG_SYS,23975000,28,1
CSV_LOG,23975000,28
LOG_ALLOC,23975000,246,11
LOG_SYS,23979000,29,1
CSV_LOG,23979000,29
LOG_ALLOC,23979000,246,14
LOG_SYS,23982000,30,1
CSV_LOG,23982000,30
LOG_ALLOC,23982000,246,21
LOG_SYS,23985000,31,1
CSV_LOG,23985000,31
LOG_SYS,23989000,31,1
CSV_LOG,23989000,31
LOG_SYS,23992000,30,1
CSV_LOG,23992000,30
LOG_FREE,23992000,239,27
LOG_SYS,23995000,30,1
CSV_LOG,23995000,30
LOG_SYS,23999000,30,1
CSV_LOG,23999000,30
LOG_SYS,24002000,30,1
CSV_LOG,24002000,30
LOG_SYS,24005000,30,1
CSV_LOG,24005000,30
LOG_SYS,24009000,30,1
CSV_LOG,24009000,30
LOG_SYS,24012000,30,1
CSV_LOG,24012000,30
LOG_SYS,24015000,30,1
CSV_LOG,24015000,30
LOG_SYS,24019000,29,1
CSV_LOG,24019000,29
LOG_FREE,24019000,239,28
LOG_SYS,24022000,29,1
CSV_LOG,24022000,29
LOG_SYS,24025000,29,1
CSV_LOG,24025000,29
LOG_SYS,24029000,29,1
CSV_LOG,24029000,29
LOG_SYS,24032000,29,1
CSV_LOG,24032000,29
LOG_SYS,24035000,29,1
CSV_LOG,24035000,29
LOG_SYS,24039000,29,1
CSV_LOG,24039000,29
LOG_SYS,24042000,29,1
CSV_LOG,24042000,29
LOG_SYS,24045000,29,1
CSV_LOG,24045000,29
LOG_SYS,24049000,28,1
CSV_LOG,24049000,28
LOG_FREE,24049000,245,5
LOG_SYS,24052000,28,1
CSV_LOG,24052000,28
LOG_SYS,24055000,28,1
CSV_LOG,24055000,28
LOG_SYS,24059000,28,1
CSV_LOG,24059000,28
LOG_SYS,24062000,27,1
CSV_LOG,24062000,27
LOG_FREE,24062000,236,13
LOG_SYS,24065000,27,1
CSV_LOG,24065000,27
LOG_SYS,24069000,27,1
CSV_LOG,24069000,27
LOG_SYS,24072000,27,1
CSV_LOG,24072000,27
LOG_SYS,24075000,27,1
CSV_LOG,24075000,27
LOG_SYS,24079000,27,1
CSV_LOG,24079000,27
LOG_SYS,24082000,27,1
CSV_LOG,24082000,27
LOG_SYS,24085000,27,1
CSV_LOG,24085000,27
LOG_SYS,24089000,27,1
CSV_LOG,24089000,27
LOG_SYS,24092000,27,1
CSV_LOG,24092000,27
LOG_SYS,24095000,27,1
CSV_LOG,24095000,27
LOG_SYS,24099000,27,1
CSV_LOG,24099000,27
LOG_SYS,24102000,27,1
CSV_LOG,24102000,27
LOG_SYS,24105000,27,1
CSV_LOG,24105000,27
LOG_SYS,24109000,27,1
CSV_LOG,24109000,27
LOG_SYS,24112000,27,1
CSV_LOG,24112000,27
LOG_SYS,24115000,26,1
CSV_LOG,24115000,26
LOG_FREE,24115000,246,11
LOG_SYS,24119000,26,1
CSV_LOG,24119000,26
LOG_SYS,24122000,26,1
CSV_LOG,24122000,26
LOG_SYS,24125000,26,1
CSV_LOG,24125000,26
LOG_SYS,24129000,26,1
CSV_LOG,24129000,26
LOG_SYS,24132000,26,1
CSV_LOG,24132000,26
LOG_SYS,24135000,26,1
CSV_LOG,24135000,26
LOG_SYS,24139000,26,1
CSV_LOG,24139000,26
LOG_SYS,24142000,26,1
CSV_LOG,24142000,26
LOG_SYS,24145000,26,1
CSV_LOG,24145000,26
LOG_SYS,24149000,26,1
CSV_LOG,24149000,26
LOG_SYS,24152000,26,1
CSV_LOG,24152000,26
LOG_SYS,24155000,25,1
CSV_LOG,24155000,25
LOG_FREE,24155000,213,8
LOG_SYS,24159000,25,1
CSV_LOG,24159000,25
LOG_HOST,24162000,375,5,374
LOG_SYS,24162000,25,0
CSV_LOG,24162000,25
LOG_SYS,24165000,25,1
CSV_LOG,24165000,25
LOG_ALLOC,24165000,247,5
LOG_SYS,24169000,26,1
CSV_LOG,24169000,26
LOG_ALLOC,24169000,247,8
LOG_SYS,24172000,27,1
CSV_LOG,24172000,27
LOG_ALLOC,24172000,247,11
LOG_SYS,24175000,28,1
CSV_LOG,24175000,28
LOG_ALLOC,24175000,247,13
LOG_SYS,24179000,29,1
CSV_LOG,24179000,29
LOG_ALLOC,24179000,247,24
LOG_SYS,24182000,30,1
CSV_LOG,24182000,30
LOG_ALLOC,24182000,247,27
LOG_SYS,24185000,31,1
CSV_LOG,24185000,31
LOG_ALLOC,24185000,247,28
LOG_SYS,24189000,32,1
CSV_LOG,24189000,32
LOG_ALLOC,24189000,247,30
LOG_SYS,24192000,33,1
CSV_LOG,24192000,33
LOG_SYS,24195000,33,1
CSV_LOG,24195000,33
LOG_SYS,24199000,33,1
CSV_LOG,24199000,33
LOG_SYS,24202000,32,1
CSV_LOG,24202000,32
LOG_FREE,24202000,247,8
LOG_SYS,24205000,32,1
CSV_LOG,24205000,32
LOG_SYS,24209000,32,1
CSV_LOG,24209000,32
LOG_SYS,24212000,32,1
CSV_LOG,24212000,32
LOG_SYS,24215000,32,1
CSV_LOG,24215000,32
LOG_SYS,24219000,31,1
CSV_LOG,24219000,31
LOG_FREE,24219000,246,6
LOG_SYS,24222000,31,1
CSV_LOG,24222000,31
LOG_SYS,24225000,31,1
CSV_LOG,24225000,31
LOG_SYS,24229000,30,1
CSV_LOG,24229000,30
LOG_FREE,24229000,210,18
LOG_SYS,24232000,29,1
CSV_LOG,24232000,29
LOG_FREE,24232000,247,24
LOG_HOST,24235000,376,4,0
LOG_SYS,24235000,29,0
CSV_LOG,24235000,29
LOG_SYS,24239000,29,1
CSV_LOG,24239000,29
LOG_ALLOC,24239000,248,6
LOG_SYS,24242000,30,1
CSV_LOG,24242000,30
LOG_ALLOC,24242000,248,8
LOG_SYS,24245000,31,1
CSV_LOG,24245000,31
LOG_ALLOC,24245000,248,18
LOG_SYS,24249000,32,1
CSV_LOG,24249000,32
LOG_ALLOC,24249000,248,24
LOG_SYS,24252000,33,1
CSV_LOG,24252000,33
LOG_SYS,24255000,33,1
CSV_LOG,24255000,33
LOG_SYS,24259000,33,1
CSV_LOG,24259000,33
LOG_SYS,24262000,32,1
CSV_LOG,24262000,32
LOG_FREE,24262000,247,30
LOG_SYS,24265000,32,1
CSV_LOG,24265000,32
LOG_SYS,24269000,32,1
CSV_LOG,24269000,32
LOG_SYS,24272000,32,1
CSV_LOG,24272000,32
LOG_SYS,24275000,32,1
CSV_LOG,24275000,32
LOG_SYS,24279000,32,1
CSV_LOG,24279000,32
LOG_SYS,24282000,32,1
CSV_LOG,24282000,32
LOG_SYS,24285000,32,1
CSV_LOG,24285000,32
LOG_SYS,24289000,32,1
CSV_LOG,24289000,32
LOG_SYS,24292000,32,1
CSV_LOG,24292000,32
LOG_SYS,24295000,32,1
CSV_LOG,24295000,32
LOG_SYS,24299000,32,1
CSV_LOG,24299000,32
LOG_SYS,24302000,32,1
CSV_LOG,24302000,32
LOG_SYS,24305000,32,1
CSV_LOG,24305000,32
LOG_SYS,24309000,32,1
CSV_LOG,24309000,32
LOG_SYS,24312000,31,1
CSV_LOG,24312000,31
LOG_FREE,24312000,247,5
LOG_SYS,24315000,30,1
CSV_LOG,24315000,30
LOG_FREE,24315000,245,17
LOG_SYS,24319000,30,1
CSV_LOG,24319000,30
LOG_SYS,24322000,30,1
CSV_LOG,24322000,30
LOG_SYS,24325000,29,1
CSV_LOG,24325000,29
LOG_FREE,24325000,233,32
LOG_SYS,24329000,29,1
CSV_LOG,24329000,29
LOG_SYS,24332000,29,1
CSV_LOG,24332000,29
LOG_SYS,24335000,29,1
CSV_LOG,24335000,29
LOG_SYS,24339000,29,1
CSV_LOG,24339000,29
LOG_SYS,24342000,29,1
CSV_LOG,24342000,29
LOG_SYS,24345000,29,1
CSV_LOG,24345000,29
LOG_SYS,24349000,29,1
CSV_LOG,24349000,29
LOG_SYS,24352000,29,1
CSV_LOG,24352000,29
LOG_SYS,24355000,29,1
CSV_LOG,24355000,29
LOG_SYS,24359000,29,1
CSV_LOG,24359000,29
LOG_SYS,24362000,29,1
CSV_LOG,24362000,29
LOG_SYS,24365000,28,1
CSV_LOG,24365000,28
LOG_FREE,24365000,241,0
LOG_SYS,24369000,28,1
CSV_LOG,24369000,28
LOG_SYS,24372000,28,1
CSV_LOG,24372000,28
LOG_SYS,24375000,28,1
CSV_LOG,24375000,28
LOG_SYS,24379000,27,1
CSV_LOG,24379000,27
LOG_FREE,24379000,245,22
LOG_SYS,24382000,27,1
CSV_LOG,24382000,27
LOG_SYS,24385000,27,1
CSV_LOG,24385000,27
LOG_SYS,24389000,27,1
CSV_LOG,24389000,27
LOG_SYS,24392000,27,1
CSV_LOG,24392000,27
LOG_SYS,24395000,27,1
CSV_LOG,24395000,27
LOG_SYS,24399000,27,1
CSV_LOG,24399000,27
LOG_SYS,24402000,27,1
CSV_LOG,24402000,27
LOG_SYS,24405000,27,1
CSV_LOG,24405000,27
LOG_SYS,24409000,27,1
CSV_LOG,24409000,27
LOG_SYS,24412000,27,1
CSV_LOG,24412000,27
LOG_SYS,24415000,27,1
CSV_LOG,24415000,27
LOG_SYS,24419000,27,1
CSV_LOG,24419000,27
LOG_SYS,24422000,27,1
CSV_LOG,24422000,27
LOG_SYS,24425000,27,1
CSV_LOG,24425000,27
LOG_SYS,24429000,27,1
CSV_LOG,24429000,27
LOG_SYS,24432000,27,1
CSV_LOG,24432000,27
LOG_SYS,24435000,27,1
CSV_LOG,24435000,27
LOG_SYS,24439000,27,1
CSV_LOG,24439000,27
LOG_SYS,24442000,27,1
CSV_LOG,24442000,27
LOG_SYS,24445000,27,1
CSV_LOG,24445000,27
LOG_SYS,24449000,27,1
CSV_LOG,24449000,27
LOG_SYS,24452000,27,1
CSV_LOG,24452000,27
LOG_SYS,24455000,27,1
CSV_LOG,24455000,27
LOG_SYS,24459000,27,1
CSV_LOG,24459000,27
LOG_SYS,24462000,27,1
CSV_LOG,24462000,27
LOG_SYS,24465000,27,1
CSV_LOG,24465000,27
LOG_SYS,24469000,27,1
CSV_LOG,24469000,27
LOG_SYS,24472000,27,1
CSV_LOG,24472000,27
LOG_SYS,24475000,26,1
CSV_LOG,24475000,26
LOG_FREE,24475000,247,27
LOG_SYS,24479000,26,1
CSV_LOG,24479000,26
LOG_SYS,24482000,26,1
CSV_LOG,24482000,26
LOG_SYS,24485000,25,1
CSV_LOG,24485000,25
LOG_FREE,24485000,241,3
LOG_SYS,24489000,25,1
CSV_LOG,24489000,25
LOG_HOST,24492000,377,8,0
LOG_SYS,24492000,25,0
CSV_LOG,24492000,25
LOG_SYS,24495000,25,1
CSV_LOG,24495000,25
LOG_ALLOC,24495000,249,0
LOG_SYS,24499000,26,1
CSV_LOG,24499000,26
LOG_ALLOC,24499000,249,3
LOG_SYS,24502000,27,1
CSV_LOG,24502000,27
LOG_ALLOC,24502000,249,5
LOG_SYS,24505000,28,1
CSV_LOG,24505000,28
LOG_ALLOC,24505000,249,17
LOG_SYS,24509000,29,1
CSV_LOG,24509000,29
LOG_ALLOC,24509000,249,22
LOG_SYS,24512000,30,1
CSV_LOG,24512000,30
LOG_ALLOC,24512000,249,27
LOG_SYS,24515000,31,1
CSV_LOG,24515000,31
LOG_ALLOC,24515000,249,30
LOG_SYS,24519000,32,1
CSV_LOG,24519000,32
LOG_SYS,24522000,32,1
CSV_LOG,24522000,32
LOG_SYS,24525000,32,1
CSV_LOG,24525000,32
LOG_SYS,24529000,31,1
CSV_LOG,24529000,31
LOG_FREE,24529000,238,7
LOG_SYS,24532000,31,1
CSV_LOG,24532000,31
LOG_SYS,24535000,31,0
CSV_LOG,24535000,31
LOG_SYS,24539000,31,0
CSV_LOG,24539000,31
LOG_ALLOC,24539000,250,7
LOG_SYS,24542000,31,0
CSV_LOG,24542000,31
LOG_ALLOC,24542000,250,21
LOG_FREE,24542000,246,21
LOG_HOST,24545000,378,1,0
LOG_SYS,24545000,32,0
CSV_LOG,24545000,32
LOG_ALLOC,24545000,250,32
LOG_SYS,24549000,33,1
CSV_LOG,24549000,33
LOG_ALLOC,24549000,250,33
LOG_SYS,24552000,34,1
CSV_LOG,24552000,34
LOG_ALLOC,24552000,250,34
LOG_SYS,24555000,35,1
CSV_LOG,24555000,35
LOG_SYS,24559000,35,1
CSV_LOG,24559000,35
LOG_SYS,24562000,35,1
CSV_LOG,24562000,35
LOG_SYS,24565000,35,1
CSV_LOG,24565000,35
LOG_SYS,24569000,35,1
CSV_LOG,24569000,35
LOG_SYS,24572000,35,1
CSV_LOG,24572000,35
LOG_SYS,24575000,35,1
CSV_LOG,24575000,35
LOG_SYS,24578000,35,1
CSV_LOG,24578000,35
LOG_SYS,24582000,34,1
CSV_LOG,24582000,34
LOG_FREE,24582000,242,29
LOG_SYS,24585000,34,1
CSV_LOG,24585000,34
LOG_SYS,24588000,34,1
CSV_LOG,24588000,34
LOG_SYS,24592000,34,1
CSV_LOG,24592000,34
LOG_SYS,24595000,34,1
CSV_LOG,24595000,34
LOG_SYS,24598000,33,1
CSV_LOG,24598000,33
LOG_FREE,24598000,250,21
LOG_SYS,24602000,33,1
CSV_LOG,24602000,33
LOG_SYS,24605000,33,1
CSV_LOG,24605000,33
LOG_SYS,24608000,33,1
CSV_LOG,24608000,33
LOG_SYS,24612000,32,1
CSV_LOG,24612000,32
LOG_FREE,24612000,234,9
LOG_SYS,24615000,31,1
CSV_LOG,24615000,31
LOG_FREE,24615000,249,17
LOG_HOST,24618000,379,4,0
LOG_SYS,24618000,31,0
CSV_LOG,24618000,31
LOG_SYS,24622000,31,1
CSV_LOG,24622000,31
LOG_SYS,24625000,31,1
CSV_LOG,24625000,31
LOG_SYS,24628000,30,1
CSV_LOG,24628000,30
LOG_FREE,24628000,240,10
LOG_SYS,24632000,29,1
CSV_LOG,24632000,29
LOG_FREE,24632000,250,33
LOG_SYS,24635000,29,1
CSV_LOG,24635000,29
LOG_SYS,24638000,29,1
CSV_LOG,24638000,29
LOG_SYS,24642000,29,1
CSV_LOG,24642000,29
LOG_SYS,24645000,29,1
CSV_LOG,24645000,29
LOG_SYS,24648000,29,1
CSV_LOG,24648000,29
LOG_SYS,24652000,29,1
CSV_LOG,24652000,29
LOG_SYS,24655000,29,1
CSV_LOG,24655000,29
LOG_SYS,24658000,29,1
CSV_LOG,24658000,29
LOG_SYS,24662000,29,1
CSV_LOG,24662000,29
LOG_SYS,24665000,28,1
CSV_LOG,24665000,28
LOG_FREE,24665000,237,2
LOG_SYS,24668000,28,1
CSV_LOG,24668000,28
LOG_HOST,24672000,380,6,379
LOG_SYS,24672000,28,0
CSV_LOG,24672000,28
LOG_SYS,24675000,28,1
CSV_LOG,24675000,28
LOG_ALLOC,24675000,252,2
LOG_SYS,24678000,29,1
CSV_LOG,24678000,29
LOG_ALLOC,24678000,252,9
LOG_SYS,24682000,30,1
CSV_LOG,24682000,30
LOG_ALLOC,24682000,252,10
LOG_SYS,24685000,30,1
CSV_LOG,24685000,30
LOG_ALLOC,24685000,252,17
LOG_FREE,24685000,249,30
LOG_SYS,24688000,31,1
CSV_LOG,24688000,31
LOG_SYS,24692000,31,1
CSV_LOG,24692000,31
LOG_SYS,24695000,31,1
CSV_LOG,24695000,31
LOG_SYS,24698000,31,1
CSV_LOG,24698000,31
LOG_SYS,24702000,31,1
CSV_LOG,24702000,31
LOG_SYS,24705000,31,1
CSV_LOG,24705000,31
LOG_SYS,24708000,31,1
CSV_LOG,24708000,31
LOG_SYS,24712000,31,1
CSV_LOG,24712000,31
LOG_SYS,24715000,31,1
CSV_LOG,24715000,31
LOG_SYS,24718000,31,1
CSV_LOG,24718000,31
LOG_SYS,24722000,31,1
CSV_LOG,24722000,31
LOG_SYS,24725000,31,1
CSV_LOG,24725000,31
LOG_SYS,24728000,31,1
CSV_LOG,24728000,31
LOG_SYS,24732000,31,1
CSV_LOG,24732000,31
LOG_SYS,24735000,30,1
CSV_LOG,24735000,30
LOG_FREE,24735000,248,24
LOG_SYS,24738000,30,1
CSV_LOG,24738000,30
LOG_SYS,24742000,30,1
CSV_LOG,24742000,30
LOG_SYS,24745000,30,1
CSV_LOG,24745000,30
LOG_SYS,24748000,30,1
CSV_LOG,24748000,30
LOG_SYS,24752000,29,1
CSV_LOG,24752000,29
LOG_FREE,24752000,249,22
LOG_SYS,24755000,29,1
CSV_LOG,24755000,29
LOG_SYS,24758000,29,1
CSV_LOG,24758000,29
LOG_SYS,24762000,29,1
CSV_LOG,24762000,29
LOG_SYS,24765000,29,1
CSV_LOG,24765000,29
LOG_SYS,24768000,29,1
CSV_LOG,24768000,29
LOG_SYS,24772000,29,1
CSV_LOG,24772000,29
LOG_SYS,24775000,29,1
CSV_LOG,24775000,29
LOG_SYS,24778000,29,1
CSV_LOG,24778000,29
LOG_SYS,24782000,29,1
CSV_LOG,24782000,29
LOG_SYS,24785000,29,1
CSV_LOG,24785000,29
LOG_SYS,24788000,29,1
CSV_LOG,24788000,29
LOG_SYS,24792000,29,1
CSV_LOG,24792000,29
LOG_SYS,24795000,29,1
CSV_LOG,24795000,29
LOG_SYS,24798000,29,1
CSV_LOG,24798000,29
LOG_SYS,24802000,29,1
CSV_LOG,24802000,29
LOG_SYS,24805000,29,1
CSV_LOG,24805000,29
LOG_SYS,24808000,29,1
CSV_LOG,24808000,29
LOG_SYS,24812000,29,1
CSV_LOG,24812000,29
LOG_SYS,24815000,29,1
CSV_LOG,24815000,29
LOG_SYS,24818000,29,1
CSV_LOG,24818000,29
LOG_SYS,24822000,28,1
CSV_LOG,24822000,28
LOG_FREE,24822000,245,15
LOG_SYS,24825000,28,1
CSV_LOG,24825000,28
LOG_SYS,24828000,28,1
CSV_LOG,24828000,28
LOG_SYS,24832000,28,1
CSV_LOG,24832000,28
LOG_SYS,24835000,28,1
CSV_LOG,24835000,28
LOG_SYS,24838000,28,1
CSV_LOG,24838000,28
LOG_SYS,24842000,28,1
CSV_LOG,24842000,28
LOG_SYS,24845000,28,1
CSV_LOG,24845000,28
LOG_SYS,24848000,28,1
CSV_LOG,24848000,28
LOG_SYS,24852000,28,1
CSV_LOG,24852000,28
LOG_SYS,24855000,28,1
CSV_LOG,24855000,28
LOG_SYS,24858000,28,1
CSV_LOG,24858000,28
LOG_SYS,24862000,27,1
CSV_LOG,24862000,27
LOG_FREE,24862000,249,3
LOG_SYS,24865000,27,1
CSV_LOG,24865000,27
LOG_SYS,24868000,27,1
CSV_LOG,24868000,27
LOG_SYS,24872000,27,1
CSV_LOG,24872000,27
LOG_SYS,24875000,27,1
CSV_LOG,24875000,27
LOG_SYS,24878000,27,1
CSV_LOG,24878000,27
LOG_SYS,24882000,27,1
CSV_LOG,24882000,27
LOG_SYS,24885000,27,1
CSV_LOG,24885000,27
LOG_SYS,24888000,27,1
CSV_LOG,24888000,27
LOG_SYS,24892000,27,1
CSV_LOG,24892000,27
LOG_SYS,24895000,27,1
CSV_LOG,24895000,27
LOG_SYS,24898000,27,1
CSV_LOG,24898000,27
LOG_SYS,24902000,27,1
CSV_LOG,24902000,27
LOG_SYS,24905000,27,1
CSV_LOG,24905000,27
LOG_SYS,24908000,27,1
CSV_LOG,24908000,27
LOG_SYS,24912000,27,1
CSV_LOG,24912000,27
LOG_SYS,24915000,27,1
CSV_LOG,24915000,27
LOG_SYS,24918000,27,1
CSV_LOG,24918000,27
LOG_SYS,24922000,27,1
CSV_LOG,24922000,27
LOG_SYS,24925000,27,1
CSV_LOG,24925000,27
LOG_SYS,24928000,27,1
CSV_LOG,24928000,27
LOG_SYS,24932000,27,1
CSV_LOG,24932000,27
LOG_SYS,24935000,26,1
CSV_LOG,24935000,26
LOG_FREE,24935000,252,2
LOG_SYS,24938000,25,1
CSV_LOG,24938000,25
LOG_FREE,24938000,242,20
LOG_SYS,24942000,25,1
CSV_LOG,24942000,25
LOG_SYS,24945000,24,1
CSV_LOG,24945000,24
LOG_FREE,24945000,250,34
LOG_SYS,24948000,24,1
CSV_LOG,24948000,24
LOG_SYS,24952000,24,1
CSV_LOG,24952000,24
LOG_SYS,24955000,24,1
CSV_LOG,24955000,24
LOG_SYS,24958000,24,1
CSV_LOG,24958000,24
LOG_SYS,24962000,24,1
CSV_LOG,24962000,24
LOG_SYS,24965000,24,1
CSV_LOG,24965000,24
LOG_SYS,24968000,24,1
CSV_LOG,24968000,24
LOG_SYS,24972000,24,1
CSV_LOG,24972000,24
LOG_SYS,24975000,24,1
CSV_LOG,24975000,24
LOG_SYS,24978000,24,1
CSV_LOG,24978000,24
LOG_SYS,24982000,24,1
CSV_LOG,24982000,24
LOG_SYS,24985000,24,1
CSV_LOG,24985000,24
LOG_SYS,24988000,23,1
CSV_LOG,24988000,23
LOG_FREE,24988000,248,8
LOG_SYS,24992000,23,1
CSV_LOG,24992000,23
LOG_SYS,24995000,23,1
CSV_LOG,24995000,23
LOG_SYS,24998000,23,1
CSV_LOG,24998000,23
LOG_SYS,25002000,23,1
CSV_LOG,25002000,23
LOG_SYS,25005000,23,1
CSV_LOG,25005000,23
LOG_SYS,25008000,23,1
CSV_LOG,25008000,23
LOG_SYS,25012000,23,1
CSV_LOG,25012000,23
LOG_SYS,25015000,23,1
CSV_LOG,25015000,23
LOG_SYS,25018000,23,1
CSV_LOG,25018000,23
LOG_SYS,25022000,22,1
CSV_LOG,25022000,22
LOG_FREE,25022000,252,17
LOG_SYS,25025000,22,1
CSV_LOG,25025000,22
LOG_SYS,25028000,22,1
CSV_LOG,25028000,22
LOG_SYS,25032000,22,1
CSV_LOG,25032000,22
LOG_SYS,25035000,22,1
CSV_LOG,25035000,22
LOG_SYS,25038000,21,1
CSV_LOG,25038000,21
LOG_FREE,25038000,249,27
LOG_SYS,25042000,21,1
CSV_LOG,25042000,21
LOG_SYS,25045000,21,1
CSV_LOG,25045000,21
LOG_SYS,25048000,21,1
CSV_LOG,25048000,21
LOG_SYS,25052000,21,1
CSV_LOG,25052000,21
LOG_SYS,25055000,21,1
CSV_LOG,25055000,21
LOG_SYS,25058000,21,1
CSV_LOG,25058000,21
LOG_SYS,25062000,21,1
CSV_LOG,25062000,21
LOG_SYS,25065000,21,1
CSV_LOG,25065000,21
LOG_SYS,25068000,21,1
CSV_LOG,25068000,21
LOG_SYS,25072000,21,1
CSV_LOG,25072000,21
LOG_SYS,25075000,21,1
CSV_LOG,25075000,21
LOG_SYS,25078000,21,1
CSV_LOG,25078000,21
LOG_SYS,25082000,21,1
CSV_LOG,25082000,21
LOG_SYS,25085000,21,1
CSV_LOG,25085000,21
LOG_SYS,25088000,21,1
CSV_LOG,25088000,21
LOG_SYS,25092000,21,1
CSV_LOG,25092000,21
LOG_SYS,25095000,21,1
CSV_LOG,25095000,21
LOG_SYS,25098000,20,1
CSV_LOG,25098000,20
LOG_FREE,25098000,249,0
LOG_SYS,25102000,20,1
CSV_LOG,25102000,20
LOG_SYS,25105000,20,1
CSV_LOG,25105000,20
LOG_SYS,25108000,20,1
CSV_LOG,25108000,20
LOG_SYS,25112000,20,1
CSV_LOG,25112000,20
LOG_SYS,25115000,20,1
CSV_LOG,25115000,20
LOG_SYS,25118000,20,1
CSV_LOG,25118000,20
LOG_SYS,25122000,20,1
CSV_LOG,25122000,20
LOG_SYS,25125000,20,1
CSV_LOG,25125000,20
LOG_SYS,25128000,20,1
CSV_LOG,25128000,20
LOG_SYS,25132000,19,1
CSV_LOG,25132000,19
LOG_FREE,25132000,239,26
LOG_SYS,25135000,19,1
CSV_LOG,25135000,19
LOG_HOST,25138000,381,4,0
LOG_SYS,25138000,19,0
CSV_LOG,25138000,19
LOG_SYS,25142000,19,1
CSV_LOG,25142000,19
LOG_ALLOC,25142000,253,0
LOG_SYS,25145000,20,1
CSV_LOG,25145000,20
LOG_ALLOC,25145000,253,2
LOG_SYS,25148000,21,1
CSV_LOG,25148000,21
LOG_ALLOC,25148000,253,3
LOG_SYS,25152000,22,1
CSV_LOG,25152000,22
LOG_SYS,25155000,22,1
CSV_LOG,25155000,22
LOG_SYS,25158000,22,1
CSV_LOG,25158000,22
LOG_SYS,25162000,22,1
CSV_LOG,25162000,22
LOG_SYS,25165000,22,1
CSV_LOG,25165000,22
LOG_SYS,25168000,21,1
CSV_LOG,25168000,21
LOG_FREE,25168000,245,31
LOG_SYS,25172000,21,1
CSV_LOG,25172000,21
LOG_HOST,25175000,382,8,381
LOG_SYS,25175000,21,0
CSV_LOG,25175000,21
LOG_SYS,25178000,21,1
CSV_LOG,25178000,21
LOG_SYS,25182000,21,1
CSV_LOG,25182000,21
LOG_SYS,25185000,21,1
CSV_LOG,25185000,21
LOG_SYS,25188000,20,1
CSV_LOG,25188000,20
LOG_FREE,25188000,242,25
LOG_SYS,25192000,20,1
CSV_LOG,25192000,20
LOG_SYS,25195000,20,0
CSV_LOG,25195000,20
LOG_ALLOC,25195000,243,8
LOG_SYS,25198000,20,0
CSV_LOG,25198000,20
LOG_ALLOC,25198000,255,1
LOG_FREE,25198000,233,1
LOG_SYS,25202000,21,0
CSV_LOG,25202000,21
LOG_ALLOC,25202000,255,15
LOG_SYS,25205000,22,0
CSV_LOG,25205000,22
LOG_ALLOC,25205000,255,17
LOG_SYS,25208000,23,0
CSV_LOG,25208000,23
LOG_ALLOC,25208000,255,20
LOG_SYS,25212000,24,0
CSV_LOG,25212000,24
LOG_ALLOC,25212000,255,21
LOG_HOST,25212000,383,1,0
LOG_SYS,25215000,25,1
CSV_LOG,25215000,25
LOG_ALLOC,25215000,255,22
LOG_SYS,25218000,26,1
CSV_LOG,25218000,26
LOG_ALLOC,25218000,243,24
LOG_SYS,25222000,27,1
CSV_LOG,25222000,27
LOG_ALLOC,25222000,243,25
LOG_SYS,25225000,27,1
CSV_LOG,25225000,27
LOG_ALLOC,25225000,256,0
LOG_FREE,25225000,253,0
LOG_SYS,25228000,28,1
CSV_LOG,25228000,28
LOG_ALLOC,25228000,256,26
LOG_SYS,25232000,29,1
CSV_LOG,25232000,29
LOG_ALLOC,25232000,256,27
LOG_SYS,25235000,30,1
CSV_LOG,25235000,30
LOG_ALLOC,25235000,256,29
LOG_SYS,25238000,31,1
CSV_LOG,25238000,31
LOG_ALLOC,25238000,256,30
LOG_SYS,25242000,31,1
CSV_LOG,25242000,31
LOG_ALLOC,25242000,256,19
LOG_FREE,25242000,236,19
LOG_SYS,25245000,32,1
CSV_LOG,25245000,32
LOG_SYS,25248000,32,1
CSV_LOG,25248000,32
LOG_SYS,25252000,32,1
CSV_LOG,25252000,32
LOG_SYS,25255000,32,1
CSV_LOG,25255000,32
LOG_SYS,25258000,32,1
CSV_LOG,25258000,32
LOG_SYS,25262000,32,1
CSV_LOG,25262000,32
LOG_SYS,25265000,32,1
CSV_LOG,25265000,32
LOG_SYS,25268000,31,1
CSV_LOG,25268000,31
LOG_FREE,25268000,250,7
LOG_SYS,25272000,31,1
CSV_LOG,25272000,31
LOG_SYS,25275000,31,1
CSV_LOG,25275000,31
LOG_SYS,25278000,31,1
CSV_LOG,25278000,31
LOG_SYS,25282000,30,1
CSV_LOG,25282000,30
LOG_FREE,25282000,256,26
LOG_SYS,25285000,30,1
CSV_LOG,25285000,30
LOG_SYS,25288000,29,1
CSV_LOG,25288000,29
LOG_FREE,25288000,240,12
LOG_SYS,25292000,29,1
CSV_LOG,25292000,29
LOG_HOST,25295000,384,4,0
LOG_SYS,25295000,29,0
CSV_LOG,25295000,29
LOG_SYS,25298000,29,0
CSV_LOG,25298000,29
LOG_ALLOC,25298000,257,7
LOG_SYS,25302000,29,0
CSV_LOG,25302000,29
LOG_ALLOC,25302000,257,11
LOG_FREE,25302000,247,11
LOG_SYS,25305000,30,0
CSV_LOG,25305000,30
LOG_ALLOC,25305000,257,12
LOG_SYS,25308000,31,0
CSV_LOG,25308000,31
LOG_ALLOC,25308000,257,26
LOG_SYS,25312000,32,0
CSV_LOG,25312000,32
LOG_ALLOC,25312000,257,31
LOG_SYS,25315000,33,0
CSV_LOG,25315000,33
LOG_ALLOC,25315000,257,33
LOG_SYS,25318000,34,0
CSV_LOG,25318000,34
LOG_SYS,25322000,34,0
CSV_LOG,25322000,34
LOG_SYS,25325000,34,0
CSV_LOG,25325000,34
LOG_SYS,25328000,34,0
CSV_LOG,25328000,34
LOG_SYS,25332000,34,0
CSV_LOG,25332000,34
LOG_SYS,25335000,34,0
CSV_LOG,25335000,34
LOG_SYS,25338000,34,0
CSV_LOG,25338000,34
LOG_SYS,25342000,34,0
CSV_LOG,25342000,34
LOG_SYS,25345000,34,0
CSV_LOG,25345000,34
LOG_HOST,25345000,385,1,0
LOG_SYS,25348000,34,1
CSV_LOG,25348000,34
LOG_SYS,25352000,34,1
CSV_LOG,25352000,34
LOG_SYS,25355000,33,1
CSV_LOG,25355000,33
LOG_FREE,25355000,249,5
LOG_SYS,25358000,32,1
CSV_LOG,25358000,32
LOG_FREE,25358000,252,10
LOG_SYS,25362000,32,0
CSV_LOG,25362000,32
LOG_SYS,25365000,32,0
CSV_LOG,25365000,32
LOG_ALLOC,25365000,258,5
LOG_SYS,25368000,33,0
CSV_LOG,25368000,33
LOG_ALLOC,25368000,258,10
LOG_SYS,25372000,33,0
CSV_LOG,25372000,33
LOG_FREE,25372000,243,24
LOG_HOST,25372000,386,3,0
LOG_SYS,25375000,33,1
CSV_LOG,25375000,33
LOG_SYS,25378000,33,1
CSV_LOG,25378000,33
LOG_SYS,25382000,33,1
CSV_LOG,25382000,33
LOG_SYS,25385000,33,1
CSV_LOG,25385000,33
LOG_SYS,25388000,33,1
CSV_LOG,25388000,33
LOG_SYS,25392000,33,1
CSV_LOG,25392000,33
LOG_SYS,25395000,33,1
CSV_LOG,25395000,33
LOG_SYS,25398000,33,1
CSV_LOG,25398000,33
LOG_SYS,25402000,33,1
CSV_LOG,25402000,33
LOG_SYS,25405000,33,1
CSV_LOG,25405000,33
LOG_SYS,25408000,33,1
CSV_LOG,25408000,33
LOG_SYS,25411000,33,1
CSV_LOG,25411000,33
LOG_SYS,25415000,33,1
CSV_LOG,25415000,33
LOG_SYS,25418000,33,1
CSV_LOG,25418000,33
LOG_SYS,25421000,32,1
CSV_LOG,25421000,32
LOG_FREE,25421000,256,29
LOG_SYS,25425000,32,1
CSV_LOG,25425000,32
LOG_SYS,25428000,32,1
CSV_LOG,25428000,32
LOG_SYS,25431000,32,1
CSV_LOG,25431000,32
LOG_SYS,25435000,32,1
CSV_LOG,25435000,32
LOG_SYS,25438000,32,1
CSV_LOG,25438000,32
LOG_SYS,25441000,32,1
CSV_LOG,25441000,32
LOG_SYS,25445000,32,1
CSV_LOG,25445000,32
LOG_SYS,25448000,32,1
CSV_LOG,25448000,32
LOG_SYS,25451000,32,1
CSV_LOG,25451000,32
LOG_SYS,25455000,32,1
CSV_LOG,25455000,32
LOG_SYS,25458000,32,1
CSV_LOG,25458000,32
LOG_SYS,25461000,32,1
CSV_LOG,25461000,32
LOG_SYS,25465000,32,1
CSV_LOG,25465000,32
LOG_SYS,25468000,32,1
CSV_LOG,25468000,32
LOG_SYS,25471000,32,1
CSV_LOG,25471000,32
LOG_SYS,25475000,32,1
CSV_LOG,25475000,32
LOG_SYS,25478000,32,1
CSV_LOG,25478000,32
LOG_SYS,25481000,31,1
CSV_LOG,25481000,31
LOG_FREE,25481000,255,1
LOG_SYS,25485000,31,1
CSV_LOG,25485000,31
LOG_SYS,25488000,31,1
CSV_LOG,25488000,31
LOG_SYS,25491000,31,1
CSV_LOG,25491000,31
LOG_SYS,25495000,31,1
CSV_LOG,25495000,31
LOG_SYS,25498000,31,1
CSV_LOG,25498000,31
LOG_SYS,25501000,31,1
CSV_LOG,25501000,31
LOG_SYS,25505000,31,1
CSV_LOG,25505000,31
LOG_SYS,25508000,30,1
CSV_LOG,25508000,30
LOG_FREE,25508000,243,8
LOG_SYS,25511000,30,1
CSV_LOG,25511000,30
LOG_SYS,25515000,30,1
CSV_LOG,25515000,30
LOG_SYS,25518000,30,1
CSV_LOG,25518000,30
LOG_SYS,25521000,30,1
CSV_LOG,25521000,30
LOG_SYS,25525000,30,1
CSV_LOG,25525000,30
LOG_SYS,25528000,30,1
CSV_LOG,25528000,30
LOG_SYS,25531000,30,1
CSV_LOG,25531000,30
LOG_SYS,25535000,29,1
CSV_LOG,25535000,29
LOG_FREE,25535000,230,16
LOG_SYS,25538000,29,1
CSV_LOG,25538000,29
LOG_HOST,25541000,387,3,386
LOG_SYS,25541000,29,0
CSV_LOG,25541000,29
LOG_SYS,25545000,28,1
CSV_LOG,25545000,28
LOG_ALLOC,25545000,259,1
LOG_FREE,25545000,258,5
LOG_SYS,25548000,29,1
CSV_LOG,25548000,29
LOG_ALLOC,25548000,259,5
LOG_SYS,25551000,30,1
CSV_LOG,25551000,30
LOG_ALLOC,25551000,259,8
LOG_SYS,25555000,31,1
CSV_LOG,25555000,31
LOG_ALLOC,25555000,259,16
LOG_SYS,25558000,32,1
CSV_LOG,25558000,32
LOG_ALLOC,25558000,259,24
LOG_SYS,25561000,33,1
CSV_LOG,25561000,33
LOG_ALLOC,25561000,259,29
LOG_SYS,25565000,33,1
CSV_LOG,25565000,33
LOG_ALLOC,25565000,259,2
LOG_FREE,25565000,253,2
LOG_SYS,25568000,33,1
CSV_LOG,25568000,33
LOG_ALLOC,25568000,259,17
LOG_FREE,25568000,255,17
LOG_SYS,25571000,34,1
CSV_LOG,25571000,34
LOG_SYS,25575000,34,1
CSV_LOG,25575000,34
LOG_SYS,25578000,34,1
CSV_LOG,25578000,34
LOG_SYS,25581000,34,1
CSV_LOG,25581000,34
LOG_SYS,25585000,34,1
CSV_LOG,25585000,34
LOG_SYS,25588000,34,1
CSV_LOG,25588000,34
LOG_SYS,25591000,34,1
CSV_LOG,25591000,34
LOG_SYS,25595000,34,1
CSV_LOG,25595000,34
LOG_SYS,25598000,34,1
CSV_LOG,25598000,34
LOG_SYS,25601000,34,1
CSV_LOG,25601000,34
LOG_SYS,25605000,34,1
CSV_LOG,25605000,34
LOG_SYS,25608000,34,1
CSV_LOG,25608000,34
LOG_SYS,25611000,34,1
CSV_LOG,25611000,34
LOG_SYS,25615000,33,1
CSV_LOG,25615000,33
LOG_FREE,25615000,253,3
LOG_SYS,25618000,33,1
CSV_LOG,25618000,33
LOG_HOST,25621000,388,5,0
LOG_SYS,25621000,33,0
CSV_LOG,25621000,33
LOG_ALLOC,25621000,254,3
LOG_SYS,25625000,34,1
CSV_LOG,25625000,34
LOG_ALLOC,25625000,260,34
LOG_SYS,25628000,35,1
CSV_LOG,25628000,35
LOG_ALLOC,25628000,260,35
LOG_SYS,25631000,36,1
CSV_LOG,25631000,36
LOG_ALLOC,25631000,260,36
LOG_SYS,25635000,37,1
CSV_LOG,25635000,37
LOG_ALLOC,25635000,260,37
LOG_SYS,25638000,38,1
CSV_LOG,25638000,38
LOG_ALLOC,25638000,260,38
LOG_SYS,25641000,39,1
CSV_LOG,25641000,39
LOG_ALLOC,25641000,254,39
LOG_SYS,25645000,39,1
CSV_LOG,25645000,39
LOG_ALLOC,25645000,254,14
LOG_FREE,25645000,246,14
LOG_SYS,25648000,40,1
CSV_LOG,25648000,40
LOG_ALLOC,25648000,254,40
LOG_SYS,25651000,41,1
CSV_LOG,25651000,41
LOG_SYS,25655000,41,1
CSV_LOG,25655000,41
LOG_SYS,25658000,41,1
CSV_LOG,25658000,41
LOG_SYS,25661000,41,1
CSV_LOG,25661000,41
LOG_SYS,25665000,41,1
CSV_LOG,25665000,41
LOG_SYS,25668000,40,1
CSV_LOG,25668000,40
LOG_FREE,25668000,259,16
LOG_SYS,25671000,40,1
CSV_LOG,25671000,40
LOG_SYS,25675000,40,1
CSV_LOG,25675000,40
LOG_SYS,25678000,40,1
CSV_LOG,25678000,40
LOG_SYS,25681000,39,1
CSV_LOG,25681000,39
LOG_FREE,25681000,257,26
LOG_SYS,25685000,39,1
CSV_LOG,25685000,39
LOG_SYS,25688000,39,1
CSV_LOG,25688000,39
LOG_SYS,25691000,39,1
CSV_LOG,25691000,39
LOG_SYS,25695000,39,1
CSV_LOG,25695000,39
LOG_SYS,25698000,39,1
CSV_LOG,25698000,39
LOG_SYS,25701000,39,1
CSV_LOG,25701000,39
LOG_SYS,25705000,39,1
CSV_LOG,25705000,39
LOG_SYS,25708000,39,1
CSV_LOG,25708000,39
LOG_SYS,25711000,39,1
CSV_LOG,25711000,39
LOG_SYS,25715000,39,1
CSV_LOG,25715000,39
LOG_SYS,25718000,39,1
CSV_LOG,25718000,39
LOG_SYS,25721000,39,1
CSV_LOG,25721000,39
LOG_SYS,25725000,39,1
CSV_LOG,25725000,39
LOG_SYS,25728000,39,1
CSV_LOG,25728000,39
LOG_SYS,25731000,38,1
CSV_LOG,25731000,38
LOG_FREE,25731000,259,5
LOG_SYS,25735000,37,1
CSV_LOG,25735000,37
LOG_FREE,25735000,255,15
LOG_SYS,25738000,37,1
CSV_LOG,25738000,37
LOG_SYS,25741000,37,1
CSV_LOG,25741000,37
LOG_SYS,25745000,37,1
CSV_LOG,25745000,37
LOG_SYS,25748000,37,1
CSV_LOG,25748000,37
LOG_SYS,25751000,37,1
CSV_LOG,25751000,37
LOG_SYS,25755000,37,1
CSV_LOG,25755000,37
LOG_SYS,25758000,37,1
CSV_LOG,25758000,37
LOG_SYS,25761000,37,1
CSV_LOG,25761000,37
LOG_SYS,25765000,37,1
CSV_LOG,25765000,37
LOG_SYS,25768000,37,1
CSV_LOG,25768000,37
LOG_SYS,25771000,37,1
CSV_LOG,25771000,37
LOG_SYS,25775000,36,1
CSV_LOG,25775000,36
LOG_FREE,25775000,260,34
LOG_SYS,25778000,35,1
CSV_LOG,25778000,35
LOG_FREE,25778000,254,39
LOG_SYS,25781000,35,1
CSV_LOG,25781000,35
LOG_SYS,25785000,34,1
CSV_LOG,25785000,34
LOG_FREE,25785000,256,19
LOG_SYS,25788000,34,1
CSV_LOG,25788000,34
LOG_SYS,25791000,34,1
CSV_LOG,25791000,34
LOG_SYS,25795000,34,1
CSV_LOG,25795000,34
LOG_SYS,25798000,33,1
CSV_LOG,25798000,33
LOG_FREE,25798000,254,40
LOG_SYS,25801000,33,1
CSV_LOG,25801000,33
LOG_SYS,25805000,33,1
CSV_LOG,25805000,33
LOG_SYS,25808000,33,1
CSV_LOG,25808000,33
LOG_SYS,25811000,32,1
CSV_LOG,25811000,32
LOG_FREE,25811000,260,36
LOG_SYS,25815000,32,1
CSV_LOG,25815000,32
LOG_SYS,25818000,32,1
CSV_LOG,25818000,32
LOG_SYS,25821000,32,1
CSV_LOG,25821000,32
LOG_SYS,25825000,31,1
CSV_LOG,25825000,31
LOG_FREE,25825000,259,2
LOG_SYS,25828000,30,1
CSV_LOG,25828000,30
LOG_FREE,25828000,260,37
LOG_SYS,25831000,30,1
CSV_LOG,25831000,30
LOG_SYS,25835000,30,1
CSV_LOG,25835000,30
LOG_SYS,25838000,29,1
CSV_LOG,25838000,29
LOG_FREE,25838000,256,27
LOG_SYS,25841000,29,1
CSV_LOG,25841000,29
LOG_SYS,25845000,29,1
CSV_LOG,25845000,29
LOG_SYS,25848000,28,1
CSV_LOG,25848000,28
LOG_FREE,25848000,260,35
LOG_SYS,25851000,28,1
CSV_LOG,25851000,28
LOG_SYS,25855000,28,1
CSV_LOG,25855000,28
LOG_SYS,25858000,28,1
CSV_LOG,25858000,28
LOG_SYS,25861000,28,1
CSV_LOG,25861000,28
LOG_SYS,25865000,28,1
CSV_LOG,25865000,28
LOG_SYS,25868000,28,1
CSV_LOG,25868000,28
LOG_SYS,25871000,28,1
CSV_LOG,25871000,28
LOG_SYS,25875000,28,1
CSV_LOG,25875000,28
LOG_SYS,25878000,28,1
CSV_LOG,25878000,28
LOG_SYS,25881000,27,1
CSV_LOG,25881000,27
LOG_FREE,25881000,255,22
LOG_SYS,25885000,26,1
CSV_LOG,25885000,26
LOG_FREE,25885000,259,24
LOG_SYS,25888000,26,1
CSV_LOG,25888000,26
LOG_SYS,25891000,26,1
CSV_LOG,25891000,26
LOG_SYS,25895000,26,1
CSV_LOG,25895000,26
LOG_SYS,25898000,26,1
CSV_LOG,25898000,26
LOG_SYS,25901000,26,1
CSV_LOG,25901000,26
LOG_SYS,25905000,26,1
CSV_LOG,25905000,26
LOG_SYS,25908000,26,1
CSV_LOG,25908000,26
LOG_SYS,25911000,26,1
CSV_LOG,25911000,26
LOG_SYS,25915000,26,1
CSV_LOG,25915000,26
LOG_SYS,25918000,26,1
CSV_LOG,25918000,26
LOG_SYS,25921000,26,1
CSV_LOG,25921000,26
LOG_SYS,25925000,26,1
CSV_LOG,25925000,26
LOG_SYS,25928000,26,1
CSV_LOG,25928000,26
LOG_SYS,25931000,26,1
CSV_LOG,25931000,26
LOG_SYS,25935000,26,1
CSV_LOG,25935000,26
LOG_SYS,25938000,25,1
CSV_LOG,25938000,25
LOG_FREE,25938000,259,1
LOG_SYS,25941000,25,1
CSV_LOG,25941000,25
LOG_SYS,25945000,25,1
CSV_LOG,25945000,25
LOG_SYS,25948000,25,1
CSV_LOG,25948000,25
LOG_SYS,25951000,24,1
CSV_LOG,25951000,24
LOG_FREE,25951000,257,11
LOG_SYS,25955000,24,1
CSV_LOG,25955000,24
LOG_SYS,25958000,24,1
CSV_LOG,25958000,24
LOG_SYS,25961000,24,1
CSV_LOG,25961000,24
LOG_SYS,25965000,24,1
CSV_LOG,25965000,24
LOG_SYS,25968000,24,1
CSV_LOG,25968000,24
LOG_SYS,25971000,24,1
CSV_LOG,25971000,24
LOG_SYS,25975000,24,1
CSV_LOG,25975000,24
LOG_SYS,25978000,24,1
CSV_LOG,25978000,24
LOG_SYS,25981000,24,1
CSV_LOG,25981000,24
LOG_SYS,25985000,24,1
CSV_LOG,25985000,24
LOG_SYS,25988000,24,1
CSV_LOG,25988000,24
LOG_SYS,25991000,24,1
CSV_LOG,25991000,24
LOG_SYS,25995000,24,1
CSV_LOG,25995000,24
LOG_SYS,25998000,24,1
CSV_LOG,25998000,24
LOG_SYS,26001000,24,1
CSV_LOG,26001000,24
LOG_SYS,26005000,24,1
CSV_LOG,26005000,24
LOG_SYS,26008000,24,1
CSV_LOG,26008000,24
LOG_SYS,26011000,24,1
CSV_LOG,26011000,24
LOG_SYS,26015000,24,1
CSV_LOG,26015000,24
LOG_SYS,26018000,24,1
CSV_LOG,26018000,24
LOG_SYS,26021000,23,1
CSV_LOG,26021000,23
LOG_FREE,26021000,256,0
LOG_SYS,26025000,22,1
CSV_LOG,26025000,22
LOG_FREE,26025000,246,4
LOG_SYS,26028000,22,1
CSV_LOG,26028000,22
LOG_HOST,26031000,389,2,0
LOG_SYS,26031000,22,0
CSV_LOG,26031000,22
LOG_SYS,26035000,22,1
CSV_LOG,26035000,22
LOG_ALLOC,26035000,261,0
LOG_SYS,26038000,23,1
CSV_LOG,26038000,23
LOG_SYS,26041000,23,1
CSV_LOG,26041000,23
LOG_SYS,26045000,23,1
CSV_LOG,26045000,23
LOG_SYS,26048000,23,1
CSV_LOG,26048000,23
LOG_SYS,26051000,23,1
CSV_LOG,26051000,23
LOG_SYS,26055000,23,1
CSV_LOG,26055000,23
LOG_SYS,26058000,23,1
CSV_LOG,26058000,23
LOG_SYS,26061000,23,1
CSV_LOG,26061000,23
LOG_SYS,26065000,23,1
CSV_LOG,26065000,23
LOG_SYS,26068000,23,1
CSV_LOG,26068000,23
LOG_SYS,26071000,23,1
CSV_LOG,26071000,23
LOG_SYS,26075000,23,1
CSV_LOG,26075000,23
LOG_SYS,26078000,23,1
CSV_LOG,26078000,23
LOG_SYS,26081000,23,1
CSV_LOG,26081000,23
LOG_SYS,26085000,23,1
CSV_LOG,26085000,23
LOG_SYS,26088000,22,1
CSV_LOG,26088000,22
LOG_FREE,26088000,248,18
LOG_SYS,26091000,22,1
CSV_LOG,26091000,22
LOG_SYS,26095000,22,1
CSV_LOG,26095000,22
LOG_SYS,26098000,22,1
CSV_LOG,26098000,22
LOG_SYS,26101000,22,1
CSV_LOG,26101000,22
LOG_SYS,26105000,22,1
CSV_LOG,26105000,22
LOG_SYS,26108000,22,1
CSV_LOG,26108000,22
LOG_SYS,26111000,22,1
CSV_LOG,26111000,22
LOG_SYS,26115000,22,1
CSV_LOG,26115000,22
LOG_SYS,26118000,22,1
CSV_LOG,26118000,22
LOG_SYS,26121000,22,1
CSV_LOG,26121000,22
LOG_SYS,26125000,22,1
CSV_LOG,26125000,22
LOG_SYS,26128000,22,1
CSV_LOG,26128000,22
LOG_SYS,26131000,22,1
CSV_LOG,26131000,22
LOG_SYS,26135000,22,1
CSV_LOG,26135000,22
LOG_SYS,26138000,22,1
CSV_LOG,26138000,22
LOG_SYS,26141000,22,1
CSV_LOG,26141000,22
LOG_SYS,26145000,22,1
CSV_LOG,26145000,22
LOG_SYS,26148000,22,1
CSV_LOG,26148000,22
LOG_SYS,26151000,22,1
CSV_LOG,26151000,22
LOG_SYS,26155000,22,1
CSV_LOG,26155000,22
LOG_SYS,26158000,22,1
CSV_LOG,26158000,22
LOG_SYS,26161000,22,1
CSV_LOG,26161000,22
LOG_SYS,26165000,22,1
CSV_LOG,26165000,22
LOG_SYS,26168000,22,1
CSV_LOG,26168000,22
LOG_SYS,26171000,22,1
CSV_LOG,26171000,22
LOG_SYS,26175000,21,1
CSV_LOG,26175000,21
LOG_FREE,26175000,247,28
LOG_SYS,26178000,21,1
CSV_LOG,26178000,21
LOG_SYS,26181000,21,1
CSV_LOG,26181000,21
LOG_SYS,26185000,20,1
CSV_LOG,26185000,20
LOG_FREE,26185000,256,30
LOG_SYS,26188000,20,1
CSV_LOG,26188000,20
LOG_HOST,26191000,390,4,389
LOG_SYS,26191000,20,0
CSV_LOG,26191000,20
LOG_SYS,26195000,20,1
CSV_LOG,26195000,20
LOG_ALLOC,26195000,262,1
LOG_SYS,26198000,20,1
CSV_LOG,26198000,20
LOG_ALLOC,26198000,262,2
LOG_FREE,26198000,255,20
LOG_SYS,26201000,21,1
CSV_LOG,26201000,21
LOG_ALLOC,26201000,262,4
LOG_SYS,26205000,22,1
CSV_LOG,26205000,22
LOG_ALLOC,26205000,262,5
LOG_SYS,26208000,23,1
CSV_LOG,26208000,23
LOG_ALLOC,26208000,262,11
LOG_SYS,26211000,24,1
CSV_LOG,26211000,24
LOG_ALLOC,26211000,262,15
LOG_SYS,26215000,24,1
CSV_LOG,26215000,24
LOG_ALLOC,26215000,262,1
LOG_FREE,26215000,262,1
LOG_SYS,26218000,25,1
CSV_LOG,26218000,25
LOG_SYS,26221000,24,1
CSV_LOG,26221000,24
LOG_FREE,26221000,262,15
LOG_SYS,26225000,24,1
CSV_LOG,26225000,24
LOG_SYS,26228000,24,1
CSV_LOG,26228000,24
LOG_SYS,26231000,24,1
CSV_LOG,26231000,24
LOG_SYS,26235000,24,1
CSV_LOG,26235000,24
LOG_SYS,26238000,24,1
CSV_LOG,26238000,24
LOG_SYS,26241000,24,1
CSV_LOG,26241000,24
LOG_SYS,26244000,24,1
CSV_LOG,26244000,24
LOG_SYS,26248000,24,1
CSV_LOG,26248000,24
LOG_SYS,26251000,24,1
CSV_LOG,26251000,24
LOG_SYS,26254000,24,1
CSV_LOG,26254000,24
LOG_SYS,26258000,24,1
CSV_LOG,26258000,24
LOG_SYS,26261000,24,1
CSV_LOG,26261000,24
LOG_SYS,26264000,24,1
CSV_LOG,26264000,24
LOG_SYS,26268000,24,1
CSV_LOG,26268000,24
LOG_SYS,26271000,24,1
CSV_LOG,26271000,24
LOG_SYS,26274000,24,1
CSV_LOG,26274000,24
LOG_SYS,26278000,23,1
CSV_LOG,26278000,23
LOG_FREE,26278000,260,38
LOG_SYS,26281000,23,1
CSV_LOG,26281000,23
LOG_HOST,26284000,391,6,0
LOG_SYS,26284000,23,0
CSV_LOG,26284000,23
LOG_SYS,26288000,23,1
CSV_LOG,26288000,23
LOG_ALLOC,26288000,263,15
LOG_SYS,26291000,24,1
CSV_LOG,26291000,24
LOG_ALLOC,26291000,263,16
LOG_SYS,26294000,25,1
CSV_LOG,26294000,25
LOG_ALLOC,26294000,263,18
LOG_SYS,26298000,26,1
CSV_LOG,26298000,26
LOG_ALLOC,26298000,263,19
LOG_SYS,26301000,27,1
CSV_LOG,26301000,27
LOG_ALLOC,26301000,263,20
LOG_SYS,26304000,28,1
CSV_LOG,26304000,28
LOG_SYS,26308000,28,1
CSV_LOG,26308000,28
LOG_SYS,26311000,28,1
CSV_LOG,26311000,28
LOG_SYS,26314000,28,1
CSV_LOG,26314000,28
LOG_SYS,26318000,28,1
CSV_LOG,26318000,28
LOG_SYS,26321000,27,1
CSV_LOG,26321000,27
LOG_FREE,26321000,236,23
LOG_SYS,26324000,27,1
CSV_LOG,26324000,27
LOG_SYS,26328000,27,0
CSV_LOG,26328000,27
LOG_SYS,26331000,27,0
CSV_LOG,26331000,27
LOG_ALLOC,26331000,264,22
LOG_SYS,26334000,28,0
CSV_LOG,26334000,28
LOG_ALLOC,26334000,264,23
LOG_SYS,26338000,29,0
CSV_LOG,26338000,29
LOG_SYS,26341000,29,0
CSV_LOG,26341000,29
LOG_SYS,26344000,29,0
CSV_LOG,26344000,29
LOG_SYS,26348000,29,0
CSV_LOG,26348000,29
LOG_SYS,26351000,28,0
CSV_LOG,26351000,28
LOG_FREE,26351000,243,25
LOG_SYS,26354000,28,0
CSV_LOG,26354000,28
LOG_HOST,26354000,392,7,0
LOG_SYS,26358000,27,0
CSV_LOG,26358000,27
LOG_ALLOC,26358000,244,4
LOG_FREE,26358000,262,4
LOG_SYS,26361000,27,0
CSV_LOG,26361000,27
LOG_ALLOC,26361000,244,17
LOG_FREE,26361000,259,17
LOG_SYS,26364000,28,0
CSV_LOG,26364000,28
LOG_ALLOC,26364000,244,24
LOG_SYS,26368000,29,0
CSV_LOG,26368000,29
LOG_ALLOC,26368000,244,25
LOG_SYS,26371000,30,0
CSV_LOG,26371000,30
LOG_ALLOC,26371000,265,26
LOG_SYS,26374000,31,0
CSV_LOG,26374000,31
LOG_ALLOC,26374000,265,27
LOG_SYS,26378000,32,0
CSV_LOG,26378000,32
LOG_ALLOC,26378000,265,28
LOG_SYS,26381000,33,0
CSV_LOG,26381000,33
LOG_ALLOC,26381000,265,30
LOG_SYS,26384000,34,0
CSV_LOG,26384000,34
LOG_ALLOC,26384000,265,34
LOG_SYS,26388000,34,0
CSV_LOG,26388000,34
LOG_FREE,26388000,261,0
LOG_SYS,26391000,34,0
CSV_LOG,26391000,34
LOG_SYS,26394000,34,0
CSV_LOG,26394000,34
LOG_SYS,26398000,34,0
CSV_LOG,26398000,34
LOG_SYS,26401000,34,0
CSV_LOG,26401000,34
LOG_SYS,26404000,34,0
CSV_LOG,26404000,34
LOG_SYS,26408000,34,0
CSV_LOG,26408000,34
LOG_HOST,26408000,393,5,0
LOG_SYS,26411000,34,0
CSV_LOG,26411000,34
LOG_SYS,26414000,34,0
CSV_LOG,26414000,34
LOG_SYS,26418000,34,0
CSV_LOG,26418000,34
LOG_SYS,26421000,33,0
CSV_LOG,26421000,33
LOG_FREE,26421000,257,7
LOG_SYS,26424000,33,0
CSV_LOG,26424000,33
LOG_SYS,26428000,33,0
CSV_LOG,26428000,33
LOG_SYS,26431000,33,0
CSV_LOG,26431000,33
LOG_SYS,26434000,33,0
CSV_LOG,26434000,33
LOG_SYS,26438000,33,0
CSV_LOG,26438000,33
LOG_SYS,26441000,33,0
CSV_LOG,26441000,33
LOG_SYS,26444000,33,0
CSV_LOG,26444000,33
LOG_SYS,26448000,33,0
CSV_LOG,26448000,33
LOG_SYS,26451000,33,0
CSV_LOG,26451000,33
LOG_SYS,26454000,33,0
CSV_LOG,26454000,33
LOG_SYS,26458000,33,0
CSV_LOG,26458000,33
LOG_SYS,26461000,33,0
CSV_LOG,26461000,33
LOG_SYS,26464000,33,0
CSV_LOG,26464000,33
LOG_SYS,26468000,33,0
CSV_LOG,26468000,33
LOG_SYS,26471000,33,0
CSV_LOG,26471000,33
LOG_SYS,26474000,32,0
CSV_LOG,26474000,32
LOG_FREE,26474000,264,22
LOG_HOST,26474000,394,6,0
LOG_SYS,26478000,32,1
CSV_LOG,26478000,32
LOG_SYS,26481000,32,1
CSV_LOG,26481000,32
LOG_SYS,26484000,31,1
CSV_LOG,26484000,31
LOG_FREE,26484000,257,33
LOG_SYS,26488000,31,1
CSV_LOG,26488000,31
LOG_SYS,26491000,31,1
CSV_LOG,26491000,31
LOG_SYS,26494000,31,1
CSV_LOG,26494000,31
LOG_SYS,26498000,31,1
CSV_LOG,26498000,31
LOG_SYS,26501000,30,1
CSV_LOG,26501000,30
LOG_FREE,26501000,257,31
LOG_SYS,26504000,30,1
CSV_LOG,26504000,30
LOG_SYS,26508000,30,1
CSV_LOG,26508000,30
LOG_SYS,26511000,30,1
CSV_LOG,26511000,30
LOG_SYS,26514000,30,1
CSV_LOG,26514000,30
LOG_SYS,26518000,30,1
CSV_LOG,26518000,30
LOG_SYS,26521000,29,1
CSV_LOG,26521000,29
LOG_FREE,26521000,255,21
LOG_SYS,26524000,29,1
CSV_LOG,26524000,29
LOG_SYS,26528000,29,0
CSV_LOG,26528000,29
LOG_SYS,26531000,28,0
CSV_LOG,26531000,28
LOG_ALLOC,26531000,267,0
LOG_FREE,26531000,265,30
LOG_SYS,26534000,29,0
CSV_LOG,26534000,29
LOG_ALLOC,26534000,267,7
LOG_SYS,26538000,30,0
CSV_LOG,26538000,30
LOG_ALLOC,26538000,267,21
LOG_SYS,26541000,31,0
CSV_LOG,26541000,31
LOG_ALLOC,26541000,267,22
LOG_HOST,26544000,395,4,0
LOG_SYS,26544000,31,0
CSV_LOG,26544000,31
LOG_FREE,26544000,262,11
LOG_SYS,26548000,31,1
CSV_LOG,26548000,31
LOG_SYS,26551000,31,1
CSV_LOG,26551000,31
LOG_SYS,26554000,31,1
CSV_LOG,26554000,31
LOG_SYS,26558000,31,1
CSV_LOG,26558000,31
LOG_SYS,26561000,31,1
CSV_LOG,26561000,31
LOG_SYS,26564000,31,1
CSV_LOG,26564000,31
LOG_SYS,26568000,30,1
CSV_LOG,26568000,30
LOG_FREE,26568000,262,2
LOG_SYS,26571000,30,1
CSV_LOG,26571000,30
LOG_SYS,26574000,30,1
CSV_LOG,26574000,30
LOG_SYS,26578000,30,1
CSV_LOG,26578000,30
LOG_SYS,26581000,30,1
CSV_LOG,26581000,30
LOG_SYS,26584000,30,1
CSV_LOG,26584000,30
LOG_SYS,26588000,30,1
CSV_LOG,26588000,30
LOG_SYS,26591000,30,1
CSV_LOG,26591000,30
LOG_SYS,26594000,30,1
CSV_LOG,26594000,30
LOG_SYS,26598000,30,1
CSV_LOG,26598000,30
LOG_SYS,26601000,30,1
CSV_LOG,26601000,30
LOG_SYS,26604000,30,1
CSV_LOG,26604000,30
LOG_SYS,26608000,30,1
CSV_LOG,26608000,30
LOG_SYS,26611000,30,1
CSV_LOG,26611000,30
LOG_SYS,26614000,30,1
CSV_LOG,26614000,30
LOG_SYS,26618000,30,1
CSV_LOG,26618000,30
LOG_SYS,26621000,30,1
CSV_LOG,26621000,30
LOG_SYS,26624000,29,1
CSV_LOG,26624000,29
LOG_FREE,26624000,248,6
LOG_SYS,26628000,28,1
CSV_LOG,26628000,28
LOG_FREE,26628000,265,26
LOG_HOST,26631000,396,3,0
LOG_SYS,26631000,28,0
CSV_LOG,26631000,28
LOG_SYS,26634000,28,1
CSV_LOG,26634000,28
LOG_ALLOC,26634000,268,2
LOG_SYS,26638000,28,1
CSV_LOG,26638000,28
LOG_ALLOC,26638000,268,6
LOG_FREE,26638000,244,17
LOG_SYS,26641000,29,1
CSV_LOG,26641000,29
LOG_ALLOC,26641000,268,11
LOG_SYS,26644000,30,1
CSV_LOG,26644000,30
LOG_ALLOC,26644000,268,17
LOG_SYS,26648000,31,1
CSV_LOG,26648000,31
LOG_SYS,26651000,31,1
CSV_LOG,26651000,31
LOG_SYS,26654000,31,1
CSV_LOG,26654000,31
LOG_SYS,26658000,31,1
CSV_LOG,26658000,31
LOG_SYS,26661000,31,1
CSV_LOG,26661000,31
LOG_SYS,26664000,31,1
CSV_LOG,26664000,31
LOG_SYS,26668000,31,1
CSV_LOG,26668000,31
LOG_SYS,26671000,31,1
CSV_LOG,26671000,31
LOG_SYS,26674000,31,1
CSV_LOG,26674000,31
LOG_SYS,26678000,31,1
CSV_LOG,26678000,31
LOG_SYS,26681000,30,1
CSV_LOG,26681000,30
LOG_FREE,26681000,258,10
LOG_SYS,26684000,30,1
CSV_LOG,26684000,30
LOG_HOST,26688000,397,1,0
LOG_SYS,26688000,29,0
CSV_LOG,26688000,29
LOG_FREE,26688000,259,29
LOG_SYS,26691000,29,1
CSV_LOG,26691000,29
LOG_ALLOC,26691000,269,10
LOG_SYS,26694000,29,1
CSV_LOG,26694000,29
LOG_ALLOC,26694000,269,11
LOG_FREE,26694000,268,11
LOG_SYS,26698000,30,1
CSV_LOG,26698000,30
LOG_ALLOC,26698000,269,26
LOG_SYS,26701000,31,1
CSV_LOG,26701000,31
LOG_ALLOC,26701000,269,29
LOG_SYS,26704000,32,1
CSV_LOG,26704000,32
LOG_ALLOC,26704000,269,30
LOG_SYS,26708000,33,1
CSV_LOG,26708000,33
LOG_ALLOC,26708000,269,31
LOG_SYS,26711000,34,1
CSV_LOG,26711000,34
LOG_ALLOC,26711000,269,33
LOG_SYS,26714000,35,1
CSV_LOG,26714000,35
LOG_SYS,26718000,35,1
CSV_LOG,26718000,35
LOG_SYS,26721000,34,1
CSV_LOG,26721000,34
LOG_FREE,26721000,252,9
LOG_SYS,26724000,34,1
CSV_LOG,26724000,34
LOG_SYS,26728000,33,0
CSV_LOG,26728000,33
LOG_FREE,26728000,267,22
LOG_SYS,26731000,33,0
CSV_LOG,26731000,33
LOG_ALLOC,26731000,270,9
LOG_SYS,26734000,34,0
CSV_LOG,26734000,34
LOG_ALLOC,26734000,270,22
LOG_SYS,26738000,35,0
CSV_LOG,26738000,35
LOG_ALLOC,26738000,270,35
LOG_SYS,26741000,36,0
CSV_LOG,26741000,36
LOG_SYS,26744000,36,0
CSV_LOG,26744000,36
LOG_SYS,26748000,36,0
CSV_LOG,26748000,36
LOG_SYS,26751000,36,0
CSV_LOG,26751000,36
LOG_SYS,26754000,36,0
CSV_LOG,26754000,36
LOG_SYS,26758000,36,0
CSV_LOG,26758000,36
LOG_SYS,26761000,36,0
CSV_LOG,26761000,36
LOG_SYS,26764000,36,0
CSV_LOG,26764000,36
LOG_SYS,26768000,36,0
CSV_LOG,26768000,36
LOG_SYS,26771000,36,0
CSV_LOG,26771000,36
LOG_HOST,26774000,398,8,397
LOG_SYS,26774000,35,0
CSV_LOG,26774000,35
LOG_FREE,26774000,250,32
LOG_SYS,26778000,35,1
CSV_LOG,26778000,35
LOG_SYS,26781000,34,0
CSV_LOG,26781000,34
LOG_ALLOC,26781000,251,22
LOG_FREE,26781000,270,22
LOG_SYS,26784000,35,0
CSV_LOG,26784000,35
LOG_ALLOC,26784000,251,32
LOG_SYS,26788000,36,0
CSV_LOG,26788000,36
LOG_ALLOC,26788000,251,36
LOG_SYS,26791000,37,0
CSV_LOG,26791000,37
LOG_ALLOC,26791000,251,37
LOG_SYS,26794000,38,0
CSV_LOG,26794000,38
LOG_ALLOC,26794000,251,38
LOG_SYS,26798000,39,0
CSV_LOG,26798000,39
LOG_ALLOC,26798000,251,39
LOG_SYS,26801000,40,0
CSV_LOG,26801000,40
LOG_ALLOC,26801000,251,40
LOG_SYS,26804000,40,0
CSV_LOG,26804000,40
LOG_FREE,26804000,259,8
LOG_SYS,26808000,39,0
CSV_LOG,26808000,39
LOG_FREE,26808000,257,12
LOG_SYS,26811000,38,0
CSV_LOG,26811000,38
LOG_FREE,26811000,269,26
LOG_SYS,26814000,38,0
CSV_LOG,26814000,38
LOG_ALLOC,26814000,272,8
LOG_SYS,26818000,39,0
CSV_LOG,26818000,39
LOG_ALLOC,26818000,272,12
LOG_SYS,26821000,40,0
CSV_LOG,26821000,40
LOG_ALLOC,26821000,272,26
LOG_SYS,26824000,40,0
CSV_LOG,26824000,40
LOG_ALLOC,26824000,272,16
LOG_FREE,26824000,263,16
LOG_SYS,26828000,41,0
CSV_LOG,26828000,41
LOG_ALLOC,26828000,272,41
LOG_SYS,26831000,42,0
CSV_LOG,26831000,42
LOG_ALLOC,26831000,273,42
LOG_SYS,26834000,43,0
CSV_LOG,26834000,43
LOG_ALLOC,26834000,273,43
LOG_SYS,26838000,44,0
CSV_LOG,26838000,44
LOG_HOST,26838000,399,2,0
LOG_SYS,26841000,44,0
CSV_LOG,26841000,44
LOG_SYS,26844000,43,0
CSV_LOG,26844000,43
LOG_FREE,26844000,269,30
LOG_SYS,26848000,43,0
CSV_LOG,26848000,43
LOG_SYS,26851000,43,0
CSV_LOG,26851000,43
LOG_SYS,26854000,43,0
CSV_LOG,26854000,43
LOG_SYS,26858000,43,0
CSV_LOG,26858000,43
LOG_SYS,26861000,42,0
CSV_LOG,26861000,42
LOG_FREE,26861000,244,4
LOG_SYS,26864000,41,0
CSV_LOG,26864000,41
LOG_FREE,26864000,269,10
LOG_SYS,26868000,41,0
CSV_LOG,26868000,41
LOG_SYS,26871000,41,0
CSV_LOG,26871000,41
LOG_SYS,26874000,41,0
CSV_LOG,26874000,41
LOG_SYS,26878000,41,0
CSV_LOG,26878000,41
LOG_SYS,26881000,40,0
CSV_LOG,26881000,40
LOG_FREE,26881000,269,33
LOG_SYS,26884000,40,0
CSV_LOG,26884000,40
LOG_SYS,26888000,39,0
CSV_LOG,26888000,39
LOG_FREE,26888000,269,29
LOG_SYS,26891000,39,0
CSV_LOG,26891000,39
LOG_SYS,26894000,39,0
CSV_LOG,26894000,39
LOG_SYS,26898000,39,0
CSV_LOG,26898000,39
LOG_SYS,26901000,38,0
CSV_LOG,26901000,38
LOG_FREE,26901000,254,3
LOG_SYS,26904000,37,0
CSV_LOG,26904000,37
LOG_FREE,26904000,251,22
LOG_SYS,26908000,37,0
CSV_LOG,26908000,37
LOG_SYS,26911000,37,0
CSV_LOG,26911000,37
LOG_HOST,26914000,400,4,0
LOG_SYS,26914000,37,0
CSV_LOG,26914000,37
LOG_SYS,26918000,37,0
CSV_LOG,26918000,37
LOG_SYS,26921000,37,0
CSV_LOG,26921000,37
LOG_SYS,26924000,37,0
CSV_LOG,26924000,37
LOG_SYS,26928000,37,0
CSV_LOG,26928000,37
LOG_SYS,26931000,37,0
CSV_LOG,26931000,37
LOG_SYS,26934000,36,0
CSV_LOG,26934000,36
LOG_FREE,26934000,267,0
LOG_SYS,26938000,36,0
CSV_LOG,26938000,36
LOG_SYS,26941000,36,0
CSV_LOG,26941000,36
LOG_SYS,26944000,36,0
CSV_LOG,26944000,36
LOG_SYS,26948000,35,0
CSV_LOG,26948000,35
LOG_FREE,26948000,244,25
LOG_SYS,26951000,35,0
CSV_LOG,26951000,35
LOG_SYS,26954000,35,0
CSV_LOG,26954000,35
LOG_SYS,26958000,35,0
CSV_LOG,26958000,35
LOG_SYS,26961000,35,0
CSV_LOG,26961000,35
LOG_SYS,26964000,34,0
CSV_LOG,26964000,34
LOG_FREE,26964000,251,32
LOG_SYS,26968000,34,0
CSV_LOG,26968000,34
LOG_SYS,26971000,34,0
CSV_LOG,26971000,34
LOG_SYS,26974000,34,0
CSV_LOG,26974000,34
LOG_SYS,26978000,33,0
CSV_LOG,26978000,33
LOG_FREE,26978000,265,27
LOG_SYS,26981000,32,0
CSV_LOG,26981000,32
LOG_FREE,26981000,244,24
LOG_SYS,26984000,32,0
CSV_LOG,26984000,32
LOG_SYS,26988000,32,0
CSV_LOG,26988000,32
LOG_SYS,26991000,32,0
CSV_LOG,26991000,32
LOG_ALLOC,26991000,274,0
LOG_HOST,26991000,401,1,0
LOG_SYS,26994000,32,0
CSV_LOG,26994000,32
LOG_ALLOC,26994000,274,2
LOG_FREE,26994000,268,2
LOG_SYS,26998000,33,0
CSV_LOG,26998000,33
LOG_ALLOC,26998000,274,3
LOG_SYS,27001000,34,0
CSV_LOG,27001000,34
LOG_ALLOC,27001000,274,4
LOG_SYS,27004000,35,0
CSV_LOG,27004000,35
LOG_ALLOC,27004000,274,10
LOG_SYS,27008000,36,0
CSV_LOG,27008000,36
LOG_SYS,27011000,36,0
CSV_LOG,27011000,36
LOG_SYS,27014000,36,0
CSV_LOG,27014000,36
LOG_SYS,27018000,36,0
CSV_LOG,27018000,36
LOG_SYS,27021000,36,0
CSV_LOG,27021000,36
LOG_SYS,27024000,36,0
CSV_LOG,27024000,36
LOG_SYS,27028000,36,0
CSV_LOG,27028000,36
LOG_SYS,27031000,35,0
CSV_LOG,27031000,35
LOG_FREE,27031000,265,34
LOG_SYS,27034000,35,0
CSV_LOG,27034000,35
LOG_SYS,27038000,35,0
CSV_LOG,27038000,35
LOG_SYS,27041000,35,0
CSV_LOG,27041000,35
LOG_SYS,27044000,35,0
CSV_LOG,27044000,35
LOG_HOST,27044000,402,8,0
LOG_SYS,27048000,35,1
CSV_LOG,27048000,35
LOG_SYS,27051000,35,1
CSV_LOG,27051000,35
LOG_SYS,27054000,35,1
CSV_LOG,27054000,35
LOG_SYS,27058000,34,1
CSV_LOG,27058000,34
LOG_FREE,27058000,269,11
LOG_SYS,27061000,34,1
CSV_LOG,27061000,34
LOG_SYS,27064000,34,1
CSV_LOG,27064000,34
LOG_SYS,27068000,34,1
CSV_LOG,27068000,34
LOG_SYS,27071000,34,1
CSV_LOG,27071000,34
LOG_SYS,27074000,34,1
CSV_LOG,27074000,34
LOG_SYS,27077000,34,1
CSV_LOG,27077000,34
LOG_SYS,27081000,34,1
CSV_LOG,27081000,34
LOG_SYS,27084000,34,1
CSV_LOG,27084000,34
LOG_SYS,27087000,34,1
CSV_LOG,27087000,34
LOG_SYS,27091000,34,1
CSV_LOG,27091000,34
LOG_SYS,27094000,34,1
CSV_LOG,27094000,34
LOG_SYS,27097000,34,1
CSV_LOG,27097000,34
LOG_SYS,27101000,34,1
CSV_LOG,27101000,34
LOG_SYS,27104000,34,1
CSV_LOG,27104000,34
LOG_SYS,27107000,33,1
CSV_LOG,27107000,33
LOG_FREE,27107000,272,16
LOG_SYS,27111000,32,1
CSV_LOG,27111000,32
LOG_FREE,27111000,272,8
LOG_SYS,27114000,32,1
CSV_LOG,27114000,32
LOG_SYS,27117000,32,1
CSV_LOG,27117000,32
LOG_SYS,27121000,31,1
CSV_LOG,27121000,31
LOG_FREE,27121000,274,10
LOG_SYS,27124000,31,1
CSV_LOG,27124000,31
LOG_SYS,27127000,31,1
CSV_LOG,27127000,31
LOG_SYS,27131000,31,1
CSV_LOG,27131000,31
LOG_SYS,27134000,31,1
CSV_LOG,27134000,31
LOG_SYS,27137000,30,1
CSV_LOG,27137000,30
LOG_FREE,27137000,274,4
LOG_SYS,27141000,29,1
CSV_LOG,27141000,29
LOG_FREE,27141000,268,6
LOG_SYS,27144000,28,1
CSV_LOG,27144000,28
LOG_FREE,27144000,267,7
LOG_SYS,27147000,28,1
CSV_LOG,27147000,28
LOG_SYS,27151000,28,1
CSV_LOG,27151000,28
LOG_SYS,27154000,28,1
CSV_LOG,27154000,28
LOG_SYS,27157000,27,1
CSV_LOG,27157000,27
LOG_FREE,27157000,270,35
LOG_SYS,27161000,27,1
CSV_LOG,27161000,27
LOG_SYS,27164000,26,1
CSV_LOG,27164000,26
LOG_FREE,27164000,274,2
LOG_SYS,27167000,26,1
CSV_LOG,27167000,26
LOG_SYS,27171000,26,1
CSV_LOG,27171000,26
LOG_SYS,27174000,25,1
CSV_LOG,27174000,25
LOG_FREE,27174000,265,28
LOG_SYS,27177000,24,1
CSV_LOG,27177000,24
LOG_FREE,27177000,262,5
LOG_HOST,27181000,403,8,0
LOG_SYS,27181000,24,0
CSV_LOG,27181000,24
LOG_ALLOC,27181000,266,2
LOG_SYS,27184000,25,1
CSV_LOG,27184000,25
LOG_ALLOC,27184000,266,4
LOG_SYS,27187000,25,1
CSV_LOG,27187000,25
LOG_ALLOC,27187000,266,5
LOG_FREE,27187000,267,21
LOG_SYS,27191000,26,1
CSV_LOG,27191000,26
LOG_ALLOC,27191000,266,6
LOG_SYS,27194000,27,0
CSV_LOG,27194000,27
LOG_ALLOC,27194000,266,7
LOG_SYS,27197000,28,0
CSV_LOG,27197000,28
LOG_ALLOC,27197000,276,8
LOG_SYS,27201000,29,0
CSV_LOG,27201000,29
LOG_ALLOC,27201000,276,10
LOG_SYS,27204000,30,0
CSV_LOG,27204000,30
LOG_ALLOC,27204000,276,11
LOG_SYS,27207000,31,0
CSV_LOG,27207000,31
LOG_ALLOC,27207000,276,16
LOG_SYS,27211000,32,0
CSV_LOG,27211000,32
LOG_ALLOC,27211000,276,21
LOG_SYS,27214000,32,0
CSV_LOG,27214000,32
LOG_ALLOC,27214000,276,22
LOG_FREE,27214000,273,42
LOG_SYS,27217000,33,0
CSV_LOG,27217000,33
LOG_ALLOC,27217000,276,24
LOG_HOST,27217000,404,4,403
LOG_SYS,27221000,34,1
CSV_LOG,27221000,34
LOG_ALLOC,27221000,276,25
LOG_SYS,27224000,35,1
CSV_LOG,27224000,35
LOG_ALLOC,27224000,266,27
LOG_SYS,27227000,36,1
CSV_LOG,27227000,36
LOG_ALLOC,27227000,266,28
LOG_SYS,27231000,37,1
CSV_LOG,27231000,37
LOG_ALLOC,27231000,266,29
LOG_SYS,27234000,38,1
CSV_LOG,27234000,38
LOG_SYS,27237000,38,1
CSV_LOG,27237000,38
LOG_SYS,27241000,38,1
CSV_LOG,27241000,38
LOG_SYS,27244000,38,1
CSV_LOG,27244000,38
LOG_SYS,27247000,38,1
CSV_LOG,27247000,38
LOG_SYS,27251000,38,1
CSV_LOG,27251000,38
LOG_SYS,27254000,38,1
CSV_LOG,27254000,38
LOG_SYS,27257000,38,1
CSV_LOG,27257000,38
LOG_SYS,27261000,38,1
CSV_LOG,27261000,38
LOG_SYS,27264000,38,1
CSV_LOG,27264000,38
LOG_SYS,27267000,38,1
CSV_LOG,27267000,38
LOG_SYS,27271000,38,1
CSV_LOG,27271000,38
LOG_SYS,27274000,38,1
CSV_LOG,27274000,38
LOG_SYS,27277000,38,1
CSV_LOG,27277000,38
LOG_SYS,27281000,38,1
CSV_LOG,27281000,38
LOG_SYS,27284000,38,1
CSV_LOG,27284000,38
LOG_SYS,27287000,37,1
CSV_LOG,27287000,37
LOG_FREE,27287000,274,3
LOG_SYS,27291000,37,1
CSV_LOG,27291000,37
LOG_SYS,27294000,37,1
CSV_LOG,27294000,37
LOG_SYS,27297000,36,1
CSV_LOG,27297000,36
LOG_FREE,27297000,276,24
LOG_SYS,27301000,35,1
CSV_LOG,27301000,35
LOG_FREE,27301000,268,17
LOG_SYS,27304000,35,1
CSV_LOG,27304000,35
LOG_HOST,27307000,405,2,0
LOG_SYS,27307000,35,0
CSV_LOG,27307000,35
LOG_SYS,27311000,34,1
CSV_LOG,27311000,34
LOG_ALLOC,27311000,277,3
LOG_FREE,27311000,266,6
LOG_SYS,27314000,35,1
CSV_LOG,27314000,35
LOG_SYS,27317000,34,1
CSV_LOG,27317000,34
LOG_FREE,27317000,272,41
LOG_SYS,27321000,33,1
CSV_LOG,27321000,33
LOG_FREE,27321000,277,3
LOG_SYS,27324000,33,1
CSV_LOG,27324000,33
LOG_SYS,27327000,33,0
CSV_LOG,27327000,33
LOG_SYS,27331000,32,0
CSV_LOG,27331000,32
LOG_ALLOC,27331000,278,3
LOG_FREE,27331000,263,18
LOG_SYS,27334000,33,0
CSV_LOG,27334000,33
LOG_ALLOC,27334000,278,6
LOG_SYS,27337000,34,0
CSV_LOG,27337000,34
LOG_ALLOC,27337000,278,17
LOG_SYS,27341000,35,0
CSV_LOG,27341000,35
LOG_ALLOC,27341000,278,18
LOG_SYS,27344000,36,0
CSV_LOG,27344000,36
LOG_ALLOC,27344000,278,24
LOG_SYS,27347000,37,0
CSV_LOG,27347000,37
LOG_ALLOC,27347000,278,30
LOG_SYS,27351000,38,0
CSV_LOG,27351000,38
LOG_SYS,27354000,38,0
CSV_LOG,27354000,38
LOG_SYS,27357000,38,0
CSV_LOG,27357000,38
LOG_SYS,27361000,38,0
CSV_LOG,27361000,38
LOG_SYS,27364000,38,0
CSV_LOG,27364000,38
LOG_HOST,27364000,406,1,0
LOG_SYS,27367000,38,1
CSV_LOG,27367000,38
LOG_SYS,27371000,38,1
CSV_LOG,27371000,38
LOG_SYS,27374000,38,1
CSV_LOG,27374000,38
LOG_SYS,27377000,38,1
CSV_LOG,27377000,38
LOG_SYS,27381000,38,1
CSV_LOG,27381000,38
LOG_SYS,27384000,38,1
CSV_LOG,27384000,38
LOG_SYS,27387000,38,1
CSV_LOG,27387000,38
LOG_SYS,27391000,38,1
CSV_LOG,27391000,38
LOG_SYS,27394000,38,1
CSV_LOG,27394000,38
LOG_SYS,27397000,38,1
CSV_LOG,27397000,38
LOG_SYS,27401000,38,1
CSV_LOG,27401000,38
LOG_SYS,27404000,38,1
CSV_LOG,27404000,38
LOG_SYS,27407000,37,1
CSV_LOG,27407000,37
LOG_FREE,27407000,254,14
LOG_SYS,27411000,37,1
CSV_LOG,27411000,37
LOG_SYS,27414000,36,0
CSV_LOG,27414000,36
LOG_FREE,27414000,276,16
LOG_SYS,27417000,36,0
CSV_LOG,27417000,36
LOG_ALLOC,27417000,279,14
LOG_HOST,27421000,407,7,0
LOG_SYS,27421000,36,0
CSV_LOG,27421000,36
LOG_FREE,27421000,276,21
LOG_SYS,27424000,36,1
CSV_LOG,27424000,36
LOG_SYS,27427000,36,1
CSV_LOG,27427000,36
LOG_SYS,27431000,36,1
CSV_LOG,27431000,36
LOG_SYS,27434000,36,1
CSV_LOG,27434000,36
LOG_SYS,27437000,36,1
CSV_LOG,27437000,36
LOG_SYS,27441000,36,1
CSV_LOG,27441000,36
LOG_SYS,27444000,35,1
CSV_LOG,27444000,35
LOG_FREE,27444000,266,7
LOG_SYS,27447000,35,1
CSV_LOG,27447000,35
LOG_SYS,27451000,34,1
CSV_LOG,27451000,34
LOG_FREE,27451000,273,43
LOG_SYS,27454000,34,1
CSV_LOG,27454000,34
LOG_SYS,27457000,34,0
CSV_LOG,27457000,34
LOG_SYS,27461000,34,0
CSV_LOG,27461000,34
LOG_ALLOC,27461000,280,7
LOG_SYS,27464000,35,0
CSV_LOG,27464000,35
LOG_ALLOC,27464000,280,16
LOG_SYS,27467000,36,0
CSV_LOG,27467000,36
LOG_ALLOC,27467000,280,21
LOG_SYS,27471000,36,0
CSV_LOG,27471000,36
LOG_ALLOC,27471000,280,1
LOG_FREE,27471000,262,1
LOG_HOST,27471000,408,2,0
LOG_SYS,27474000,36,1
CSV_LOG,27474000,36
LOG_ALLOC,27474000,280,6
LOG_FREE,27474000,278,6
LOG_SYS,27477000,37,0
CSV_LOG,27477000,37
LOG_ALLOC,27477000,280,32
LOG_SYS,27481000,38,0
CSV_LOG,27481000,38
LOG_ALLOC,27481000,280,33
LOG_SYS,27484000,39,0
CSV_LOG,27484000,39
LOG_SYS,27487000,39,0
CSV_LOG,27487000,39
LOG_SYS,27491000,39,0
CSV_LOG,27491000,39
LOG_SYS,27494000,39,0
CSV_LOG,27494000,39
LOG_SYS,27497000,38,0
CSV_LOG,27497000,38
LOG_FREE,27497000,251,36
LOG_SYS,27501000,38,0
CSV_LOG,27501000,38
LOG_SYS,27504000,38,0
CSV_LOG,27504000,38
LOG_SYS,27507000,38,0
CSV_LOG,27507000,38
LOG_SYS,27511000,38,0
CSV_LOG,27511000,38
LOG_HOST,27514000,409,4,0
LOG_SYS,27514000,38,0
CSV_LOG,27514000,38
LOG_SYS,27517000,37,1
CSV_LOG,27517000,37
LOG_FREE,27517000,276,25
LOG_SYS,27521000,36,1
CSV_LOG,27521000,36
LOG_FREE,27521000,266,28
LOG_SYS,27524000,36,1
CSV_LOG,27524000,36
LOG_SYS,27527000,36,1
CSV_LOG,27527000,36
LOG_SYS,27531000,36,1
CSV_LOG,27531000,36
LOG_SYS,27534000,36,1
CSV_LOG,27534000,36
LOG_SYS,27537000,35,1
CSV_LOG,27537000,35
LOG_FREE,27537000,280,32
LOG_SYS,27541000,34,1
CSV_LOG,27541000,34
LOG_FREE,27541000,263,15
LOG_SYS,27544000,34,1
CSV_LOG,27544000,34
LOG_SYS,27547000,34,1
CSV_LOG,27547000,34
LOG_SYS,27551000,34,1
CSV_LOG,27551000,34
LOG_SYS,27554000,34,1
CSV_LOG,27554000,34
LOG_SYS,27557000,34,1
CSV_LOG,27557000,34
LOG_SYS,27561000,34,1
CSV_LOG,27561000,34
LOG_SYS,27564000,34,1
CSV_LOG,27564000,34
LOG_SYS,27567000,34,1
CSV_LOG,27567000,34
LOG_SYS,27571000,34,1
CSV_LOG,27571000,34
LOG_SYS,27574000,34,1
CSV_LOG,27574000,34
LOG_SYS,27577000,34,1
CSV_LOG,27577000,34
LOG_SYS,27581000,34,1
CSV_LOG,27581000,34
LOG_SYS,27584000,34,1
CSV_LOG,27584000,34
LOG_SYS,27587000,34,1
CSV_LOG,27587000,34
LOG_SYS,27591000,34,1
CSV_LOG,27591000,34
LOG_SYS,27594000,34,1
CSV_LOG,27594000,34
LOG_SYS,27597000,33,1
CSV_LOG,27597000,33
LOG_FREE,27597000,264,23
LOG_SYS,27601000,33,1
CSV_LOG,27601000,33
LOG_HOST,27604000,410,7,0
LOG_SYS,27604000,33,0
CSV_LOG,27604000,33
LOG_SYS,27607000,33,1
CSV_LOG,27607000,33
LOG_ALLOC,27607000,282,15
LOG_SYS,27611000,33,1
CSV_LOG,27611000,33
LOG_ALLOC,27611000,282,10
LOG_FREE,27611000,276,10
LOG_SYS,27614000,34,1
CSV_LOG,27614000,34
LOG_ALLOC,27614000,282,23
LOG_SYS,27617000,35,1
CSV_LOG,27617000,35
LOG_ALLOC,27617000,282,25
LOG_SYS,27621000,36,1
CSV_LOG,27621000,36
LOG_ALLOC,27621000,282,28
LOG_SYS,27624000,37,1
CSV_LOG,27624000,37
LOG_ALLOC,27624000,282,32
LOG_SYS,27627000,38,1
CSV_LOG,27627000,38
LOG_ALLOC,27627000,282,34
LOG_SYS,27631000,38,1
CSV_LOG,27631000,38
LOG_ALLOC,27631000,282,11
LOG_FREE,27631000,276,11
LOG_SYS,27634000,38,1
CSV_LOG,27634000,38
LOG_FREE,27634000,282,28
LOG_SYS,27637000,38,1
CSV_LOG,27637000,38
LOG_SYS,27641000,38,1
CSV_LOG,27641000,38
LOG_SYS,27644000,38,1
CSV_LOG,27644000,38
LOG_SYS,27647000,38,1
CSV_LOG,27647000,38
LOG_SYS,27651000,38,1
CSV_LOG,27651000,38
LOG_SYS,27654000,38,1
CSV_LOG,27654000,38
LOG_SYS,27657000,38,1
CSV_LOG,27657000,38
LOG_SYS,27661000,38,1
CSV_LOG,27661000,38
LOG_SYS,27664000,38,1
CSV_LOG,27664000,38
LOG_SYS,27667000,37,1
CSV_LOG,27667000,37
LOG_FREE,27667000,280,6
LOG_SYS,27671000,37,1
CSV_LOG,27671000,37
LOG_SYS,27674000,37,1
CSV_LOG,27674000,37
LOG_SYS,27677000,37,1
CSV_LOG,27677000,37
LOG_SYS,27681000,37,1
CSV_LOG,27681000,37
LOG_SYS,27684000,37,1
CSV_LOG,27684000,37
LOG_SYS,27687000,37,1
CSV_LOG,27687000,37
LOG_SYS,27691000,37,1
CSV_LOG,27691000,37
LOG_SYS,27694000,37,1
CSV_LOG,27694000,37
LOG_SYS,27697000,37,1
CSV_LOG,27697000,37
LOG_SYS,27701000,37,1
CSV_LOG,27701000,37
LOG_SYS,27704000,37,1
CSV_LOG,27704000,37
LOG_SYS,27707000,37,1
CSV_LOG,27707000,37
LOG_SYS,27711000,37,1
CSV_LOG,27711000,37
LOG_SYS,27714000,37,1
CSV_LOG,27714000,37
LOG_SYS,27717000,36,1
CSV_LOG,27717000,36
LOG_FREE,27717000,282,10
LOG_SYS,27721000,36,1
CSV_LOG,27721000,36
LOG_SYS,27724000,36,1
CSV_LOG,27724000,36
LOG_SYS,27727000,36,1
CSV_LOG,27727000,36
LOG_SYS,27731000,36,1
CSV_LOG,27731000,36
LOG_SYS,27734000,35,1
CSV_LOG,27734000,35
LOG_FREE,27734000,280,1
LOG_SYS,27737000,35,1
CSV_LOG,27737000,35
LOG_SYS,27741000,34,1
CSV_LOG,27741000,34
LOG_FREE,27741000,251,39
LOG_SYS,27744000,34,1
CSV_LOG,27744000,34
LOG_SYS,27747000,34,1
CSV_LOG,27747000,34
LOG_SYS,27751000,34,1
CSV_LOG,27751000,34
LOG_SYS,27754000,34,1
CSV_LOG,27754000,34
LOG_SYS,27757000,33,1
CSV_LOG,27757000,33
LOG_FREE,27757000,276,8
LOG_SYS,27761000,32,1
CSV_LOG,27761000,32
LOG_FREE,27761000,278,3
LOG_SYS,27764000,31,1
CSV_LOG,27764000,31
LOG_FREE,27764000,282,11
LOG_SYS,27767000,31,1
CSV_LOG,27767000,31
LOG_SYS,27771000,30,1
CSV_LOG,27771000,30
LOG_FREE,27771000,278,17
LOG_SYS,27774000,30,1
CSV_LOG,27774000,30
LOG_SYS,27777000,29,1
CSV_LOG,27777000,29
LOG_FREE,27777000,263,20
LOG_SYS,27781000,28,1
CSV_LOG,27781000,28
LOG_FREE,27781000,251,37
LOG_SYS,27784000,28,1
CSV_LOG,27784000,28
LOG_SYS,27787000,28,1
CSV_LOG,27787000,28
LOG_SYS,27791000,28,1
CSV_LOG,27791000,28
LOG_SYS,27794000,28,1
CSV_LOG,27794000,28
LOG_SYS,27797000,28,1
CSV_LOG,27797000,28
LOG_SYS,27801000,28,1
CSV_LOG,27801000,28
LOG_SYS,27804000,28,1
CSV_LOG,27804000,28
LOG_SYS,27807000,28,1
CSV_LOG,27807000,28
LOG_SYS,27811000,27,1
CSV_LOG,27811000,27
LOG_FREE,27811000,266,27
LOG_SYS,27814000,27,1
CSV_LOG,27814000,27
LOG_SYS,27817000,27,1
CSV_LOG,27817000,27
LOG_SYS,27821000,27,1
CSV_LOG,27821000,27
LOG_SYS,27824000,27,1
CSV_LOG,27824000,27
LOG_SYS,27827000,27,1
CSV_LOG,27827000,27
LOG_SYS,27831000,27,1
CSV_LOG,27831000,27
LOG_SYS,27834000,27,1
CSV_LOG,27834000,27
LOG_SYS,27837000,27,1
CSV_LOG,27837000,27
LOG_SYS,27841000,27,1
CSV_LOG,27841000,27
LOG_SYS,27844000,27,1
CSV_LOG,27844000,27
LOG_SYS,27847000,27,1
CSV_LOG,27847000,27
LOG_SYS,27851000,27,1
CSV_LOG,27851000,27
LOG_SYS,27854000,27,1
CSV_LOG,27854000,27
LOG_SYS,27857000,27,1
CSV_LOG,27857000,27
LOG_SYS,27861000,27,1
CSV_LOG,27861000,27
LOG_SYS,27864000,27,1
CSV_LOG,27864000,27
LOG_SYS,27867000,27,1
CSV_LOG,27867000,27
LOG_SYS,27871000,27,1
CSV_LOG,27871000,27
LOG_SYS,27874000,26,1
CSV_LOG,27874000,26
LOG_FREE,27874000,278,30
LOG_SYS,27877000,25,1
CSV_LOG,27877000,25
LOG_FREE,27877000,251,40
LOG_SYS,27881000,25,1
CSV_LOG,27881000,25
LOG_SYS,27884000,25,1
CSV_LOG,27884000,25
LOG_SYS,27887000,25,1
CSV_LOG,27887000,25
LOG_SYS,27891000,25,1
CSV_LOG,27891000,25
LOG_SYS,27894000,25,1
CSV_LOG,27894000,25
LOG_SYS,27897000,25,1
CSV_LOG,27897000,25
LOG_SYS,27901000,25,1
CSV_LOG,27901000,25
LOG_SYS,27904000,25,1
CSV_LOG,27904000,25
LOG_SYS,27907000,25,1
CSV_LOG,27907000,25
LOG_SYS,27910000,25,1
CSV_LOG,27910000,25
LOG_SYS,27914000,25,1
CSV_LOG,27914000,25
LOG_SYS,27917000,25,1
CSV_LOG,27917000,25
LOG_SYS,27920000,25,1
CSV_LOG,27920000,25
LOG_SYS,27924000,25,1
CSV_LOG,27924000,25
LOG_SYS,27927000,25,1
CSV_LOG,27927000,25
LOG_SYS,27930000,25,1
CSV_LOG,27930000,25
LOG_SYS,27934000,25,1
CSV_LOG,27934000,25
LOG_SYS,27937000,24,1
CSV_LOG,27937000,24
LOG_FREE,27937000,278,24
LOG_SYS,27940000,24,1
CSV_LOG,27940000,24
LOG_SYS,27944000,24,1
CSV_LOG,27944000,24
LOG_SYS,27947000,24,1
CSV_LOG,27947000,24
LOG_SYS,27950000,24,1
CSV_LOG,27950000,24
LOG_SYS,27954000,24,1
CSV_LOG,27954000,24
LOG_SYS,27957000,24,1
CSV_LOG,27957000,24
LOG_SYS,27960000,24,1
CSV_LOG,27960000,24
LOG_SYS,27964000,24,1
CSV_LOG,27964000,24
LOG_SYS,27967000,24,1
CSV_LOG,27967000,24
LOG_SYS,27970000,24,1
CSV_LOG,27970000,24
LOG_SYS,27974000,24,1
CSV_LOG,27974000,24
LOG_SYS,27977000,24,1
CSV_LOG,27977000,24
LOG_SYS,27980000,24,1
CSV_LOG,27980000,24
LOG_SYS,27984000,24,1
CSV_LOG,27984000,24
LOG_SYS,27987000,24,1
CSV_LOG,27987000,24
LOG_SYS,27990000,24,1
CSV_LOG,27990000,24
LOG_SYS,27994000,24,1
CSV_LOG,27994000,24
LOG_SYS,27997000,24,1
CSV_LOG,27997000,24
LOG_SYS,28000000,24,1
CSV_LOG,28000000,24
LOG_SYS,28004000,24,1
CSV_LOG,28004000,24
LOG_SYS,28007000,23,1
CSV_LOG,28007000,23
LOG_FREE,28007000,247,13
LOG_SYS,28010000,23,1
CSV_LOG,28010000,23
LOG_HOST,28014000,411,1,0
LOG_SYS,28014000,23,0
CSV_LOG,28014000,23
LOG_SYS,28017000,23,1
CSV_LOG,28017000,23
LOG_ALLOC,28017000,283,1
LOG_SYS,28020000,24,1
CSV_LOG,28020000,24
LOG_ALLOC,28020000,283,3
LOG_SYS,28024000,25,1
CSV_LOG,28024000,25
LOG_ALLOC,28024000,283,6
LOG_SYS,28027000,25,1
CSV_LOG,28027000,25
LOG_ALLOC,28027000,283,8
LOG_FREE,28027000,280,33
LOG_SYS,28030000,26,1
CSV_LOG,28030000,26
LOG_ALLOC,28030000,283,10
LOG_SYS,28034000,27,1
CSV_LOG,28034000,27
LOG_ALLOC,28034000,283,11
LOG_SYS,28037000,28,1
CSV_LOG,28037000,28
LOG_ALLOC,28037000,283,13
LOG_SYS,28040000,29,1
CSV_LOG,28040000,29
LOG_ALLOC,28040000,283,17
LOG_SYS,28044000,30,1
CSV_LOG,28044000,30
LOG_SYS,28047000,30,1
CSV_LOG,28047000,30
LOG_SYS,28050000,30,1
CSV_LOG,28050000,30
LOG_SYS,28054000,30,1
CSV_LOG,28054000,30
LOG_SYS,28057000,30,1
CSV_LOG,28057000,30
LOG_SYS,28060000,29,1
CSV_LOG,28060000,29
LOG_FREE,28060000,274,0
LOG_SYS,28064000,29,1
CSV_LOG,28064000,29
LOG_SYS,28067000,29,0
CSV_LOG,28067000,29
LOG_ALLOC,28067000,275,0
LOG_SYS,28070000,29,0
CSV_LOG,28070000,29
LOG_ALLOC,28070000,284,20
LOG_FREE,28070000,266,29
LOG_SYS,28074000,30,0
CSV_LOG,28074000,30
LOG_ALLOC,28074000,275,24
LOG_SYS,28077000,31,0
CSV_LOG,28077000,31
LOG_ALLOC,28077000,275,27
LOG_SYS,28080000,32,0
CSV_LOG,28080000,32
LOG_ALLOC,28080000,275,28
LOG_SYS,28084000,33,0
CSV_LOG,28084000,33
LOG_ALLOC,28084000,275,29
LOG_HOST,28084000,412,4,0
LOG_SYS,28087000,34,1
CSV_LOG,28087000,34
LOG_SYS,28090000,34,1
CSV_LOG,28090000,34
LOG_SYS,28094000,34,1
CSV_LOG,28094000,34
LOG_SYS,28097000,34,1
CSV_LOG,28097000,34
LOG_SYS,28100000,33,1
CSV_LOG,28100000,33
LOG_FREE,28100000,251,38
LOG_SYS,28104000,33,1
CSV_LOG,28104000,33
LOG_SYS,28107000,33,0
CSV_LOG,28107000,33
LOG_SYS,28110000,33,0
CSV_LOG,28110000,33
LOG_ALLOC,28110000,285,30
LOG_SYS,28114000,34,0
CSV_LOG,28114000,34
LOG_ALLOC,28114000,285,33
LOG_SYS,28117000,34,0
CSV_LOG,28117000,34
LOG_ALLOC,28117000,285,31
LOG_FREE,28117000,269,31
LOG_SYS,28120000,35,0
CSV_LOG,28120000,35
LOG_ALLOC,28120000,285,35
LOG_SYS,28124000,35,0
CSV_LOG,28124000,35
LOG_ALLOC,28124000,285,11
LOG_FREE,28124000,283,11
LOG_SYS,28127000,36,0
CSV_LOG,28127000,36
LOG_ALLOC,28127000,286,36
LOG_SYS,28130000,37,0
CSV_LOG,28130000,37
LOG_ALLOC,28130000,286,37
LOG_SYS,28134000,38,0
CSV_LOG,28134000,38
LOG_ALLOC,28134000,286,38
LOG_SYS,28137000,39,0
CSV_LOG,28137000,39
LOG_ALLOC,28137000,286,39
LOG_SYS,28140000,40,0
CSV_LOG,28140000,40
LOG_SYS,28144000,40,0
CSV_LOG,28144000,40
LOG_SYS,28147000,40,0
CSV_LOG,28147000,40
LOG_SYS,28150000,39,0
CSV_LOG,28150000,39
LOG_FREE,28150000,286,37
LOG_HOST,28154000,413,1,0
LOG_SYS,28154000,39,0
CSV_LOG,28154000,39
LOG_SYS,28157000,39,0
CSV_LOG,28157000,39
LOG_SYS,28160000,39,0
CSV_LOG,28160000,39
LOG_SYS,28164000,39,0
CSV_LOG,28164000,39
LOG_SYS,28167000,39,0
CSV_LOG,28167000,39
LOG_SYS,28170000,39,0
CSV_LOG,28170000,39
LOG_SYS,28174000,39,0
CSV_LOG,28174000,39
LOG_SYS,28177000,39,0
CSV_LOG,28177000,39
LOG_SYS,28180000,39,0
CSV_LOG,28180000,39
LOG_SYS,28184000,39,0
CSV_LOG,28184000,39
LOG_HOST,28184000,414,3,0
LOG_SYS,28187000,39,1
CSV_LOG,28187000,39
LOG_SYS,28190000,39,1
CSV_LOG,28190000,39
LOG_SYS,28194000,39,1
CSV_LOG,28194000,39
LOG_SYS,28197000,39,1
CSV_LOG,28197000,39
LOG_SYS,28200000,39,1
CSV_LOG,28200000,39
LOG_SYS,28204000,39,1
CSV_LOG,28204000,39
LOG_SYS,28207000,39,1
CSV_LOG,28207000,39
LOG_SYS,28210000,39,1
CSV_LOG,28210000,39
LOG_SYS,28214000,39,1
CSV_LOG,28214000,39
LOG_SYS,28217000,39,1
CSV_LOG,28217000,39
LOG_SYS,28220000,39,1
CSV_LOG,28220000,39
LOG_SYS,28224000,39,1
CSV_LOG,28224000,39
LOG_SYS,28227000,38,1
CSV_LOG,28227000,38
LOG_FREE,28227000,275,27
LOG_SYS,28230000,38,1
CSV_LOG,28230000,38
LOG_SYS,28234000,38,1
CSV_LOG,28234000,38
LOG_SYS,28237000,38,1
CSV_LOG,28237000,38
LOG_SYS,28240000,38,1
CSV_LOG,28240000,38
LOG_SYS,28244000,38,1
CSV_LOG,28244000,38
LOG_SYS,28247000,38,1
CSV_LOG,28247000,38
LOG_SYS,28250000,38,1
CSV_LOG,28250000,38
LOG_SYS,28254000,38,1
CSV_LOG,28254000,38
LOG_SYS,28257000,38,1
CSV_LOG,28257000,38
LOG_SYS,28260000,38,1
CSV_LOG,28260000,38
LOG_SYS,28264000,38,1
CSV_LOG,28264000,38
LOG_SYS,28267000,38,1
CSV_LOG,28267000,38
LOG_SYS,28270000,38,1
CSV_LOG,28270000,38
LOG_SYS,28274000,37,1
CSV_LOG,28274000,37
LOG_FREE,28274000,283,1
LOG_SYS,28277000,37,1
CSV_LOG,28277000,37
LOG_SYS,28280000,37,1
CSV_LOG,28280000,37
LOG_SYS,28284000,36,1
CSV_LOG,28284000,36
LOG_FREE,28284000,283,8
LOG_SYS,28287000,35,1
CSV_LOG,28287000,35
LOG_FREE,28287000,282,25
LOG_SYS,28290000,34,1
CSV_LOG,28290000,34
LOG_FREE,28290000,283,3
LOG_SYS,28294000,34,1
CSV_LOG,28294000,34
LOG_SYS,28297000,34,1
CSV_LOG,28297000,34
LOG_SYS,28300000,34,1
CSV_LOG,28300000,34
LOG_SYS,28304000,34,1
CSV_LOG,28304000,34
LOG_SYS,28307000,34,1
CSV_LOG,28307000,34
LOG_SYS,28310000,34,1
CSV_LOG,28310000,34
LOG_SYS,28314000,34,1
CSV_LOG,28314000,34
LOG_SYS,28317000,34,1
CSV_LOG,28317000,34
LOG_SYS,28320000,33,1
CSV_LOG,28320000,33
LOG_FREE,28320000,282,15
LOG_SYS,28324000,33,1
CSV_LOG,28324000,33
LOG_SYS,28327000,33,1
CSV_LOG,28327000,33
LOG_SYS,28330000,33,1
CSV_LOG,28330000,33
LOG_SYS,28334000,32,1
CSV_LOG,28334000,32
LOG_FREE,28334000,282,23
LOG_SYS,28337000,32,1
CSV_LOG,28337000,32
LOG_SYS,28340000,32,1
CSV_LOG,28340000,32
LOG_SYS,28344000,32,1
CSV_LOG,28344000,32
LOG_SYS,28347000,32,1
CSV_LOG,28347000,32
LOG_SYS,28350000,32,1
CSV_LOG,28350000,32
LOG_SYS,28354000,32,1
CSV_LOG,28354000,32
LOG_SYS,28357000,32,1
CSV_LOG,28357000,32
LOG_SYS,28360000,32,1
CSV_LOG,28360000,32
LOG_SYS,28364000,32,1
CSV_LOG,28364000,32
LOG_SYS,28367000,32,1
CSV_LOG,28367000,32
LOG_SYS,28370000,32,1
CSV_LOG,28370000,32
LOG_SYS,28374000,32,1
CSV_LOG,28374000,32
LOG_SYS,28377000,32,1
CSV_LOG,28377000,32
LOG_SYS,28380000,32,1
CSV_LOG,28380000,32
LOG_SYS,28384000,32,1
CSV_LOG,28384000,32
LOG_SYS,28387000,32,1
CSV_LOG,28387000,32
LOG_SYS,28390000,32,1
CSV_LOG,28390000,32
LOG_SYS,28394000,32,1
CSV_LOG,28394000,32
LOG_SYS,28397000,32,1
CSV_LOG,28397000,32
LOG_SYS,28400000,32,1
CSV_LOG,28400000,32
LOG_SYS,28404000,32,1
CSV_LOG,28404000,32
LOG_SYS,28407000,32,1
CSV_LOG,28407000,32
LOG_SYS,28410000,32,1
CSV_LOG,28410000,32
LOG_SYS,28414000,32,1
CSV_LOG,28414000,32
LOG_SYS,28417000,32,1
CSV_LOG,28417000,32
LOG_SYS,28420000,32,1
CSV_LOG,28420000,32
LOG_SYS,28424000,31,1
CSV_LOG,28424000,31
LOG_FREE,28424000,283,6
LOG_SYS,28427000,31,1
CSV_LOG,28427000,31
LOG_SYS,28430000,31,1
CSV_LOG,28430000,31
LOG_SYS,28434000,31,1
CSV_LOG,28434000,31
LOG_SYS,28437000,31,1
CSV_LOG,28437000,31
LOG_SYS,28440000,31,1
CSV_LOG,28440000,31
LOG_SYS,28444000,31,1
CSV_LOG,28444000,31
LOG_SYS,28447000,31,1
CSV_LOG,28447000,31
LOG_SYS,28450000,31,1
CSV_LOG,28450000,31
LOG_SYS,28454000,31,1
CSV_LOG,28454000,31
LOG_SYS,28457000,30,1
CSV_LOG,28457000,30
LOG_FREE,28457000,284,20
LOG_SYS,28460000,29,1
CSV_LOG,28460000,29
LOG_FREE,28460000,285,35
LOG_HOST,28464000,415,3,0
LOG_SYS,28464000,29,0
CSV_LOG,28464000,29
LOG_SYS,28467000,29,1
CSV_LOG,28467000,29
LOG_ALLOC,28467000,287,1
LOG_SYS,28470000,29,1
CSV_LOG,28470000,29
LOG_ALLOC,28470000,287,3
LOG_FREE,28470000,283,10
LOG_SYS,28474000,29,1
CSV_LOG,28474000,29
LOG_ALLOC,28474000,287,6
LOG_FREE,28474000,280,16
LOG_SYS,28477000,30,1
CSV_LOG,28477000,30
LOG_ALLOC,28477000,287,8
LOG_SYS,28480000,31,1
CSV_LOG,28480000,31
LOG_ALLOC,28480000,287,10
LOG_SYS,28484000,32,1
CSV_LOG,28484000,32
LOG_ALLOC,28484000,287,15
LOG_SYS,28487000,33,1
CSV_LOG,28487000,33
LOG_ALLOC,28487000,287,16
LOG_SYS,28490000,34,1
CSV_LOG,28490000,34
LOG_ALLOC,28490000,287,20
LOG_SYS,28494000,35,1
CSV_LOG,28494000,35
LOG_SYS,28497000,35,1
CSV_LOG,28497000,35
LOG_SYS,28500000,35,1
CSV_LOG,28500000,35
LOG_SYS,28504000,35,1
CSV_LOG,28504000,35
LOG_SYS,28507000,35,1
CSV_LOG,28507000,35
LOG_SYS,28510000,34,1
CSV_LOG,28510000,34
LOG_FREE,28510000,266,5
LOG_SYS,28514000,34,1
CSV_LOG,28514000,34
LOG_SYS,28517000,33,1
CSV_LOG,28517000,33
LOG_FREE,28517000,272,12
LOG_SYS,28520000,33,1
CSV_LOG,28520000,33
LOG_SYS,28524000,33,1
CSV_LOG,28524000,33
LOG_SYS,28527000,33,1
CSV_LOG,28527000,33
LOG_SYS,28530000,32,1
CSV_LOG,28530000,32
LOG_FREE,28530000,286,36
LOG_SYS,28534000,31,1
CSV_LOG,28534000,31
LOG_FREE,28534000,266,4
LOG_SYS,28537000,31,1
CSV_LOG,28537000,31
LOG_SYS,28540000,31,1
CSV_LOG,28540000,31
LOG_SYS,28544000,31,1
CSV_LOG,28544000,31
LOG_SYS,28547000,31,1
CSV_LOG,28547000,31
LOG_SYS,28550000,31,1
CSV_LOG,28550000,31
LOG_SYS,28554000,31,1
CSV_LOG,28554000,31
LOG_SYS,28557000,31,1
CSV_LOG,28557000,31
LOG_SYS,28560000,31,1
CSV_LOG,28560000,31
LOG_SYS,28564000,30,1
CSV_LOG,28564000,30
LOG_FREE,28564000,282,32
LOG_SYS,28567000,29,1
CSV_LOG,28567000,29
LOG_FREE,28567000,287,1
LOG_SYS,28570000,29,1
CSV_LOG,28570000,29
LOG_SYS,28574000,29,1
CSV_LOG,28574000,29
LOG_SYS,28577000,29,1
CSV_LOG,28577000,29
LOG_SYS,28580000,29,1
CSV_LOG,28580000,29
LOG_SYS,28584000,29,1
CSV_LOG,28584000,29
LOG_SYS,28587000,29,1
CSV_LOG,28587000,29
LOG_SYS,28590000,29,1
CSV_LOG,28590000,29
LOG_SYS,28594000,29,1
CSV_LOG,28594000,29
LOG_SYS,28597000,29,1
CSV_LOG,28597000,29
LOG_SYS,28600000,29,1
CSV_LOG,28600000,29
LOG_SYS,28604000,29,1
CSV_LOG,28604000,29
LOG_SYS,28607000,29,1
CSV_LOG,28607000,29
LOG_SYS,28610000,29,1
CSV_LOG,28610000,29
LOG_SYS,28614000,29,1
CSV_LOG,28614000,29
LOG_SYS,28617000,29,1
CSV_LOG,28617000,29
LOG_SYS,28620000,29,1
CSV_LOG,28620000,29
LOG_SYS,28624000,29,1
CSV_LOG,28624000,29
LOG_SYS,28627000,29,1
CSV_LOG,28627000,29
LOG_SYS,28630000,29,1
CSV_LOG,28630000,29
LOG_SYS,28634000,29,1
CSV_LOG,28634000,29
LOG_SYS,28637000,29,1
CSV_LOG,28637000,29
LOG_SYS,28640000,29,1
CSV_LOG,28640000,29
LOG_SYS,28644000,29,1
CSV_LOG,28644000,29
LOG_SYS,28647000,29,1
CSV_LOG,28647000,29
LOG_SYS,28650000,28,1
CSV_LOG,28650000,28
LOG_FREE,28650000,276,22
LOG_SYS,28654000,28,1
CSV_LOG,28654000,28
LOG_HOST,28657000,416,2,0
LOG_SYS,28657000,28,0
CSV_LOG,28657000,28
LOG_SYS,28660000,28,1
CSV_LOG,28660000,28
LOG_ALLOC,28660000,288,1
LOG_SYS,28664000,29,1
CSV_LOG,28664000,29
LOG_ALLOC,28664000,288,4
LOG_SYS,28667000,30,1
CSV_LOG,28667000,30
LOG_ALLOC,28667000,288,5
LOG_SYS,28670000,31,1
CSV_LOG,28670000,31
LOG_ALLOC,28670000,288,12
LOG_SYS,28674000,32,1
CSV_LOG,28674000,32
LOG_ALLOC,28674000,288,22
LOG_SYS,28677000,32,1
CSV_LOG,28677000,32
LOG_ALLOC,28677000,288,19
LOG_FREE,28677000,263,19
LOG_SYS,28680000,33,1
CSV_LOG,28680000,33
LOG_ALLOC,28680000,288,23
LOG_SYS,28684000,34,0
CSV_LOG,28684000,34
LOG_ALLOC,28684000,288,25
LOG_SYS,28687000,35,0
CSV_LOG,28687000,35
LOG_ALLOC,28687000,289,27
LOG_SYS,28690000,36,0
CSV_LOG,28690000,36
LOG_ALLOC,28690000,289,32
LOG_SYS,28694000,37,0
CSV_LOG,28694000,37
LOG_ALLOC,28694000,289,35
LOG_SYS,28697000,38,0
CSV_LOG,28697000,38
LOG_ALLOC,28697000,289,36
LOG_SYS,28700000,39,0
CSV_LOG,28700000,39
LOG_ALLOC,28700000,289,37
LOG_SYS,28704000,40,0
CSV_LOG,28704000,40
LOG_SYS,28707000,40,0
CSV_LOG,28707000,40
LOG_SYS,28710000,39,0
CSV_LOG,28710000,39
LOG_FREE,28710000,287,8
LOG_SYS,28714000,39,0
CSV_LOG,28714000,39
LOG_SYS,28717000,39,0
CSV_LOG,28717000,39
LOG_SYS,28720000,39,0
CSV_LOG,28720000,39
LOG_SYS,28724000,39,0
CSV_LOG,28724000,39
LOG_SYS,28727000,39,0
CSV_LOG,28727000,39
LOG_HOST,28727000,417,7,0
LOG_SYS,28730000,39,1
CSV_LOG,28730000,39
LOG_SYS,28734000,38,1
CSV_LOG,28734000,38
LOG_FREE,28734000,288,25
LOG_SYS,28737000,37,1
CSV_LOG,28737000,37
LOG_FREE,28737000,287,15
LOG_SYS,28740000,37,1
CSV_LOG,28740000,37
LOG_SYS,28743000,37,1
CSV_LOG,28743000,37
LOG_SYS,28747000,37,1
CSV_LOG,28747000,37
LOG_SYS,28750000,36,1
CSV_LOG,28750000,36
LOG_FREE,28750000,285,30
LOG_SYS,28753000,36,1
CSV_LOG,28753000,36
LOG_SYS,28757000,35,1
CSV_LOG,28757000,35
LOG_FREE,28757000,282,34
LOG_SYS,28760000,35,1
CSV_LOG,28760000,35
LOG_HOST,28763000,418,4,417
LOG_SYS,28763000,35,0
CSV_LOG,28763000,35
LOG_SYS,28767000,35,1
CSV_LOG,28767000,35
LOG_ALLOC,28767000,290,8
LOG_SYS,28770000,36,1
CSV_LOG,28770000,36
LOG_ALLOC,28770000,290,15
LOG_SYS,28773000,36,1
CSV_LOG,28773000,36
LOG_ALLOC,28773000,290,1
LOG_FREE,28773000,288,1
LOG_SYS,28777000,37,1
CSV_LOG,28777000,37
LOG_ALLOC,28777000,290,25
LOG_SYS,28780000,38,1
CSV_LOG,28780000,38
LOG_ALLOC,28780000,290,30
LOG_SYS,28783000,39,1
CSV_LOG,28783000,39
LOG_ALLOC,28783000,290,34
LOG_SYS,28787000,40,1
CSV_LOG,28787000,40
LOG_ALLOC,28787000,290,40
LOG_SYS,28790000,41,1
CSV_LOG,28790000,41
LOG_ALLOC,28790000,290,41
LOG_SYS,28793000,42,1
CSV_LOG,28793000,42
LOG_SYS,28797000,42,1
CSV_LOG,28797000,42
LOG_SYS,28800000,42,1
CSV_LOG,28800000,42
LOG_SYS,28803000,42,1
CSV_LOG,28803000,42
LOG_SYS,28807000,42,1
CSV_LOG,28807000,42
LOG_SYS,28810000,42,1
CSV_LOG,28810000,42
LOG_SYS,28813000,41,1
CSV_LOG,28813000,41
LOG_FREE,28813000,288,19
LOG_SYS,28817000,41,1
CSV_LOG,28817000,41
LOG_SYS,28820000,41,1
CSV_LOG,28820000,41
LOG_SYS,28823000,41,1
CSV_LOG,28823000,41
LOG_SYS,28827000,41,1
CSV_LOG,28827000,41
LOG_SYS,28830000,41,1
CSV_LOG,28830000,41
LOG_SYS,28833000,41,1
CSV_LOG,28833000,41
LOG_SYS,28837000,41,1
CSV_LOG,28837000,41
LOG_SYS,28840000,41,1
CSV_LOG,28840000,41
LOG_SYS,28843000,41,1
CSV_LOG,28843000,41
LOG_SYS,28847000,41,1
CSV_LOG,28847000,41
LOG_SYS,28850000,40,1
CSV_LOG,28850000,40
LOG_FREE,28850000,290,25
LOG_SYS,28853000,39,1
CSV_LOG,28853000,39
LOG_FREE,28853000,272,26
LOG_SYS,28857000,39,1
CSV_LOG,28857000,39
LOG_HOST,28860000,419,7,418
LOG_SYS,28860000,38,0
CSV_LOG,28860000,38
LOG_FREE,28860000,288,23
LOG_SYS,28863000,37,1
CSV_LOG,28863000,37
LOG_ALLOC,28863000,291,18
LOG_FREE,28863000,278,18
LOG_SYS,28867000,38,1
CSV_LOG,28867000,38
LOG_SYS,28870000,38,0
CSV_LOG,28870000,38
LOG_SYS,28873000,38,0
CSV_LOG,28873000,38
LOG_SYS,28877000,38,0
CSV_LOG,28877000,38
LOG_SYS,28880000,38,0
CSV_LOG,28880000,38
LOG_SYS,28883000,38,0
CSV_LOG,28883000,38
LOG_SYS,28887000,37,0
CSV_LOG,28887000,37
LOG_FREE,28887000,290,15
LOG_SYS,28890000,37,0
CSV_LOG,28890000,37
LOG_SYS,28893000,37,0
CSV_LOG,28893000,37
LOG_SYS,28897000,37,0
CSV_LOG,28897000,37
LOG_SYS,28900000,36,0
CSV_LOG,28900000,36
LOG_FREE,28900000,289,27
LOG_SYS,28903000,36,0
CSV_LOG,28903000,36
LOG_SYS,28907000,36,0
CSV_LOG,28907000,36
LOG_SYS,28910000,36,0
CSV_LOG,28910000,36
LOG_SYS,28913000,36,0
CSV_LOG,28913000,36
LOG_SYS,28917000,36,0
CSV_LOG,28917000,36
LOG_SYS,28920000,36,0
CSV_LOG,28920000,36
LOG_SYS,28923000,36,0
CSV_LOG,28923000,36
LOG_SYS,28927000,36,0
CSV_LOG,28927000,36
LOG_SYS,28930000,36,0
CSV_LOG,28930000,36
LOG_SYS,28933000,36,0
CSV_LOG,28933000,36
LOG_SYS,28937000,36,0
CSV_LOG,28937000,36
LOG_HOST,28940000,420,7,419
LOG_SYS,28940000,36,0
CSV_LOG,28940000,36
LOG_SYS,28943000,35,1
CSV_LOG,28943000,35
LOG_FREE,28943000,289,36
LOG_SYS,28947000,35,1
CSV_LOG,28947000,35
LOG_SYS,28950000,35,1
CSV_LOG,28950000,35
LOG_SYS,28953000,35,1
CSV_LOG,28953000,35
LOG_SYS,28957000,35,1
CSV_LOG,28957000,35
LOG_SYS,28960000,35,1
CSV_LOG,28960000,35
LOG_SYS,28963000,35,1
CSV_LOG,28963000,35
LOG_SYS,28967000,35,1
CSV_LOG,28967000,35
LOG_SYS,28970000,35,1
CSV_LOG,28970000,35
LOG_SYS,28973000,34,1
CSV_LOG,28973000,34
LOG_FREE,28973000,266,2
LOG_SYS,28977000,34,1
CSV_LOG,28977000,34
LOG_SYS,28980000,34,0
CSV_LOG,28980000,34
LOG_SYS,28983000,34,0
CSV_LOG,28983000,34
LOG_ALLOC,28983000,293,2
LOG_SYS,28987000,35,0
CSV_LOG,28987000,35
LOG_ALLOC,28987000,293,15
LOG_SYS,28990000,36,0
CSV_LOG,28990000,36
LOG_SYS,28993000,35,0
CSV_LOG,28993000,35
LOG_FREE,28993000,285,31
LOG_SYS,28997000,34,0
CSV_LOG,28997000,34
LOG_FREE,28997000,290,1
LOG_HOST,29000000,421,7,0
LOG_SYS,29000000,33,0
CSV_LOG,29000000,33
LOG_FREE,29000000,286,38
LOG_SYS,29003000,33,1
CSV_LOG,29003000,33
LOG_SYS,29007000,33,1
CSV_LOG,29007000,33
LOG_SYS,29010000,33,1
CSV_LOG,29010000,33
LOG_SYS,29013000,33,1
CSV_LOG,29013000,33
LOG_SYS,29017000,33,1
CSV_LOG,29017000,33
LOG_SYS,29020000,33,1
CSV_LOG,29020000,33
LOG_SYS,29023000,33,1
CSV_LOG,29023000,33
LOG_SYS,29027000,33,1
CSV_LOG,29027000,33
LOG_SYS,29030000,32,1
CSV_LOG,29030000,32
LOG_FREE,29030000,275,24
LOG_SYS,29033000,32,1
CSV_LOG,29033000,32
LOG_SYS,29037000,32,1
CSV_LOG,29037000,32
LOG_SYS,29040000,31,1
CSV_LOG,29040000,31
LOG_FREE,29040000,283,13
LOG_SYS,29043000,31,1
CSV_LOG,29043000,31
LOG_SYS,29047000,31,1
CSV_LOG,29047000,31
LOG_SYS,29050000,31,1
CSV_LOG,29050000,31
LOG_SYS,29053000,30,1
CSV_LOG,29053000,30
LOG_FREE,29053000,285,33
LOG_SYS,29057000,30,1
CSV_LOG,29057000,30
LOG_SYS,29060000,30,1
CSV_LOG,29060000,30
LOG_SYS,29063000,30,1
CSV_LOG,29063000,30
LOG_SYS,29067000,30,1
CSV_LOG,29067000,30
LOG_SYS,29070000,30,1
CSV_LOG,29070000,30
LOG_SYS,29073000,30,1
CSV_LOG,29073000,30
LOG_SYS,29077000,30,1
CSV_LOG,29077000,30
LOG_SYS,29080000,30,1
CSV_LOG,29080000,30
LOG_SYS,29083000,29,1
CSV_LOG,29083000,29
LOG_FREE,29083000,288,5
LOG_SYS,29087000,29,1
CSV_LOG,29087000,29
LOG_SYS,29090000,29,1
CSV_LOG,29090000,29
LOG_SYS,29093000,29,1
CSV_LOG,29093000,29
LOG_SYS,29097000,29,1
CSV_LOG,29097000,29
LOG_SYS,29100000,29,1
CSV_LOG,29100000,29
LOG_SYS,29103000,29,1
CSV_LOG,29103000,29
LOG_SYS,29107000,29,1
CSV_LOG,29107000,29
LOG_SYS,29110000,29,1
CSV_LOG,29110000,29
LOG_SYS,29113000,29,1
CSV_LOG,29113000,29
LOG_SYS,29117000,29,1
CSV_LOG,29117000,29
LOG_SYS,29120000,28,1
CSV_LOG,29120000,28
LOG_FREE,29120000,270,9
LOG_SYS,29123000,27,1
CSV_LOG,29123000,27
LOG_FREE,29123000,275,0
LOG_HOST,29127000,422,8,0
LOG_SYS,29127000,27,0
CSV_LOG,29127000,27
LOG_ALLOC,29127000,271,0
LOG_SYS,29130000,28,1
CSV_LOG,29130000,28
LOG_ALLOC,29130000,271,1
LOG_SYS,29133000,29,1
CSV_LOG,29133000,29
LOG_ALLOC,29133000,271,5
LOG_SYS,29137000,30,1
CSV_LOG,29137000,30
LOG_ALLOC,29137000,271,9
LOG_SYS,29140000,31,1
CSV_LOG,29140000,31
LOG_ALLOC,29140000,271,13
LOG_SYS,29143000,31,1
CSV_LOG,29143000,31
LOG_ALLOC,29143000,271,17
LOG_FREE,29143000,283,17
LOG_SYS,29147000,32,1
CSV_LOG,29147000,32
LOG_ALLOC,29147000,271,19
LOG_SYS,29150000,33,0
CSV_LOG,29150000,33
LOG_ALLOC,29150000,294,23
LOG_SYS,29153000,34,0
CSV_LOG,29153000,34
LOG_ALLOC,29153000,294,24
LOG_SYS,29157000,35,0
CSV_LOG,29157000,35
LOG_ALLOC,29157000,294,25
LOG_SYS,29160000,36,0
CSV_LOG,29160000,36
LOG_ALLOC,29160000,294,26
LOG_SYS,29163000,36,0
CSV_LOG,29163000,36
LOG_ALLOC,29163000,295,27
LOG_FREE,29163000,290,30
LOG_SYS,29167000,37,0
CSV_LOG,29167000,37
LOG_ALLOC,29167000,295,30
LOG_SYS,29170000,38,0
CSV_LOG,29170000,38
LOG_ALLOC,29170000,295,31
LOG_SYS,29173000,38,0
CSV_LOG,29173000,38
LOG_ALLOC,29173000,295,33
LOG_FREE,29173000,286,39
LOG_SYS,29177000,39,0
CSV_LOG,29177000,39
LOG_SYS,29180000,38,0
CSV_LOG,29180000,38
LOG_FREE,29180000,287,10
LOG_SYS,29183000,38,0
CSV_LOG,29183000,38
LOG_SYS,29187000,38,0
CSV_LOG,29187000,38
LOG_SYS,29190000,38,0
CSV_LOG,29190000,38
LOG_SYS,29193000,38,0
CSV_LOG,29193000,38
LOG_SYS,29197000,38,0
CSV_LOG,29197000,38
LOG_SYS,29200000,37,0
CSV_LOG,29200000,37
LOG_FREE,29200000,294,24
LOG_SYS,29203000,37,0
CSV_LOG,29203000,37
LOG_HOST,29203000,423,2,0
LOG_SYS,29207000,37,0
CSV_LOG,29207000,37
LOG_SYS,29210000,37,0
CSV_LOG,29210000,37
LOG_SYS,29213000,36,0
CSV_LOG,29213000,36
LOG_FREE,29213000,293,15
LOG_SYS,29217000,36,0
CSV_LOG,29217000,36
LOG_SYS,29220000,36,0
CSV_LOG,29220000,36
LOG_SYS,29223000,36,0
CSV_LOG,29223000,36
LOG_SYS,29227000,36,0
CSV_LOG,29227000,36
LOG_SYS,29230000,35,0
CSV_LOG,29230000,35
LOG_FREE,29230000,291,18
LOG_SYS,29233000,35,0
CSV_LOG,29233000,35
LOG_SYS,29237000,35,0
CSV_LOG,29237000,35
LOG_ALLOC,29237000,292,10
LOG_SYS,29240000,36,0
CSV_LOG,29240000,36
LOG_ALLOC,29240000,297,15
LOG_SYS,29243000,37,0
CSV_LOG,29243000,37
LOG_ALLOC,29243000,292,18
LOG_SYS,29247000,38,0
CSV_LOG,29247000,38
LOG_ALLOC,29247000,292,24
LOG_SYS,29250000,38,0
CSV_LOG,29250000,38
LOG_ALLOC,29250000,292,2
LOG_FREE,29250000,293,2
LOG_SYS,29253000,38,0
CSV_LOG,29253000,38
LOG_ALLOC,29253000,292,13
LOG_FREE,29253000,271,13
LOG_SYS,29257000,39,0
CSV_LOG,29257000,39
LOG_ALLOC,29257000,292,36
LOG_SYS,29260000,40,0
CSV_LOG,29260000,40
LOG_ALLOC,29260000,292,38
LOG_SYS,29263000,41,0
CSV_LOG,29263000,41
LOG_ALLOC,29263000,292,39
LOG_SYS,29267000,42,0
CSV_LOG,29267000,42
LOG_ALLOC,29267000,298,42
LOG_SYS,29270000,43,0
CSV_LOG,29270000,43
LOG_SYS,29273000,43,0
CSV_LOG,29273000,43
LOG_SYS,29277000,42,0
CSV_LOG,29277000,42
LOG_FREE,29277000,279,14
LOG_HOST,29277000,424,4,423
LOG_SYS,29280000,42,0
CSV_LOG,29280000,42
LOG_SYS,29283000,42,0
CSV_LOG,29283000,42
LOG_SYS,29287000,42,0
CSV_LOG,29287000,42
LOG_ALLOC,29287000,299,14
LOG_SYS,29290000,43,0
CSV_LOG,29290000,43
LOG_ALLOC,29290000,299,43
LOG_SYS,29293000,44,0
CSV_LOG,29293000,44
LOG_SYS,29297000,43,0
CSV_LOG,29297000,43
LOG_FREE,29297000,292,18
LOG_SYS,29300000,43,0
CSV_LOG,29300000,43
LOG_SYS,29303000,43,0
CSV_LOG,29303000,43
LOG_SYS,29307000,42,0
CSV_LOG,29307000,42
LOG_FREE,29307000,288,4
LOG_SYS,29310000,41,0
CSV_LOG,29310000,41
LOG_FREE,29310000,280,7
LOG_SYS,29313000,41,0
CSV_LOG,29313000,41
LOG_SYS,29317000,41,0
CSV_LOG,29317000,41
LOG_SYS,29320000,41,0
CSV_LOG,29320000,41
LOG_SYS,29323000,41,0
CSV_LOG,29323000,41
LOG_SYS,29327000,40,0
CSV_LOG,29327000,40
LOG_FREE,29327000,289,37
LOG_SYS,29330000,40,0
CSV_LOG,29330000,40
LOG_SYS,29333000,40,0
CSV_LOG,29333000,40
LOG_SYS,29337000,40,0
CSV_LOG,29337000,40
LOG_SYS,29340000,40,0
CSV_LOG,29340000,40
LOG_SYS,29343000,40,0
CSV_LOG,29343000,40
LOG_SYS,29347000,40,0
CSV_LOG,29347000,40
LOG_SYS,29350000,40,0
CSV_LOG,29350000,40
LOG_SYS,29353000,39,0
CSV_LOG,29353000,39
LOG_FREE,29353000,292,38
LOG_SYS,29357000,39,0
CSV_LOG,29357000,39
LOG_SYS,29360000,39,0
CSV_LOG,29360000,39
LOG_SYS,29363000,39,0
CSV_LOG,29363000,39
LOG_HOST,29363000,425,1,0
LOG_SYS,29367000,39,0
CSV_LOG,29367000,39
LOG_SYS,29370000,39,0
CSV_LOG,29370000,39
LOG_SYS,29373000,39,0
CSV_LOG,29373000,39
LOG_SYS,29377000,39,0
CSV_LOG,29377000,39
LOG_SYS,29380000,39,0
CSV_LOG,29380000,39
LOG_SYS,29383000,39,0
CSV_LOG,29383000,39
LOG_SYS,29387000,39,0
CSV_LOG,29387000,39
LOG_SYS,29390000,39,0
CSV_LOG,29390000,39
LOG_SYS,29393000,39,0
CSV_LOG,29393000,39
LOG_SYS,29397000,39,0
CSV_LOG,29397000,39
LOG_SYS,29400000,38,0
CSV_LOG,29400000,38
LOG_FREE,29400000,295,27
LOG_SYS,29403000,37,0
CSV_LOG,29403000,37
LOG_FREE,29403000,295,31
LOG_SYS,29407000,37,0
CSV_LOG,29407000,37
LOG_SYS,29410000,37,0
CSV_LOG,29410000,37
LOG_HOST,29413000,426,3,0
LOG_SYS,29413000,37,0
CSV_LOG,29413000,37
LOG_SYS,29417000,36,0
CSV_LOG,29417000,36
LOG_FREE,29417000,290,41
LOG_SYS,29420000,36,0
CSV_LOG,29420000,36
LOG_SYS,29423000,36,0
CSV_LOG,29423000,36
LOG_SYS,29427000,36,0
CSV_LOG,29427000,36
LOG_SYS,29430000,35,0
CSV_LOG,29430000,35
LOG_FREE,29430000,271,17
LOG_SYS,29433000,34,0
CSV_LOG,29433000,34
LOG_FREE,29433000,292,10
LOG_SYS,29437000,33,0
CSV_LOG,29437000,33
LOG_FREE,29437000,299,43
LOG_SYS,29440000,33,0
CSV_LOG,29440000,33
LOG_SYS,29443000,33,0
CSV_LOG,29443000,33
LOG_SYS,29447000,33,0
CSV_LOG,29447000,33
LOG_SYS,29450000,33,0
CSV_LOG,29450000,33
LOG_SYS,29453000,33,0
CSV_LOG,29453000,33
LOG_SYS,29457000,32,0
CSV_LOG,29457000,32
LOG_FREE,29457000,290,40
LOG_SYS,29460000,31,0
CSV_LOG,29460000,31
LOG_FREE,29460000,290,34
LOG_SYS,29463000,31,0
CSV_LOG,29463000,31
LOG_HOST,29463000,427,8,0
LOG_SYS,29467000,31,1
CSV_LOG,29467000,31
LOG_SYS,29470000,31,1
CSV_LOG,29470000,31
LOG_SYS,29473000,31,1
CSV_LOG,29473000,31
LOG_SYS,29477000,31,1
CSV_LOG,29477000,31
LOG_SYS,29480000,31,1
CSV_LOG,29480000,31
LOG_SYS,29483000,31,1
CSV_LOG,29483000,31
LOG_SYS,29487000,31,1
CSV_LOG,29487000,31
LOG_SYS,29490000,31,1
CSV_LOG,29490000,31
LOG_SYS,29493000,31,1
CSV_LOG,29493000,31
LOG_SYS,29497000,31,1
CSV_LOG,29497000,31
LOG_SYS,29500000,30,1
CSV_LOG,29500000,30
LOG_FREE,29500000,292,24
LOG_SYS,29503000,30,1
CSV_LOG,29503000,30
LOG_SYS,29507000,30,1
CSV_LOG,29507000,30
LOG_SYS,29510000,30,1
CSV_LOG,29510000,30
LOG_SYS,29513000,29,1
CSV_LOG,29513000,29
LOG_FREE,29513000,271,0
LOG_SYS,29517000,29,1
CSV_LOG,29517000,29
LOG_SYS,29520000,29,1
CSV_LOG,29520000,29
LOG_SYS,29523000,29,1
CSV_LOG,29523000,29
LOG_SYS,29527000,29,1
CSV_LOG,29527000,29
LOG_SYS,29530000,29,1
CSV_LOG,29530000,29
LOG_SYS,29533000,28,1
CSV_LOG,29533000,28
LOG_FREE,29533000,294,23
LOG_SYS,29537000,28,1
CSV_LOG,29537000,28
LOG_SYS,29540000,28,1
CSV_LOG,29540000,28
LOG_SYS,29543000,28,1
CSV_LOG,29543000,28
LOG_SYS,29547000,27,1
CSV_LOG,29547000,27
LOG_FREE,29547000,295,33
LOG_SYS,29550000,27,1
CSV_LOG,29550000,27
LOG_SYS,29553000,27,1
CSV_LOG,29553000,27
LOG_SYS,29557000,27,1
CSV_LOG,29557000,27
LOG_SYS,29560000,27,1
CSV_LOG,29560000,27
LOG_SYS,29563000,27,1
CSV_LOG,29563000,27
LOG_SYS,29567000,27,1
CSV_LOG,29567000,27
LOG_SYS,29570000,26,1
CSV_LOG,29570000,26
LOG_FREE,29570000,290,8
LOG_SYS,29573000,26,1
CSV_LOG,29573000,26
LOG_HOST,29576000,428,1,0
LOG_SYS,29576000,26,0
CSV_LOG,29576000,26
LOG_SYS,29580000,26,1
CSV_LOG,29580000,26
LOG_SYS,29583000,25,1
CSV_LOG,29583000,25
LOG_FREE,29583000,275,28
LOG_SYS,29586000,24,1
CSV_LOG,29586000,24
LOG_FREE,29586000,280,21
LOG_SYS,29590000,24,1
CSV_LOG,29590000,24
LOG_SYS,29593000,23,0
CSV_LOG,29593000,23
LOG_ALLOC,29593000,281,0
LOG_FREE,29593000,287,6
LOG_SYS,29596000,24,0
CSV_LOG,29596000,24
LOG_ALLOC,29596000,301,4
LOG_SYS,29600000,25,0
CSV_LOG,29600000,25
LOG_ALLOC,29600000,301,6
LOG_SYS,29603000,26,0
CSV_LOG,29603000,26
LOG_ALLOC,29603000,301,7
LOG_SYS,29606000,27,0
CSV_LOG,29606000,27
LOG_ALLOC,29606000,301,8
LOG_SYS,29610000,27,0
CSV_LOG,29610000,27
LOG_ALLOC,29610000,281,10
LOG_FREE,29610000,299,14
LOG_SYS,29613000,28,0
CSV_LOG,29613000,28
LOG_ALLOC,29613000,281,14
LOG_SYS,29616000,29,0
CSV_LOG,29616000,29
LOG_ALLOC,29616000,300,17
LOG_SYS,29620000,30,0
CSV_LOG,29620000,30
LOG_ALLOC,29620000,300,18
LOG_SYS,29623000,31,0
CSV_LOG,29623000,31
LOG_ALLOC,29623000,300,21
LOG_SYS,29626000,32,0
CSV_LOG,29626000,32
LOG_ALLOC,29626000,300,23
LOG_SYS,29630000,33,0
CSV_LOG,29630000,33
LOG_ALLOC,29630000,302,24
LOG_SYS,29633000,34,0
CSV_LOG,29633000,34
LOG_ALLOC,29633000,302,27
LOG_SYS,29636000,35,0
CSV_LOG,29636000,35
LOG_ALLOC,29636000,302,28
LOG_SYS,29640000,36,0
CSV_LOG,29640000,36
LOG_ALLOC,29640000,302,31
LOG_SYS,29643000,37,0
CSV_LOG,29643000,37
LOG_ALLOC,29643000,281,33
LOG_SYS,29646000,38,0
CSV_LOG,29646000,38
LOG_ALLOC,29646000,281,34
LOG_SYS,29650000,39,0
CSV_LOG,29650000,39
LOG_SYS,29653000,39,0
CSV_LOG,29653000,39
LOG_SYS,29656000,39,0
CSV_LOG,29656000,39
LOG_SYS,29660000,39,0
CSV_LOG,29660000,39
LOG_HOST,29663000,429,1,0
LOG_SYS,29663000,38,0
CSV_LOG,29663000,38
LOG_FREE,29663000,289,32
LOG_SYS,29666000,38,0
CSV_LOG,29666000,38
LOG_SYS,29670000,38,0
CSV_LOG,29670000,38
LOG_SYS,29673000,38,0
CSV_LOG,29673000,38
LOG_SYS,29676000,38,0
CSV_LOG,29676000,38
LOG_SYS,29680000,38,0
CSV_LOG,29680000,38
LOG_SYS,29683000,38,0
CSV_LOG,29683000,38
LOG_SYS,29686000,38,0
CSV_LOG,29686000,38
LOG_SYS,29690000,37,0
CSV_LOG,29690000,37
LOG_FREE,29690000,292,36
LOG_SYS,29693000,37,0
CSV_LOG,29693000,37
LOG_SYS,29696000,37,0
CSV_LOG,29696000,37
LOG_SYS,29700000,37,0
CSV_LOG,29700000,37
LOG_SYS,29703000,37,0
CSV_LOG,29703000,37
LOG_SYS,29706000,37,0
CSV_LOG,29706000,37
LOG_HOST,29706000,430,8,0
LOG_SYS,29710000,37,1
CSV_LOG,29710000,37
LOG_SYS,29713000,37,1
CSV_LOG,29713000,37
LOG_SYS,29716000,36,1
CSV_LOG,29716000,36
LOG_FREE,29716000,287,3
LOG_SYS,29720000,35,1
CSV_LOG,29720000,35
LOG_FREE,29720000,294,25
LOG_SYS,29723000,35,1
CSV_LOG,29723000,35
LOG_SYS,29726000,35,1
CSV_LOG,29726000,35
LOG_SYS,29730000,35,1
CSV_LOG,29730000,35
LOG_SYS,29733000,35,1
CSV_LOG,29733000,35
LOG_SYS,29736000,35,1
CSV_LOG,29736000,35
LOG_SYS,29740000,35,1
CSV_LOG,29740000,35
LOG_SYS,29743000,35,1
CSV_LOG,29743000,35
LOG_SYS,29746000,35,1
CSV_LOG,29746000,35
LOG_SYS,29750000,35,1
CSV_LOG,29750000,35
LOG_SYS,29753000,35,1
CSV_LOG,29753000,35
LOG_SYS,29756000,35,1
CSV_LOG,29756000,35
LOG_SYS,29760000,35,1
CSV_LOG,29760000,35
LOG_SYS,29763000,34,1
CSV_LOG,29763000,34
LOG_FREE,29763000,281,14
LOG_SYS,29766000,34,1
CSV_LOG,29766000,34
LOG_SYS,29770000,34,1
CSV_LOG,29770000,34
LOG_SYS,29773000,33,1
CSV_LOG,29773000,33
LOG_FREE,29773000,281,10
LOG_SYS,29776000,33,1
CSV_LOG,29776000,33
LOG_SYS,29780000,33,1
CSV_LOG,29780000,33
LOG_SYS,29783000,33,1
CSV_LOG,29783000,33
LOG_SYS,29786000,33,1
CSV_LOG,29786000,33
LOG_SYS,29790000,32,1
CSV_LOG,29790000,32
LOG_FREE,29790000,271,1
LOG_SYS,29793000,31,1
CSV_LOG,29793000,31
LOG_FREE,29793000,295,30
LOG_SYS,29796000,30,1
CSV_LOG,29796000,30
LOG_FREE,29796000,301,4
LOG_HOST,29800000,431,6,0
LOG_SYS,29800000,30,0
CSV_LOG,29800000,30
LOG_ALLOC,29800000,296,1
LOG_SYS,29803000,30,1
CSV_LOG,29803000,30
LOG_ALLOC,29803000,296,3
LOG_FREE,29803000,288,12
LOG_SYS,29806000,31,1
CSV_LOG,29806000,31
LOG_ALLOC,29806000,296,4
LOG_SYS,29810000,31,1
CSV_LOG,29810000,31
LOG_ALLOC,29810000,296,10
LOG_FREE,29810000,281,33
LOG_SYS,29813000,31,1
CSV_LOG,29813000,31
LOG_ALLOC,29813000,296,1
LOG_FREE,29813000,296,1
LOG_SYS,29816000,32,1
CSV_LOG,29816000,32
LOG_ALLOC,29816000,296,12
LOG_SYS,29820000,33,1
CSV_LOG,29820000,33
LOG_ALLOC,29820000,296,14
LOG_SYS,29823000,34,1
CSV_LOG,29823000,34
LOG_ALLOC,29823000,296,25
LOG_SYS,29826000,35,1
CSV_LOG,29826000,35
LOG_ALLOC,29826000,303,30
LOG_SYS,29830000,36,1
CSV_LOG,29830000,36
LOG_ALLOC,29830000,303,32
LOG_SYS,29833000,37,1
CSV_LOG,29833000,37
LOG_ALLOC,29833000,303,33
LOG_SYS,29836000,38,1
CSV_LOG,29836000,38
LOG_SYS,29840000,38,1
CSV_LOG,29840000,38
LOG_SYS,29843000,38,1
CSV_LOG,29843000,38
LOG_SYS,29846000,38,1
CSV_LOG,29846000,38
LOG_SYS,29850000,38,1
CSV_LOG,29850000,38
LOG_SYS,29853000,37,1
CSV_LOG,29853000,37
LOG_FREE,29853000,300,17
LOG_SYS,29856000,36,1
CSV_LOG,29856000,36
LOG_FREE,29856000,285,11
LOG_SYS,29860000,36,1
CSV_LOG,29860000,36
LOG_HOST,29863000,432,4,0
LOG_SYS,29863000,35,0
CSV_LOG,29863000,35
LOG_FREE,29863000,296,12
LOG_SYS,29866000,35,1
CSV_LOG,29866000,35
LOG_ALLOC,29866000,304,11
LOG_SYS,29870000,36,1
CSV_LOG,29870000,36
LOG_ALLOC,29870000,304,12
LOG_SYS,29873000,37,1
CSV_LOG,29873000,37
LOG_ALLOC,29873000,304,17
LOG_SYS,29876000,38,1
CSV_LOG,29876000,38
LOG_SYS,29880000,38,1
CSV_LOG,29880000,38
LOG_SYS,29883000,38,1
CSV_LOG,29883000,38
LOG_SYS,29886000,38,1
CSV_LOG,29886000,38
LOG_SYS,29890000,38,1
CSV_LOG,29890000,38
LOG_SYS,29893000,38,1
CSV_LOG,29893000,38
LOG_SYS,29896000,38,1
CSV_LOG,29896000,38
LOG_SYS,29900000,38,1
CSV_LOG,29900000,38
LOG_SYS,29903000,38,1
CSV_LOG,29903000,38
LOG_SYS,29906000,37,1
CSV_LOG,29906000,37
LOG_FREE,29906000,301,8
LOG_SYS,29910000,37,1
CSV_LOG,29910000,37
LOG_SYS,29913000,37,1
CSV_LOG,29913000,37
LOG_SYS,29916000,37,1
CSV_LOG,29916000,37
LOG_SYS,29920000,37,1
CSV_LOG,29920000,37
LOG_SYS,29923000,37,1
CSV_LOG,29923000,37
LOG_SYS,29926000,36,1
CSV_LOG,29926000,36
LOG_FREE,29926000,301,6
LOG_SYS,29930000,36,1
CSV_LOG,29930000,36
LOG_SYS,29933000,36,1
CSV_LOG,29933000,36
LOG_SYS,29936000,35,1
CSV_LOG,29936000,35
LOG_FREE,29936000,296,14
LOG_SYS,29940000,35,1
CSV_LOG,29940000,35
LOG_SYS,29943000,35,1
CSV_LOG,29943000,35
LOG_SYS,29946000,35,1
CSV_LOG,29946000,35
LOG_SYS,29950000,35,1
CSV_LOG,29950000,35
LOG_SYS,29953000,34,1
CSV_LOG,29953000,34
LOG_FREE,29953000,296,10
LOG_SYS,29956000,34,1
CSV_LOG,29956000,34
LOG_SYS,29960000,34,1
CSV_LOG,29960000,34
LOG_SYS,29963000,34,1
CSV_LOG,29963000,34
LOG_SYS,29966000,34,1
CSV_LOG,29966000,34
LOG_SYS,29970000,34,1
CSV_LOG,29970000,34
LOG_SYS,29973000,34,1
CSV_LOG,29973000,34
LOG_SYS,29976000,34,1
CSV_LOG,29976000,34
LOG_SYS,29980000,34,1
CSV_LOG,29980000,34
LOG_SYS,29983000,33,1
CSV_LOG,29983000,33
LOG_FREE,29983000,301,7
LOG_SYS,29986000,33,1
CSV_LOG,29986000,33
LOG_HOST,29990000,433,7,0
LOG_SYS,29990000,33,0
CSV_LOG,29990000,33
LOG_SYS,29993000,33,1
CSV_LOG,29993000,33
LOG_ALLOC,29993000,305,6
LOG_SYS,29996000,33,1
CSV_LOG,29996000,33
LOG_ALLOC,29996000,305,7
LOG_FREE,29996000,298,42
LOG_SYS,30000000,34,1
CSV_LOG,30000000,34
LOG_ALLOC,30000000,305,8
LOG_SYS,30003000,35,0
CSV_LOG,30003000,35
LOG_ALLOC,30003000,305,10
LOG_SYS,30006000,36,0
CSV_LOG,30006000,36
LOG_ALLOC,30006000,305,14
LOG_SYS,30010000,37,0
CSV_LOG,30010000,37
LOG_ALLOC,30010000,305,36
LOG_SYS,30013000,38,0
CSV_LOG,30013000,38
LOG_ALLOC,30013000,305,37
LOG_SYS,30016000,39,0
CSV_LOG,30016000,39
LOG_ALLOC,30016000,305,38
LOG_SYS,30020000,40,0
CSV_LOG,30020000,40
LOG_ALLOC,30020000,306,40
LOG_HOST,30020000,434,3,0
LOG_SYS,30023000,41,1
CSV_LOG,30023000,41
LOG_ALLOC,30023000,306,41
LOG_SYS,30026000,42,1
CSV_LOG,30026000,42
LOG_SYS,30030000,42,1
CSV_LOG,30030000,42
LOG_SYS,30033000,42,1
CSV_LOG,30033000,42
LOG_SYS,30036000,42,1
CSV_LOG,30036000,42
LOG_SYS,30040000,42,1
CSV_LOG,30040000,42
LOG_SYS,30043000,41,1
CSV_LOG,30043000,41
LOG_FREE,30043000,296,4
LOG_SYS,30046000,40,1
CSV_LOG,30046000,40
LOG_FREE,30046000,306,41
LOG_SYS,30050000,40,1
CSV_LOG,30050000,40
LOG_SYS,30053000,40,1
CSV_LOG,30053000,40
LOG_SYS,30056000,40,1
CSV_LOG,30056000,40
LOG_SYS,30060000,40,1
CSV_LOG,30060000,40
LOG_SYS,30063000,40,1
CSV_LOG,30063000,40
LOG_SYS,30066000,39,1
CSV_LOG,30066000,39
LOG_FREE,30066000,303,33
LOG_SYS,30070000,39,1
CSV_LOG,30070000,39
LOG_SYS,30073000,39,1
CSV_LOG,30073000,39
LOG_SYS,30076000,39,1
CSV_LOG,30076000,39
LOG_SYS,30080000,39,1
CSV_LOG,30080000,39
LOG_SYS,30083000,38,1
CSV_LOG,30083000,38
LOG_FREE,30083000,300,23
LOG_SYS,30086000,37,1
CSV_LOG,30086000,37
LOG_FREE,30086000,303,32
LOG_SYS,30090000,36,1
CSV_LOG,30090000,36
LOG_FREE,30090000,305,7
LOG_SYS,30093000,36,1
CSV_LOG,30093000,36
LOG_SYS,30096000,36,1
CSV_LOG,30096000,36
LOG_SYS,30100000,36,1
CSV_LOG,30100000,36
LOG_SYS,30103000,36,1
CSV_LOG,30103000,36
LOG_SYS,30106000,36,1
CSV_LOG,30106000,36
LOG_SYS,30110000,36,1
CSV_LOG,30110000,36
LOG_SYS,30113000,36,1
CSV_LOG,30113000,36
LOG_SYS,30116000,36,1
CSV_LOG,30116000,36
LOG_SYS,30120000,36,1
CSV_LOG,30120000,36
LOG_SYS,30123000,35,1
CSV_LOG,30123000,35
LOG_FREE,30123000,271,19
LOG_SYS,30126000,34,1
CSV_LOG,30126000,34
LOG_FREE,30126000,287,20
LOG_SYS,30130000,34,1
CSV_LOG,30130000,34
LOG_SYS,30133000,34,1
CSV_LOG,30133000,34
LOG_SYS,30136000,34,1
CSV_LOG,30136000,34
LOG_SYS,30140000,33,1
CSV_LOG,30140000,33
LOG_FREE,30140000,302,24
LOG_SYS,30143000,32,1
CSV_LOG,30143000,32
LOG_FREE,30143000,294,26
LOG_SYS,30146000,32,1
CSV_LOG,30146000,32
LOG_HOST,30150000,435,4,0
LOG_SYS,30150000,32,0
CSV_LOG,30150000,32
LOG_SYS,30153000,32,1
CSV_LOG,30153000,32
LOG_ALLOC,30153000,307,4
LOG_SYS,30156000,32,1
CSV_LOG,30156000,32
LOG_ALLOC,30156000,307,7
LOG_FREE,30156000,305,10
LOG_SYS,30160000,33,1
CSV_LOG,30160000,33
LOG_ALLOC,30160000,307,10
LOG_SYS,30163000,34,1
CSV_LOG,30163000,34
LOG_SYS,30166000,34,1
CSV_LOG,30166000,34
LOG_SYS,30170000,34,1
CSV_LOG,30170000,34
LOG_SYS,30173000,34,1
CSV_LOG,30173000,34
LOG_SYS,30176000,34,1
CSV_LOG,30176000,34
LOG_SYS,30180000,34,1
CSV_LOG,30180000,34
LOG_SYS,30183000,33,1
CSV_LOG,30183000,33
LOG_FREE,30183000,288,22
LOG_SYS,30186000,33,1
CSV_LOG,30186000,33
LOG_HOST,30190000,436,2,0
LOG_SYS,30190000,32,0
CSV_LOG,30190000,32
LOG_FREE,30190000,302,27
LOG_SYS,30193000,32,1
CSV_LOG,30193000,32
LOG_ALLOC,30193000,308,19
LOG_SYS,30196000,33,1
CSV_LOG,30196000,33
LOG_ALLOC,30196000,308,20
LOG_SYS,30200000,33,1
CSV_LOG,30200000,33
LOG_ALLOC,30200000,308,7
LOG_FREE,30200000,307,7
LOG_SYS,30203000,34,1
CSV_LOG,30203000,34
LOG_ALLOC,30203000,308,22
LOG_SYS,30206000,35,1
CSV_LOG,30206000,35
LOG_ALLOC,30206000,308,23
LOG_SYS,30210000,36,1
CSV_LOG,30210000,36
LOG_ALLOC,30210000,308,24
LOG_SYS,30213000,37,1
CSV_LOG,30213000,37
LOG_ALLOC,30213000,308,26
LOG_SYS,30216000,38,1
CSV_LOG,30216000,38
LOG_SYS,30220000,38,1
CSV_LOG,30220000,38
LOG_SYS,30223000,38,1
CSV_LOG,30223000,38
LOG_SYS,30226000,38,1
CSV_LOG,30226000,38
LOG_SYS,30230000,38,1
CSV_LOG,30230000,38
LOG_SYS,30233000,38,1
CSV_LOG,30233000,38
LOG_SYS,30236000,38,1
CSV_LOG,30236000,38
LOG_SYS,30240000,37,1
CSV_LOG,30240000,37
LOG_FREE,30240000,296,1
LOG_SYS,30243000,36,1
CSV_LOG,30243000,36
LOG_FREE,30243000,292,2
LOG_SYS,30246000,36,1
CSV_LOG,30246000,36
LOG_SYS,30250000,36,1
CSV_LOG,30250000,36
LOG_SYS,30253000,36,1
CSV_LOG,30253000,36
LOG_SYS,30256000,36,1
CSV_LOG,30256000,36
LOG_SYS,30260000,36,1
CSV_LOG,30260000,36
LOG_SYS,30263000,36,1
CSV_LOG,30263000,36
LOG_SYS,30266000,36,1
CSV_LOG,30266000,36
LOG_SYS,30270000,36,1
CSV_LOG,30270000,36
LOG_SYS,30273000,36,1
CSV_LOG,30273000,36
LOG_SYS,30276000,36,1
CSV_LOG,30276000,36
LOG_SYS,30280000,35,1
CSV_LOG,30280000,35
LOG_FREE,30280000,289,35
LOG_SYS,30283000,35,1
CSV_LOG,30283000,35
LOG_HOST,30286000,437,6,0
LOG_SYS,30286000,35,0
CSV_LOG,30286000,35
LOG_SYS,30290000,35,1
CSV_LOG,30290000,35
LOG_ALLOC,30290000,309,1
LOG_SYS,30293000,36,1
CSV_LOG,30293000,36
LOG_ALLOC,30293000,309,2
LOG_SYS,30296000,37,1
CSV_LOG,30296000,37
LOG_ALLOC,30296000,309,27
LOG_SYS,30300000,38,1
CSV_LOG,30300000,38
LOG_ALLOC,30300000,309,32
LOG_SYS,30303000,38,1
CSV_LOG,30303000,38
LOG_ALLOC,30303000,309,17
LOG_FREE,30303000,304,17
LOG_SYS,30306000,39,1
CSV_LOG,30306000,39
LOG_ALLOC,30306000,309,33
LOG_SYS,30310000,40,1
CSV_LOG,30310000,40
LOG_ALLOC,30310000,309,35
LOG_SYS,30313000,41,1
CSV_LOG,30313000,41
LOG_SYS,30316000,41,1
CSV_LOG,30316000,41
LOG_SYS,30320000,41,1
CSV_LOG,30320000,41
LOG_SYS,30323000,41,1
CSV_LOG,30323000,41
LOG_SYS,30326000,41,1
CSV_LOG,30326000,41
LOG_SYS,30330000,41,1
CSV_LOG,30330000,41
LOG_SYS,30333000,40,1
CSV_LOG,30333000,40
LOG_FREE,30333000,307,10
LOG_SYS,30336000,40,1
CSV_LOG,30336000,40
LOG_SYS,30340000,40,1
CSV_LOG,30340000,40
LOG_SYS,30343000,40,1
CSV_LOG,30343000,40
LOG_SYS,30346000,40,1
CSV_LOG,30346000,40
LOG_SYS,30350000,40,1
CSV_LOG,30350000,40
LOG_SYS,30353000,40,1
CSV_LOG,30353000,40
LOG_SYS,30356000,40,1
CSV_LOG,30356000,40
LOG_SYS,30360000,40,1
CSV_LOG,30360000,40
LOG_SYS,30363000,39,1
CSV_LOG,30363000,39
LOG_FREE,30363000,307,4
LOG_SYS,30366000,39,1
CSV_LOG,30366000,39
LOG_HOST,30370000,438,8,0
LOG_SYS,30370000,39,0
CSV_LOG,30370000,39
LOG_SYS,30373000,39,1
CSV_LOG,30373000,39
LOG_ALLOC,30373000,310,4
LOG_SYS,30376000,39,1
CSV_LOG,30376000,39
LOG_ALLOC,30376000,310,10
LOG_FREE,30376000,302,28
LOG_SYS,30380000,40,1
CSV_LOG,30380000,40
LOG_ALLOC,30380000,310,28
LOG_SYS,30383000,41,1
CSV_LOG,30383000,41
LOG_ALLOC,30383000,310,41
LOG_SYS,30386000,41,1
CSV_LOG,30386000,41
LOG_ALLOC,30386000,310,31
LOG_FREE,30386000,302,31
LOG_SYS,30390000,42,1
CSV_LOG,30390000,42
LOG_ALLOC,30390000,310,42
LOG_SYS,30393000,43,0
CSV_LOG,30393000,43
LOG_ALLOC,30393000,310,43
LOG_SYS,30396000,44,0
CSV_LOG,30396000,44
LOG_SYS,30400000,44,0
CSV_LOG,30400000,44
LOG_SYS,30403000,44,0
CSV_LOG,30403000,44
LOG_SYS,30406000,44,0
CSV_LOG,30406000,44
LOG_SYS,30409000,44,0
CSV_LOG,30409000,44
LOG_SYS,30413000,44,0
CSV_LOG,30413000,44
LOG_SYS,30416000,44,0
CSV_LOG,30416000,44
LOG_SYS,30419000,44,0
CSV_LOG,30419000,44
LOG_SYS,30423000,43,0
CSV_LOG,30423000,43
LOG_FREE,30423000,305,6
LOG_SYS,30426000,42,0
CSV_LOG,30426000,42
LOG_FREE,30426000,308,24
LOG_SYS,30429000,42,0
CSV_LOG,30429000,42
LOG_SYS,30433000,42,0
CSV_LOG,30433000,42
LOG_HOST,30436000,439,2,0
LOG_SYS,30436000,41,0
CSV_LOG,30436000,41
LOG_FREE,30436000,310,31
LOG_SYS,30439000,40,1
CSV_LOG,30439000,40
LOG_FREE,30439000,308,23
LOG_SYS,30443000,40,1
CSV_LOG,30443000,40
LOG_SYS,30446000,40,1
CSV_LOG,30446000,40
LOG_SYS,30449000,40,1
CSV_LOG,30449000,40
LOG_SYS,30453000,40,1
CSV_LOG,30453000,40
LOG_SYS,30456000,40,1
CSV_LOG,30456000,40
LOG_SYS,30459000,40,1
CSV_LOG,30459000,40
LOG_SYS,30463000,40,1
CSV_LOG,30463000,40
LOG_SYS,30466000,40,1
CSV_LOG,30466000,40
LOG_SYS,30469000,40,1
CSV_LOG,30469000,40
LOG_SYS,30473000,40,1
CSV_LOG,30473000,40
LOG_SYS,30476000,40,1
CSV_LOG,30476000,40
LOG_SYS,30479000,39,1
CSV_LOG,30479000,39
LOG_FREE,30479000,309,32
LOG_SYS,30483000,39,1
CSV_LOG,30483000,39
LOG_SYS,30486000,39,1
CSV_LOG,30486000,39
LOG_SYS,30489000,39,1
CSV_LOG,30489000,39
LOG_SYS,30493000,39,1
CSV_LOG,30493000,39
LOG_SYS,30496000,38,1
CSV_LOG,30496000,38
LOG_FREE,30496000,305,37
LOG_SYS,30499000,37,1
CSV_LOG,30499000,37
LOG_FREE,30499000,310,41
LOG_SYS,30503000,37,1
CSV_LOG,30503000,37
LOG_SYS,30506000,37,1
CSV_LOG,30506000,37
LOG_SYS,30509000,37,1
CSV_LOG,30509000,37
LOG_SYS,30513000,37,1
CSV_LOG,30513000,37
LOG_SYS,30516000,37,1
CSV_LOG,30516000,37
LOG_SYS,30519000,37,1
CSV_LOG,30519000,37
LOG_SYS,30523000,37,1
CSV_LOG,30523000,37
LOG_SYS,30526000,37,1
CSV_LOG,30526000,37
LOG_SYS,30529000,37,1
CSV_LOG,30529000,37
LOG_SYS,30533000,37,1
CSV_LOG,30533000,37
LOG_SYS,30536000,37,1
CSV_LOG,30536000,37
LOG_SYS,30539000,37,1
CSV_LOG,30539000,37
LOG_SYS,30543000,37,1
CSV_LOG,30543000,37
LOG_SYS,30546000,37,1
CSV_LOG,30546000,37
LOG_SYS,30549000,37,1
CSV_LOG,30549000,37
LOG_SYS,30553000,37,1
CSV_LOG,30553000,37
LOG_SYS,30556000,37,1
CSV_LOG,30556000,37
LOG_SYS,30559000,37,1
CSV_LOG,30559000,37
LOG_SYS,30563000,37,1
CSV_LOG,30563000,37
LOG_SYS,30566000,37,1
CSV_LOG,30566000,37
LOG_SYS,30569000,37,1
CSV_LOG,30569000,37
LOG_SYS,30573000,37,1
CSV_LOG,30573000,37
LOG_SYS,30576000,37,1
CSV_LOG,30576000,37
LOG_SYS,30579000,37,1
CSV_LOG,30579000,37
LOG_SYS,30583000,37,1
CSV_LOG,30583000,37
LOG_SYS,30586000,37,1
CSV_LOG,30586000,37
LOG_SYS,30589000,37,1
CSV_LOG,30589000,37
LOG_SYS,30593000,37,1
CSV_LOG,30593000,37
LOG_SYS,30596000,37,1
CSV_LOG,30596000,37
LOG_SYS,30599000,37,1
CSV_LOG,30599000,37
LOG_SYS,30603000,37,1
CSV_LOG,30603000,37
LOG_SYS,30606000,37,1
CSV_LOG,30606000,37
LOG_SYS,30609000,37,1
CSV_LOG,30609000,37
LOG_SYS,30613000,37,1
CSV_LOG,30613000,37
LOG_SYS,30616000,37,1
CSV_LOG,30616000,37
LOG_SYS,30619000,37,1
CSV_LOG,30619000,37
LOG_SYS,30623000,37,1
CSV_LOG,30623000,37
LOG_SYS,30626000,37,1
CSV_LOG,30626000,37
LOG_SYS,30629000,37,1
CSV_LOG,30629000,37
LOG_SYS,30633000,37,1
CSV_LOG,30633000,37
LOG_SYS,30636000,37,1
CSV_LOG,30636000,37
LOG_SYS,30639000,37,1
CSV_LOG,30639000,37
LOG_SYS,30643000,36,1
CSV_LOG,30643000,36
LOG_FREE,30643000,297,15
LOG_SYS,30646000,36,1
CSV_LOG,30646000,36
LOG_HOST,30649000,440,7,0
LOG_SYS,30649000,36,0
CSV_LOG,30649000,36
LOG_SYS,30653000,36,1
CSV_LOG,30653000,36
LOG_ALLOC,30653000,312,6
LOG_SYS,30656000,37,1
CSV_LOG,30656000,37
LOG_ALLOC,30656000,312,15
LOG_SYS,30659000,38,1
CSV_LOG,30659000,38
LOG_ALLOC,30659000,312,23
LOG_SYS,30663000,39,1
CSV_LOG,30663000,39
LOG_ALLOC,30663000,312,24
LOG_SYS,30666000,40,1
CSV_LOG,30666000,40
LOG_ALLOC,30666000,312,31
LOG_SYS,30669000,41,1
CSV_LOG,30669000,41
LOG_ALLOC,30669000,312,32
LOG_SYS,30673000,42,1
CSV_LOG,30673000,42
LOG_ALLOC,30673000,312,37
LOG_SYS,30676000,43,1
CSV_LOG,30676000,43
LOG_SYS,30679000,42,1
CSV_LOG,30679000,42
LOG_FREE,30679000,312,31
LOG_SYS,30683000,42,1
CSV_LOG,30683000,42
LOG_SYS,30686000,41,1
CSV_LOG,30686000,41
LOG_FREE,30686000,309,17
LOG_SYS,30689000,40,1
CSV_LOG,30689000,40
LOG_FREE,30689000,308,20
LOG_SYS,30693000,39,1
CSV_LOG,30693000,39
LOG_FREE,30693000,312,37
LOG_SYS,30696000,38,1
CSV_LOG,30696000,38
LOG_FREE,30696000,310,10
LOG_SYS,30699000,38,1
CSV_LOG,30699000,38
LOG_SYS,30703000,38,1
CSV_LOG,30703000,38
LOG_SYS,30706000,38,1
CSV_LOG,30706000,38
LOG_SYS,30709000,38,1
CSV_LOG,30709000,38
LOG_SYS,30713000,38,1
CSV_LOG,30713000,38
LOG_SYS,30716000,38,1
CSV_LOG,30716000,38
LOG_SYS,30719000,38,1
CSV_LOG,30719000,38
LOG_SYS,30723000,37,1
CSV_LOG,30723000,37
LOG_FREE,30723000,300,18
LOG_SYS,30726000,37,1
CSV_LOG,30726000,37
LOG_SYS,30729000,36,1
CSV_LOG,30729000,36
LOG_FREE,30729000,308,26
LOG_SYS,30733000,36,1
CSV_LOG,30733000,36
LOG_SYS,30736000,35,1
CSV_LOG,30736000,35
LOG_FREE,30736000,309,27
LOG_SYS,30739000,35,1
CSV_LOG,30739000,35
LOG_SYS,30743000,35,1
CSV_LOG,30743000,35
LOG_SYS,30746000,35,1
CSV_LOG,30746000,35
LOG_SYS,30749000,35,1
CSV_LOG,30749000,35
LOG_SYS,30753000,35,1
CSV_LOG,30753000,35
LOG_SYS,30756000,35,1
CSV_LOG,30756000,35
LOG_SYS,30759000,35,1
CSV_LOG,30759000,35
LOG_SYS,30763000,35,1
CSV_LOG,30763000,35
LOG_SYS,30766000,35,1
CSV_LOG,30766000,35
LOG_SYS,30769000,35,1
CSV_LOG,30769000,35
LOG_SYS,30773000,35,1
CSV_LOG,30773000,35
LOG_SYS,30776000,34,1
CSV_LOG,30776000,34
LOG_FREE,30776000,312,24
LOG_SYS,30779000,34,1
CSV_LOG,30779000,34
LOG_SYS,30783000,33,1
CSV_LOG,30783000,33
LOG_FREE,30783000,310,4
LOG_SYS,30786000,32,1
CSV_LOG,30786000,32
LOG_FREE,30786000,308,7
LOG_SYS,30789000,32,1
CSV_LOG,30789000,32
LOG_SYS,30793000,32,1
CSV_LOG,30793000,32
LOG_SYS,30796000,32,1
CSV_LOG,30796000,32
LOG_SYS,30799000,32,1
CSV_LOG,30799000,32
LOG_SYS,30803000,32,1
CSV_LOG,30803000,32
LOG_SYS,30806000,31,1
CSV_LOG,30806000,31
LOG_FREE,30806000,292,13
LOG_SYS,30809000,31,1
CSV_LOG,30809000,31
LOG_SYS,30813000,30,1
CSV_LOG,30813000,30
LOG_FREE,30813000,305,8
LOG_SYS,30816000,29,1
CSV_LOG,30816000,29
LOG_FREE,30816000,271,5
LOG_SYS,30819000,28,1
CSV_LOG,30819000,28
LOG_FREE,30819000,304,11
LOG_SYS,30823000,28,1
CSV_LOG,30823000,28
LOG_SYS,30826000,28,1
CSV_LOG,30826000,28
LOG_SYS,30829000,28,1
CSV_LOG,30829000,28
LOG_SYS,30833000,28,1
CSV_LOG,30833000,28
LOG_SYS,30836000,28,1
CSV_LOG,30836000,28
LOG_SYS,30839000,28,1
CSV_LOG,30839000,28
LOG_SYS,30843000,28,1
CSV_LOG,30843000,28
LOG_SYS,30846000,28,1
CSV_LOG,30846000,28
LOG_SYS,30849000,28,1
CSV_LOG,30849000,28
LOG_SYS,30853000,28,1
CSV_LOG,30853000,28
LOG_SYS,30856000,28,1
CSV_LOG,30856000,28
LOG_SYS,30859000,28,1
CSV_LOG,30859000,28
LOG_SYS,30863000,28,1
CSV_LOG,30863000,28
LOG_SYS,30866000,28,1
CSV_LOG,30866000,28
LOG_SYS,30869000,28,1
CSV_LOG,30869000,28
LOG_SYS,30873000,28,1
CSV_LOG,30873000,28
LOG_SYS,30876000,28,1
CSV_LOG,30876000,28
LOG_SYS,30879000,28,1
CSV_LOG,30879000,28
LOG_SYS,30883000,28,1
CSV_LOG,30883000,28
LOG_SYS,30886000,28,1
CSV_LOG,30886000,28
LOG_SYS,30889000,28,1
CSV_LOG,30889000,28
LOG_SYS,30893000,28,1
CSV_LOG,30893000,28
LOG_SYS,30896000,28,1
CSV_LOG,30896000,28
LOG_SYS,30899000,28,1
CSV_LOG,30899000,28
LOG_SYS,30903000,28,1
CSV_LOG,30903000,28
LOG_SYS,30906000,28,1
CSV_LOG,30906000,28
LOG_SYS,30909000,27,1
CSV_LOG,30909000,27
LOG_FREE,30909000,309,2
LOG_SYS,30913000,27,1
CSV_LOG,30913000,27
LOG_SYS,30916000,27,1
CSV_LOG,30916000,27
LOG_SYS,30919000,27,1
CSV_LOG,30919000,27
LOG_SYS,30923000,27,1
CSV_LOG,30923000,27
LOG_SYS,30926000,26,1
CSV_LOG,30926000,26
LOG_FREE,30926000,309,1
LOG_SYS,30929000,26,1
CSV_LOG,30929000,26
LOG_SYS,30933000,26,1
CSV_LOG,30933000,26
LOG_SYS,30936000,25,1
CSV_LOG,30936000,25
LOG_FREE,30936000,292,39
LOG_SYS,30939000,25,1
CSV_LOG,30939000,25
LOG_HOST,30943000,441,8,0
LOG_SYS,30943000,25,0
CSV_LOG,30943000,25
LOG_SYS,30946000,25,1
CSV_LOG,30946000,25
LOG_SYS,30949000,24,1
CSV_LOG,30949000,24
LOG_FREE,30949000,300,21
LOG_SYS,30953000,23,1
CSV_LOG,30953000,23
LOG_FREE,30953000,312,32
LOG_SYS,30956000,22,0
CSV_LOG,30956000,22
LOG_FREE,30956000,305,36
LOG_SYS,30959000,22,0
CSV_LOG,30959000,22
LOG_ALLOC,30959000,314,1
LOG_SYS,30963000,23,0
CSV_LOG,30963000,23
LOG_ALLOC,30963000,314,2
LOG_SYS,30966000,24,0
CSV_LOG,30966000,24
LOG_SYS,30969000,24,0
CSV_LOG,30969000,24
LOG_SYS,30973000,24,0
CSV_LOG,30973000,24
LOG_SYS,30976000,24,0
CSV_LOG,30976000,24
LOG_SYS,30979000,24,0
CSV_LOG,30979000,24
LOG_SYS,30983000,24,0
CSV_LOG,30983000,24
LOG_SYS,30986000,24,0
CSV_LOG,30986000,24
LOG_SYS,30989000,24,0
CSV_LOG,30989000,24
LOG_SYS,30993000,24,0
CSV_LOG,30993000,24
LOG_HOST,30993000,442,8,0
LOG_SYS,30996000,23,1
CSV_LOG,30996000,23
LOG_FREE,30996000,271,9
LOG_SYS,30999000,23,1
CSV_LOG,30999000,23
LOG_SYS,31003000,23,0
CSV_LOG,31003000,23
LOG_SYS,31006000,23,0
CSV_LOG,31006000,23
LOG_ALLOC,31006000,315,4
LOG_SYS,31009000,24,0
CSV_LOG,31009000,24
LOG_SYS,31013000,23,0
CSV_LOG,31013000,23
LOG_FREE,31013000,281,0
LOG_SYS,31016000,23,0
CSV_LOG,31016000,23
LOG_SYS,31019000,23,0
CSV_LOG,31019000,23
LOG_SYS,31023000,23,0
CSV_LOG,31023000,23
LOG_SYS,31026000,23,0
CSV_LOG,31026000,23
LOG_SYS,31029000,22,0
CSV_LOG,31029000,22
LOG_FREE,31029000,305,38
LOG_SYS,31033000,22,0
CSV_LOG,31033000,22
LOG_SYS,31036000,22,0
CSV_LOG,31036000,22
LOG_SYS,31039000,22,0
CSV_LOG,31039000,22
LOG_HOST,31039000,443,3,0
LOG_SYS,31043000,22,1
CSV_LOG,31043000,22
LOG_SYS,31046000,22,1
CSV_LOG,31046000,22
LOG_SYS,31049000,22,1
CSV_LOG,31049000,22
LOG_SYS,31053000,22,1
CSV_LOG,31053000,22
LOG_SYS,31056000,22,1
CSV_LOG,31056000,22
LOG_SYS,31059000,22,1
CSV_LOG,31059000,22
LOG_SYS,31063000,22,1
CSV_LOG,31063000,22
LOG_SYS,31066000,22,1
CSV_LOG,31066000,22
LOG_SYS,31069000,22,1
CSV_LOG,31069000,22
LOG_SYS,31073000,21,1
CSV_LOG,31073000,21
LOG_FREE,31073000,312,15
LOG_SYS,31076000,21,1
CSV_LOG,31076000,21
LOG_SYS,31079000,21,1
CSV_LOG,31079000,21
LOG_SYS,31083000,21,1
CSV_LOG,31083000,21
LOG_SYS,31086000,20,1
CSV_LOG,31086000,20
LOG_FREE,31086000,304,12
LOG_SYS,31089000,20,1
CSV_LOG,31089000,20
LOG_SYS,31093000,20,0
CSV_LOG,31093000,20
LOG_SYS,31096000,20,0
CSV_LOG,31096000,20
LOG_ALLOC,31096000,316,0
LOG_SYS,31099000,21,0
CSV_LOG,31099000,21
LOG_ALLOC,31099000,316,5
LOG_HOST,31099000,444,4,0
LOG_SYS,31103000,22,1
CSV_LOG,31103000,22
LOG_ALLOC,31103000,316,7
LOG_SYS,31106000,23,1
CSV_LOG,31106000,23
LOG_ALLOC,31106000,316,8
LOG_SYS,31109000,24,1
CSV_LOG,31109000,24
LOG_ALLOC,31109000,316,9
LOG_SYS,31113000,25,1
CSV_LOG,31113000,25
LOG_SYS,31116000,25,1
CSV_LOG,31116000,25
LOG_SYS,31119000,25,1
CSV_LOG,31119000,25
LOG_SYS,31123000,24,1
CSV_LOG,31123000,24
LOG_FREE,31123000,275,29
LOG_SYS,31126000,24,1
CSV_LOG,31126000,24
LOG_HOST,31129000,445,6,0
LOG_SYS,31129000,24,0
CSV_LOG,31129000,24
LOG_SYS,31133000,24,1
CSV_LOG,31133000,24
LOG_ALLOC,31133000,317,10
LOG_SYS,31136000,25,1
CSV_LOG,31136000,25
LOG_ALLOC,31136000,317,11
LOG_SYS,31139000,26,1
CSV_LOG,31139000,26
LOG_SYS,31143000,25,1
CSV_LOG,31143000,25
LOG_FREE,31143000,316,5
LOG_SYS,31146000,24,1
CSV_LOG,31146000,24
LOG_FREE,31146000,306,40
LOG_SYS,31149000,24,1
CSV_LOG,31149000,24
LOG_SYS,31153000,24,0
CSV_LOG,31153000,24
LOG_SYS,31156000,24,0
CSV_LOG,31156000,24
LOG_ALLOC,31156000,318,5
LOG_SYS,31159000,25,0
CSV_LOG,31159000,25
LOG_SYS,31163000,25,0
CSV_LOG,31163000,25
LOG_SYS,31166000,25,0
CSV_LOG,31166000,25
LOG_SYS,31169000,25,0
CSV_LOG,31169000,25
LOG_SYS,31173000,25,0
CSV_LOG,31173000,25
LOG_SYS,31176000,25,0
CSV_LOG,31176000,25
LOG_SYS,31179000,24,0
CSV_LOG,31179000,24
LOG_FREE,31179000,309,35
LOG_SYS,31183000,24,0
CSV_LOG,31183000,24
LOG_SYS,31186000,24,0
CSV_LOG,31186000,24
LOG_HOST,31186000,446,7,0
LOG_SYS,31189000,24,1
CSV_LOG,31189000,24
LOG_SYS,31193000,23,1
CSV_LOG,31193000,23
LOG_FREE,31193000,305,14
LOG_SYS,31196000,23,1
CSV_LOG,31196000,23
LOG_SYS,31199000,23,0
CSV_LOG,31199000,23
LOG_SYS,31203000,23,0
CSV_LOG,31203000,23
LOG_SYS,31206000,23,0
CSV_LOG,31206000,23
LOG_SYS,31209000,23,0
CSV_LOG,31209000,23
LOG_SYS,31213000,23,0
CSV_LOG,31213000,23
LOG_SYS,31216000,23,0
CSV_LOG,31216000,23
LOG_SYS,31219000,23,0
CSV_LOG,31219000,23
LOG_HOST,31219000,447,2,0
LOG_SYS,31223000,23,1
CSV_LOG,31223000,23
LOG_SYS,31226000,23,1
CSV_LOG,31226000,23
LOG_SYS,31229000,23,1
CSV_LOG,31229000,23
LOG_SYS,31233000,22,1
CSV_LOG,31233000,22
LOG_FREE,31233000,314,1
LOG_SYS,31236000,22,1
CSV_LOG,31236000,22
LOG_SYS,31239000,22,1
CSV_LOG,31239000,22
LOG_SYS,31242000,22,1
CSV_LOG,31242000,22
LOG_SYS,31246000,22,1
CSV_LOG,31246000,22
LOG_SYS,31249000,22,1
CSV_LOG,31249000,22
LOG_SYS,31252000,22,1
CSV_LOG,31252000,22
LOG_SYS,31256000,22,1
CSV_LOG,31256000,22
LOG_SYS,31259000,22,1
CSV_LOG,31259000,22
LOG_SYS,31262000,22,1
CSV_LOG,31262000,22
LOG_SYS,31266000,22,1
CSV_LOG,31266000,22
LOG_SYS,31269000,22,1
CSV_LOG,31269000,22
LOG_SYS,31272000,22,1
CSV_LOG,31272000,22
LOG_SYS,31276000,22,1
CSV_LOG,31276000,22
LOG_SYS,31279000,22,1
CSV_LOG,31279000,22
LOG_SYS,31282000,22,1
CSV_LOG,31282000,22
LOG_SYS,31286000,21,1
CSV_LOG,31286000,21
LOG_FREE,31286000,318,5
LOG_SYS,31289000,21,1
CSV_LOG,31289000,21
LOG_HOST,31292000,448,2,447
LOG_SYS,31292000,21,0
CSV_LOG,31292000,21
LOG_ALLOC,31292000,319,1
LOG_SYS,31296000,22,1
CSV_LOG,31296000,22
LOG_ALLOC,31296000,320,5
LOG_SYS,31299000,23,1
CSV_LOG,31299000,23
LOG_ALLOC,31299000,320,12
LOG_SYS,31302000,24,1
CSV_LOG,31302000,24
LOG_ALLOC,31302000,320,13
LOG_SYS,31306000,25,1
CSV_LOG,31306000,25
LOG_SYS,31309000,24,1
CSV_LOG,31309000,24
LOG_FREE,31309000,281,34
LOG_SYS,31312000,24,1
CSV_LOG,31312000,24
LOG_SYS,31316000,24,0
CSV_LOG,31316000,24
LOG_SYS,31319000,24,0
CSV_LOG,31319000,24
LOG_ALLOC,31319000,321,14
LOG_SYS,31322000,25,0
CSV_LOG,31322000,25
LOG_HOST,31326000,449,5,448
LOG_SYS,31326000,25,0
CSV_LOG,31326000,25
LOG_SYS,31329000,24,1
CSV_LOG,31329000,24
LOG_FREE,31329000,320,13
LOG_SYS,31332000,24,1
CSV_LOG,31332000,24
LOG_SYS,31336000,24,1
CSV_LOG,31336000,24
LOG_SYS,31339000,24,1
CSV_LOG,31339000,24
LOG_SYS,31342000,24,1
CSV_LOG,31342000,24
LOG_SYS,31346000,24,1
CSV_LOG,31346000,24
LOG_SYS,31349000,24,1
CSV_LOG,31349000,24
LOG_SYS,31352000,24,1
CSV_LOG,31352000,24
LOG_SYS,31356000,24,1
CSV_LOG,31356000,24
LOG_SYS,31359000,23,1
CSV_LOG,31359000,23
LOG_FREE,31359000,315,4
LOG_SYS,31362000,23,1
CSV_LOG,31362000,23
LOG_SYS,31366000,23,0
CSV_LOG,31366000,23
LOG_SYS,31369000,23,0
CSV_LOG,31369000,23
LOG_ALLOC,31369000,322,4
LOG_SYS,31372000,24,0
CSV_LOG,31372000,24
LOG_ALLOC,31372000,322,13
LOG_SYS,31376000,25,0
CSV_LOG,31376000,25
LOG_SYS,31379000,25,0
CSV_LOG,31379000,25
LOG_SYS,31382000,25,0
CSV_LOG,31382000,25
LOG_SYS,31386000,24,0
CSV_LOG,31386000,24
LOG_FREE,31386000,316,9
LOG_SYS,31389000,23,0
CSV_LOG,31389000,23
LOG_FREE,31389000,316,8
LOG_SYS,31392000,23,0
CSV_LOG,31392000,23
LOG_SYS,31396000,23,0
CSV_LOG,31396000,23
LOG_HOST,31396000,450,3,449
LOG_SYS,31399000,23,1
CSV_LOG,31399000,23
LOG_SYS,31402000,22,1
CSV_LOG,31402000,22
LOG_FREE,31402000,296,25
LOG_SYS,31406000,22,1
CSV_LOG,31406000,22
LOG_SYS,31409000,21,1
CSV_LOG,31409000,21
LOG_FREE,31409000,320,5
LOG_SYS,31412000,21,1
CSV_LOG,31412000,21
LOG_SYS,31416000,20,1
CSV_LOG,31416000,20
LOG_FREE,31416000,312,6
LOG_SYS,31419000,20,1
CSV_LOG,31419000,20
LOG_SYS,31422000,20,1
CSV_LOG,31422000,20
LOG_SYS,31426000,20,1
CSV_LOG,31426000,20
LOG_SYS,31429000,20,1
CSV_LOG,31429000,20
LOG_SYS,31432000,20,1
CSV_LOG,31432000,20
LOG_SYS,31436000,20,1
CSV_LOG,31436000,20
LOG_SYS,31439000,20,1
CSV_LOG,31439000,20
LOG_SYS,31442000,20,1
CSV_LOG,31442000,20
LOG_SYS,31446000,20,1
CSV_LOG,31446000,20
LOG_SYS,31449000,20,1
CSV_LOG,31449000,20
LOG_SYS,31452000,20,1
CSV_LOG,31452000,20
LOG_SYS,31456000,19,1
CSV_LOG,31456000,19
LOG_FREE,31456000,309,33
LOG_SYS,31459000,19,1
CSV_LOG,31459000,19
LOG_HOST,31462000,451,4,0
LOG_SYS,31462000,19,0
CSV_LOG,31462000,19
LOG_SYS,31466000,19,1
CSV_LOG,31466000,19
LOG_ALLOC,31466000,323,5
LOG_SYS,31469000,20,1
CSV_LOG,31469000,20
LOG_ALLOC,31469000,323,6
LOG_SYS,31472000,21,1
CSV_LOG,31472000,21
LOG_SYS,31476000,21,1
CSV_LOG,31476000,21
LOG_SYS,31479000,21,1
CSV_LOG,31479000,21
LOG_SYS,31482000,21,1
CSV_LOG,31482000,21
LOG_SYS,31486000,21,1
CSV_LOG,31486000,21
LOG_SYS,31489000,21,1
CSV_LOG,31489000,21
LOG_SYS,31492000,21,1
CSV_LOG,31492000,21
LOG_SYS,31496000,20,1
CSV_LOG,31496000,20
LOG_FREE,31496000,308,19
LOG_SYS,31499000,20,1
CSV_LOG,31499000,20
LOG_SYS,31502000,20,1
CSV_LOG,31502000,20
LOG_SYS,31506000,20,1
CSV_LOG,31506000,20
LOG_SYS,31509000,20,1
CSV_LOG,31509000,20
LOG_SYS,31512000,20,1
CSV_LOG,31512000,20
LOG_SYS,31516000,20,1
CSV_LOG,31516000,20
LOG_SYS,31519000,20,1
CSV_LOG,31519000,20
LOG_SYS,31522000,20,1
CSV_LOG,31522000,20
LOG_SYS,31526000,20,1
CSV_LOG,31526000,20
LOG_SYS,31529000,20,1
CSV_LOG,31529000,20
LOG_SYS,31532000,20,1
CSV_LOG,31532000,20
LOG_SYS,31536000,20,1
CSV_LOG,31536000,20
LOG_SYS,31539000,20,1
CSV_LOG,31539000,20
LOG_SYS,31542000,20,1
CSV_LOG,31542000,20
LOG_SYS,31546000,20,1
CSV_LOG,31546000,20
LOG_SYS,31549000,20,1
CSV_LOG,31549000,20
LOG_SYS,31552000,19,1
CSV_LOG,31552000,19
LOG_FREE,31552000,310,42
LOG_SYS,31556000,19,1
CSV_LOG,31556000,19
LOG_SYS,31559000,19,1
CSV_LOG,31559000,19
LOG_SYS,31562000,19,1
CSV_LOG,31562000,19
LOG_SYS,31566000,19,1
CSV_LOG,31566000,19
LOG_SYS,31569000,19,1
CSV_LOG,31569000,19
LOG_SYS,31572000,19,1
CSV_LOG,31572000,19
LOG_SYS,31576000,19,1
CSV_LOG,31576000,19
LOG_SYS,31579000,19,1
CSV_LOG,31579000,19
LOG_SYS,31582000,19,1
CSV_LOG,31582000,19
LOG_SYS,31586000,19,1
CSV_LOG,31586000,19
LOG_SYS,31589000,19,1
CSV_LOG,31589000,19
LOG_SYS,31592000,19,1
CSV_LOG,31592000,19
LOG_SYS,31596000,19,1
CSV_LOG,31596000,19
LOG_SYS,31599000,18,1
CSV_LOG,31599000,18
LOG_FREE,31599000,312,23
LOG_SYS,31602000,18,1
CSV_LOG,31602000,18
LOG_HOST,31606000,452,2,0
LOG_SYS,31606000,17,0
CSV_LOG,31606000,17
LOG_ALLOC,31606000,313,4
LOG_FREE,31606000,322,4
LOG_SYS,31609000,18,1
CSV_LOG,31609000,18
LOG_ALLOC,31609000,324,8
LOG_SYS,31612000,18,1
CSV_LOG,31612000,18
LOG_ALLOC,31612000,313,9
LOG_FREE,31612000,321,14
LOG_SYS,31616000,19,1
CSV_LOG,31616000,19
LOG_SYS,31619000,19,0
CSV_LOG,31619000,19
LOG_SYS,31622000,19,0
CSV_LOG,31622000,19
LOG_SYS,31626000,19,0
CSV_LOG,31626000,19
LOG_SYS,31629000,19,0
CSV_LOG,31629000,19
LOG_SYS,31632000,19,0
CSV_LOG,31632000,19
LOG_SYS,31636000,19,0
CSV_LOG,31636000,19
LOG_SYS,31639000,19,0
CSV_LOG,31639000,19
LOG_SYS,31642000,19,0
CSV_LOG,31642000,19
LOG_SYS,31646000,19,0
CSV_LOG,31646000,19
LOG_SYS,31649000,19,0
CSV_LOG,31649000,19
LOG_SYS,31652000,19,0
CSV_LOG,31652000,19
LOG_SYS,31656000,19,0
CSV_LOG,31656000,19
LOG_SYS,31659000,19,0
CSV_LOG,31659000,19
LOG_SYS,31662000,19,0
CSV_LOG,31662000,19
LOG_SYS,31666000,19,0
CSV_LOG,31666000,19
LOG_SYS,31669000,18,0
CSV_LOG,31669000,18
LOG_FREE,31669000,319,1
LOG_SYS,31672000,18,0
CSV_LOG,31672000,18
LOG_SYS,31676000,18,0
CSV_LOG,31676000,18
LOG_SYS,31679000,18,0
CSV_LOG,31679000,18
LOG_SYS,31682000,18,0
CSV_LOG,31682000,18
LOG_SYS,31686000,18,0
CSV_LOG,31686000,18
LOG_SYS,31689000,18,0
CSV_LOG,31689000,18
LOG_HOST,31689000,453,4,0
LOG_SYS,31692000,18,0
CSV_LOG,31692000,18
LOG_SYS,31696000,17,0
CSV_LOG,31696000,17
LOG_FREE,31696000,320,12
LOG_SYS,31699000,16,0
CSV_LOG,31699000,16
LOG_FREE,31699000,303,30
LOG_SYS,31702000,16,0
CSV_LOG,31702000,16
LOG_SYS,31706000,16,0
CSV_LOG,31706000,16
LOG_ALLOC,31706000,327,1
LOG_SYS,31709000,17,0
CSV_LOG,31709000,17
LOG_ALLOC,31709000,328,12
LOG_SYS,31712000,18,0
CSV_LOG,31712000,18
LOG_ALLOC,31712000,328,14
LOG_SYS,31716000,18,0
CSV_LOG,31716000,18
LOG_ALLOC,31716000,328,7
LOG_FREE,31716000,316,7
LOG_SYS,31719000,18,0
CSV_LOG,31719000,18
LOG_ALLOC,31719000,328,15
LOG_FREE,31719000,308,22
LOG_SYS,31722000,19,0
CSV_LOG,31722000,19
LOG_ALLOC,31722000,327,17
LOG_SYS,31726000,20,0
CSV_LOG,31726000,20
LOG_ALLOC,31726000,327,18
LOG_SYS,31729000,21,0
CSV_LOG,31729000,21
LOG_ALLOC,31729000,327,19
LOG_SYS,31732000,22,0
CSV_LOG,31732000,22
LOG_ALLOC,31732000,327,20
LOG_SYS,31736000,23,0
CSV_LOG,31736000,23
LOG_HOST,31736000,454,2,453
LOG_SYS,31739000,23,0
CSV_LOG,31739000,23
LOG_SYS,31742000,23,0
CSV_LOG,31742000,23
LOG_SYS,31746000,23,0
CSV_LOG,31746000,23
LOG_SYS,31749000,23,0
CSV_LOG,31749000,23
LOG_SYS,31752000,23,0
CSV_LOG,31752000,23
LOG_SYS,31756000,23,0
CSV_LOG,31756000,23
LOG_SYS,31759000,23,0
CSV_LOG,31759000,23
LOG_SYS,31762000,23,0
CSV_LOG,31762000,23
LOG_SYS,31766000,23,0
CSV_LOG,31766000,23
LOG_SYS,31769000,23,0
CSV_LOG,31769000,23
LOG_SYS,31772000,23,0
CSV_LOG,31772000,23
LOG_SYS,31776000,22,0
CSV_LOG,31776000,22
LOG_FREE,31776000,314,2
LOG_SYS,31779000,22,0
CSV_LOG,31779000,22
LOG_SYS,31782000,22,0
CSV_LOG,31782000,22
LOG_SYS,31786000,22,0
CSV_LOG,31786000,22
LOG_ALLOC,31786000,330,2
LOG_SYS,31789000,22,0
CSV_LOG,31789000,22
LOG_ALLOC,31789000,330,18
LOG_FREE,31789000,327,18
LOG_SYS,31792000,23,0
CSV_LOG,31792000,23
LOG_ALLOC,31792000,330,21
LOG_SYS,31796000,24,0
CSV_LOG,31796000,24
LOG_ALLOC,31796000,330,22
LOG_SYS,31799000,24,0
CSV_LOG,31799000,24
LOG_ALLOC,31799000,330,8
LOG_FREE,31799000,324,8
LOG_SYS,31802000,25,0
CSV_LOG,31802000,25
LOG_ALLOC,31802000,330,23
LOG_SYS,31806000,26,0
CSV_LOG,31806000,26
LOG_ALLOC,31806000,325,24
LOG_SYS,31809000,27,0
CSV_LOG,31809000,27
LOG_ALLOC,31809000,331,25
LOG_HOST,31809000,455,6,454
LOG_SYS,31812000,28,0
CSV_LOG,31812000,28
LOG_ALLOC,31812000,325,26
LOG_SYS,31816000,29,0
CSV_LOG,31816000,29
LOG_SYS,31819000,29,0
CSV_LOG,31819000,29
LOG_SYS,31822000,28,0
CSV_LOG,31822000,28
LOG_FREE,31822000,310,43
LOG_SYS,31826000,28,0
CSV_LOG,31826000,28
LOG_SYS,31829000,28,0
CSV_LOG,31829000,28
LOG_SYS,31832000,28,0
CSV_LOG,31832000,28
LOG_SYS,31836000,28,0
CSV_LOG,31836000,28
LOG_SYS,31839000,28,0
CSV_LOG,31839000,28
LOG_SYS,31842000,28,0
CSV_LOG,31842000,28
LOG_SYS,31846000,28,0
CSV_LOG,31846000,28
LOG_SYS,31849000,28,0
CSV_LOG,31849000,28
LOG_SYS,31852000,27,0
CSV_LOG,31852000,27
LOG_FREE,31852000,327,1
LOG_SYS,31856000,27,0
CSV_LOG,31856000,27
LOG_HOST,31859000,456,8,0
LOG_SYS,31859000,27,0
CSV_LOG,31859000,27
LOG_SYS,31862000,27,0
CSV_LOG,31862000,27
LOG_SYS,31866000,27,0
CSV_LOG,31866000,27
LOG_SYS,31869000,27,0
CSV_LOG,31869000,27
LOG_SYS,31872000,27,0
CSV_LOG,31872000,27
LOG_SYS,31876000,27,0
CSV_LOG,31876000,27
LOG_SYS,31879000,27,0
CSV_LOG,31879000,27
LOG_SYS,31882000,27,0
CSV_LOG,31882000,27
LOG_SYS,31886000,27,0
CSV_LOG,31886000,27
LOG_SYS,31889000,27,0
CSV_LOG,31889000,27
LOG_HOST,31889000,457,2,456
LOG_SYS,31892000,27,0
CSV_LOG,31892000,27
LOG_SYS,31896000,27,0
CSV_LOG,31896000,27
LOG_SYS,31899000,26,0
CSV_LOG,31899000,26
LOG_FREE,31899000,316,0
LOG_SYS,31902000,25,0
CSV_LOG,31902000,25
LOG_FREE,31902000,330,23
LOG_SYS,31906000,25,0
CSV_LOG,31906000,25
LOG_SYS,31909000,25,0
CSV_LOG,31909000,25
LOG_ALLOC,31909000,332,0
LOG_SYS,31912000,26,0
CSV_LOG,31912000,26
LOG_SYS,31916000,26,0
CSV_LOG,31916000,26
LOG_SYS,31919000,26,0
CSV_LOG,31919000,26
LOG_SYS,31922000,26,0
CSV_LOG,31922000,26
LOG_SYS,31926000,26,0
CSV_LOG,31926000,26
LOG_SYS,31929000,26,0
CSV_LOG,31929000,26
LOG_SYS,31932000,26,0
CSV_LOG,31932000,26
LOG_SYS,31936000,26,0
CSV_LOG,31936000,26
LOG_SYS,31939000,25,0
CSV_LOG,31939000,25
LOG_FREE,31939000,327,17
LOG_SYS,31942000,25,0
CSV_LOG,31942000,25
LOG_SYS,31946000,25,0
CSV_LOG,31946000,25
LOG_SYS,31949000,25,0
CSV_LOG,31949000,25
LOG_SYS,31952000,25,0
CSV_LOG,31952000,25
LOG_SYS,31956000,25,0
CSV_LOG,31956000,25
LOG_SYS,31959000,25,0
CSV_LOG,31959000,25
LOG_SYS,31962000,25,0
CSV_LOG,31962000,25
LOG_SYS,31966000,25,0
CSV_LOG,31966000,25
LOG_SYS,31969000,25,0
CSV_LOG,31969000,25
LOG_HOST,31972000,458,7,0
LOG_SYS,31972000,25,0
CSV_LOG,31972000,25
LOG_SYS,31976000,25,0
CSV_LOG,31976000,25
LOG_SYS,31979000,25,0
CSV_LOG,31979000,25
LOG_SYS,31982000,25,0
CSV_LOG,31982000,25
LOG_SYS,31986000,25,0
CSV_LOG,31986000,25
LOG_SYS,31989000,25,0
CSV_LOG,31989000,25
LOG_SYS,31992000,25,0
CSV_LOG,31992000,25
LOG_SYS,31996000,25,0
CSV_LOG,31996000,25
LOG_SYS,31999000,25,0
CSV_LOG,31999000,25
LOG_SYS,32002000,25,0
CSV_LOG,32002000,25
LOG_SYS,32006000,25,0
CSV_LOG,32006000,25
LOG_SYS,32009000,24,0
CSV_LOG,32009000,24
LOG_FREE,32009000,325,24
LOG_SYS,32012000,23,0
CSV_LOG,32012000,23
LOG_FREE,32012000,325,26
LOG_SYS,32016000,23,0
CSV_LOG,32016000,23
LOG_SYS,32019000,23,0
CSV_LOG,32019000,23
LOG_ALLOC,32019000,326,1
LOG_SYS,32022000,24,0
CSV_LOG,32022000,24
LOG_ALLOC,32022000,326,17
LOG_SYS,32026000,25,0
CSV_LOG,32026000,25
LOG_ALLOC,32026000,326,23
LOG_SYS,32029000,26,0
CSV_LOG,32029000,26
LOG_ALLOC,32029000,326,24
LOG_SYS,32032000,27,0
CSV_LOG,32032000,27
LOG_ALLOC,32032000,333,26
LOG_SYS,32036000,28,0
CSV_LOG,32036000,28
LOG_SYS,32039000,28,0
CSV_LOG,32039000,28
LOG_SYS,32042000,28,0
CSV_LOG,32042000,28
LOG_SYS,32046000,28,0
CSV_LOG,32046000,28
LOG_SYS,32049000,28,0
CSV_LOG,32049000,28
LOG_SYS,32052000,27,0
CSV_LOG,32052000,27
LOG_FREE,32052000,287,16
LOG_SYS,32056000,27,0
CSV_LOG,32056000,27
LOG_HOST,32056000,459,5,0
LOG_SYS,32059000,27,0
CSV_LOG,32059000,27
LOG_SYS,32062000,26,0
CSV_LOG,32062000,26
LOG_FREE,32062000,327,20
LOG_SYS,32066000,26,0
CSV_LOG,32066000,26
LOG_SYS,32069000,26,0
CSV_LOG,32069000,26
LOG_SYS,32072000,26,0
CSV_LOG,32072000,26
LOG_SYS,32075000,26,0
CSV_LOG,32075000,26
LOG_SYS,32079000,26,0
CSV_LOG,32079000,26
LOG_SYS,32082000,26,0
CSV_LOG,32082000,26
LOG_SYS,32085000,26,0
CSV_LOG,32085000,26
LOG_SYS,32089000,26,0
CSV_LOG,32089000,26
LOG_SYS,32092000,26,0
CSV_LOG,32092000,26
LOG_SYS,32095000,26,0
CSV_LOG,32095000,26
LOG_SYS,32099000,26,0
CSV_LOG,32099000,26
LOG_SYS,32102000,26,0
CSV_LOG,32102000,26
LOG_HOST,32105000,460,8,459
LOG_SYS,32105000,25,0
CSV_LOG,32105000,25
LOG_FREE,32105000,326,17
LOG_SYS,32109000,24,0
CSV_LOG,32109000,24
LOG_FREE,32109000,326,1
LOG_SYS,32112000,24,0
CSV_LOG,32112000,24
LOG_SYS,32115000,24,0
CSV_LOG,32115000,24
LOG_SYS,32119000,24,0
CSV_LOG,32119000,24
LOG_SYS,32122000,24,0
CSV_LOG,32122000,24
LOG_SYS,32125000,24,0
CSV_LOG,32125000,24
LOG_SYS,32129000,24,0
CSV_LOG,32129000,24
LOG_SYS,32132000,24,0
CSV_LOG,32132000,24
LOG_SYS,32135000,24,0
CSV_LOG,32135000,24
LOG_SYS,32139000,24,0
CSV_LOG,32139000,24
LOG_SYS,32142000,24,0
CSV_LOG,32142000,24
LOG_SYS,32145000,24,0
CSV_LOG,32145000,24
LOG_SYS,32149000,24,0
CSV_LOG,32149000,24
LOG_SYS,32152000,24,0
CSV_LOG,32152000,24
LOG_SYS,32155000,24,0
CSV_LOG,32155000,24
LOG_HOST,32159000,461,2,0
LOG_SYS,32159000,23,0
CSV_LOG,32159000,23
LOG_FREE,32159000,330,8
LOG_SYS,32162000,23,0
CSV_LOG,32162000,23
LOG_SYS,32165000,22,0
CSV_LOG,32165000,22
LOG_FREE,32165000,322,13
LOG_SYS,32169000,21,0
CSV_LOG,32169000,21
LOG_FREE,32169000,328,14
LOG_SYS,32172000,21,0
CSV_LOG,32172000,21
LOG_SYS,32175000,21,0
CSV_LOG,32175000,21
LOG_ALLOC,32175000,335,1
LOG_SYS,32179000,22,0
CSV_LOG,32179000,22
LOG_ALLOC,32179000,335,8
LOG_SYS,32182000,23,0
CSV_LOG,32182000,23
LOG_ALLOC,32182000,335,13
LOG_SYS,32185000,23,0
CSV_LOG,32185000,23
LOG_ALLOC,32185000,335,10
LOG_FREE,32185000,317,10
LOG_SYS,32189000,24,0
CSV_LOG,32189000,24
LOG_SYS,32192000,24,0
CSV_LOG,32192000,24
LOG_SYS,32195000,24,0
CSV_LOG,32195000,24
LOG_SYS,32199000,24,0
CSV_LOG,32199000,24
LOG_SYS,32202000,24,0
CSV_LOG,32202000,24
LOG_HOST,32202000,462,2,0
LOG_SYS,32205000,24,0
CSV_LOG,32205000,24
LOG_SYS,32209000,24,0
CSV_LOG,32209000,24
LOG_SYS,32212000,23,0
CSV_LOG,32212000,23
LOG_FREE,32212000,331,25
LOG_SYS,32215000,23,0
CSV_LOG,32215000,23
LOG_SYS,32219000,23,0
CSV_LOG,32219000,23
LOG_SYS,32222000,23,0
CSV_LOG,32222000,23
LOG_ALLOC,32222000,336,14
LOG_SYS,32225000,24,0
CSV_LOG,32225000,24
LOG_SYS,32229000,23,0
CSV_LOG,32229000,23
LOG_FREE,32229000,296,3
LOG_SYS,32232000,23,0
CSV_LOG,32232000,23
LOG_SYS,32235000,23,0
CSV_LOG,32235000,23
LOG_SYS,32239000,23,0
CSV_LOG,32239000,23
LOG_ALLOC,32239000,337,3
LOG_SYS,32242000,24,0
CSV_LOG,32242000,24
LOG_ALLOC,32242000,337,16
LOG_SYS,32245000,25,0
CSV_LOG,32245000,25
LOG_ALLOC,32245000,337,17
LOG_SYS,32249000,25,0
CSV_LOG,32249000,25
LOG_FREE,32249000,323,6
LOG_HOST,32249000,463,6,462
LOG_SYS,32252000,24,0
CSV_LOG,32252000,24
LOG_FREE,32252000,330,18
LOG_SYS,32255000,24,0
CSV_LOG,32255000,24
LOG_SYS,32259000,24,0
CSV_LOG,32259000,24
LOG_SYS,32262000,23,0
CSV_LOG,32262000,23
LOG_FREE,32262000,327,19
LOG_SYS,32265000,23,0
CSV_LOG,32265000,23
LOG_SYS,32269000,23,0
CSV_LOG,32269000,23
LOG_SYS,32272000,23,0
CSV_LOG,32272000,23
LOG_ALLOC,32272000,338,6
LOG_SYS,32275000,24,0
CSV_LOG,32275000,24
LOG_ALLOC,32275000,338,18
LOG_SYS,32279000,25,0
CSV_LOG,32279000,25
LOG_ALLOC,32279000,338,19
LOG_SYS,32282000,26,0
CSV_LOG,32282000,26
LOG_ALLOC,32282000,338,20
LOG_SYS,32285000,27,0
CSV_LOG,32285000,27
LOG_ALLOC,32285000,338,25
LOG_SYS,32289000,28,0
CSV_LOG,32289000,28
LOG_ALLOC,32289000,338,27
LOG_SYS,32292000,29,0
CSV_LOG,32292000,29
LOG_SYS,32295000,29,0
CSV_LOG,32295000,29
LOG_SYS,32299000,29,0
CSV_LOG,32299000,29
LOG_SYS,32302000,29,0
CSV_LOG,32302000,29
LOG_SYS,32305000,29,0
CSV_LOG,32305000,29
LOG_SYS,32309000,29,0
CSV_LOG,32309000,29
LOG_HOST,32312000,464,1,463
LOG_SYS,32312000,29,0
CSV_LOG,32312000,29
LOG_SYS,32315000,29,0
CSV_LOG,32315000,29
LOG_SYS,32319000,29,0
CSV_LOG,32319000,29
LOG_SYS,32322000,29,0
CSV_LOG,32322000,29
LOG_SYS,32325000,29,0
CSV_LOG,32325000,29
LOG_SYS,32329000,29,0
CSV_LOG,32329000,29
LOG_SYS,32332000,29,0
CSV_LOG,32332000,29
LOG_SYS,32335000,29,0
CSV_LOG,32335000,29
LOG_SYS,32339000,29,0
CSV_LOG,32339000,29
LOG_SYS,32342000,29,0
CSV_LOG,32342000,29
LOG_SYS,32345000,29,0
CSV_LOG,32345000,29
LOG_SYS,32349000,29,0
CSV_LOG,32349000,29
LOG_SYS,32352000,29,0
CSV_LOG,32352000,29
LOG_SYS,32355000,28,0
CSV_LOG,32355000,28
LOG_FREE,32355000,336,14
LOG_SYS,32359000,28,0
CSV_LOG,32359000,28
LOG_SYS,32362000,28,0
CSV_LOG,32362000,28
LOG_SYS,32365000,28,0
CSV_LOG,32365000,28
LOG_ALLOC,32365000,339,14
LOG_SYS,32369000,29,0
CSV_LOG,32369000,29
LOG_ALLOC,32369000,339,29
LOG_SYS,32372000,30,0
CSV_LOG,32372000,30
LOG_ALLOC,32372000,339,30
LOG_SYS,32375000,31,0
CSV_LOG,32375000,31
LOG_ALLOC,32375000,339,31
LOG_SYS,32379000,32,0
CSV_LOG,32379000,32
LOG_SYS,32382000,32,0
CSV_LOG,32382000,32
LOG_SYS,32385000,32,0
CSV_LOG,32385000,32
LOG_SYS,32389000,32,0
CSV_LOG,32389000,32
LOG_SYS,32392000,31,0
CSV_LOG,32392000,31
LOG_FREE,32392000,328,7
LOG_SYS,32395000,30,0
CSV_LOG,32395000,30
LOG_FREE,32395000,310,28
LOG_HOST,32395000,465,8,0
LOG_SYS,32399000,30,0
CSV_LOG,32399000,30
LOG_SYS,32402000,29,0
CSV_LOG,32402000,29
LOG_ALLOC,32402000,311,7
LOG_FREE,32402000,338,18
LOG_SYS,32405000,30,0
CSV_LOG,32405000,30
LOG_ALLOC,32405000,340,18
LOG_SYS,32409000,31,0
CSV_LOG,32409000,31
LOG_ALLOC,32409000,340,28
LOG_SYS,32412000,32,0
CSV_LOG,32412000,32
LOG_ALLOC,32412000,340,32
LOG_SYS,32415000,33,0
CSV_LOG,32415000,33
LOG_ALLOC,32415000,340,33
LOG_SYS,32419000,34,0
CSV_LOG,32419000,34
LOG_ALLOC,32419000,311,34
LOG_SYS,32422000,35,0
CSV_LOG,32422000,35
LOG_ALLOC,32422000,311,35
LOG_SYS,32425000,36,0
CSV_LOG,32425000,36
LOG_ALLOC,32425000,311,36
LOG_SYS,32429000,37,0
CSV_LOG,32429000,37
LOG_ALLOC,32429000,311,37
LOG_SYS,32432000,38,0
CSV_LOG,32432000,38
LOG_SYS,32435000,38,0
CSV_LOG,32435000,38
LOG_SYS,32439000,38,0
CSV_LOG,32439000,38
LOG_SYS,32442000,38,0
CSV_LOG,32442000,38
LOG_HOST,32445000,466,2,0
LOG_SYS,32445000,38,0
CSV_LOG,32445000,38
LOG_SYS,32449000,38,0
CSV_LOG,32449000,38
LOG_SYS,32452000,38,0
CSV_LOG,32452000,38
LOG_SYS,32455000,38,0
CSV_LOG,32455000,38
LOG_SYS,32459000,38,0
CSV_LOG,32459000,38
LOG_SYS,32462000,38,0
CSV_LOG,32462000,38
LOG_SYS,32465000,38,0
CSV_LOG,32465000,38
LOG_SYS,32469000,37,0
CSV_LOG,32469000,37
LOG_FREE,32469000,335,8
LOG_SYS,32472000,37,0
CSV_LOG,32472000,37
LOG_SYS,32475000,37,0
CSV_LOG,32475000,37
LOG_SYS,32479000,37,0
CSV_LOG,32479000,37
LOG_SYS,32482000,37,0
CSV_LOG,32482000,37
LOG_SYS,32485000,37,0
CSV_LOG,32485000,37
LOG_SYS,32489000,37,0
CSV_LOG,32489000,37
LOG_SYS,32492000,37,0
CSV_LOG,32492000,37
LOG_SYS,32495000,37,0
CSV_LOG,32495000,37
LOG_SYS,32499000,37,0
CSV_LOG,32499000,37
LOG_SYS,32502000,37,0
CSV_LOG,32502000,37
LOG_SYS,32505000,37,0
CSV_LOG,32505000,37
LOG_SYS,32509000,37,0
CSV_LOG,32509000,37
LOG_SYS,32512000,37,0
CSV_LOG,32512000,37
LOG_SYS,32515000,37,0
CSV_LOG,32515000,37
LOG_SYS,32519000,37,0
CSV_LOG,32519000,37
LOG_SYS,32522000,36,0
CSV_LOG,32522000,36
LOG_FREE,32522000,335,13
LOG_HOST,32525000,467,3,466
LOG_SYS,32525000,35,0
CSV_LOG,32525000,35
LOG_FREE,32525000,340,32
LOG_SYS,32529000,34,0
CSV_LOG,32529000,34
LOG_FREE,32529000,330,21
LOG_SYS,32532000,33,0
CSV_LOG,32532000,33
LOG_FREE,32532000,339,30
LOG_SYS,32535000,32,0
CSV_LOG,32535000,32
LOG_FREE,32535000,339,31
LOG_SYS,32539000,32,0
CSV_LOG,32539000,32
LOG_SYS,32542000,32,0
CSV_LOG,32542000,32
LOG_SYS,32545000,32,0
CSV_LOG,32545000,32
LOG_SYS,32549000,31,0
CSV_LOG,32549000,31
LOG_FREE,32549000,311,34
LOG_SYS,32552000,31,0
CSV_LOG,32552000,31
LOG_SYS,32555000,31,0
CSV_LOG,32555000,31
LOG_SYS,32559000,31,0
CSV_LOG,32559000,31
LOG_SYS,32562000,31,0
CSV_LOG,32562000,31
LOG_HOST,32562000,468,3,0
LOG_SYS,32565000,31,1
CSV_LOG,32565000,31
LOG_SYS,32569000,31,1
CSV_LOG,32569000,31
LOG_SYS,32572000,31,1
CSV_LOG,32572000,31
LOG_SYS,32575000,30,1
CSV_LOG,32575000,30
LOG_FREE,32575000,328,15
LOG_SYS,32579000,29,1
CSV_LOG,32579000,29
LOG_FREE,32579000,340,33
LOG_SYS,32582000,29,1
CSV_LOG,32582000,29
LOG_SYS,32585000,29,1
CSV_LOG,32585000,29
LOG_SYS,32589000,28,1
CSV_LOG,32589000,28
LOG_FREE,32589000,323,5
LOG_SYS,32592000,28,1
CSV_LOG,32592000,28
LOG_HOST,32595000,469,8,468
LOG_SYS,32595000,28,0
CSV_LOG,32595000,28
LOG_SYS,32599000,28,1
CSV_LOG,32599000,28
LOG_ALLOC,32599000,341,5
LOG_SYS,32602000,29,1
CSV_LOG,32602000,29
LOG_ALLOC,32602000,341,8
LOG_SYS,32605000,29,1
CSV_LOG,32605000,29
LOG_ALLOC,32605000,341,10
LOG_FREE,32605000,335,10
LOG_SYS,32609000,29,1
CSV_LOG,32609000,29
LOG_ALLOC,32609000,341,13
LOG_FREE,32609000,338,20
LOG_SYS,32612000,30,1
CSV_LOG,32612000,30
LOG_ALLOC,32612000,341,15
LOG_SYS,32615000,31,1
CSV_LOG,32615000,31
LOG_ALLOC,32615000,341,20
LOG_SYS,32619000,32,1
CSV_LOG,32619000,32
LOG_ALLOC,32619000,341,21
LOG_SYS,32622000,33,1
CSV_LOG,32622000,33
LOG_SYS,32625000,33,1
CSV_LOG,32625000,33
LOG_SYS,32629000,33,1
CSV_LOG,32629000,33
LOG_SYS,32632000,33,1
CSV_LOG,32632000,33
LOG_SYS,32635000,33,1
CSV_LOG,32635000,33
LOG_SYS,32639000,33,1
CSV_LOG,32639000,33
LOG_SYS,32642000,33,1
CSV_LOG,32642000,33
LOG_SYS,32645000,33,1
CSV_LOG,32645000,33
LOG_SYS,32649000,33,1
CSV_LOG,32649000,33
LOG_SYS,32652000,33,1
CSV_LOG,32652000,33
LOG_SYS,32655000,32,1
CSV_LOG,32655000,32
LOG_FREE,32655000,328,12
LOG_SYS,32659000,32,1
CSV_LOG,32659000,32
LOG_HOST,32662000,470,8,0
LOG_SYS,32662000,31,0
CSV_LOG,32662000,31
LOG_ALLOC,32662000,329,7
LOG_FREE,32662000,311,7
LOG_SYS,32665000,32,1
CSV_LOG,32665000,32
LOG_ALLOC,32665000,342,12
LOG_SYS,32669000,33,1
CSV_LOG,32669000,33
LOG_ALLOC,32669000,342,30
LOG_SYS,32672000,33,1
CSV_LOG,32672000,33
LOG_ALLOC,32672000,342,0
LOG_FREE,32672000,332,0
LOG_SYS,32675000,34,1
CSV_LOG,32675000,34
LOG_ALLOC,32675000,342,31
LOG_SYS,32679000,35,0
CSV_LOG,32679000,35
LOG_ALLOC,32679000,329,32
LOG_SYS,32682000,36,0
CSV_LOG,32682000,36
LOG_ALLOC,32682000,343,33
LOG_SYS,32685000,37,0
CSV_LOG,32685000,37
LOG_ALLOC,32685000,329,34
LOG_SYS,32689000,38,0
CSV_LOG,32689000,38
LOG_ALLOC,32689000,329,38
LOG_SYS,32692000,39,0
CSV_LOG,32692000,39
LOG_ALLOC,32692000,329,39
LOG_SYS,32695000,40,0
CSV_LOG,32695000,40
LOG_ALLOC,32695000,329,40
LOG_SYS,32699000,41,0
CSV_LOG,32699000,41
LOG_SYS,32702000,41,0
CSV_LOG,32702000,41
LOG_SYS,32705000,40,0
CSV_LOG,32705000,40
LOG_FREE,32705000,333,26
LOG_SYS,32709000,40,0
CSV_LOG,32709000,40
LOG_SYS,32712000,39,0
CSV_LOG,32712000,39
LOG_ALLOC,32712000,334,12
LOG_FREE,32712000,342,12
LOG_SYS,32715000,40,0
CSV_LOG,32715000,40
LOG_ALLOC,32715000,334,26
LOG_SYS,32719000,41,0
CSV_LOG,32719000,41
LOG_ALLOC,32719000,334,41
LOG_SYS,32722000,42,0
CSV_LOG,32722000,42
LOG_ALLOC,32722000,334,42
LOG_SYS,32725000,43,0
CSV_LOG,32725000,43
LOG_ALLOC,32725000,334,43
LOG_SYS,32729000,44,0
CSV_LOG,32729000,44
LOG_ALLOC,32729000,334,44
LOG_SYS,32732000,45,0
CSV_LOG,32732000,45
LOG_ALLOC,32732000,334,45
LOG_SYS,32735000,46,0
CSV_LOG,32735000,46
LOG_ALLOC,32735000,344,46
LOG_SYS,32739000,47,0
CSV_LOG,32739000,47
LOG_ALLOC,32739000,344,47
LOG_HOST,32742000,471,6,0
LOG_SYS,32742000,48,0
CSV_LOG,32742000,48
LOG_ALLOC,32742000,344,48
LOG_SYS,32745000,49,0
CSV_LOG,32745000,49
LOG_SYS,32749000,49,0
CSV_LOG,32749000,49
LOG_SYS,32752000,49,0
CSV_LOG,32752000,49
LOG_SYS,32755000,49,0
CSV_LOG,32755000,49
LOG_SYS,32759000,49,0
CSV_LOG,32759000,49
LOG_SYS,32762000,49,0
CSV_LOG,32762000,49
LOG_SYS,32765000,48,0
CSV_LOG,32765000,48
LOG_FREE,32765000,340,18
LOG_SYS,32769000,48,0
CSV_LOG,32769000,48
LOG_SYS,32772000,47,0
CSV_LOG,32772000,47
LOG_FREE,32772000,329,32
LOG_SYS,32775000,47,0
CSV_LOG,32775000,47
LOG_SYS,32779000,47,0
CSV_LOG,32779000,47
LOG_SYS,32782000,47,0
CSV_LOG,32782000,47
LOG_SYS,32785000,47,0
CSV_LOG,32785000,47
LOG_SYS,32789000,47,0
CSV_LOG,32789000,47
LOG_SYS,32792000,47,0
CSV_LOG,32792000,47
LOG_SYS,32795000,47,0
CSV_LOG,32795000,47
LOG_SYS,32799000,46,0
CSV_LOG,32799000,46
LOG_FREE,32799000,330,2
LOG_SYS,32802000,45,0
CSV_LOG,32802000,45
LOG_FREE,32802000,343,33
LOG_SYS,32805000,45,0
CSV_LOG,32805000,45
LOG_HOST,32809000,472,6,0
LOG_SYS,32809000,45,0
CSV_LOG,32809000,45
LOG_SYS,32812000,45,0
CSV_LOG,32812000,45
LOG_ALLOC,32812000,345,2
LOG_SYS,32815000,46,0
CSV_LOG,32815000,46
LOG_SYS,32819000,46,0
CSV_LOG,32819000,46
LOG_SYS,32822000,46,0
CSV_LOG,32822000,46
LOG_SYS,32825000,46,0
CSV_LOG,32825000,46
LOG_SYS,32829000,45,0
CSV_LOG,32829000,45
LOG_FREE,32829000,341,20
LOG_SYS,32832000,45,0
CSV_LOG,32832000,45
LOG_SYS,32835000,45,0
CSV_LOG,32835000,45
LOG_SYS,32839000,44,0
CSV_LOG,32839000,44
LOG_FREE,32839000,317,11
LOG_SYS,32842000,44,0
CSV_LOG,32842000,44
LOG_SYS,32845000,44,0
CSV_LOG,32845000,44
LOG_SYS,32849000,44,0
CSV_LOG,32849000,44
LOG_SYS,32852000,44,0
CSV_LOG,32852000,44
LOG_SYS,32855000,44,0
CSV_LOG,32855000,44
LOG_SYS,32859000,44,0
CSV_LOG,32859000,44
LOG_SYS,32862000,44,0
CSV_LOG,32862000,44
LOG_SYS,32865000,44,0
CSV_LOG,32865000,44
LOG_SYS,32869000,43,0
CSV_LOG,32869000,43
LOG_FREE,32869000,340,28
LOG_SYS,32872000,43,0
CSV_LOG,32872000,43
LOG_SYS,32875000,43,0
CSV_LOG,32875000,43
LOG_SYS,32879000,43,0
CSV_LOG,32879000,43
LOG_ALLOC,32879000,347,11
LOG_HOST,32882000,473,1,0
LOG_SYS,32882000,44,0
CSV_LOG,32882000,44
LOG_ALLOC,32882000,347,18
LOG_SYS,32885000,44,0
CSV_LOG,32885000,44
LOG_ALLOC,32885000,347,20
LOG_FREE,32885000,338,25
LOG_SYS,32889000,45,0
CSV_LOG,32889000,45
LOG_ALLOC,32889000,347,25
LOG_SYS,32892000,46,0
CSV_LOG,32892000,46
LOG_SYS,32895000,45,0
CSV_LOG,32895000,45
LOG_FREE,32895000,339,29
LOG_SYS,32899000,45,0
CSV_LOG,32899000,45
LOG_SYS,32902000,45,0
CSV_LOG,32902000,45
LOG_SYS,32905000,45,0
CSV_LOG,32905000,45
LOG_SYS,32908000,45,0
CSV_LOG,32908000,45
LOG_SYS,32912000,44,0
CSV_LOG,32912000,44
LOG_FREE,32912000,313,9
LOG_HOST,32915000,474,4,473
LOG_SYS,32915000,44,0
CSV_LOG,32915000,44
LOG_SYS,32918000,44,0
CSV_LOG,32918000,44
LOG_SYS,32922000,43,0
CSV_LOG,32922000,43
LOG_FREE,32922000,338,6
LOG_SYS,32925000,43,0
CSV_LOG,32925000,43
LOG_SYS,32928000,43,0
CSV_LOG,32928000,43
LOG_SYS,32932000,42,0
CSV_LOG,32932000,42
LOG_FREE,32932000,342,0
LOG_SYS,32935000,42,0
CSV_LOG,32935000,42
LOG_SYS,32938000,42,0
CSV_LOG,32938000,42
LOG_SYS,32942000,42,0
CSV_LOG,32942000,42
LOG_SYS,32945000,41,0
CSV_LOG,32945000,41
LOG_FREE,32945000,342,30
LOG_SYS,32948000,40,0
CSV_LOG,32948000,40
LOG_FREE,32948000,330,22
LOG_SYS,32952000,40,0
CSV_LOG,32952000,40
LOG_HOST,32952000,475,2,0
LOG_SYS,32955000,40,0
CSV_LOG,32955000,40
LOG_SYS,32958000,40,0
CSV_LOG,32958000,40
LOG_ALLOC,32958000,348,0
LOG_SYS,32962000,41,0
CSV_LOG,32962000,41
LOG_SYS,32965000,41,0
CSV_LOG,32965000,41
LOG_SYS,32968000,41,0
CSV_LOG,32968000,41
LOG_SYS,32972000,41,0
CSV_LOG,32972000,41
LOG_SYS,32975000,41,0
CSV_LOG,32975000,41
LOG_SYS,32978000,41,0
CSV_LOG,32978000,41
LOG_SYS,32982000,41,0
CSV_LOG,32982000,41
LOG_SYS,32985000,40,0
CSV_LOG,32985000,40
LOG_FREE,32985000,311,37
LOG_SYS,32988000,40,0
CSV_LOG,32988000,40
LOG_SYS,32992000,40,0
CSV_LOG,32992000,40
LOG_SYS,32995000,40,0
CSV_LOG,32995000,40
LOG_SYS,32998000,39,0
CSV_LOG,32998000,39
LOG_FREE,32998000,342,31
LOG_SYS,33002000,39,0
CSV_LOG,33002000,39
LOG_SYS,33005000,38,0
CSV_LOG,33005000,38
LOG_FREE,33005000,334,45
LOG_SYS,33008000,38,0
CSV_LOG,33008000,38
LOG_ALLOC,33008000,349,6
LOG_SYS,33012000,39,0
CSV_LOG,33012000,39
LOG_ALLOC,33012000,349,9
LOG_SYS,33015000,40,0
CSV_LOG,33015000,40
LOG_ALLOC,33015000,349,22
LOG_SYS,33018000,41,0
CSV_LOG,33018000,41
LOG_ALLOC,33018000,349,28
LOG_HOST,33022000,476,2,0
LOG_SYS,33022000,42,0
CSV_LOG,33022000,42
LOG_SYS,33025000,42,0
CSV_LOG,33025000,42
LOG_SYS,33028000,42,0
CSV_LOG,33028000,42
LOG_SYS,33032000,41,0
CSV_LOG,33032000,41
LOG_FREE,33032000,334,42
LOG_SYS,33035000,41,0
CSV_LOG,33035000,41
LOG_SYS,33038000,41,0
CSV_LOG,33038000,41
LOG_SYS,33042000,41,0
CSV_LOG,33042000,41
LOG_SYS,33045000,41,0
CSV_LOG,33045000,41
LOG_SYS,33048000,40,0
CSV_LOG,33048000,40
LOG_FREE,33048000,349,28
LOG_SYS,33052000,39,0
CSV_LOG,33052000,39
LOG_FREE,33052000,348,0
LOG_SYS,33055000,38,0
CSV_LOG,33055000,38
LOG_FREE,33055000,329,40
LOG_SYS,33058000,38,0
CSV_LOG,33058000,38
LOG_SYS,33062000,37,0
CSV_LOG,33062000,37
LOG_ALLOC,33062000,350,0
LOG_FREE,33062000,334,12
LOG_SYS,33065000,38,0
CSV_LOG,33065000,38
LOG_SYS,33068000,38,0
CSV_LOG,33068000,38
LOG_SYS,33072000,38,0
CSV_LOG,33072000,38
LOG_SYS,33075000,38,0
CSV_LOG,33075000,38
LOG_SYS,33078000,38,0
CSV_LOG,33078000,38
LOG_SYS,33082000,38,0
CSV_LOG,33082000,38
LOG_SYS,33085000,38,0
CSV_LOG,33085000,38
LOG_SYS,33088000,38,0
CSV_LOG,33088000,38
LOG_SYS,33092000,38,0
CSV_LOG,33092000,38
LOG_SYS,33095000,38,0
CSV_LOG,33095000,38
LOG_SYS,33098000,38,0
CSV_LOG,33098000,38
LOG_SYS,33102000,37,0
CSV_LOG,33102000,37
LOG_FREE,33102000,349,9
LOG_SYS,33105000,37,0
CSV_LOG,33105000,37
LOG_HOST,33105000,477,8,0
LOG_SYS,33108000,37,0
CSV_LOG,33108000,37
LOG_SYS,33112000,37,0
CSV_LOG,33112000,37
LOG_SYS,33115000,37,0
CSV_LOG,33115000,37
LOG_SYS,33118000,37,0
CSV_LOG,33118000,37
LOG_SYS,33122000,37,0
CSV_LOG,33122000,37
LOG_SYS,33125000,37,0
CSV_LOG,33125000,37
LOG_SYS,33128000,36,0
CSV_LOG,33128000,36
LOG_FREE,33128000,337,17
LOG_SYS,33132000,35,0
CSV_LOG,33132000,35
LOG_FREE,33132000,326,23
LOG_SYS,33135000,35,0
CSV_LOG,33135000,35
LOG_SYS,33138000,34,0
CSV_LOG,33138000,34
LOG_FREE,33138000,344,47
LOG_SYS,33142000,34,0
CSV_LOG,33142000,34
LOG_SYS,33145000,34,0
CSV_LOG,33145000,34
LOG_SYS,33148000,34,0
CSV_LOG,33148000,34
LOG_SYS,33152000,34,0
CSV_LOG,33152000,34
LOG_SYS,33155000,34,0
CSV_LOG,33155000,34
LOG_SYS,33158000,33,0
CSV_LOG,33158000,33
LOG_FREE,33158000,344,46
LOG_HOST,33158000,478,7,0
LOG_SYS,33162000,33,1
CSV_LOG,33162000,33
LOG_SYS,33165000,33,1
CSV_LOG,33165000,33
LOG_SYS,33168000,33,1
CSV_LOG,33168000,33
LOG_SYS,33172000,33,1
CSV_LOG,33172000,33
LOG_SYS,33175000,32,1
CSV_LOG,33175000,32
LOG_FREE,33175000,347,18
LOG_SYS,33178000,32,1
CSV_LOG,33178000,32
LOG_SYS,33182000,31,1
CSV_LOG,33182000,31
LOG_FREE,33182000,326,24
LOG_SYS,33185000,30,1
CSV_LOG,33185000,30
LOG_FREE,33185000,350,0
LOG_SYS,33188000,30,0
CSV_LOG,33188000,30
LOG_SYS,33192000,29,0
CSV_LOG,33192000,29
LOG_ALLOC,33192000,351,0
LOG_FREE,33192000,349,6
LOG_SYS,33195000,29,0
CSV_LOG,33195000,29
LOG_ALLOC,33195000,352,6
LOG_FREE,33195000,347,25
LOG_SYS,33198000,30,0
CSV_LOG,33198000,30
LOG_ALLOC,33198000,352,9
LOG_SYS,33202000,31,0
CSV_LOG,33202000,31
LOG_ALLOC,33202000,352,12
LOG_SYS,33205000,32,0
CSV_LOG,33205000,32
LOG_ALLOC,33205000,352,17
LOG_SYS,33208000,32,0
CSV_LOG,33208000,32
LOG_ALLOC,33208000,352,18
LOG_FREE,33208000,311,36
LOG_SYS,33212000,32,0
CSV_LOG,33212000,32
LOG_ALLOC,33212000,351,19
LOG_FREE,33212000,338,19
LOG_SYS,33215000,33,0
CSV_LOG,33215000,33
LOG_SYS,33218000,33,0
CSV_LOG,33218000,33
LOG_SYS,33222000,32,0
CSV_LOG,33222000,32
LOG_FREE,33222000,341,13
LOG_SYS,33225000,31,0
CSV_LOG,33225000,31
LOG_FREE,33225000,311,35
LOG_SYS,33228000,31,0
CSV_LOG,33228000,31
LOG_SYS,33232000,30,0
CSV_LOG,33232000,30
LOG_FREE,33232000,334,41
LOG_SYS,33235000,29,0
CSV_LOG,33235000,29
LOG_ALLOC,33235000,353,13
LOG_FREE,33235000,329,34
LOG_SYS,33238000,30,0
CSV_LOG,33238000,30
LOG_ALLOC,33238000,353,23
LOG_HOST,33242000,479,5,478
LOG_SYS,33242000,31,0
CSV_LOG,33242000,31
LOG_ALLOC,33242000,353,24
LOG_SYS,33245000,32,0
CSV_LOG,33245000,32
LOG_SYS,33248000,32,0
CSV_LOG,33248000,32
LOG_SYS,33252000,32,0
CSV_LOG,33252000,32
LOG_SYS,33255000,31,0
CSV_LOG,33255000,31
LOG_FREE,33255000,353,13
LOG_SYS,33258000,30,0
CSV_LOG,33258000,30
LOG_FREE,33258000,341,21
LOG_SYS,33262000,30,0
CSV_LOG,33262000,30
LOG_SYS,33265000,30,0
CSV_LOG,33265000,30
LOG_SYS,33268000,30,0
CSV_LOG,33268000,30
LOG_SYS,33272000,30,0
CSV_LOG,33272000,30
LOG_SYS,33275000,30,0
CSV_LOG,33275000,30
LOG_SYS,33278000,30,0
CSV_LOG,33278000,30
LOG_SYS,33282000,30,0
CSV_LOG,33282000,30
LOG_SYS,33285000,30,0
CSV_LOG,33285000,30
LOG_SYS,33288000,30,0
CSV_LOG,33288000,30
LOG_SYS,33292000,29,0
CSV_LOG,33292000,29
LOG_FREE,33292000,334,44
LOG_SYS,33295000,29,0
CSV_LOG,33295000,29
LOG_SYS,33298000,29,0
CSV_LOG,33298000,29
LOG_SYS,33302000,29,0
CSV_LOG,33302000,29
LOG_SYS,33305000,29,0
CSV_LOG,33305000,29
LOG_SYS,33308000,29,0
CSV_LOG,33308000,29
LOG_SYS,33312000,29,0
CSV_LOG,33312000,29
LOG_HOST,33315000,480,8,479
LOG_SYS,33315000,29,0
CSV_LOG,33315000,29
LOG_SYS,33318000,29,0
CSV_LOG,33318000,29
LOG_SYS,33322000,28,0
CSV_LOG,33322000,28
LOG_FREE,33322000,353,23
LOG_SYS,33325000,28,0
CSV_LOG,33325000,28
LOG_SYS,33328000,28,0
CSV_LOG,33328000,28
LOG_SYS,33332000,28,0
CSV_LOG,33332000,28
LOG_SYS,33335000,28,0
CSV_LOG,33335000,28
LOG_SYS,33338000,28,0
CSV_LOG,33338000,28
LOG_SYS,33342000,28,0
CSV_LOG,33342000,28
LOG_SYS,33345000,28,0
CSV_LOG,33345000,28
LOG_SYS,33348000,27,0
CSV_LOG,33348000,27
LOG_FREE,33348000,334,43
LOG_SYS,33352000,26,0
CSV_LOG,33352000,26
LOG_FREE,33352000,339,14
LOG_SYS,33355000,26,0
CSV_LOG,33355000,26
LOG_SYS,33358000,26,0
CSV_LOG,33358000,26
LOG_SYS,33362000,26,0
CSV_LOG,33362000,26
LOG_ALLOC,33362000,354,13
LOG_SYS,33365000,27,0
CSV_LOG,33365000,27
LOG_ALLOC,33365000,354,14
LOG_SYS,33368000,28,0
CSV_LOG,33368000,28
LOG_ALLOC,33368000,354,21
LOG_SYS,33372000,29,0
CSV_LOG,33372000,29
LOG_SYS,33375000,29,0
CSV_LOG,33375000,29
LOG_SYS,33378000,29,0
CSV_LOG,33378000,29
LOG_SYS,33382000,29,0
CSV_LOG,33382000,29
LOG_SYS,33385000,29,0
CSV_LOG,33385000,29
LOG_HOST,33388000,481,6,0
LOG_SYS,33388000,29,0
CSV_LOG,33388000,29
LOG_SYS,33392000,29,0
CSV_LOG,33392000,29
LOG_SYS,33395000,29,0
CSV_LOG,33395000,29
LOG_SYS,33398000,28,0
CSV_LOG,33398000,28
LOG_FREE,33398000,352,6
LOG_SYS,33402000,27,0
CSV_LOG,33402000,27
LOG_FREE,33402000,329,7
LOG_SYS,33405000,27,0
CSV_LOG,33405000,27
LOG_SYS,33408000,27,0
CSV_LOG,33408000,27
LOG_SYS,33412000,27,0
CSV_LOG,33412000,27
LOG_SYS,33415000,26,0
CSV_LOG,33415000,26
LOG_FREE,33415000,352,18
LOG_SYS,33418000,25,0
CSV_LOG,33418000,25
LOG_FREE,33418000,341,15
LOG_SYS,33422000,24,0
CSV_LOG,33422000,24
LOG_FREE,33422000,349,22
LOG_SYS,33425000,24,0
CSV_LOG,33425000,24
LOG_HOST,33428000,482,5,0
LOG_SYS,33428000,24,0
CSV_LOG,33428000,24
LOG_SYS,33432000,24,0
CSV_LOG,33432000,24
LOG_ALLOC,33432000,355,6
LOG_SYS,33435000,24,0
CSV_LOG,33435000,24
LOG_ALLOC,33435000,355,7
LOG_FREE,33435000,352,12
LOG_SYS,33438000,24,0
CSV_LOG,33438000,24
LOG_ALLOC,33438000,355,9
LOG_FREE,33438000,352,9
LOG_SYS,33442000,24,0
CSV_LOG,33442000,24
LOG_ALLOC,33442000,355,10
LOG_FREE,33442000,341,10
LOG_SYS,33445000,25,0
CSV_LOG,33445000,25
LOG_ALLOC,33445000,355,12
LOG_SYS,33448000,26,0
CSV_LOG,33448000,26
LOG_ALLOC,33448000,355,15
LOG_SYS,33452000,27,0
CSV_LOG,33452000,27
LOG_SYS,33455000,27,0
CSV_LOG,33455000,27
LOG_SYS,33458000,27,0
CSV_LOG,33458000,27
LOG_SYS,33462000,27,0
CSV_LOG,33462000,27
LOG_SYS,33465000,27,0
CSV_LOG,33465000,27
LOG_HOST,33465000,483,4,482
LOG_SYS,33468000,27,1
CSV_LOG,33468000,27
LOG_SYS,33472000,27,1
CSV_LOG,33472000,27
LOG_SYS,33475000,26,1
CSV_LOG,33475000,26
LOG_FREE,33475000,355,7
LOG_SYS,33478000,26,1
CSV_LOG,33478000,26
LOG_SYS,33482000,26,1
CSV_LOG,33482000,26
LOG_SYS,33485000,26,1
CSV_LOG,33485000,26
LOG_SYS,33488000,26,1
CSV_LOG,33488000,26
LOG_SYS,33492000,26,1
CSV_LOG,33492000,26
LOG_SYS,33495000,26,1
CSV_LOG,33495000,26
LOG_SYS,33498000,26,1
CSV_LOG,33498000,26
LOG_SYS,33502000,25,1
CSV_LOG,33502000,25
LOG_FREE,33502000,354,14
LOG_SYS,33505000,25,1
CSV_LOG,33505000,25
LOG_SYS,33508000,25,1
CSV_LOG,33508000,25
LOG_SYS,33512000,25,1
CSV_LOG,33512000,25
LOG_SYS,33515000,25,1
CSV_LOG,33515000,25
LOG_SYS,33518000,24,1
CSV_LOG,33518000,24
LOG_FREE,33518000,355,6
LOG_SYS,33522000,24,1
CSV_LOG,33522000,24
LOG_SYS,33525000,24,1
CSV_LOG,33525000,24
LOG_SYS,33528000,24,1
CSV_LOG,33528000,24
LOG_SYS,33532000,24,1
CSV_LOG,33532000,24
LOG_SYS,33535000,24,1
CSV_LOG,33535000,24
LOG_SYS,33538000,24,1
CSV_LOG,33538000,24
LOG_SYS,33542000,24,1
CSV_LOG,33542000,24
LOG_SYS,33545000,24,1
CSV_LOG,33545000,24
LOG_SYS,33548000,24,1
CSV_LOG,33548000,24
LOG_SYS,33552000,24,1
CSV_LOG,33552000,24
LOG_SYS,33555000,24,1
CSV_LOG,33555000,24
LOG_SYS,33558000,24,1
CSV_LOG,33558000,24
LOG_SYS,33562000,24,1
CSV_LOG,33562000,24
LOG_SYS,33565000,24,1
CSV_LOG,33565000,24
LOG_SYS,33568000,24,1
CSV_LOG,33568000,24
LOG_SYS,33572000,24,1
CSV_LOG,33572000,24
LOG_SYS,33575000,24,1
CSV_LOG,33575000,24
LOG_SYS,33578000,24,1
CSV_LOG,33578000,24
LOG_SYS,33582000,24,1
CSV_LOG,33582000,24
LOG_SYS,33585000,24,1
CSV_LOG,33585000,24
LOG_SYS,33588000,24,1
CSV_LOG,33588000,24
LOG_SYS,33592000,24,1
CSV_LOG,33592000,24
LOG_SYS,33595000,24,1
CSV_LOG,33595000,24
LOG_SYS,33598000,24,1
CSV_LOG,33598000,24
LOG_SYS,33602000,24,1
CSV_LOG,33602000,24
LOG_SYS,33605000,24,1
CSV_LOG,33605000,24
LOG_SYS,33608000,24,1
CSV_LOG,33608000,24
LOG_SYS,33612000,24,1
CSV_LOG,33612000,24
LOG_SYS,33615000,24,1
CSV_LOG,33615000,24
LOG_SYS,33618000,24,1
CSV_LOG,33618000,24
LOG_SYS,33622000,24,1
CSV_LOG,33622000,24
LOG_SYS,33625000,24,1
CSV_LOG,33625000,24
LOG_SYS,33628000,24,1
CSV_LOG,33628000,24
LOG_SYS,33632000,24,1
CSV_LOG,33632000,24
LOG_SYS,33635000,24,1
CSV_LOG,33635000,24
LOG_SYS,33638000,24,1
CSV_LOG,33638000,24
LOG_SYS,33642000,24,1
CSV_LOG,33642000,24
LOG_SYS,33645000,24,1
CSV_LOG,33645000,24
LOG_SYS,33648000,24,1
CSV_LOG,33648000,24
LOG_SYS,33652000,24,1
CSV_LOG,33652000,24
LOG_SYS,33655000,24,1
CSV_LOG,33655000,24
LOG_SYS,33658000,24,1
CSV_LOG,33658000,24
LOG_SYS,33662000,24,1
CSV_LOG,33662000,24
LOG_SYS,33665000,24,1
CSV_LOG,33665000,24
LOG_SYS,33668000,23,1
CSV_LOG,33668000,23
LOG_FREE,33668000,351,0
LOG_SYS,33672000,23,1
CSV_LOG,33672000,23
LOG_SYS,33675000,23,1
CSV_LOG,33675000,23
LOG_SYS,33678000,23,1
CSV_LOG,33678000,23
LOG_SYS,33682000,23,1
CSV_LOG,33682000,23
LOG_SYS,33685000,23,1
CSV_LOG,33685000,23
LOG_SYS,33688000,23,1
CSV_LOG,33688000,23
LOG_SYS,33692000,23,1
CSV_LOG,33692000,23
LOG_SYS,33695000,23,1
CSV_LOG,33695000,23
LOG_SYS,33698000,23,1
CSV_LOG,33698000,23
LOG_SYS,33702000,23,1
CSV_LOG,33702000,23
LOG_SYS,33705000,23,1
CSV_LOG,33705000,23
LOG_SYS,33708000,23,1
CSV_LOG,33708000,23
LOG_SYS,33712000,23,1
CSV_LOG,33712000,23
LOG_SYS,33715000,23,1
CSV_LOG,33715000,23
LOG_SYS,33718000,23,1
CSV_LOG,33718000,23
LOG_SYS,33722000,23,1
CSV_LOG,33722000,23
LOG_SYS,33725000,23,1
CSV_LOG,33725000,23
LOG_SYS,33728000,23,1
CSV_LOG,33728000,23
LOG_SYS,33732000,23,1
CSV_LOG,33732000,23
LOG_SYS,33735000,23,1
CSV_LOG,33735000,23
LOG_SYS,33738000,22,1
CSV_LOG,33738000,22
LOG_FREE,33738000,355,15
LOG_SYS,33741000,22,1
CSV_LOG,33741000,22
LOG_SYS,33745000,22,1
CSV_LOG,33745000,22
LOG_SYS,33748000,22,1
CSV_LOG,33748000,22
LOG_SYS,33751000,21,1
CSV_LOG,33751000,21
LOG_FREE,33751000,341,5
LOG_SYS,33755000,21,1
CSV_LOG,33755000,21
LOG_SYS,33758000,21,1
CSV_LOG,33758000,21
LOG_SYS,33761000,20,1
CSV_LOG,33761000,20
LOG_FREE,33761000,338,27
LOG_SYS,33765000,20,1
CSV_LOG,33765000,20
LOG_HOST,33768000,484,1,483
LOG_SYS,33768000,20,0
CSV_LOG,33768000,20
LOG_SYS,33771000,20,1
CSV_LOG,33771000,20
LOG_ALLOC,33771000,356,0
LOG_SYS,33775000,20,1
CSV_LOG,33775000,20
LOG_ALLOC,33775000,356,5
LOG_FREE,33775000,355,10
LOG_SYS,33778000,21,1
CSV_LOG,33778000,21
LOG_ALLOC,33778000,356,6
LOG_SYS,33781000,22,1
CSV_LOG,33781000,22
LOG_ALLOC,33781000,356,7
LOG_SYS,33785000,23,1
CSV_LOG,33785000,23
LOG_ALLOC,33785000,356,10
LOG_SYS,33788000,24,1
CSV_LOG,33788000,24
LOG_SYS,33791000,24,1
CSV_LOG,33791000,24
LOG_SYS,33795000,24,1
CSV_LOG,33795000,24
LOG_SYS,33798000,24,1
CSV_LOG,33798000,24
LOG_SYS,33801000,24,1
CSV_LOG,33801000,24
LOG_SYS,33805000,24,1
CSV_LOG,33805000,24
LOG_SYS,33808000,24,1
CSV_LOG,33808000,24
LOG_SYS,33811000,24,1
CSV_LOG,33811000,24
LOG_SYS,33815000,24,1
CSV_LOG,33815000,24
LOG_SYS,33818000,24,1
CSV_LOG,33818000,24
LOG_SYS,33821000,24,1
CSV_LOG,33821000,24
LOG_SYS,33825000,24,1
CSV_LOG,33825000,24
LOG_SYS,33828000,24,1
CSV_LOG,33828000,24
LOG_SYS,33831000,23,1
CSV_LOG,33831000,23
LOG_FREE,33831000,329,38
LOG_SYS,33835000,23,1
CSV_LOG,33835000,23
LOG_SYS,33838000,23,1
CSV_LOG,33838000,23
LOG_SYS,33841000,23,1
CSV_LOG,33841000,23
LOG_SYS,33845000,23,1
CSV_LOG,33845000,23
LOG_SYS,33848000,23,1
CSV_LOG,33848000,23
LOG_SYS,33851000,23,1
CSV_LOG,33851000,23
LOG_SYS,33855000,23,1
CSV_LOG,33855000,23
LOG_SYS,33858000,23,1
CSV_LOG,33858000,23
LOG_SYS,33861000,23,1
CSV_LOG,33861000,23
LOG_SYS,33865000,23,1
CSV_LOG,33865000,23
LOG_SYS,33868000,22,1
CSV_LOG,33868000,22
LOG_FREE,33868000,356,5
LOG_SYS,33871000,22,1
CSV_LOG,33871000,22
LOG_SYS,33875000,22,1
CSV_LOG,33875000,22
LOG_SYS,33878000,22,1
CSV_LOG,33878000,22
LOG_SYS,33881000,22,1
CSV_LOG,33881000,22
LOG_SYS,33885000,22,1
CSV_LOG,33885000,22
LOG_SYS,33888000,22,1
CSV_LOG,33888000,22
LOG_SYS,33891000,22,1
CSV_LOG,33891000,22
LOG_SYS,33895000,21,1
CSV_LOG,33895000,21
LOG_FREE,33895000,353,24
LOG_SYS,33898000,21,1
CSV_LOG,33898000,21
LOG_HOST,33901000,485,8,0
LOG_SYS,33901000,20,0
CSV_LOG,33901000,20
LOG_FREE,33901000,351,19
LOG_SYS,33905000,20,1
CSV_LOG,33905000,20
LOG_SYS,33908000,20,0
CSV_LOG,33908000,20
LOG_SYS,33911000,20,0
CSV_LOG,33911000,20
LOG_ALLOC,33911000,358,5
LOG_SYS,33915000,21,0
CSV_LOG,33915000,21
LOG_ALLOC,33915000,358,14
LOG_SYS,33918000,22,0
CSV_LOG,33918000,22
LOG_ALLOC,33918000,358,15
LOG_SYS,33921000,23,0
CSV_LOG,33921000,23
LOG_ALLOC,33921000,358,18
LOG_SYS,33925000,23,0
CSV_LOG,33925000,23
LOG_ALLOC,33925000,358,5
LOG_FREE,33925000,358,5
LOG_SYS,33928000,23,0
CSV_LOG,33928000,23
LOG_ALLOC,33928000,358,15
LOG_FREE,33928000,358,15
LOG_SYS,33931000,24,0
CSV_LOG,33931000,24
LOG_ALLOC,33931000,358,19
LOG_SYS,33935000,25,0
CSV_LOG,33935000,25
LOG_SYS,33938000,25,0
CSV_LOG,33938000,25
LOG_SYS,33941000,25,0
CSV_LOG,33941000,25
LOG_SYS,33945000,25,0
CSV_LOG,33945000,25
LOG_HOST,33945000,486,4,0
LOG_SYS,33948000,25,1
CSV_LOG,33948000,25
LOG_SYS,33951000,25,1
CSV_LOG,33951000,25
LOG_SYS,33955000,24,1
CSV_LOG,33955000,24
LOG_FREE,33955000,337,3
LOG_SYS,33958000,24,1
CSV_LOG,33958000,24
LOG_SYS,33961000,24,1
CSV_LOG,33961000,24
LOG_SYS,33965000,24,1
CSV_LOG,33965000,24
LOG_SYS,33968000,24,1
CSV_LOG,33968000,24
LOG_SYS,33971000,24,1
CSV_LOG,33971000,24
LOG_SYS,33975000,24,1
CSV_LOG,33975000,24
LOG_SYS,33978000,24,1
CSV_LOG,33978000,24
LOG_SYS,33981000,24,1
CSV_LOG,33981000,24
LOG_SYS,33985000,24,1
CSV_LOG,33985000,24
LOG_SYS,33988000,24,1
CSV_LOG,33988000,24
LOG_SYS,33991000,24,1
CSV_LOG,33991000,24
LOG_SYS,33995000,24,1
CSV_LOG,33995000,24
LOG_SYS,33998000,24,1
CSV_LOG,33998000,24
LOG_SYS,34001000,24,1
CSV_LOG,34001000,24
LOG_SYS,34005000,24,1
CSV_LOG,34005000,24
LOG_SYS,34008000,24,1
CSV_LOG,34008000,24
LOG_SYS,34011000,24,1
CSV_LOG,34011000,24
LOG_SYS,34015000,24,1
CSV_LOG,34015000,24
LOG_SYS,34018000,24,1
CSV_LOG,34018000,24
LOG_SYS,34021000,24,1
CSV_LOG,34021000,24
LOG_SYS,34025000,23,1
CSV_LOG,34025000,23
LOG_FREE,34025000,352,17
LOG_SYS,34028000,23,1
CSV_LOG,34028000,23
LOG_HOST,34031000,487,4,0
LOG_SYS,34031000,23,0
CSV_LOG,34031000,23
LOG_SYS,34035000,23,1
CSV_LOG,34035000,23
LOG_ALLOC,34035000,359,3
LOG_SYS,34038000,24,1
CSV_LOG,34038000,24
LOG_ALLOC,34038000,359,17
LOG_SYS,34041000,25,1
CSV_LOG,34041000,25
LOG_ALLOC,34041000,359,22
LOG_SYS,34045000,26,1
CSV_LOG,34045000,26
LOG_ALLOC,34045000,359,23
LOG_SYS,34048000,27,1
CSV_LOG,34048000,27
LOG_SYS,34051000,27,1
CSV_LOG,34051000,27
LOG_SYS,34055000,27,1
CSV_LOG,34055000,27
LOG_SYS,34058000,27,1
CSV_LOG,34058000,27
LOG_SYS,34061000,27,1
CSV_LOG,34061000,27
LOG_SYS,34065000,27,1
CSV_LOG,34065000,27
LOG_SYS,34068000,27,1
CSV_LOG,34068000,27
LOG_SYS,34071000,27,1
CSV_LOG,34071000,27
LOG_SYS,34075000,27,1
CSV_LOG,34075000,27
LOG_SYS,34078000,27,1
CSV_LOG,34078000,27
LOG_SYS,34081000,27,1
CSV_LOG,34081000,27
LOG_SYS,34085000,27,1
CSV_LOG,34085000,27
LOG_SYS,34088000,27,1
CSV_LOG,34088000,27
LOG_SYS,34091000,27,1
CSV_LOG,34091000,27
LOG_SYS,34095000,26,1
CSV_LOG,34095000,26
LOG_FREE,34095000,354,13
LOG_SYS,34098000,26,1
CSV_LOG,34098000,26
LOG_SYS,34101000,26,1
CSV_LOG,34101000,26
LOG_SYS,34105000,25,1
CSV_LOG,34105000,25
LOG_FREE,34105000,347,11
LOG_SYS,34108000,25,1
CSV_LOG,34108000,25
LOG_SYS,34111000,25,1
CSV_LOG,34111000,25
LOG_SYS,34115000,25,1
CSV_LOG,34115000,25
LOG_SYS,34118000,25,1
CSV_LOG,34118000,25
LOG_SYS,34121000,25,1
CSV_LOG,34121000,25
LOG_SYS,34125000,25,1
CSV_LOG,34125000,25
LOG_SYS,34128000,25,1
CSV_LOG,34128000,25
LOG_SYS,34131000,25,1
CSV_LOG,34131000,25
LOG_SYS,34135000,25,1
CSV_LOG,34135000,25
LOG_SYS,34138000,25,1
CSV_LOG,34138000,25
LOG_SYS,34141000,25,1
CSV_LOG,34141000,25
LOG_SYS,34145000,25,1
CSV_LOG,34145000,25
LOG_SYS,34148000,25,1
CSV_LOG,34148000,25
LOG_SYS,34151000,25,1
CSV_LOG,34151000,25
LOG_SYS,34155000,25,1
CSV_LOG,34155000,25
LOG_SYS,34158000,25,1
CSV_LOG,34158000,25
LOG_SYS,34161000,25,1
CSV_LOG,34161000,25
LOG_SYS,34165000,25,1
CSV_LOG,34165000,25
LOG_SYS,34168000,25,1
CSV_LOG,34168000,25
LOG_SYS,34171000,25,1
CSV_LOG,34171000,25
LOG_SYS,34175000,25,1
CSV_LOG,34175000,25
LOG_SYS,34178000,25,1
CSV_LOG,34178000,25
LOG_SYS,34181000,25,1
CSV_LOG,34181000,25
LOG_SYS,34185000,25,1
CSV_LOG,34185000,25
LOG_SYS,34188000,25,1
CSV_LOG,34188000,25
LOG_SYS,34191000,25,1
CSV_LOG,34191000,25
LOG_SYS,34195000,25,1
CSV_LOG,34195000,25
LOG_SYS,34198000,25,1
CSV_LOG,34198000,25
LOG_SYS,34201000,25,1
CSV_LOG,34201000,25
LOG_SYS,34205000,25,1
CSV_LOG,34205000,25
LOG_SYS,34208000,25,1
CSV_LOG,34208000,25
LOG_SYS,34211000,25,1
CSV_LOG,34211000,25
LOG_SYS,34215000,25,1
CSV_LOG,34215000,25
LOG_SYS,34218000,25,1
CSV_LOG,34218000,25
LOG_SYS,34221000,25,1
CSV_LOG,34221000,25
LOG_SYS,34225000,24,1
CSV_LOG,34225000,24
LOG_FREE,34225000,358,5
LOG_SYS,34228000,24,1
CSV_LOG,34228000,24
LOG_SYS,34231000,24,1
CSV_LOG,34231000,24
LOG_SYS,34235000,24,1
CSV_LOG,34235000,24
LOG_SYS,34238000,24,1
CSV_LOG,34238000,24
LOG_SYS,34241000,24,1
CSV_LOG,34241000,24
LOG_SYS,34245000,24,1
CSV_LOG,34245000,24
LOG_SYS,34248000,24,1
CSV_LOG,34248000,24
LOG_SYS,34251000,24,1
CSV_LOG,34251000,24
LOG_SYS,34255000,24,1
CSV_LOG,34255000,24
LOG_SYS,34258000,24,1
CSV_LOG,34258000,24
LOG_SYS,34261000,24,1
CSV_LOG,34261000,24
LOG_SYS,34265000,24,1
CSV_LOG,34265000,24
LOG_SYS,34268000,23,1
CSV_LOG,34268000,23
LOG_FREE,34268000,359,3
LOG_SYS,34271000,23,1
CSV_LOG,34271000,23
LOG_SYS,34275000,23,1
CSV_LOG,34275000,23
LOG_SYS,34278000,23,1
CSV_LOG,34278000,23
LOG_SYS,34281000,23,1
CSV_LOG,34281000,23
LOG_SYS,34285000,23,1
CSV_LOG,34285000,23
LOG_SYS,34288000,23,1
CSV_LOG,34288000,23
LOG_SYS,34291000,23,1
CSV_LOG,34291000,23
LOG_SYS,34295000,23,1
CSV_LOG,34295000,23
LOG_SYS,34298000,23,1
CSV_LOG,34298000,23
LOG_SYS,34301000,23,1
CSV_LOG,34301000,23
LOG_SYS,34305000,23,1
CSV_LOG,34305000,23
LOG_SYS,34308000,23,1
CSV_LOG,34308000,23
LOG_SYS,34311000,23,1
CSV_LOG,34311000,23
LOG_SYS,34315000,23,1
CSV_LOG,34315000,23
LOG_SYS,34318000,23,1
CSV_LOG,34318000,23
LOG_SYS,34321000,23,1
CSV_LOG,34321000,23
LOG_SYS,34325000,23,1
CSV_LOG,34325000,23
LOG_SYS,34328000,22,1
CSV_LOG,34328000,22
LOG_FREE,34328000,355,12
LOG_SYS,34331000,22,1
CSV_LOG,34331000,22
LOG_SYS,34335000,22,1
CSV_LOG,34335000,22
LOG_SYS,34338000,21,1
CSV_LOG,34338000,21
LOG_FREE,34338000,356,10
LOG_SYS,34341000,21,1
CSV_LOG,34341000,21
LOG_SYS,34345000,21,1
CSV_LOG,34345000,21
LOG_SYS,34348000,21,1
CSV_LOG,34348000,21
LOG_SYS,34351000,21,1
CSV_LOG,34351000,21
LOG_SYS,34355000,21,1
CSV_LOG,34355000,21
LOG_SYS,34358000,20,1
CSV_LOG,34358000,20
LOG_FREE,34358000,358,15
LOG_SYS,34361000,20,1
CSV_LOG,34361000,20
LOG_SYS,34365000,20,1
CSV_LOG,34365000,20
LOG_SYS,34368000,20,1
CSV_LOG,34368000,20
LOG_SYS,34371000,19,1
CSV_LOG,34371000,19
LOG_FREE,34371000,313,4
LOG_SYS,34375000,19,1
CSV_LOG,34375000,19
LOG_HOST,34378000,488,1,0
LOG_SYS,34378000,18,0
CSV_LOG,34378000,18
LOG_FREE,34378000,337,16
LOG_SYS,34381000,18,1
CSV_LOG,34381000,18
LOG_ALLOC,34381000,360,3
LOG_SYS,34385000,18,0
CSV_LOG,34385000,18
LOG_ALLOC,34385000,360,4
LOG_FREE,34385000,347,20
LOG_SYS,34388000,19,0
CSV_LOG,34388000,19
LOG_ALLOC,34388000,360,5
LOG_SYS,34391000,20,0
CSV_LOG,34391000,20
LOG_SYS,34395000,20,0
CSV_LOG,34395000,20
LOG_ALLOC,34395000,362,10
LOG_SYS,34398000,21,0
CSV_LOG,34398000,21
LOG_SYS,34401000,20,0
CSV_LOG,34401000,20
LOG_FREE,34401000,360,3
LOG_SYS,34405000,20,0
CSV_LOG,34405000,20
LOG_SYS,34408000,20,0
CSV_LOG,34408000,20
LOG_SYS,34411000,19,0
CSV_LOG,34411000,19
LOG_FREE,34411000,334,26
LOG_SYS,34415000,19,0
CSV_LOG,34415000,19
LOG_SYS,34418000,19,0
CSV_LOG,34418000,19
LOG_SYS,34421000,19,0
CSV_LOG,34421000,19
LOG_ALLOC,34421000,363,3
LOG_SYS,34425000,20,0
CSV_LOG,34425000,20
LOG_SYS,34428000,20,0
CSV_LOG,34428000,20
LOG_SYS,34431000,20,0
CSV_LOG,34431000,20
LOG_SYS,34435000,20,0
CSV_LOG,34435000,20
LOG_SYS,34438000,20,0
CSV_LOG,34438000,20
LOG_SYS,34441000,20,0
CSV_LOG,34441000,20
LOG_SYS,34445000,20,0
CSV_LOG,34445000,20
LOG_SYS,34448000,20,0
CSV_LOG,34448000,20
LOG_SYS,34451000,19,0
CSV_LOG,34451000,19
LOG_FREE,34451000,359,17
LOG_SYS,34455000,18,0
CSV_LOG,34455000,18
LOG_FREE,34455000,355,9
LOG_HOST,34458000,489,7,0
LOG_SYS,34458000,18,0
CSV_LOG,34458000,18
LOG_SYS,34461000,18,0
CSV_LOG,34461000,18
LOG_SYS,34465000,18,0
CSV_LOG,34465000,18
LOG_ALLOC,34465000,364,9
LOG_SYS,34468000,19,0
CSV_LOG,34468000,19
LOG_ALLOC,34468000,364,11
LOG_SYS,34471000,20,0
CSV_LOG,34471000,20
LOG_ALLOC,34471000,364,12
LOG_SYS,34475000,21,0
CSV_LOG,34475000,21
LOG_ALLOC,34475000,364,13
LOG_SYS,34478000,22,0
CSV_LOG,34478000,22
LOG_ALLOC,34478000,364,15
LOG_SYS,34481000,23,0
CSV_LOG,34481000,23
LOG_ALLOC,34481000,364,16
LOG_SYS,34485000,23,0
CSV_LOG,34485000,23
LOG_FREE,34485000,341,8
LOG_SYS,34488000,23,0
CSV_LOG,34488000,23
LOG_SYS,34491000,23,0
CSV_LOG,34491000,23
LOG_SYS,34495000,22,0
CSV_LOG,34495000,22
LOG_FREE,34495000,329,39
LOG_SYS,34498000,22,0
CSV_LOG,34498000,22
LOG_SYS,34501000,21,0
CSV_LOG,34501000,21
LOG_FREE,34501000,364,12
LOG_SYS,34505000,20,0
CSV_LOG,34505000,20
LOG_FREE,34505000,364,13
LOG_SYS,34508000,20,0
CSV_LOG,34508000,20
LOG_SYS,34511000,20,0
CSV_LOG,34511000,20
LOG_SYS,34515000,20,0
CSV_LOG,34515000,20
LOG_SYS,34518000,20,0
CSV_LOG,34518000,20
LOG_SYS,34521000,20,0
CSV_LOG,34521000,20
LOG_SYS,34525000,20,0
CSV_LOG,34525000,20
LOG_SYS,34528000,20,0
CSV_LOG,34528000,20
LOG_HOST,34531000,490,2,489
LOG_SYS,34531000,20,0
CSV_LOG,34531000,20
LOG_SYS,34535000,20,0
CSV_LOG,34535000,20
LOG_SYS,34538000,20,0
CSV_LOG,34538000,20
LOG_SYS,34541000,19,0
CSV_LOG,34541000,19
LOG_FREE,34541000,354,21
LOG_SYS,34545000,19,0
CSV_LOG,34545000,19
LOG_SYS,34548000,19,0
CSV_LOG,34548000,19
LOG_SYS,34551000,19,0
CSV_LOG,34551000,19
LOG_ALLOC,34551000,367,8
LOG_SYS,34555000,20,0
CSV_LOG,34555000,20
LOG_ALLOC,34555000,367,12
LOG_SYS,34558000,20,0
CSV_LOG,34558000,20
LOG_ALLOC,34558000,367,13
LOG_FREE,34558000,364,15
LOG_SYS,34561000,21,0
CSV_LOG,34561000,21
LOG_ALLOC,34561000,367,15
LOG_SYS,34565000,22,0
CSV_LOG,34565000,22
LOG_ALLOC,34565000,367,17
LOG_SYS,34568000,23,0
CSV_LOG,34568000,23
LOG_SYS,34571000,23,0
CSV_LOG,34571000,23
LOG_SYS,34574000,23,0
CSV_LOG,34574000,23
LOG_SYS,34578000,23,0
CSV_LOG,34578000,23
LOG_SYS,34581000,23,0
CSV_LOG,34581000,23
LOG_SYS,34584000,23,0
CSV_LOG,34584000,23
LOG_SYS,34588000,23,0
CSV_LOG,34588000,23
LOG_SYS,34591000,23,0
CSV_LOG,34591000,23
LOG_SYS,34594000,23,0
CSV_LOG,34594000,23
LOG_SYS,34598000,22,0
CSV_LOG,34598000,22
LOG_FREE,34598000,344,48
LOG_SYS,34601000,22,0
CSV_LOG,34601000,22
LOG_HOST,34601000,491,8,0
LOG_SYS,34604000,22,0
CSV_LOG,34604000,22
LOG_SYS,34608000,22,0
CSV_LOG,34608000,22
LOG_ALLOC,34608000,368,20
LOG_SYS,34611000,22,0
CSV_LOG,34611000,22
LOG_ALLOC,34611000,368,5
LOG_FREE,34611000,360,5
LOG_SYS,34614000,23,0
CSV_LOG,34614000,23
LOG_SYS,34618000,22,0
CSV_LOG,34618000,22
LOG_FREE,34618000,367,15
LOG_SYS,34621000,22,0
CSV_LOG,34621000,22
LOG_SYS,34624000,22,0
CSV_LOG,34624000,22
LOG_SYS,34628000,22,0
CSV_LOG,34628000,22
LOG_SYS,34631000,22,0
CSV_LOG,34631000,22
LOG_SYS,34634000,22,0
CSV_LOG,34634000,22
LOG_SYS,34638000,22,0
CSV_LOG,34638000,22
LOG_SYS,34641000,22,0
CSV_LOG,34641000,22
LOG_SYS,34644000,22,0
CSV_LOG,34644000,22
LOG_SYS,34648000,22,0
CSV_LOG,34648000,22
LOG_SYS,34651000,22,0
CSV_LOG,34651000,22
LOG_SYS,34654000,22,0
CSV_LOG,34654000,22
LOG_HOST,34658000,492,1,0
LOG_SYS,34658000,22,0
CSV_LOG,34658000,22
LOG_SYS,34661000,22,0
CSV_LOG,34661000,22
LOG_SYS,34664000,22,0
CSV_LOG,34664000,22
LOG_SYS,34668000,22,0
CSV_LOG,34668000,22
LOG_SYS,34671000,22,0
CSV_LOG,34671000,22
LOG_SYS,34674000,22,0
CSV_LOG,34674000,22
LOG_SYS,34678000,22,0
CSV_LOG,34678000,22
LOG_SYS,34681000,22,0
CSV_LOG,34681000,22
LOG_SYS,34684000,22,0
CSV_LOG,34684000,22
LOG_SYS,34688000,22,0
CSV_LOG,34688000,22
LOG_HOST,34691000,493,8,492
LOG_SYS,34691000,22,0
CSV_LOG,34691000,22
LOG_SYS,34694000,22,0
CSV_LOG,34694000,22
LOG_SYS,34698000,22,0
CSV_LOG,34698000,22
LOG_SYS,34701000,22,0
CSV_LOG,34701000,22
LOG_SYS,34704000,22,0
CSV_LOG,34704000,22
LOG_SYS,34708000,22,0
CSV_LOG,34708000,22
LOG_SYS,34711000,21,0
CSV_LOG,34711000,21
LOG_FREE,34711000,358,14
LOG_SYS,34714000,21,0
CSV_LOG,34714000,21
LOG_SYS,34718000,21,0
CSV_LOG,34718000,21
LOG_SYS,34721000,21,0
CSV_LOG,34721000,21
LOG_SYS,34724000,21,0
CSV_LOG,34724000,21
LOG_SYS,34728000,21,0
CSV_LOG,34728000,21
LOG_SYS,34731000,21,0
CSV_LOG,34731000,21
LOG_SYS,34734000,21,0
CSV_LOG,34734000,21
LOG_SYS,34738000,20,0
CSV_LOG,34738000,20
LOG_FREE,34738000,364,11
LOG_SYS,34741000,20,0
CSV_LOG,34741000,20
LOG_SYS,34744000,20,0
CSV_LOG,34744000,20
LOG_SYS,34748000,20,0
CSV_LOG,34748000,20
LOG_SYS,34751000,20,0
CSV_LOG,34751000,20
LOG_SYS,34754000,20,0
CSV_LOG,34754000,20
LOG_SYS,34758000,20,0
CSV_LOG,34758000,20
LOG_SYS,34761000,20,0
CSV_LOG,34761000,20
LOG_HOST,34764000,494,5,0
LOG_SYS,34764000,20,0
CSV_LOG,34764000,20
LOG_SYS,34768000,19,0
CSV_LOG,34768000,19
LOG_FREE,34768000,367,8
LOG_SYS,34771000,19,0
CSV_LOG,34771000,19
LOG_SYS,34774000,19,0
CSV_LOG,34774000,19
LOG_SYS,34778000,19,0
CSV_LOG,34778000,19
LOG_SYS,34781000,19,0
CSV_LOG,34781000,19
LOG_SYS,34784000,19,0
CSV_LOG,34784000,19
LOG_SYS,34788000,18,0
CSV_LOG,34788000,18
LOG_FREE,34788000,356,7
LOG_SYS,34791000,18,0
CSV_LOG,34791000,18
LOG_SYS,34794000,18,0
CSV_LOG,34794000,18
LOG_SYS,34798000,18,0
CSV_LOG,34798000,18
LOG_SYS,34801000,18,0
CSV_LOG,34801000,18
LOG_SYS,34804000,18,0
CSV_LOG,34804000,18
LOG_SYS,34808000,18,0
CSV_LOG,34808000,18
LOG_SYS,34811000,18,0
CSV_LOG,34811000,18
LOG_SYS,34814000,18,0
CSV_LOG,34814000,18
LOG_SYS,34818000,18,0
CSV_LOG,34818000,18
LOG_SYS,34821000,18,0
CSV_LOG,34821000,18
LOG_SYS,34824000,18,0
CSV_LOG,34824000,18
LOG_SYS,34828000,18,0
CSV_LOG,34828000,18
LOG_SYS,34831000,18,0
CSV_LOG,34831000,18
LOG_SYS,34834000,18,0
CSV_LOG,34834000,18
LOG_SYS,34838000,18,0
CSV_LOG,34838000,18
LOG_SYS,34841000,17,0
CSV_LOG,34841000,17
LOG_FREE,34841000,368,5
LOG_HOST,34844000,495,8,0
LOG_SYS,34844000,17,0
CSV_LOG,34844000,17
LOG_SYS,34848000,17,0
CSV_LOG,34848000,17
LOG_SYS,34851000,17,0
CSV_LOG,34851000,17
LOG_SYS,34854000,16,0
CSV_LOG,34854000,16
LOG_FREE,34854000,356,6
LOG_SYS,34858000,15,0
CSV_LOG,34858000,15
LOG_FREE,34858000,364,9
LOG_SYS,34861000,15,0
CSV_LOG,34861000,15
LOG_SYS,34864000,15,0
CSV_LOG,34864000,15
LOG_SYS,34868000,15,0
CSV_LOG,34868000,15
LOG_SYS,34871000,15,0
CSV_LOG,34871000,15
LOG_SYS,34874000,15,0
CSV_LOG,34874000,15
LOG_SYS,34878000,15,0
CSV_LOG,34878000,15
LOG_SYS,34881000,15,0
CSV_LOG,34881000,15
LOG_SYS,34884000,14,0
CSV_LOG,34884000,14
LOG_FREE,34884000,360,4
LOG_SYS,34888000,13,0
CSV_LOG,34888000,13
LOG_FREE,34888000,358,18
LOG_SYS,34891000,13,0
CSV_LOG,34891000,13
LOG_ALLOC,34891000,361,4
LOG_SYS,34894000,14,0
CSV_LOG,34894000,14
LOG_ALLOC,34894000,361,5
LOG_SYS,34898000,15,0
CSV_LOG,34898000,15
LOG_SYS,34901000,15,0
CSV_LOG,34901000,15
LOG_SYS,34904000,15,0
CSV_LOG,34904000,15
LOG_SYS,34908000,15,0
CSV_LOG,34908000,15
LOG_SYS,34911000,15,0
CSV_LOG,34911000,15
LOG_SYS,34914000,14,0
CSV_LOG,34914000,14
LOG_FREE,34914000,358,19
LOG_HOST,34914000,496,4,0
LOG_SYS,34918000,14,0
CSV_LOG,34918000,14
LOG_SYS,34921000,14,0
CSV_LOG,34921000,14
LOG_SYS,34924000,13,0
CSV_LOG,34924000,13
LOG_FREE,34924000,361,5
LOG_SYS,34928000,13,0
CSV_LOG,34928000,13
LOG_SYS,34931000,13,0
CSV_LOG,34931000,13
LOG_SYS,34934000,13,0
CSV_LOG,34934000,13
LOG_SYS,34938000,13,0
CSV_LOG,34938000,13
LOG_SYS,34941000,13,0
CSV_LOG,34941000,13
LOG_SYS,34944000,13,0
CSV_LOG,34944000,13
LOG_SYS,34948000,13,0
CSV_LOG,34948000,13
LOG_SYS,34951000,12,0
CSV_LOG,34951000,12
LOG_FREE,34951000,361,4
LOG_SYS,34954000,12,0
CSV_LOG,34954000,12
LOG_SYS,34958000,12,0
CSV_LOG,34958000,12
LOG_SYS,34961000,12,0
CSV_LOG,34961000,12
LOG_ALLOC,34961000,371,4
LOG_SYS,34964000,13,0
CSV_LOG,34964000,13
LOG_ALLOC,34964000,371,5
LOG_SYS,34968000,14,0
CSV_LOG,34968000,14
LOG_SYS,34971000,14,0
CSV_LOG,34971000,14
LOG_SYS,34974000,14,0
CSV_LOG,34974000,14
LOG_SYS,34978000,14,0
CSV_LOG,34978000,14
LOG_SYS,34981000,14,0
CSV_LOG,34981000,14
LOG_SYS,34984000,14,0
CSV_LOG,34984000,14
LOG_SYS,34988000,14,0
CSV_LOG,34988000,14
LOG_HOST,34991000,497,8,496
LOG_SYS,34991000,14,0
CSV_LOG,34991000,14
LOG_SYS,34994000,14,0
CSV_LOG,34994000,14
LOG_SYS,34998000,14,0
CSV_LOG,34998000,14
LOG_SYS,35001000,14,0
CSV_LOG,35001000,14
LOG_SYS,35004000,14,0
CSV_LOG,35004000,14
LOG_SYS,35008000,14,0
CSV_LOG,35008000,14
LOG_SYS,35011000,14,0
CSV_LOG,35011000,14
LOG_SYS,35014000,14,0
CSV_LOG,35014000,14
LOG_SYS,35018000,14,0
CSV_LOG,35018000,14
LOG_SYS,35021000,14,0
CSV_LOG,35021000,14
LOG_SYS,35024000,14,0
CSV_LOG,35024000,14
LOG_SYS,35028000,13,0
CSV_LOG,35028000,13
LOG_FREE,35028000,356,0
LOG_SYS,35031000,13,0
CSV_LOG,35031000,13
LOG_SYS,35034000,13,0
CSV_LOG,35034000,13
LOG_ALLOC,35034000,357,0
LOG_SYS,35038000,14,0
CSV_LOG,35038000,14
LOG_ALLOC,35038000,357,6
LOG_SYS,35041000,15,0
CSV_LOG,35041000,15
LOG_ALLOC,35041000,357,7
LOG_SYS,35044000,16,0
CSV_LOG,35044000,16
LOG_ALLOC,35044000,357,8
LOG_SYS,35048000,17,0
CSV_LOG,35048000,17
LOG_ALLOC,35048000,357,9
LOG_HOST,35051000,498,5,0
LOG_SYS,35051000,18,0
CSV_LOG,35051000,18
LOG_ALLOC,35051000,357,11
LOG_SYS,35054000,19,0
CSV_LOG,35054000,19
LOG_ALLOC,35054000,357,14
LOG_SYS,35058000,20,0
CSV_LOG,35058000,20
LOG_ALLOC,35058000,372,15
LOG_SYS,35061000,20,0
CSV_LOG,35061000,20
LOG_FREE,35061000,371,4
LOG_SYS,35064000,20,0
CSV_LOG,35064000,20
LOG_SYS,35068000,20,0
CSV_LOG,35068000,20
LOG_SYS,35071000,20,0
CSV_LOG,35071000,20
LOG_SYS,35074000,20,0
CSV_LOG,35074000,20
LOG_HOST,35074000,499,4,498
LOG_SYS,35078000,20,0
CSV_LOG,35078000,20
LOG_SYS,35081000,20,0
CSV_LOG,35081000,20
LOG_SYS,35084000,20,0
CSV_LOG,35084000,20
LOG_SYS,35088000,20,0
CSV_LOG,35088000,20
LOG_SYS,35091000,20,0
CSV_LOG,35091000,20
LOG_SYS,35094000,20,0
CSV_LOG,35094000,20
LOG_SYS,35098000,20,0
CSV_LOG,35098000,20
LOG_SYS,35101000,20,0
CSV_LOG,35101000,20
LOG_SYS,35104000,20,0
CSV_LOG,35104000,20
LOG_SYS,35108000,20,0
CSV_LOG,35108000,20
LOG_HOST,35108000,500,3,0
LOG_SYS,35111000,20,1
CSV_LOG,35111000,20
LOG_SYS,35114000,20,1
CSV_LOG,35114000,20
LOG_SYS,35118000,20,1
CSV_LOG,35118000,20
LOG_SYS,35121000,20,1
CSV_LOG,35121000,20
LOG_SYS,35124000,20,1
CSV_LOG,35124000,20
LOG_SYS,35128000,20,1
CSV_LOG,35128000,20
LOG_SYS,35131000,20,1
CSV_LOG,35131000,20
LOG_SYS,35134000,20,1
CSV_LOG,35134000,20
LOG_SYS,35138000,20,1
CSV_LOG,35138000,20
LOG_SYS,35141000,20,1
CSV_LOG,35141000,20
LOG_SYS,35144000,20,1
CSV_LOG,35144000,20
LOG_SYS,35148000,20,1
CSV_LOG,35148000,20
LOG_SYS,35151000,20,1
CSV_LOG,35151000,20
LOG_SYS,35154000,20,1
CSV_LOG,35154000,20
LOG_SYS,35158000,19,1
CSV_LOG,35158000,19
LOG_FREE,35158000,357,8
LOG_SYS,35161000,18,1
CSV_LOG,35161000,18
LOG_FREE,35161000,371,5
LOG_SYS,35164000,17,1
CSV_LOG,35164000,17
LOG_FREE,35164000,364,16
LOG_SYS,35168000,17,0
CSV_LOG,35168000,17
LOG_SYS,35171000,17,0
CSV_LOG,35171000,17
LOG_ALLOC,35171000,365,4
LOG_SYS,35174000,18,0
CSV_LOG,35174000,18
LOG_ALLOC,35174000,365,5
LOG_SYS,35178000,19,0
CSV_LOG,35178000,19
LOG_ALLOC,35178000,365,8
LOG_SYS,35181000,20,0
CSV_LOG,35181000,20
LOG_ALLOC,35181000,365,16
LOG_SYS,35184000,21,0
CSV_LOG,35184000,21
LOG_ALLOC,35184000,365,18
LOG_SYS,35188000,22,0
CSV_LOG,35188000,22
LOG_ALLOC,35188000,373,19
LOG_SYS,35191000,23,0
CSV_LOG,35191000,23
LOG_ALLOC,35191000,373,21
LOG_SYS,35194000,23,0
CSV_LOG,35194000,23
LOG_ALLOC,35194000,373,4
LOG_FREE,35194000,365,4
LOG_SYS,35198000,24,0
CSV_LOG,35198000,24
LOG_ALLOC,35198000,373,24
LOG_SYS,35201000,25,0
CSV_LOG,35201000,25
LOG_ALLOC,35201000,373,25
LOG_SYS,35204000,26,0
CSV_LOG,35204000,26
LOG_ALLOC,35204000,374,26
LOG_SYS,35208000,27,0
CSV_LOG,35208000,27
LOG_ALLOC,35208000,374,27
LOG_SYS,35211000,28,0
CSV_LOG,35211000,28
LOG_ALLOC,35211000,374,28
LOG_SYS,35214000,28,0
CSV_LOG,35214000,28
LOG_FREE,35214000,373,19
LOG_SYS,35218000,28,0
CSV_LOG,35218000,28
LOG_SYS,35221000,28,0
CSV_LOG,35221000,28
LOG_SYS,35224000,28,0
CSV_LOG,35224000,28
LOG_SYS,35228000,28,0
CSV_LOG,35228000,28
LOG_SYS,35231000,28,0
CSV_LOG,35231000,28
LOG_SYS,35234000,28,0
CSV_LOG,35234000,28
LOG_SYS,35238000,27,0
CSV_LOG,35238000,27
LOG_FREE,35238000,368,20
LOG_SYS,35241000,27,0
CSV_LOG,35241000,27
LOG_SYS,35244000,27,0
CSV_LOG,35244000,27
LOG_ALLOC,35244000,369,19
LOG_SYS,35248000,28,0
CSV_LOG,35248000,28
LOG_ALLOC,35248000,369,20
LOG_SYS,35251000,29,0
CSV_LOG,35251000,29
LOG_ALLOC,35251000,369,29
LOG_SYS,35254000,29,0
CSV_LOG,35254000,29
LOG_ALLOC,35254000,369,17
LOG_FREE,35254000,367,17
LOG_SYS,35258000,30,0
CSV_LOG,35258000,30
LOG_ALLOC,35258000,369,30
LOG_SYS,35261000,31,0
CSV_LOG,35261000,31
LOG_ALLOC,35261000,369,31
LOG_SYS,35264000,32,0
CSV_LOG,35264000,32
LOG_SYS,35268000,32,0
CSV_LOG,35268000,32
LOG_SYS,35271000,32,0
CSV_LOG,35271000,32
LOG_SYS,35274000,32,0
CSV_LOG,35274000,32
LOG_SYS,35278000,32,0
CSV_LOG,35278000,32
LOG_SYS,35281000,32,0
CSV_LOG,35281000,32
LOG_SYS,35284000,32,0
CSV_LOG,35284000,32
LOG_SYS,35288000,32,0
CSV_LOG,35288000,32
LOG_SYS,35291000,31,0
CSV_LOG,35291000,31
LOG_FREE,35291000,359,22
LOG_SYS,35294000,31,0
CSV_LOG,35294000,31
LOG_SYS,35298000,31,0
CSV_LOG,35298000,31
LOG_SYS,35301000,31,0
CSV_LOG,35301000,31
LOG_SYS,35304000,31,0
CSV_LOG,35304000,31
LOG_SYS,35308000,31,0
CSV_LOG,35308000,31
LOG_SYS,35311000,30,0
CSV_LOG,35311000,30
LOG_FREE,35311000,369,29
LOG_SYS,35314000,30,0
CSV_LOG,35314000,30
LOG_SYS,35318000,30,0
CSV_LOG,35318000,30
LOG_SYS,35321000,29,0
CSV_LOG,35321000,29
LOG_FREE,35321000,369,31
LOG_SYS,35324000,29,0
CSV_LOG,35324000,29
LOG_SYS,35328000,29,0
CSV_LOG,35328000,29
LOG_SYS,35331000,29,0
CSV_LOG,35331000,29
LOG_SYS,35334000,28,0
CSV_LOG,35334000,28
LOG_FREE,35334000,367,12
LOG_SYS,35338000,27,0
CSV_LOG,35338000,27
LOG_FREE,35338000,373,4
LOG_SYS,35341000,27,0
CSV_LOG,35341000,27
LOG_SYS,35344000,27,0
CSV_LOG,35344000,27
LOG_SYS,35348000,26,0
CSV_LOG,35348000,26
LOG_FREE,35348000,335,1
LOG_SYS,35351000,25,0
CSV_LOG,35351000,25
LOG_FREE,35351000,357,9
LOG_SYS,35354000,25,0
CSV_LOG,35354000,25
LOG_SYS,35358000,25,0
CSV_LOG,35358000,25
LOG_ALLOC,35358000,376,1
LOG_SYS,35361000,26,0
CSV_LOG,35361000,26
LOG_ALLOC,35361000,376,4
LOG_SYS,35364000,27,0
CSV_LOG,35364000,27
LOG_ALLOC,35364000,376,9
LOG_SYS,35368000,27,0
CSV_LOG,35368000,27
LOG_ALLOC,35368000,376,8
LOG_FREE,35368000,365,8
LOG_SYS,35371000,28,0
CSV_LOG,35371000,28
LOG_SYS,35374000,28,0
CSV_LOG,35374000,28
LOG_SYS,35378000,28,0
CSV_LOG,35378000,28
LOG_SYS,35381000,28,0
CSV_LOG,35381000,28
LOG_SYS,35384000,28,0
CSV_LOG,35384000,28
LOG_SYS,35388000,28,0
CSV_LOG,35388000,28
LOG_SYS,35391000,28,0
CSV_LOG,35391000,28
LOG_SYS,35394000,28,0
CSV_LOG,35394000,28
LOG_SYS,35398000,28,0
CSV_LOG,35398000,28
LOG_SYS,35401000,28,0
CSV_LOG,35401000,28
LOG_SYS,35404000,28,0
CSV_LOG,35404000,28
LOG_SYS,35407000,28,0
CSV_LOG,35407000,28
LOG_SYS,35411000,27,0
CSV_LOG,35411000,27
LOG_FREE,35411000,369,19
LOG_SYS,35414000,27,0
CSV_LOG,35414000,27
LOG_SYS,35417000,27,0
CSV_LOG,35417000,27
LOG_SYS,35421000,27,0
CSV_LOG,35421000,27
LOG_SYS,35424000,27,0
CSV_LOG,35424000,27
LOG_SYS,35427000,27,0
CSV_LOG,35427000,27
LOG_SYS,35431000,27,0
CSV_LOG,35431000,27
LOG_SYS,35434000,27,0
CSV_LOG,35434000,27
LOG_SYS,35437000,27,0
CSV_LOG,35437000,27
LOG_SYS,35441000,27,0
CSV_LOG,35441000,27
LOG_SYS,35444000,27,0
CSV_LOG,35444000,27
LOG_SYS,35447000,27,0
CSV_LOG,35447000,27
LOG_SYS,35451000,27,0
CSV_LOG,35451000,27
LOG_SYS,35454000,26,0
CSV_LOG,35454000,26
LOG_FREE,35454000,357,6
LOG_SYS,35457000,26,0
CSV_LOG,35457000,26
LOG_SYS,35461000,26,0
CSV_LOG,35461000,26
LOG_SYS,35464000,26,0
CSV_LOG,35464000,26
LOG_SYS,35467000,26,0
CSV_LOG,35467000,26
LOG_SYS,35471000,26,0
CSV_LOG,35471000,26
LOG_SYS,35474000,26,0
CSV_LOG,35474000,26
LOG_SYS,35477000,26,0
CSV_LOG,35477000,26
LOG_SYS,35481000,26,0
CSV_LOG,35481000,26
LOG_SYS,35484000,26,0
CSV_LOG,35484000,26
LOG_SYS,35487000,26,0
CSV_LOG,35487000,26
LOG_SYS,35491000,26,0
CSV_LOG,35491000,26
LOG_SYS,35494000,26,0
CSV_LOG,35494000,26
LOG_SYS,35497000,26,0
CSV_LOG,35497000,26
LOG_SYS,35501000,26,0
CSV_LOG,35501000,26
LOG_SYS,35504000,26,0
CSV_LOG,35504000,26
LOG_SYS,35507000,26,0
CSV_LOG,35507000,26
LOG_SYS,35511000,26,0
CSV_LOG,35511000,26
LOG_SYS,35514000,26,0
CSV_LOG,35514000,26
LOG_SYS,35517000,26,0
CSV_LOG,35517000,26
LOG_SYS,35521000,25,0
CSV_LOG,35521000,25
LOG_FREE,35521000,369,17
LOG_SYS,35524000,24,0
CSV_LOG,35524000,24
LOG_FREE,35524000,365,18
LOG_SYS,35527000,24,0
CSV_LOG,35527000,24
LOG_SYS,35531000,23,0
CSV_LOG,35531000,23
LOG_FREE,35531000,357,11
LOG_SYS,35534000,23,0
CSV_LOG,35534000,23
LOG_SYS,35537000,23,0
CSV_LOG,35537000,23
LOG_SYS,35541000,23,0
CSV_LOG,35541000,23
LOG_SYS,35544000,23,0
CSV_LOG,35544000,23
LOG_SYS,35547000,23,0
CSV_LOG,35547000,23
LOG_SYS,35551000,23,0
CSV_LOG,35551000,23
LOG_SYS,35554000,23,0
CSV_LOG,35554000,23
LOG_SYS,35557000,23,0
CSV_LOG,35557000,23
LOG_SYS,35561000,23,0
CSV_LOG,35561000,23
LOG_SYS,35564000,23,0
CSV_LOG,35564000,23
LOG_SYS,35567000,22,0
CSV_LOG,35567000,22
LOG_FREE,35567000,372,15
LOG_SYS,35571000,22,0
CSV_LOG,35571000,22
LOG_SYS,35574000,22,0
CSV_LOG,35574000,22
LOG_SYS,35577000,22,0
CSV_LOG,35577000,22
LOG_ALLOC,35577000,377,6
LOG_SYS,35581000,23,0
CSV_LOG,35581000,23
LOG_ALLOC,35581000,377,11
LOG_SYS,35584000,24,0
CSV_LOG,35584000,24
LOG_ALLOC,35584000,377,12
LOG_SYS,35587000,25,0
CSV_LOG,35587000,25
LOG_ALLOC,35587000,377,15
LOG_SYS,35591000,26,0
CSV_LOG,35591000,26
LOG_ALLOC,35591000,377,17
LOG_SYS,35594000,27,0
CSV_LOG,35594000,27
LOG_ALLOC,35594000,377,18
LOG_SYS,35597000,28,0
CSV_LOG,35597000,28
LOG_ALLOC,35597000,377,19
LOG_SYS,35601000,29,0
CSV_LOG,35601000,29
LOG_ALLOC,35601000,377,22
LOG_SYS,35604000,30,0
CSV_LOG,35604000,30
LOG_SYS,35607000,30,0
CSV_LOG,35607000,30
LOG_SYS,35611000,30,0
CSV_LOG,35611000,30
LOG_SYS,35614000,30,0
CSV_LOG,35614000,30
LOG_SYS,35617000,30,0
CSV_LOG,35617000,30
LOG_SYS,35621000,30,0
CSV_LOG,35621000,30
LOG_SYS,35624000,30,0
CSV_LOG,35624000,30
LOG_SYS,35627000,30,0
CSV_LOG,35627000,30
LOG_SYS,35631000,30,0
CSV_LOG,35631000,30
LOG_SYS,35634000,30,0
CSV_LOG,35634000,30
LOG_SYS,35637000,30,0
CSV_LOG,35637000,30
LOG_SYS,35641000,30,0
CSV_LOG,35641000,30
LOG_SYS,35644000,30,0
CSV_LOG,35644000,30
LOG_SYS,35647000,30,0
CSV_LOG,35647000,30
LOG_SYS,35651000,30,0
CSV_LOG,35651000,30
LOG_SYS,35654000,30,0
CSV_LOG,35654000,30
LOG_SYS,35657000,30,0
CSV_LOG,35657000,30
LOG_SYS,35661000,29,0
CSV_LOG,35661000,29
LOG_FREE,35661000,357,14
LOG_SYS,35664000,29,0
CSV_LOG,35664000,29
LOG_SYS,35667000,29,0
CSV_LOG,35667000,29
LOG_SYS,35671000,29,0
CSV_LOG,35671000,29
LOG_SYS,35674000,29,0
CSV_LOG,35674000,29
LOG_SYS,35677000,28,0
CSV_LOG,35677000,28
LOG_FREE,35677000,376,9
LOG_SYS,35681000,28,0
CSV_LOG,35681000,28
LOG_SYS,35684000,28,0
CSV_LOG,35684000,28
LOG_SYS,35687000,28,0
CSV_LOG,35687000,28
LOG_SYS,35691000,28,0
CSV_LOG,35691000,28
LOG_SYS,35694000,28,0
CSV_LOG,35694000,28
LOG_SYS,35697000,28,0
CSV_LOG,35697000,28
LOG_SYS,35701000,28,0
CSV_LOG,35701000,28
LOG_SYS,35704000,28,0
CSV_LOG,35704000,28
LOG_SYS,35707000,28,0
CSV_LOG,35707000,28
LOG_SYS,35711000,28,0
CSV_LOG,35711000,28
LOG_SYS,35714000,28,0
CSV_LOG,35714000,28
LOG_SYS,35717000,27,0
CSV_LOG,35717000,27
LOG_FREE,35717000,376,4
LOG_SYS,35721000,27,0
CSV_LOG,35721000,27
LOG_SYS,35724000,27,0
CSV_LOG,35724000,27
LOG_SYS,35727000,27,0
CSV_LOG,35727000,27
LOG_SYS,35731000,27,0
CSV_LOG,35731000,27
LOG_SYS,35734000,27,0
CSV_LOG,35734000,27
LOG_SYS,35737000,27,0
CSV_LOG,35737000,27
LOG_SYS,35741000,27,0
CSV_LOG,35741000,27
LOG_SYS,35744000,26,0
CSV_LOG,35744000,26
LOG_FREE,35744000,374,26
LOG_SYS,35747000,26,0
CSV_LOG,35747000,26
LOG_SYS,35751000,26,0
CSV_LOG,35751000,26
LOG_SYS,35754000,26,0
CSV_LOG,35754000,26
LOG_SYS,35757000,26,0
CSV_LOG,35757000,26
LOG_SYS,35761000,26,0
CSV_LOG,35761000,26
LOG_SYS,35764000,26,0
CSV_LOG,35764000,26
LOG_SYS,35767000,26,0
CSV_LOG,35767000,26
LOG_SYS,35771000,26,0
CSV_LOG,35771000,26
LOG_SYS,35774000,26,0
CSV_LOG,35774000,26
LOG_SYS,35777000,26,0
CSV_LOG,35777000,26
LOG_SYS,35781000,26,0
CSV_LOG,35781000,26
LOG_SYS,35784000,26,0
CSV_LOG,35784000,26
LOG_SYS,35787000,26,0
CSV_LOG,35787000,26
LOG_SYS,35791000,26,0
CSV_LOG,35791000,26
LOG_SYS,35794000,26,0
CSV_LOG,35794000,26
LOG_SYS,35797000,26,0
CSV_LOG,35797000,26
LOG_SYS,35801000,26,0
CSV_LOG,35801000,26
LOG_SYS,35804000,26,0
CSV_LOG,35804000,26
LOG_SYS,35807000,26,0
CSV_LOG,35807000,26
LOG_SYS,35811000,26,0
CSV_LOG,35811000,26
LOG_SYS,35814000,26,0
CSV_LOG,35814000,26
LOG_SYS,35817000,26,0
CSV_LOG,35817000,26
LOG_SYS,35821000,26,0
CSV_LOG,35821000,26
LOG_SYS,35824000,25,0
CSV_LOG,35824000,25
LOG_FREE,35824000,369,20
LOG_SYS,35827000,25,0
CSV_LOG,35827000,25
LOG_SYS,35831000,25,0
CSV_LOG,35831000,25
LOG_SYS,35834000,25,0
CSV_LOG,35834000,25
LOG_SYS,35837000,24,0
CSV_LOG,35837000,24
LOG_FREE,35837000,359,23
LOG_SYS,35841000,24,0
CSV_LOG,35841000,24
LOG_SYS,35844000,24,0
CSV_LOG,35844000,24
LOG_SYS,35847000,24,0
CSV_LOG,35847000,24
LOG_ALLOC,35847000,378,4
LOG_SYS,35851000,24,0
CSV_LOG,35851000,24
LOG_FREE,35851000,369,30
LOG_SYS,35854000,23,0
CSV_LOG,35854000,23
LOG_FREE,35854000,376,8
LOG_SYS,35857000,23,0
CSV_LOG,35857000,23
LOG_ALLOC,35857000,370,8
LOG_SYS,35861000,24,0
CSV_LOG,35861000,24
LOG_ALLOC,35861000,370,9
LOG_SYS,35864000,25,0
CSV_LOG,35864000,25
LOG_ALLOC,35864000,370,14
LOG_SYS,35867000,26,0
CSV_LOG,35867000,26
LOG_ALLOC,35867000,370,20
LOG_SYS,35871000,27,0
CSV_LOG,35871000,27
LOG_ALLOC,35871000,370,23
LOG_SYS,35874000,28,0
CSV_LOG,35874000,28
LOG_ALLOC,35874000,370,26
LOG_SYS,35877000,29,0
CSV_LOG,35877000,29
LOG_ALLOC,35877000,370,29
LOG_SYS,35881000,30,0
CSV_LOG,35881000,30
LOG_ALLOC,35881000,370,30
LOG_SYS,35884000,31,0
CSV_LOG,35884000,31
LOG_ALLOC,35884000,379,31
LOG_SYS,35887000,32,0
CSV_LOG,35887000,32
LOG_ALLOC,35887000,379,32
LOG_SYS,35891000,32,0
CSV_LOG,35891000,32
LOG_ALLOC,35891000,379,21
LOG_FREE,35891000,373,21
LOG_SYS,35894000,33,0
CSV_LOG,35894000,33
LOG_ALLOC,35894000,379,33
LOG_SYS,35897000,34,0
CSV_LOG,35897000,34
LOG_SYS,35901000,34,0
CSV_LOG,35901000,34
LOG_SYS,35904000,33,0
CSV_LOG,35904000,33
LOG_FREE,35904000,379,33
LOG_SYS,35907000,32,0
CSV_LOG,35907000,32
LOG_FREE,35907000,363,3
LOG_SYS,35911000,32,0
CSV_LOG,35911000,32
LOG_SYS,35914000,32,0
CSV_LOG,35914000,32
LOG_SYS,35917000,32,0
CSV_LOG,35917000,32
LOG_SYS,35921000,32,0
CSV_LOG,35921000,32
LOG_SYS,35924000,32,0
CSV_LOG,35924000,32
LOG_SYS,35927000,32,0
CSV_LOG,35927000,32
LOG_SYS,35931000,32,0
CSV_LOG,35931000,32
LOG_SYS,35934000,32,0
CSV_LOG,35934000,32
LOG_SYS,35937000,32,0
CSV_LOG,35937000,32
LOG_SYS,35941000,32,0
CSV_LOG,35941000,32
LOG_SYS,35944000,32,0
CSV_LOG,35944000,32
LOG_SYS,35947000,32,0
CSV_LOG,35947000,32
LOG_SYS,35951000,32,0
CSV_LOG,35951000,32
LOG_SYS,35954000,31,0
CSV_LOG,35954000,31
LOG_FREE,35954000,377,17
LOG_SYS,35957000,31,0
CSV_LOG,35957000,31
LOG_SYS,35961000,31,0
CSV_LOG,35961000,31
LOG_SYS,35964000,31,0
CSV_LOG,35964000,31
LOG_SYS,35967000,31,0
CSV_LOG,35967000,31
LOG_SYS,35971000,31,0
CSV_LOG,35971000,31
LOG_SYS,35974000,31,0
CSV_LOG,35974000,31
LOG_SYS,35977000,31,0
CSV_LOG,35977000,31
LOG_SYS,35981000,31,0
CSV_LOG,35981000,31
LOG_SYS,35984000,31,0
CSV_LOG,35984000,31
LOG_SYS,35987000,31,0
CSV_LOG,35987000,31
LOG_SYS,35991000,31,0
CSV_LOG,35991000,31
LOG_SYS,35994000,31,0
CSV_LOG,35994000,31
LOG_SYS,35997000,30,0
CSV_LOG,35997000,30
LOG_FREE,35997000,362,10
LOG_SYS,36001000,30,0
CSV_LOG,36001000,30
LOG_SYS,36004000,30,0
CSV_LOG,36004000,30
LOG_SYS,36007000,30,0
CSV_LOG,36007000,30
LOG_ALLOC,36007000,381,3
LOG_SYS,36011000,30,0
CSV_LOG,36011000,30
LOG_ALLOC,36011000,381,10
LOG_FREE,36011000,373,25
LOG_SYS,36014000,31,0
CSV_LOG,36014000,31
LOG_ALLOC,36014000,381,17
LOG_SYS,36017000,32,0
CSV_LOG,36017000,32
LOG_ALLOC,36017000,381,25
LOG_SYS,36021000,33,0
CSV_LOG,36021000,33
LOG_SYS,36024000,33,0
CSV_LOG,36024000,33
LOG_SYS,36027000,32,0
CSV_LOG,36027000,32
LOG_FREE,36027000,370,9
LOG_SYS,36031000,32,0
CSV_LOG,36031000,32
LOG_SYS,36034000,32,0
CSV_LOG,36034000,32
LOG_SYS,36037000,32,0
CSV_LOG,36037000,32
LOG_SYS,36041000,32,0
CSV_LOG,36041000,32
LOG_SYS,36044000,32,0
CSV_LOG,36044000,32
LOG_SYS,36047000,32,0
CSV_LOG,36047000,32
LOG_SYS,36051000,32,0
CSV_LOG,36051000,32
LOG_SYS,36054000,32,0
CSV_LOG,36054000,32
LOG_SYS,36057000,32,0
CSV_LOG,36057000,32
LOG_SYS,36061000,31,0
CSV_LOG,36061000,31
LOG_FREE,36061000,377,12
LOG_SYS,36064000,31,0
CSV_LOG,36064000,31
LOG_SYS,36067000,30,0
CSV_LOG,36067000,30
LOG_FREE,36067000,381,3
LOG_SYS,36071000,30,0
CSV_LOG,36071000,30
LOG_SYS,36074000,30,0
CSV_LOG,36074000,30
LOG_SYS,36077000,30,0
CSV_LOG,36077000,30
LOG_SYS,36081000,30,0
CSV_LOG,36081000,30
LOG_SYS,36084000,30,0
CSV_LOG,36084000,30
LOG_SYS,36087000,30,0
CSV_LOG,36087000,30
LOG_SYS,36091000,30,0
CSV_LOG,36091000,30
LOG_SYS,36094000,30,0
CSV_LOG,36094000,30
LOG_SYS,36097000,30,0
CSV_LOG,36097000,30
LOG_SYS,36101000,29,0
CSV_LOG,36101000,29
LOG_FREE,36101000,381,25
LOG_SYS,36104000,29,0
CSV_LOG,36104000,29
LOG_SYS,36107000,29,0
CSV_LOG,36107000,29
LOG_SYS,36111000,29,0
CSV_LOG,36111000,29
LOG_SYS,36114000,29,0
CSV_LOG,36114000,29
LOG_SYS,36117000,29,0
CSV_LOG,36117000,29
LOG_SYS,36121000,29,0
CSV_LOG,36121000,29
LOG_SYS,36124000,29,0
CSV_LOG,36124000,29
LOG_SYS,36127000,28,0
CSV_LOG,36127000,28
LOG_FREE,36127000,357,7
LOG_SYS,36131000,28,0
CSV_LOG,36131000,28
LOG_SYS,36134000,28,0
CSV_LOG,36134000,28
LOG_SYS,36137000,28,0
CSV_LOG,36137000,28
LOG_SYS,36141000,28,0
CSV_LOG,36141000,28
LOG_SYS,36144000,28,0
CSV_LOG,36144000,28
LOG_SYS,36147000,28,0
CSV_LOG,36147000,28
LOG_SYS,36151000,28,0
CSV_LOG,36151000,28
LOG_SYS,36154000,28,0
CSV_LOG,36154000,28
LOG_SYS,36157000,28,0
CSV_LOG,36157000,28
LOG_SYS,36161000,28,0
CSV_LOG,36161000,28
LOG_SYS,36164000,28,0
CSV_LOG,36164000,28
LOG_SYS,36167000,28,0
CSV_LOG,36167000,28
LOG_SYS,36171000,28,0
CSV_LOG,36171000,28
LOG_SYS,36174000,28,0
CSV_LOG,36174000,28
LOG_SYS,36177000,28,0
CSV_LOG,36177000,28
LOG_SYS,36181000,28,0
CSV_LOG,36181000,28
LOG_SYS,36184000,27,0
CSV_LOG,36184000,27
LOG_FREE,36184000,365,16
LOG_SYS,36187000,27,0
CSV_LOG,36187000,27
LOG_SYS,36191000,27,0
CSV_LOG,36191000,27
LOG_SYS,36194000,27,0
CSV_LOG,36194000,27
LOG_SYS,36197000,27,0
CSV_LOG,36197000,27
LOG_SYS,36201000,27,0
CSV_LOG,36201000,27
LOG_SYS,36204000,27,0
CSV_LOG,36204000,27
LOG_SYS,36207000,27,0
CSV_LOG,36207000,27
LOG_SYS,36211000,26,0
CSV_LOG,36211000,26
LOG_FREE,36211000,370,26
LOG_SYS,36214000,26,0
CSV_LOG,36214000,26
LOG_SYS,36217000,26,0
CSV_LOG,36217000,26
LOG_SYS,36221000,26,0
CSV_LOG,36221000,26
LOG_SYS,36224000,26,0
CSV_LOG,36224000,26
LOG_SYS,36227000,26,0
CSV_LOG,36227000,26
LOG_SYS,36231000,25,0
CSV_LOG,36231000,25
LOG_FREE,36231000,379,32
LOG_SYS,36234000,25,0
CSV_LOG,36234000,25
LOG_SYS,36237000,25,0
CSV_LOG,36237000,25
LOG_SYS,36240000,25,0
CSV_LOG,36240000,25
LOG_SYS,36244000,25,0
CSV_LOG,36244000,25
LOG_SYS,36247000,25,0
CSV_LOG,36247000,25
LOG_SYS,36250000,25,0
CSV_LOG,36250000,25
LOG_SYS,36254000,25,0
CSV_LOG,36254000,25
LOG_SYS,36257000,25,0
CSV_LOG,36257000,25
LOG_SYS,36260000,25,0
CSV_LOG,36260000,25
LOG_SYS,36264000,25,0
CSV_LOG,36264000,25
LOG_SYS,36267000,25,0
CSV_LOG,36267000,25
LOG_SYS,36270000,25,0
CSV_LOG,36270000,25
LOG_SYS,36274000,25,0
CSV_LOG,36274000,25
LOG_SYS,36277000,25,0
CSV_LOG,36277000,25
LOG_SYS,36280000,25,0
CSV_LOG,36280000,25
LOG_SYS,36284000,25,0
CSV_LOG,36284000,25
LOG_SYS,36287000,25,0
CSV_LOG,36287000,25
LOG_SYS,36290000,25,0
CSV_LOG,36290000,25
LOG_SYS,36294000,25,0
CSV_LOG,36294000,25
LOG_SYS,36297000,25,0
CSV_LOG,36297000,25
LOG_SYS,36300000,25,0
CSV_LOG,36300000,25
LOG_SYS,36304000,25,0
CSV_LOG,36304000,25
LOG_SYS,36307000,25,0
CSV_LOG,36307000,25
LOG_SYS,36310000,25,0
CSV_LOG,36310000,25
LOG_SYS,36314000,25,0
CSV_LOG,36314000,25
LOG_SYS,36317000,25,0
CSV_LOG,36317000,25
LOG_SYS,36320000,25,0
CSV_LOG,36320000,25
LOG_SYS,36324000,25,0
CSV_LOG,36324000,25
LOG_SYS,36327000,25,0
CSV_LOG,36327000,25
LOG_SYS,36330000,25,0
CSV_LOG,36330000,25
LOG_SYS,36334000,24,0
CSV_LOG,36334000,24
LOG_FREE,36334000,377,18
LOG_SYS,36337000,23,0
CSV_LOG,36337000,23
LOG_FREE,36337000,370,8
LOG_SYS,36340000,22,0
CSV_LOG,36340000,22
LOG_FREE,36340000,377,19
LOG_SYS,36344000,22,0
CSV_LOG,36344000,22
LOG_SYS,36347000,22,0
CSV_LOG,36347000,22
LOG_SYS,36350000,22,0
CSV_LOG,36350000,22
LOG_SYS,36354000,22,0
CSV_LOG,36354000,22
LOG_SYS,36357000,22,0
CSV_LOG,36357000,22
LOG_SYS,36360000,22,0
CSV_LOG,36360000,22
LOG_SYS,36364000,22,0
CSV_LOG,36364000,22
LOG_SYS,36367000,22,0
CSV_LOG,36367000,22
LOG_SYS,36370000,22,0
CSV_LOG,36370000,22
LOG_SYS,36374000,22,0
CSV_LOG,36374000,22
LOG_SYS,36377000,22,0
CSV_LOG,36377000,22
LOG_SYS,36380000,22,0
CSV_LOG,36380000,22
LOG_SYS,36384000,21,0
CSV_LOG,36384000,21
LOG_FREE,36384000,370,14
LOG_SYS,36387000,20,0
CSV_LOG,36387000,20
LOG_FREE,36387000,377,15
LOG_SYS,36390000,20,0
CSV_LOG,36390000,20
LOG_SYS,36394000,19,0
CSV_LOG,36394000,19
LOG_FREE,36394000,379,31
LOG_SYS,36397000,19,0
CSV_LOG,36397000,19
LOG_SYS,36400000,18,0
CSV_LOG,36400000,18
LOG_FREE,36400000,374,27
LOG_SYS,36404000,17,0
CSV_LOG,36404000,17
LOG_FREE,36404000,367,13
LOG_SYS,36407000,16,0
CSV_LOG,36407000,16
LOG_FREE,36407000,377,22
LOG_SYS,36410000,16,0
CSV_LOG,36410000,16
LOG_SYS,36414000,16,0
CSV_LOG,36414000,16
LOG_SYS,36417000,16,0
CSV_LOG,36417000,16
LOG_SYS,36420000,16,0
CSV_LOG,36420000,16
LOG_SYS,36424000,16,0
CSV_LOG,36424000,16
LOG_SYS,36427000,16,0
CSV_LOG,36427000,16
LOG_SYS,36430000,16,0
CSV_LOG,36430000,16
LOG_SYS,36434000,16,0
CSV_LOG,36434000,16
LOG_SYS,36437000,16,0
CSV_LOG,36437000,16
LOG_SYS,36440000,16,0
CSV_LOG,36440000,16
LOG_SYS,36444000,16,0
CSV_LOG,36444000,16
LOG_SYS,36447000,16,0
CSV_LOG,36447000,16
LOG_SYS,36450000,16,0
CSV_LOG,36450000,16
LOG_SYS,36454000,15,0
CSV_LOG,36454000,15
LOG_FREE,36454000,378,4
LOG_SYS,36457000,15,0
CSV_LOG,36457000,15
LOG_SYS,36460000,15,0
CSV_LOG,36460000,15
LOG_SYS,36464000,15,0
CSV_LOG,36464000,15
LOG_ALLOC,36464000,383,3
LOG_SYS,36467000,16,0
CSV_LOG,36467000,16
LOG_SYS,36470000,16,0
CSV_LOG,36470000,16
LOG_SYS,36474000,16,0
CSV_LOG,36474000,16
LOG_SYS,36477000,16,0
CSV_LOG,36477000,16
LOG_SYS,36480000,16,0
CSV_LOG,36480000,16
LOG_SYS,36484000,15,0
CSV_LOG,36484000,15
LOG_FREE,36484000,345,2
LOG_SYS,36487000,14,0
CSV_LOG,36487000,14
LOG_FREE,36487000,357,0
LOG_SYS,36490000,14,0
CSV_LOG,36490000,14
LOG_ALLOC,36490000,346,0
LOG_SYS,36494000,15,0
CSV_LOG,36494000,15
LOG_ALLOC,36494000,384,2
LOG_SYS,36497000,16,0
CSV_LOG,36497000,16
LOG_ALLOC,36497000,385,4
LOG_SYS,36500000,17,0
CSV_LOG,36500000,17
LOG_ALLOC,36500000,384,7
LOG_SYS,36504000,18,0
CSV_LOG,36504000,18
LOG_ALLOC,36504000,384,8
LOG_SYS,36507000,18,0
CSV_LOG,36507000,18
LOG_ALLOC,36507000,384,1
LOG_FREE,36507000,376,1
LOG_SYS,36510000,19,0
CSV_LOG,36510000,19
LOG_ALLOC,36510000,346,9
LOG_SYS,36514000,20,0
CSV_LOG,36514000,20
LOG_ALLOC,36514000,346,12
LOG_SYS,36517000,21,0
CSV_LOG,36517000,21
LOG_ALLOC,36517000,386,13
LOG_SYS,36520000,22,0
CSV_LOG,36520000,22
LOG_ALLOC,36520000,386,14
LOG_SYS,36524000,23,0
CSV_LOG,36524000,23
LOG_ALLOC,36524000,386,15
LOG_SYS,36527000,24,0
CSV_LOG,36527000,24
LOG_ALLOC,36527000,346,16
LOG_SYS,36530000,25,0
CSV_LOG,36530000,25
LOG_SYS,36534000,24,0
CSV_LOG,36534000,24
LOG_FREE,36534000,346,0
LOG_SYS,36537000,24,0
CSV_LOG,36537000,24
LOG_SYS,36540000,24,0
CSV_LOG,36540000,24
LOG_SYS,36544000,24,0
CSV_LOG,36544000,24
LOG_SYS,36547000,24,0
CSV_LOG,36547000,24
LOG_SYS,36550000,24,0
CSV_LOG,36550000,24
LOG_SYS,36554000,23,0
CSV_LOG,36554000,23
LOG_FREE,36554000,377,6
LOG_SYS,36557000,23,0
CSV_LOG,36557000,23
LOG_SYS,36560000,23,0
CSV_LOG,36560000,23
LOG_SYS,36564000,23,0
CSV_LOG,36564000,23
LOG_SYS,36567000,23,0
CSV_LOG,36567000,23
LOG_SYS,36570000,23,0
CSV_LOG,36570000,23
LOG_SYS,36574000,23,0
CSV_LOG,36574000,23
LOG_SYS,36577000,23,0
CSV_LOG,36577000,23
LOG_SYS,36580000,23,0
CSV_LOG,36580000,23
LOG_SYS,36584000,23,0
CSV_LOG,36584000,23
LOG_SYS,36587000,23,0
CSV_LOG,36587000,23
LOG_SYS,36590000,23,0
CSV_LOG,36590000,23
LOG_SYS,36594000,23,0
CSV_LOG,36594000,23
LOG_SYS,36597000,23,0
CSV_LOG,36597000,23
LOG_SYS,36600000,23,0
CSV_LOG,36600000,23
LOG_SYS,36604000,23,0
CSV_LOG,36604000,23
LOG_SYS,36607000,23,0
CSV_LOG,36607000,23
LOG_SYS,36610000,22,0
CSV_LOG,36610000,22
LOG_FREE,36610000,384,1
LOG_SYS,36614000,22,0
CSV_LOG,36614000,22
LOG_SYS,36617000,22,0
CSV_LOG,36617000,22
LOG_SYS,36620000,22,0
CSV_LOG,36620000,22
LOG_SYS,36624000,22,0
CSV_LOG,36624000,22
LOG_SYS,36627000,22,0
CSV_LOG,36627000,22
LOG_SYS,36630000,22,0
CSV_LOG,36630000,22
LOG_SYS,36634000,22,0
CSV_LOG,36634000,22
LOG_SYS,36637000,22,0
CSV_LOG,36637000,22
LOG_SYS,36640000,22,0
CSV_LOG,36640000,22
LOG_SYS,36644000,22,0
CSV_LOG,36644000,22
LOG_SYS,36647000,22,0
CSV_LOG,36647000,22
LOG_SYS,36650000,22,0
CSV_LOG,36650000,22
LOG_SYS,36654000,22,0
CSV_LOG,36654000,22
LOG_SYS,36657000,21,0
CSV_LOG,36657000,21
LOG_FREE,36657000,386,13
LOG_SYS,36660000,21,0
CSV_LOG,36660000,21
LOG_SYS,36664000,21,0
CSV_LOG,36664000,21
LOG_SYS,36667000,21,0
CSV_LOG,36667000,21
LOG_SYS,36670000,21,0
CSV_LOG,36670000,21
LOG_SYS,36674000,21,0
CSV_LOG,36674000,21
LOG_SYS,36677000,21,0
CSV_LOG,36677000,21
LOG_SYS,36680000,21,0
CSV_LOG,36680000,21
LOG_SYS,36684000,21,0
CSV_LOG,36684000,21
LOG_SYS,36687000,21,0
CSV_LOG,36687000,21
LOG_SYS,36690000,21,0
CSV_LOG,36690000,21
LOG_SYS,36694000,21,0
CSV_LOG,36694000,21
LOG_SYS,36697000,21,0
CSV_LOG,36697000,21
LOG_SYS,36700000,21,0
CSV_LOG,36700000,21
LOG_SYS,36704000,21,0
CSV_LOG,36704000,21
LOG_SYS,36707000,21,0
CSV_LOG,36707000,21
LOG_SYS,36710000,21,0
CSV_LOG,36710000,21
LOG_SYS,36714000,21,0
CSV_LOG,36714000,21
LOG_SYS,36717000,21,0
CSV_LOG,36717000,21
LOG_SYS,36720000,21,0
CSV_LOG,36720000,21
LOG_SYS,36724000,21,0
CSV_LOG,36724000,21
LOG_SYS,36727000,21,0
CSV_LOG,36727000,21
LOG_SYS,36730000,21,0
CSV_LOG,36730000,21
LOG_SYS,36734000,21,0
CSV_LOG,36734000,21
LOG_SYS,36737000,21,0
CSV_LOG,36737000,21
LOG_SYS,36740000,20,0
CSV_LOG,36740000,20
LOG_FREE,36740000,384,2
LOG_SYS,36744000,19,0
CSV_LOG,36744000,19
LOG_FREE,36744000,385,4
LOG_SYS,36747000,18,0
CSV_LOG,36747000,18
LOG_FREE,36747000,386,15
LOG_SYS,36750000,18,0
CSV_LOG,36750000,18
LOG_SYS,36754000,18,0
CSV_LOG,36754000,18
LOG_SYS,36757000,18,0
CSV_LOG,36757000,18
LOG_SYS,36760000,18,0
CSV_LOG,36760000,18
LOG_SYS,36764000,18,0
CSV_LOG,36764000,18
LOG_SYS,36767000,18,0
CSV_LOG,36767000,18
LOG_SYS,36770000,18,0
CSV_LOG,36770000,18
LOG_SYS,36774000,18,0
CSV_LOG,36774000,18
LOG_SYS,36777000,18,0
CSV_LOG,36777000,18
LOG_SYS,36780000,18,0
CSV_LOG,36780000,18
LOG_SYS,36784000,18,0
CSV_LOG,36784000,18
LOG_SYS,36787000,18,0
CSV_LOG,36787000,18
LOG_SYS,36790000,18,0
CSV_LOG,36790000,18
LOG_SYS,36794000,18,0
CSV_LOG,36794000,18
LOG_SYS,36797000,18,0
CSV_LOG,36797000,18
LOG_SYS,36800000,18,0
CSV_LOG,36800000,18
LOG_SYS,36804000,18,0
CSV_LOG,36804000,18
LOG_SYS,36807000,18,0
CSV_LOG,36807000,18
LOG_SYS,36810000,18,0
CSV_LOG,36810000,18
LOG_SYS,36814000,18,0
CSV_LOG,36814000,18
LOG_SYS,36817000,17,0
CSV_LOG,36817000,17
LOG_FREE,36817000,379,21
LOG_SYS,36820000,16,0
CSV_LOG,36820000,16
LOG_FREE,36820000,365,5
LOG_SYS,36824000,15,0
CSV_LOG,36824000,15
LOG_ALLOC,36824000,380,0
LOG_FREE,36824000,381,17
LOG_SYS,36827000,16,0
CSV_LOG,36827000,16
LOG_ALLOC,36827000,380,1
LOG_SYS,36830000,17,0
CSV_LOG,36830000,17
LOG_ALLOC,36830000,389,2
LOG_SYS,36834000,18,0
CSV_LOG,36834000,18
LOG_ALLOC,36834000,389,4
LOG_SYS,36837000,19,0
CSV_LOG,36837000,19
LOG_ALLOC,36837000,380,5
LOG_SYS,36840000,20,0
CSV_LOG,36840000,20
LOG_ALLOC,36840000,380,6
LOG_SYS,36844000,20,0
CSV_LOG,36844000,20
LOG_ALLOC,36844000,380,0
LOG_FREE,36844000,380,0
LOG_SYS,36847000,21,0
CSV_LOG,36847000,21
LOG_ALLOC,36847000,380,13
LOG_SYS,36850000,22,0
CSV_LOG,36850000,22
LOG_ALLOC,36850000,366,15
LOG_SYS,36854000,23,0
CSV_LOG,36854000,23
LOG_ALLOC,36854000,366,17
LOG_SYS,36857000,24,0
CSV_LOG,36857000,24
LOG_ALLOC,36857000,366,18
LOG_SYS,36860000,25,0
CSV_LOG,36860000,25
LOG_ALLOC,36860000,366,19
LOG_SYS,36864000,26,0
CSV_LOG,36864000,26
LOG_ALLOC,36864000,366,21
LOG_SYS,36867000,26,0
CSV_LOG,36867000,26
LOG_ALLOC,36867000,366,22
LOG_FREE,36867000,373,24
LOG_SYS,36870000,27,0
CSV_LOG,36870000,27
LOG_ALLOC,36870000,366,24
LOG_SYS,36874000,28,0
CSV_LOG,36874000,28
LOG_ALLOC,36874000,388,25
LOG_SYS,36877000,28,0
CSV_LOG,36877000,28
LOG_ALLOC,36877000,388,26
LOG_FREE,36877000,374,28
LOG_SYS,36880000,29,0
CSV_LOG,36880000,29
LOG_ALLOC,36880000,388,27
LOG_SYS,36884000,30,0
CSV_LOG,36884000,30
LOG_ALLOC,36884000,375,28
LOG_SYS,36887000,31,0
CSV_LOG,36887000,31
LOG_ALLOC,36887000,391,31
LOG_SYS,36890000,31,0
CSV_LOG,36890000,31
LOG_ALLOC,36890000,391,17
LOG_FREE,36890000,366,17
LOG_SYS,36894000,32,0
CSV_LOG,36894000,32
LOG_ALLOC,36894000,391,32
LOG_SYS,36897000,33,0
CSV_LOG,36897000,33
LOG_ALLOC,36897000,391,33
LOG_SYS,36900000,34,0
CSV_LOG,36900000,34
LOG_ALLOC,36900000,391,34
LOG_SYS,36904000,35,0
CSV_LOG,36904000,35
LOG_ALLOC,36904000,391,35
LOG_SYS,36907000,36,0
CSV_LOG,36907000,36
LOG_ALLOC,36907000,375,36
LOG_SYS,36910000,37,0
CSV_LOG,36910000,37
LOG_ALLOC,36910000,375,37
LOG_SYS,36914000,38,0
CSV_LOG,36914000,38
LOG_ALLOC,36914000,375,38
LOG_SYS,36917000,39,0
CSV_LOG,36917000,39
LOG_ALLOC,36917000,375,39
LOG_SYS,36920000,40,0
CSV_LOG,36920000,40
LOG_ALLOC,36920000,388,40
LOG_SYS,36924000,41,0
CSV_LOG,36924000,41
LOG_ALLOC,36924000,388,41
LOG_SYS,36927000,42,0
CSV_LOG,36927000,42
LOG_SYS,36930000,42,0
CSV_LOG,36930000,42
LOG_SYS,36934000,42,0
CSV_LOG,36934000,42
LOG_SYS,36937000,42,0
CSV_LOG,36937000,42
LOG_SYS,36940000,42,0
CSV_LOG,36940000,42
LOG_SYS,36944000,42,0
CSV_LOG,36944000,42
LOG_SYS,36947000,42,0
CSV_LOG,36947000,42
LOG_SYS,36950000,42,0
CSV_LOG,36950000,42
LOG_SYS,36954000,42,0
CSV_LOG,36954000,42
LOG_SYS,36957000,42,0
CSV_LOG,36957000,42
LOG_SYS,36960000,42,0
CSV_LOG,36960000,42
LOG_SYS,36964000,41,0
CSV_LOG,36964000,41
LOG_FREE,36964000,388,40
LOG_SYS,36967000,41,0
CSV_LOG,36967000,41
LOG_SYS,36970000,41,0
CSV_LOG,36970000,41
LOG_SYS,36974000,40,0
CSV_LOG,36974000,40
LOG_FREE,36974000,366,19
LOG_SYS,36977000,40,0
CSV_LOG,36977000,40
LOG_SYS,36980000,40,0
CSV_LOG,36980000,40
LOG_SYS,36984000,40,0
CSV_LOG,36984000,40
LOG_SYS,36987000,40,0
CSV_LOG,36987000,40
LOG_SYS,36990000,39,0
CSV_LOG,36990000,39
LOG_FREE,36990000,391,17
LOG_SYS,36994000,38,0
CSV_LOG,36994000,38
LOG_FREE,36994000,366,15
LOG_SYS,36997000,38,0
CSV_LOG,36997000,38
LOG_SYS,37000000,37,0
CSV_LOG,37000000,37
LOG_FREE,37000000,366,18
LOG_SYS,37004000,36,0
CSV_LOG,37004000,36
LOG_FREE,37004000,391,35
LOG_SYS,37007000,35,0
CSV_LOG,37007000,35
LOG_FREE,37007000,386,14
LOG_SYS,37010000,34,0
CSV_LOG,37010000,34
LOG_FREE,37010000,346,16
LOG_SYS,37014000,34,0
CSV_LOG,37014000,34
LOG_ALLOC,37014000,387,14
LOG_SYS,37017000,35,0
CSV_LOG,37017000,35
LOG_ALLOC,37017000,392,15
LOG_SYS,37020000,36,0
CSV_LOG,37020000,36
LOG_ALLOC,37020000,392,16
LOG_SYS,37024000,37,0
CSV_LOG,37024000,37
LOG_ALLOC,37024000,392,17
LOG_SYS,37027000,38,0
CSV_LOG,37027000,38
LOG_ALLOC,37027000,392,18
LOG_SYS,37030000,39,0
CSV_LOG,37030000,39
LOG_ALLOC,37030000,392,19
LOG_SYS,37034000,40,0
CSV_LOG,37034000,40
LOG_ALLOC,37034000,392,35
LOG_SYS,37037000,41,0
CSV_LOG,37037000,41
LOG_ALLOC,37037000,392,40
LOG_SYS,37040000,42,0
CSV_LOG,37040000,42
LOG_ALLOC,37040000,387,42
LOG_SYS,37044000,43,0
CSV_LOG,37044000,43
LOG_ALLOC,37044000,387,43
LOG_SYS,37047000,44,0
CSV_LOG,37047000,44
LOG_SYS,37050000,44,0
CSV_LOG,37050000,44
LOG_SYS,37054000,43,0
CSV_LOG,37054000,43
LOG_FREE,37054000,375,28
LOG_SYS,37057000,43,0
CSV_LOG,37057000,43
LOG_SYS,37060000,43,0
CSV_LOG,37060000,43
LOG_SYS,37064000,43,0
CSV_LOG,37064000,43
LOG_SYS,37067000,43,0
CSV_LOG,37067000,43
LOG_SYS,37070000,43,0
CSV_LOG,37070000,43
LOG_SYS,37073000,43,0
CSV_LOG,37073000,43
LOG_SYS,37077000,43,0
CSV_LOG,37077000,43
LOG_SYS,37080000,43,0
CSV_LOG,37080000,43
LOG_SYS,37083000,43,0
CSV_LOG,37083000,43
LOG_SYS,37087000,43,0
CSV_LOG,37087000,43
LOG_SYS,37090000,43,0
CSV_LOG,37090000,43
LOG_SYS,37093000,43,0
CSV_LOG,37093000,43
LOG_SYS,37097000,43,0
CSV_LOG,37097000,43
LOG_SYS,37100000,43,0
CSV_LOG,37100000,43
LOG_SYS,37103000,43,0
CSV_LOG,37103000,43
LOG_SYS,37107000,43,0
CSV_LOG,37107000,43
LOG_SYS,37110000,43,0
CSV_LOG,37110000,43
LOG_SYS,37113000,43,0
CSV_LOG,37113000,43
LOG_SYS,37117000,43,0
CSV_LOG,37117000,43
LOG_SYS,37120000,42,0
CSV_LOG,37120000,42
LOG_FREE,37120000,346,12
LOG_SYS,37123000,42,0
CSV_LOG,37123000,42
LOG_SYS,37127000,41,0
CSV_LOG,37127000,41
LOG_FREE,37127000,375,38
LOG_SYS,37130000,41,0
CSV_LOG,37130000,41
LOG_SYS,37133000,41,0
CSV_LOG,37133000,41
LOG_SYS,37137000,40,0
CSV_LOG,37137000,40
LOG_FREE,37137000,375,39
LOG_SYS,37140000,40,0
CSV_LOG,37140000,40
LOG_SYS,37143000,40,0
CSV_LOG,37143000,40
LOG_SYS,37147000,40,0
CSV_LOG,37147000,40
LOG_SYS,37150000,40,0
CSV_LOG,37150000,40
LOG_SYS,37153000,40,0
CSV_LOG,37153000,40
LOG_SYS,37157000,40,0
CSV_LOG,37157000,40
LOG_SYS,37160000,40,0
CSV_LOG,37160000,40
LOG_SYS,37163000,40,0
CSV_LOG,37163000,40
LOG_SYS,37167000,40,0
CSV_LOG,37167000,40
LOG_SYS,37170000,39,0
CSV_LOG,37170000,39
LOG_FREE,37170000,346,9
LOG_SYS,37173000,39,0
CSV_LOG,37173000,39
LOG_SYS,37177000,39,0
CSV_LOG,37177000,39
LOG_SYS,37180000,39,0
CSV_LOG,37180000,39
LOG_ALLOC,37180000,393,9
LOG_SYS,37183000,40,0
CSV_LOG,37183000,40
LOG_ALLOC,37183000,393,12
LOG_SYS,37187000,41,0
CSV_LOG,37187000,41
LOG_ALLOC,37187000,393,28
LOG_SYS,37190000,41,0
CSV_LOG,37190000,41
LOG_ALLOC,37190000,393,15
LOG_FREE,37190000,392,15
LOG_SYS,37193000,41,0
CSV_LOG,37193000,41
LOG_ALLOC,37193000,393,36
LOG_FREE,37193000,375,36
LOG_SYS,37197000,42,0
CSV_LOG,37197000,42
LOG_SYS,37200000,41,0
CSV_LOG,37200000,41
LOG_FREE,37200000,393,28
LOG_SYS,37203000,41,0
CSV_LOG,37203000,41
LOG_SYS,37207000,41,0
CSV_LOG,37207000,41
LOG_SYS,37210000,41,0
CSV_LOG,37210000,41
LOG_SYS,37213000,41,0
CSV_LOG,37213000,41
LOG_SYS,37217000,41,0
CSV_LOG,37217000,41
LOG_SYS,37220000,41,0
CSV_LOG,37220000,41
LOG_SYS,37223000,41,0
CSV_LOG,37223000,41
LOG_SYS,37227000,40,0
CSV_LOG,37227000,40
LOG_FREE,37227000,388,27
LOG_SYS,37230000,39,0
CSV_LOG,37230000,39
LOG_FREE,37230000,387,14
LOG_SYS,37233000,39,0
CSV_LOG,37233000,39
LOG_SYS,37237000,39,0
CSV_LOG,37237000,39
LOG_SYS,37240000,39,0
CSV_LOG,37240000,39
LOG_SYS,37243000,39,0
CSV_LOG,37243000,39
LOG_SYS,37247000,39,0
CSV_LOG,37247000,39
LOG_SYS,37250000,39,0
CSV_LOG,37250000,39
LOG_SYS,37253000,38,0
CSV_LOG,37253000,38
LOG_FREE,37253000,392,40
LOG_SYS,37257000,38,0
CSV_LOG,37257000,38
LOG_SYS,37260000,38,0
CSV_LOG,37260000,38
LOG_SYS,37263000,38,0
CSV_LOG,37263000,38
LOG_SYS,37267000,38,0
CSV_LOG,37267000,38
LOG_SYS,37270000,37,0
CSV_LOG,37270000,37
LOG_FREE,37270000,391,33
LOG_SYS,37273000,37,0
CSV_LOG,37273000,37
LOG_SYS,37277000,37,0
CSV_LOG,37277000,37
LOG_SYS,37280000,37,0
CSV_LOG,37280000,37
LOG_SYS,37283000,36,0
CSV_LOG,37283000,36
LOG_FREE,37283000,366,21
LOG_SYS,37287000,36,0
CSV_LOG,37287000,36
LOG_SYS,37290000,36,0
CSV_LOG,37290000,36
LOG_SYS,37293000,36,0
CSV_LOG,37293000,36
LOG_SYS,37297000,36,0
CSV_LOG,37297000,36
LOG_SYS,37300000,36,0
CSV_LOG,37300000,36
LOG_SYS,37303000,36,0
CSV_LOG,37303000,36
LOG_SYS,37307000,36,0
CSV_LOG,37307000,36
LOG_SYS,37310000,36,0
CSV_LOG,37310000,36
LOG_SYS,37313000,36,0
CSV_LOG,37313000,36
LOG_SYS,37317000,35,0
CSV_LOG,37317000,35
LOG_FREE,37317000,393,12
LOG_SYS,37320000,35,0
CSV_LOG,37320000,35
LOG_SYS,37323000,35,0
CSV_LOG,37323000,35
LOG_SYS,37327000,35,0
CSV_LOG,37327000,35
LOG_SYS,37330000,35,0
CSV_LOG,37330000,35
LOG_SYS,37333000,35,0
CSV_LOG,37333000,35
LOG_SYS,37337000,35,0
CSV_LOG,37337000,35
LOG_SYS,37340000,35,0
CSV_LOG,37340000,35
LOG_SYS,37343000,35,0
CSV_LOG,37343000,35
LOG_SYS,37347000,35,0
CSV_LOG,37347000,35
LOG_SYS,37350000,35,0
CSV_LOG,37350000,35
LOG_SYS,37353000,35,0
CSV_LOG,37353000,35
LOG_SYS,37357000,35,0
CSV_LOG,37357000,35
LOG_SYS,37360000,35,0
CSV_LOG,37360000,35
LOG_SYS,37363000,35,0
CSV_LOG,37363000,35
LOG_SYS,37367000,35,0
CSV_LOG,37367000,35
LOG_SYS,37370000,35,0
CSV_LOG,37370000,35
LOG_SYS,37373000,34,0
CSV_LOG,37373000,34
LOG_FREE,37373000,391,34
LOG_SYS,37377000,34,0
CSV_LOG,37377000,34
LOG_SYS,37380000,34,0
CSV_LOG,37380000,34
LOG_SYS,37383000,34,0
CSV_LOG,37383000,34
LOG_SYS,37387000,34,0
CSV_LOG,37387000,34
LOG_SYS,37390000,33,0
CSV_LOG,37390000,33
LOG_FREE,37390000,380,6
LOG_SYS,37393000,33,0
CSV_LOG,37393000,33
LOG_SYS,37397000,33,0
CSV_LOG,37397000,33
LOG_SYS,37400000,33,0
CSV_LOG,37400000,33
LOG_SYS,37403000,33,0
CSV_LOG,37403000,33
LOG_SYS,37407000,33,0
CSV_LOG,37407000,33
LOG_SYS,37410000,33,0
CSV_LOG,37410000,33
LOG_SYS,37413000,32,0
CSV_LOG,37413000,32
LOG_FREE,37413000,370,30
LOG_SYS,37417000,32,0
CSV_LOG,37417000,32
LOG_SYS,37420000,32,0
CSV_LOG,37420000,32
LOG_SYS,37423000,32,0
CSV_LOG,37423000,32
LOG_SYS,37427000,32,0
CSV_LOG,37427000,32
LOG_SYS,37430000,32,0
CSV_LOG,37430000,32
LOG_SYS,37433000,31,0
CSV_LOG,37433000,31
LOG_FREE,37433000,377,11
LOG_SYS,37437000,31,0
CSV_LOG,37437000,31
LOG_SYS,37440000,31,0
CSV_LOG,37440000,31
LOG_SYS,37443000,31,0
CSV_LOG,37443000,31
LOG_ALLOC,37443000,394,6
LOG_SYS,37447000,32,0
CSV_LOG,37447000,32
LOG_ALLOC,37447000,394,11
LOG_SYS,37450000,33,0
CSV_LOG,37450000,33
LOG_ALLOC,37450000,394,12
LOG_SYS,37453000,34,0
CSV_LOG,37453000,34
LOG_ALLOC,37453000,394,14
LOG_SYS,37457000,35,0
CSV_LOG,37457000,35
LOG_ALLOC,37457000,394,21
LOG_SYS,37460000,36,0
CSV_LOG,37460000,36
LOG_ALLOC,37460000,394,27
LOG_SYS,37463000,37,0
CSV_LOG,37463000,37
LOG_SYS,37467000,37,0
CSV_LOG,37467000,37
LOG_SYS,37470000,36,0
CSV_LOG,37470000,36
LOG_FREE,37470000,392,18
LOG_SYS,37473000,36,0
CSV_LOG,37473000,36
LOG_SYS,37477000,36,0
CSV_LOG,37477000,36
LOG_SYS,37480000,36,0
CSV_LOG,37480000,36
LOG_SYS,37483000,36,0
CSV_LOG,37483000,36
LOG_SYS,37487000,35,0
CSV_LOG,37487000,35
LOG_FREE,37487000,391,31
LOG_SYS,37490000,35,0
CSV_LOG,37490000,35
LOG_SYS,37493000,34,0
CSV_LOG,37493000,34
LOG_FREE,37493000,370,23
LOG_SYS,37497000,34,0
CSV_LOG,37497000,34
LOG_SYS,37500000,34,0
CSV_LOG,37500000,34
LOG_SYS,37503000,34,0
CSV_LOG,37503000,34
LOG_SYS,37507000,33,0
CSV_LOG,37507000,33
LOG_FREE,37507000,393,9
LOG_SYS,37510000,33,0
CSV_LOG,37510000,33
LOG_SYS,37513000,33,0
CSV_LOG,37513000,33
LOG_SYS,37517000,33,0
CSV_LOG,37517000,33
LOG_SYS,37520000,33,0
CSV_LOG,37520000,33
LOG_SYS,37523000,33,0
CSV_LOG,37523000,33
LOG_SYS,37527000,32,0
CSV_LOG,37527000,32
LOG_FREE,37527000,394,27
LOG_SYS,37530000,32,0
CSV_LOG,37530000,32
LOG_SYS,37533000,32,0
CSV_LOG,37533000,32
LOG_SYS,37537000,32,0
CSV_LOG,37537000,32
LOG_SYS,37540000,32,0
CSV_LOG,37540000,32
LOG_SYS,37543000,32,0
CSV_LOG,37543000,32
LOG_SYS,37547000,32,0
CSV_LOG,37547000,32
LOG_SYS,37550000,32,0
CSV_LOG,37550000,32
LOG_SYS,37553000,32,0
CSV_LOG,37553000,32
LOG_SYS,37557000,32,0
CSV_LOG,37557000,32
LOG_SYS,37560000,32,0
CSV_LOG,37560000,32
LOG_SYS,37563000,32,0
CSV_LOG,37563000,32
LOG_SYS,37567000,32,0
CSV_LOG,37567000,32
LOG_SYS,37570000,32,0
CSV_LOG,37570000,32
LOG_SYS,37573000,32,0
CSV_LOG,37573000,32
LOG_SYS,37577000,32,0
CSV_LOG,37577000,32
LOG_SYS,37580000,32,0
CSV_LOG,37580000,32
LOG_SYS,37583000,32,0
CSV_LOG,37583000,32
LOG_SYS,37587000,31,0
CSV_LOG,37587000,31
LOG_FREE,37587000,384,7
LOG_SYS,37590000,31,0
CSV_LOG,37590000,31
LOG_SYS,37593000,30,0
CSV_LOG,37593000,30
LOG_FREE,37593000,392,19
LOG_SYS,37597000,29,0
CSV_LOG,37597000,29
LOG_FREE,37597000,366,24
LOG_SYS,37600000,29,0
CSV_LOG,37600000,29
LOG_SYS,37603000,29,0
CSV_LOG,37603000,29
LOG_SYS,37607000,29,0
CSV_LOG,37607000,29
LOG_SYS,37610000,29,0
CSV_LOG,37610000,29
LOG_SYS,37613000,29,0
CSV_LOG,37613000,29
LOG_SYS,37617000,29,0
CSV_LOG,37617000,29
LOG_SYS,37620000,29,0
CSV_LOG,37620000,29
LOG_SYS,37623000,29,0
CSV_LOG,37623000,29
LOG_SYS,37627000,29,0
CSV_LOG,37627000,29
LOG_SYS,37630000,29,0
CSV_LOG,37630000,29
LOG_SYS,37633000,29,0
CSV_LOG,37633000,29
LOG_SYS,37637000,29,0
CSV_LOG,37637000,29
LOG_SYS,37640000,29,0
CSV_LOG,37640000,29
LOG_SYS,37643000,28,0
CSV_LOG,37643000,28
LOG_FREE,37643000,380,1
LOG_SYS,37647000,27,0
CSV_LOG,37647000,27
LOG_FREE,37647000,388,26
LOG_SYS,37650000,26,0
CSV_LOG,37650000,26
LOG_FREE,37650000,392,35
LOG_SYS,37653000,26,0
CSV_LOG,37653000,26
LOG_SYS,37657000,26,0
CSV_LOG,37657000,26
LOG_SYS,37660000,26,0
CSV_LOG,37660000,26
LOG_SYS,37663000,25,0
CSV_LOG,37663000,25
LOG_FREE,37663000,380,0
LOG_SYS,37667000,25,0
CSV_LOG,37667000,25
LOG_SYS,37670000,25,0
CSV_LOG,37670000,25
LOG_SYS,37673000,25,0
CSV_LOG,37673000,25
LOG_SYS,37677000,25,0
CSV_LOG,37677000,25
LOG_SYS,37680000,24,0
CSV_LOG,37680000,24
LOG_FREE,37680000,393,36
LOG_SYS,37683000,24,0
CSV_LOG,37683000,24
LOG_SYS,37687000,24,0
CSV_LOG,37687000,24
LOG_SYS,37690000,24,0
CSV_LOG,37690000,24
LOG_SYS,37693000,24,0
CSV_LOG,37693000,24
LOG_SYS,37697000,24,0
CSV_LOG,37697000,24
LOG_SYS,37700000,24,0
CSV_LOG,37700000,24
LOG_SYS,37703000,24,0
CSV_LOG,37703000,24
LOG_SYS,37707000,24,0
CSV_LOG,37707000,24
LOG_SYS,37710000,24,0
CSV_LOG,37710000,24
LOG_SYS,37713000,24,0
CSV_LOG,37713000,24
LOG_SYS,37717000,24,0
CSV_LOG,37717000,24
LOG_SYS,37720000,24,0
CSV_LOG,37720000,24
LOG_SYS,37723000,24,0
CSV_LOG,37723000,24
LOG_SYS,37727000,24,0
CSV_LOG,37727000,24
LOG_SYS,37730000,24,0
CSV_LOG,37730000,24
LOG_SYS,37733000,24,0
CSV_LOG,37733000,24
LOG_SYS,37737000,24,0
CSV_LOG,37737000,24
LOG_SYS,37740000,24,0
CSV_LOG,37740000,24
LOG_SYS,37743000,24,0
CSV_LOG,37743000,24
LOG_SYS,37747000,23,0
CSV_LOG,37747000,23
LOG_FREE,37747000,394,14
LOG_SYS,37750000,23,0
CSV_LOG,37750000,23
LOG_SYS,37753000,23,0
CSV_LOG,37753000,23
LOG_SYS,37757000,23,0
CSV_LOG,37757000,23
LOG_SYS,37760000,23,0
CSV_LOG,37760000,23
LOG_SYS,37763000,23,0
CSV_LOG,37763000,23
LOG_SYS,37767000,23,0
CSV_LOG,37767000,23
LOG_SYS,37770000,23,0
CSV_LOG,37770000,23
LOG_SYS,37773000,23,0
CSV_LOG,37773000,23
LOG_SYS,37777000,23,0
CSV_LOG,37777000,23
LOG_SYS,37780000,23,0
CSV_LOG,37780000,23
LOG_SYS,37783000,23,0
CSV_LOG,37783000,23
LOG_SYS,37787000,23,0
CSV_LOG,37787000,23
LOG_SYS,37790000,23,0
CSV_LOG,37790000,23
LOG_SYS,37793000,23,0
CSV_LOG,37793000,23
LOG_SYS,37797000,23,0
CSV_LOG,37797000,23
LOG_SYS,37800000,22,0
CSV_LOG,37800000,22
LOG_FREE,37800000,366,22
LOG_SYS,37803000,22,0
CSV_LOG,37803000,22
LOG_SYS,37807000,22,0
CSV_LOG,37807000,22
LOG_SYS,37810000,22,0
CSV_LOG,37810000,22
LOG_ALLOC,37810000,395,0
LOG_SYS,37813000,23,0
CSV_LOG,37813000,23
LOG_ALLOC,37813000,395,1
LOG_SYS,37817000,24,0
CSV_LOG,37817000,24
LOG_ALLOC,37817000,395,7
LOG_SYS,37820000,25,0
CSV_LOG,37820000,25
LOG_ALLOC,37820000,395,9
LOG_SYS,37823000,26,0
CSV_LOG,37823000,26
LOG_SYS,37827000,26,0
CSV_LOG,37827000,26
LOG_SYS,37830000,26,0
CSV_LOG,37830000,26
LOG_SYS,37833000,26,0
CSV_LOG,37833000,26
LOG_SYS,37837000,26,0
CSV_LOG,37837000,26
LOG_SYS,37840000,26,0
CSV_LOG,37840000,26
LOG_SYS,37843000,26,0
CSV_LOG,37843000,26
LOG_SYS,37847000,26,0
CSV_LOG,37847000,26
LOG_SYS,37850000,26,0
CSV_LOG,37850000,26
LOG_SYS,37853000,26,0
CSV_LOG,37853000,26
LOG_SYS,37857000,26,0
CSV_LOG,37857000,26
LOG_SYS,37860000,26,0
CSV_LOG,37860000,26
LOG_SYS,37863000,26,0
CSV_LOG,37863000,26
LOG_SYS,37867000,26,0
CSV_LOG,37867000,26
LOG_SYS,37870000,26,0
CSV_LOG,37870000,26
LOG_SYS,37873000,26,0
CSV_LOG,37873000,26
LOG_SYS,37877000,25,0
CSV_LOG,37877000,25
LOG_FREE,37877000,389,4
LOG_SYS,37880000,24,0
CSV_LOG,37880000,24
LOG_FREE,37880000,387,43
LOG_SYS,37883000,24,0
CSV_LOG,37883000,24
LOG_SYS,37887000,24,0
CSV_LOG,37887000,24
LOG_SYS,37890000,24,0
CSV_LOG,37890000,24
LOG_SYS,37893000,24,0
CSV_LOG,37893000,24
LOG_SYS,37897000,24,0
CSV_LOG,37897000,24
LOG_SYS,37900000,24,0
CSV_LOG,37900000,24
LOG_SYS,37903000,24,0
CSV_LOG,37903000,24
LOG_SYS,37906000,24,0
CSV_LOG,37906000,24
LOG_SYS,37910000,24,0
CSV_LOG,37910000,24
LOG_SYS,37913000,24,0
CSV_LOG,37913000,24
LOG_SYS,37916000,24,0
CSV_LOG,37916000,24
LOG_SYS,37920000,24,0
CSV_LOG,37920000,24
LOG_SYS,37923000,24,0
CSV_LOG,37923000,24
LOG_SYS,37926000,24,0
CSV_LOG,37926000,24
LOG_SYS,37930000,24,0
CSV_LOG,37930000,24
LOG_SYS,37933000,24,0
CSV_LOG,37933000,24
LOG_SYS,37936000,24,0
CSV_LOG,37936000,24
LOG_SYS,37940000,24,0
CSV_LOG,37940000,24
LOG_SYS,37943000,24,0
CSV_LOG,37943000,24
LOG_SYS,37946000,24,0
CSV_LOG,37946000,24
LOG_SYS,37950000,24,0
CSV_LOG,37950000,24
LOG_SYS,37953000,24,0
CSV_LOG,37953000,24
LOG_SYS,37956000,23,0
CSV_LOG,37956000,23
LOG_FREE,37956000,394,6
LOG_SYS,37960000,23,0
CSV_LOG,37960000,23
LOG_SYS,37963000,23,0
CSV_LOG,37963000,23
LOG_SYS,37966000,23,0
CSV_LOG,37966000,23
LOG_SYS,37970000,23,0
CSV_LOG,37970000,23
LOG_SYS,37973000,23,0
CSV_LOG,37973000,23
LOG_SYS,37976000,23,0
CSV_LOG,37976000,23
LOG_SYS,37980000,23,0
CSV_LOG,37980000,23
LOG_SYS,37983000,23,0
CSV_LOG,37983000,23
LOG_SYS,37986000,23,0
CSV_LOG,37986000,23
LOG_SYS,37990000,23,0
CSV_LOG,37990000,23
LOG_SYS,37993000,22,0
CSV_LOG,37993000,22
LOG_FREE,37993000,391,32
LOG_SYS,37996000,22,0
CSV_LOG,37996000,22
LOG_SYS,38000000,22,0
CSV_LOG,38000000,22
LOG_SYS,38003000,22,0
CSV_LOG,38003000,22
LOG_ALLOC,38003000,396,4
LOG_SYS,38006000,22,0
CSV_LOG,38006000,22
LOG_ALLOC,38006000,396,6
LOG_FREE,38006000,395,7
LOG_SYS,38010000,23,0
CSV_LOG,38010000,23
LOG_ALLOC,38010000,396,7
LOG_SYS,38013000,23,0
CSV_LOG,38013000,23
LOG_FREE,38013000,388,41
LOG_SYS,38016000,23,0
CSV_LOG,38016000,23
LOG_SYS,38020000,23,0
CSV_LOG,38020000,23
LOG_SYS,38023000,23,0
CSV_LOG,38023000,23
LOG_SYS,38026000,22,0
CSV_LOG,38026000,22
LOG_FREE,38026000,395,1
LOG_SYS,38030000,22,0
CSV_LOG,38030000,22
LOG_SYS,38033000,21,0
CSV_LOG,38033000,21
LOG_FREE,38033000,387,42
LOG_SYS,38036000,21,0
CSV_LOG,38036000,21
LOG_SYS,38040000,21,0
CSV_LOG,38040000,21
LOG_SYS,38043000,21,0
CSV_LOG,38043000,21
LOG_ALLOC,38043000,397,1
LOG_SYS,38046000,22,0
CSV_LOG,38046000,22
LOG_SYS,38050000,22,0
CSV_LOG,38050000,22
LOG_SYS,38053000,22,0
CSV_LOG,38053000,22
LOG_SYS,38056000,22,0
CSV_LOG,38056000,22
LOG_SYS,38060000,22,0
CSV_LOG,38060000,22
LOG_SYS,38063000,22,0
CSV_LOG,38063000,22
LOG_SYS,38066000,22,0
CSV_LOG,38066000,22
LOG_SYS,38070000,22,0
CSV_LOG,38070000,22
LOG_SYS,38073000,22,0
CSV_LOG,38073000,22
LOG_SYS,38076000,22,0
CSV_LOG,38076000,22
LOG_SYS,38080000,22,0
CSV_LOG,38080000,22
LOG_SYS,38083000,22,0
CSV_LOG,38083000,22
LOG_SYS,38086000,22,0
CSV_LOG,38086000,22
LOG_SYS,38090000,22,0
CSV_LOG,38090000,22
LOG_SYS,38093000,21,0
CSV_LOG,38093000,21
LOG_FREE,38093000,397,1
LOG_SYS,38096000,21,0
CSV_LOG,38096000,21
LOG_SYS,38100000,21,0
CSV_LOG,38100000,21
LOG_SYS,38103000,21,0
CSV_LOG,38103000,21
LOG_ALLOC,38103000,398,1
LOG_SYS,38106000,22,0
CSV_LOG,38106000,22
LOG_ALLOC,38106000,398,14
LOG_SYS,38110000,23,0
CSV_LOG,38110000,23
LOG_ALLOC,38110000,398,18
LOG_SYS,38113000,24,0
CSV_LOG,38113000,24
LOG_ALLOC,38113000,398,19
LOG_SYS,38116000,25,0
CSV_LOG,38116000,25
LOG_ALLOC,38116000,398,22
LOG_SYS,38120000,26,0
CSV_LOG,38120000,26
LOG_ALLOC,38120000,398,23
LOG_SYS,38123000,27,0
CSV_LOG,38123000,27
LOG_ALLOC,38123000,398,24
LOG_SYS,38126000,28,0
CSV_LOG,38126000,28
LOG_ALLOC,38126000,398,26
LOG_SYS,38130000,29,0
CSV_LOG,38130000,29
LOG_SYS,38133000,29,0
CSV_LOG,38133000,29
LOG_SYS,38136000,28,0
CSV_LOG,38136000,28
LOG_FREE,38136000,398,19
LOG_SYS,38140000,28,0
CSV_LOG,38140000,28
LOG_SYS,38143000,28,0
CSV_LOG,38143000,28
LOG_SYS,38146000,28,0
CSV_LOG,38146000,28
LOG_SYS,38150000,28,0
CSV_LOG,38150000,28
LOG_SYS,38153000,28,0
CSV_LOG,38153000,28
LOG_SYS,38156000,28,0
CSV_LOG,38156000,28
LOG_SYS,38160000,28,0
CSV_LOG,38160000,28
LOG_SYS,38163000,28,0
CSV_LOG,38163000,28
LOG_SYS,38166000,28,0
CSV_LOG,38166000,28
LOG_SYS,38170000,27,0
CSV_LOG,38170000,27
LOG_FREE,38170000,381,10
LOG_SYS,38173000,27,0
CSV_LOG,38173000,27
LOG_SYS,38176000,27,0
CSV_LOG,38176000,27
LOG_ALLOC,38176000,382,10
LOG_SYS,38180000,28,0
CSV_LOG,38180000,28
LOG_ALLOC,38180000,399,19
LOG_SYS,38183000,29,0
CSV_LOG,38183000,29
LOG_ALLOC,38183000,399,27
LOG_SYS,38186000,30,0
CSV_LOG,38186000,30
LOG_ALLOC,38186000,382,28
LOG_SYS,38190000,31,0
CSV_LOG,38190000,31
LOG_ALLOC,38190000,382,30
LOG_SYS,38193000,32,0
CSV_LOG,38193000,32
LOG_ALLOC,38193000,382,31
LOG_SYS,38196000,32,0
CSV_LOG,38196000,32
LOG_ALLOC,38196000,382,17
LOG_FREE,38196000,392,17
LOG_SYS,38200000,33,0
CSV_LOG,38200000,33
LOG_ALLOC,38200000,382,32
LOG_SYS,38203000,33,0
CSV_LOG,38203000,33
LOG_ALLOC,38203000,382,12
LOG_FREE,38203000,394,12
LOG_SYS,38206000,34,0
CSV_LOG,38206000,34
LOG_ALLOC,38206000,382,33
LOG_SYS,38210000,34,0
CSV_LOG,38210000,34
LOG_FREE,38210000,382,31
LOG_SYS,38213000,34,0
CSV_LOG,38213000,34
LOG_SYS,38216000,33,0
CSV_LOG,38216000,33
LOG_FREE,38216000,384,8
LOG_SYS,38220000,33,0
CSV_LOG,38220000,33
LOG_SYS,38223000,33,0
CSV_LOG,38223000,33
LOG_SYS,38226000,33,0
CSV_LOG,38226000,33
LOG_ALLOC,38226000,400,8
LOG_SYS,38230000,34,0
CSV_LOG,38230000,34
LOG_ALLOC,38230000,400,31
LOG_SYS,38233000,35,0
CSV_LOG,38233000,35
LOG_ALLOC,38233000,400,34
LOG_SYS,38236000,36,0
CSV_LOG,38236000,36
LOG_ALLOC,38236000,400,35
LOG_SYS,38240000,37,0
CSV_LOG,38240000,37
LOG_SYS,38243000,37,0
CSV_LOG,38243000,37
LOG_SYS,38246000,36,0
CSV_LOG,38246000,36
LOG_FREE,38246000,398,24
LOG_SYS,38250000,36,0
CSV_LOG,38250000,36
LOG_SYS,38253000,36,0
CSV_LOG,38253000,36
LOG_SYS,38256000,36,0
CSV_LOG,38256000,36
LOG_SYS,38260000,36,0
CSV_LOG,38260000,36
LOG_SYS,38263000,36,0
CSV_LOG,38263000,36
LOG_SYS,38266000,35,0
CSV_LOG,38266000,35
LOG_FREE,38266000,380,5
LOG_SYS,38270000,35,0
CSV_LOG,38270000,35
LOG_SYS,38273000,35,0
CSV_LOG,38273000,35
LOG_SYS,38276000,35,0
CSV_LOG,38276000,35
LOG_SYS,38280000,35,0
CSV_LOG,38280000,35
LOG_SYS,38283000,35,0
CSV_LOG,38283000,35
LOG_SYS,38286000,35,0
CSV_LOG,38286000,35
LOG_SYS,38290000,34,0
CSV_LOG,38290000,34
LOG_FREE,38290000,370,20
LOG_SYS,38293000,34,0
CSV_LOG,38293000,34
LOG_SYS,38296000,34,0
CSV_LOG,38296000,34
LOG_SYS,38300000,33,0
CSV_LOG,38300000,33
LOG_FREE,38300000,389,2
LOG_SYS,38303000,33,0
CSV_LOG,38303000,33
LOG_SYS,38306000,32,0
CSV_LOG,38306000,32
LOG_ALLOC,38306000,390,2
LOG_FREE,38306000,382,12
LOG_SYS,38310000,32,0
CSV_LOG,38310000,32
LOG_ALLOC,38310000,401,5
LOG_FREE,38310000,399,27
LOG_SYS,38313000,33,0
CSV_LOG,38313000,33
LOG_ALLOC,38313000,390,12
LOG_SYS,38316000,34,0
CSV_LOG,38316000,34
LOG_ALLOC,38316000,390,20
LOG_SYS,38320000,34,0
CSV_LOG,38320000,34
LOG_ALLOC,38320000,390,0
LOG_FREE,38320000,395,0
LOG_SYS,38323000,35,0
CSV_LOG,38323000,35
LOG_SYS,38326000,35,0
CSV_LOG,38326000,35
LOG_SYS,38330000,35,0
CSV_LOG,38330000,35
LOG_SYS,38333000,35,0
CSV_LOG,38333000,35
LOG_SYS,38336000,35,0
CSV_LOG,38336000,35
LOG_SYS,38340000,35,0
CSV_LOG,38340000,35
LOG_SYS,38343000,35,0
CSV_LOG,38343000,35
LOG_SYS,38346000,35,0
CSV_LOG,38346000,35
LOG_SYS,38350000,35,0
CSV_LOG,38350000,35
LOG_SYS,38353000,35,0
CSV_LOG,38353000,35
LOG_SYS,38356000,34,0
CSV_LOG,38356000,34
LOG_FREE,38356000,388,25
LOG_SYS,38360000,34,0
CSV_LOG,38360000,34
LOG_SYS,38363000,34,0
CSV_LOG,38363000,34
LOG_SYS,38366000,34,0
CSV_LOG,38366000,34
LOG_ALLOC,38366000,402,24
LOG_SYS,38370000,35,0
CSV_LOG,38370000,35
LOG_ALLOC,38370000,402,25
LOG_SYS,38373000,36,0
CSV_LOG,38373000,36
LOG_ALLOC,38373000,402,27
LOG_SYS,38376000,37,0
CSV_LOG,38376000,37
LOG_ALLOC,38376000,402,36
LOG_SYS,38380000,38,0
CSV_LOG,38380000,38
LOG_ALLOC,38380000,402,38
LOG_SYS,38383000,39,0
CSV_LOG,38383000,39
LOG_ALLOC,38383000,402,39
LOG_SYS,38386000,39,0
CSV_LOG,38386000,39
LOG_ALLOC,38386000,402,21
LOG_FREE,38386000,394,21
LOG_SYS,38390000,40,0
CSV_LOG,38390000,40
LOG_ALLOC,38390000,402,40
LOG_SYS,38393000,40,0
CSV_LOG,38393000,40
LOG_FREE,38393000,390,20
LOG_SYS,38396000,40,0
CSV_LOG,38396000,40
LOG_SYS,38400000,40,0
CSV_LOG,38400000,40
LOG_SYS,38403000,40,0
CSV_LOG,38403000,40
LOG_SYS,38406000,39,0
CSV_LOG,38406000,39
LOG_FREE,38406000,382,30
LOG_SYS,38410000,39,0
CSV_LOG,38410000,39
LOG_SYS,38413000,39,0
CSV_LOG,38413000,39
LOG_SYS,38416000,39,0
CSV_LOG,38416000,39
LOG_SYS,38420000,38,0
CSV_LOG,38420000,38
LOG_FREE,38420000,382,28
LOG_SYS,38423000,38,0
CSV_LOG,38423000,38
LOG_SYS,38426000,38,0
CSV_LOG,38426000,38
LOG_SYS,38430000,38,0
CSV_LOG,38430000,38
LOG_SYS,38433000,38,0
CSV_LOG,38433000,38
LOG_SYS,38436000,37,0
CSV_LOG,38436000,37
LOG_FREE,38436000,398,22
LOG_SYS,38440000,37,0
CSV_LOG,38440000,37
LOG_SYS,38443000,37,0
CSV_LOG,38443000,37
LOG_SYS,38446000,37,0
CSV_LOG,38446000,37
LOG_SYS,38450000,37,0
CSV_LOG,38450000,37
LOG_SYS,38453000,37,0
CSV_LOG,38453000,37
LOG_SYS,38456000,36,0
CSV_LOG,38456000,36
LOG_FREE,38456000,401,5
LOG_SYS,38460000,36,0
CSV_LOG,38460000,36
LOG_SYS,38463000,36,0
CSV_LOG,38463000,36
LOG_SYS,38466000,36,0
CSV_LOG,38466000,36
LOG_ALLOC,38466000,403,5
LOG_SYS,38470000,37,0
CSV_LOG,38470000,37
LOG_ALLOC,38470000,403,20
LOG_SYS,38473000,38,0
CSV_LOG,38473000,38
LOG_ALLOC,38473000,403,22
LOG_SYS,38476000,39,0
CSV_LOG,38476000,39
LOG_ALLOC,38476000,403,28
LOG_SYS,38480000,40,0
CSV_LOG,38480000,40
LOG_ALLOC,38480000,403,30
LOG_SYS,38483000,40,0
CSV_LOG,38483000,40
LOG_ALLOC,38483000,403,36
LOG_FREE,38483000,402,36
LOG_SYS,38486000,41,0
CSV_LOG,38486000,41
LOG_ALLOC,38486000,403,41
LOG_SYS,38490000,42,0
CSV_LOG,38490000,42
LOG_ALLOC,38490000,403,42
LOG_SYS,38493000,42,0
CSV_LOG,38493000,42
LOG_FREE,38493000,398,1
LOG_SYS,38496000,42,0
CSV_LOG,38496000,42
LOG_SYS,38500000,42,0
CSV_LOG,38500000,42
LOG_SYS,38503000,41,0
CSV_LOG,38503000,41
LOG_FREE,38503000,399,19
LOG_SYS,38506000,41,0
CSV_LOG,38506000,41
LOG_SYS,38510000,41,0
CSV_LOG,38510000,41
LOG_SYS,38513000,41,0
CSV_LOG,38513000,41
LOG_SYS,38516000,41,0
CSV_LOG,38516000,41
LOG_SYS,38520000,40,0
CSV_LOG,38520000,40
LOG_FREE,38520000,390,2
LOG_SYS,38523000,40,0
CSV_LOG,38523000,40
LOG_SYS,38526000,40,0
CSV_LOG,38526000,40
LOG_SYS,38530000,40,0
CSV_LOG,38530000,40
LOG_SYS,38533000,39,0
CSV_LOG,38533000,39
LOG_FREE,38533000,398,18
LOG_SYS,38536000,39,0
CSV_LOG,38536000,39
LOG_SYS,38540000,39,0
CSV_LOG,38540000,39
LOG_SYS,38543000,38,0
CSV_LOG,38543000,38
LOG_FREE,38543000,403,41
LOG_SYS,38546000,38,0
CSV_LOG,38546000,38
LOG_SYS,38550000,38,0
CSV_LOG,38550000,38
LOG_SYS,38553000,38,0
CSV_LOG,38553000,38
LOG_SYS,38556000,38,0
CSV_LOG,38556000,38
LOG_SYS,38560000,38,0
CSV_LOG,38560000,38
LOG_SYS,38563000,38,0
CSV_LOG,38563000,38
LOG_SYS,38566000,38,0
CSV_LOG,38566000,38
LOG_SYS,38570000,38,0
CSV_LOG,38570000,38
LOG_SYS,38573000,38,0
CSV_LOG,38573000,38
LOG_SYS,38576000,37,0
CSV_LOG,38576000,37
LOG_FREE,38576000,394,11
LOG_SYS,38580000,37,0
CSV_LOG,38580000,37
LOG_SYS,38583000,37,0
CSV_LOG,38583000,37
LOG_SYS,38586000,37,0
CSV_LOG,38586000,37
LOG_ALLOC,38586000,405,1
LOG_SYS,38590000,38,0
CSV_LOG,38590000,38
LOG_ALLOC,38590000,405,2
LOG_SYS,38593000,39,0
CSV_LOG,38593000,39
LOG_SYS,38596000,39,0
CSV_LOG,38596000,39
LOG_SYS,38600000,39,0
CSV_LOG,38600000,39
LOG_SYS,38603000,39,0
CSV_LOG,38603000,39
LOG_SYS,38606000,39,0
CSV_LOG,38606000,39
LOG_SYS,38610000,39,0
CSV_LOG,38610000,39
LOG_SYS,38613000,39,0
CSV_LOG,38613000,39
LOG_SYS,38616000,39,0
CSV_LOG,38616000,39
LOG_SYS,38620000,39,0
CSV_LOG,38620000,39
LOG_SYS,38623000,39,0
CSV_LOG,38623000,39
LOG_SYS,38626000,39,0
CSV_LOG,38626000,39
LOG_SYS,38630000,38,0
CSV_LOG,38630000,38
LOG_FREE,38630000,403,20
LOG_SYS,38633000,37,0
CSV_LOG,38633000,37
LOG_FREE,38633000,395,9
LOG_SYS,38636000,37,0
CSV_LOG,38636000,37
LOG_SYS,38640000,37,0
CSV_LOG,38640000,37
LOG_SYS,38643000,37,0
CSV_LOG,38643000,37
LOG_ALLOC,38643000,406,9
LOG_SYS,38646000,37,0
CSV_LOG,38646000,37
LOG_FREE,38646000,390,0
LOG_SYS,38650000,37,0
CSV_LOG,38650000,37
LOG_SYS,38653000,36,0
CSV_LOG,38653000,36
LOG_FREE,38653000,405,2
LOG_SYS,38656000,35,0
CSV_LOG,38656000,35
LOG_FREE,38656000,392,16
LOG_SYS,38660000,35,0
CSV_LOG,38660000,35
LOG_SYS,38663000,35,0
CSV_LOG,38663000,35
LOG_SYS,38666000,35,0
CSV_LOG,38666000,35
LOG_ALLOC,38666000,407,0
LOG_SYS,38670000,36,0
CSV_LOG,38670000,36
LOG_ALLOC,38670000,407,2
LOG_SYS,38673000,37,0
CSV_LOG,38673000,37
LOG_ALLOC,38673000,407,11
LOG_SYS,38676000,38,0
CSV_LOG,38676000,38
LOG_ALLOC,38676000,407,16
LOG_SYS,38680000,39,0
CSV_LOG,38680000,39
LOG_ALLOC,38680000,407,18
LOG_SYS,38683000,39,0
CSV_LOG,38683000,39
LOG_ALLOC,38683000,407,10
LOG_FREE,38683000,382,10
LOG_SYS,38686000,40,0
CSV_LOG,38686000,40
LOG_ALLOC,38686000,407,19
LOG_SYS,38690000,41,0
CSV_LOG,38690000,41
LOG_SYS,38693000,40,0
CSV_LOG,38693000,40
LOG_FREE,38693000,402,24
LOG_SYS,38696000,39,0
CSV_LOG,38696000,39
LOG_FREE,38696000,382,32
LOG_SYS,38700000,39,0
CSV_LOG,38700000,39
LOG_SYS,38703000,39,0
CSV_LOG,38703000,39
LOG_SYS,38706000,39,0
CSV_LOG,38706000,39
LOG_SYS,38710000,39,0
CSV_LOG,38710000,39
LOG_SYS,38713000,39,0
CSV_LOG,38713000,39
LOG_SYS,38716000,39,0
CSV_LOG,38716000,39
LOG_SYS,38720000,38,0
CSV_LOG,38720000,38
LOG_FREE,38720000,402,38
LOG_SYS,38723000,38,0
CSV_LOG,38723000,38
LOG_SYS,38726000,38,0
CSV_LOG,38726000,38
LOG_SYS,38730000,38,0
CSV_LOG,38730000,38
LOG_SYS,38733000,38,0
CSV_LOG,38733000,38
LOG_SYS,38736000,38,0
CSV_LOG,38736000,38
LOG_SYS,38739000,38,0
CSV_LOG,38739000,38
LOG_SYS,38743000,38,0
CSV_LOG,38743000,38
LOG_SYS,38746000,38,0
CSV_LOG,38746000,38
LOG_SYS,38749000,38,0
CSV_LOG,38749000,38
LOG_SYS,38753000,38,0
CSV_LOG,38753000,38
LOG_SYS,38756000,38,0
CSV_LOG,38756000,38
LOG_SYS,38759000,38,0
CSV_LOG,38759000,38
LOG_SYS,38763000,38,0
CSV_LOG,38763000,38
LOG_SYS,38766000,38,0
CSV_LOG,38766000,38
LOG_SYS,38769000,37,0
CSV_LOG,38769000,37
LOG_FREE,38769000,402,40
LOG_SYS,38773000,37,0
CSV_LOG,38773000,37
LOG_SYS,38776000,36,0
CSV_LOG,38776000,36
LOG_FREE,38776000,403,28
LOG_SYS,38779000,36,0
CSV_LOG,38779000,36
LOG_SYS,38783000,36,0
CSV_LOG,38783000,36
LOG_SYS,38786000,36,0
CSV_LOG,38786000,36
LOG_SYS,38789000,36,0
CSV_LOG,38789000,36
LOG_SYS,38793000,36,0
CSV_LOG,38793000,36
LOG_SYS,38796000,36,0
CSV_LOG,38796000,36
LOG_SYS,38799000,35,0
CSV_LOG,38799000,35
LOG_FREE,38799000,407,19
LOG_SYS,38803000,34,0
CSV_LOG,38803000,34
LOG_FREE,38803000,402,27
LOG_SYS,38806000,34,0
CSV_LOG,38806000,34
LOG_SYS,38809000,34,0
CSV_LOG,38809000,34
LOG_SYS,38813000,34,0
CSV_LOG,38813000,34
LOG_SYS,38816000,33,0
CSV_LOG,38816000,33
LOG_FREE,38816000,405,1
LOG_SYS,38819000,32,0
CSV_LOG,38819000,32
LOG_FREE,38819000,407,16
LOG_SYS,38823000,32,0
CSV_LOG,38823000,32
LOG_SYS,38826000,32,0
CSV_LOG,38826000,32
LOG_ALLOC,38826000,408,1
LOG_SYS,38829000,33,0
CSV_LOG,38829000,33
LOG_ALLOC,38829000,408,16
LOG_SYS,38833000,34,0
CSV_LOG,38833000,34
LOG_SYS,38836000,34,0
CSV_LOG,38836000,34
LOG_SYS,38839000,34,0
CSV_LOG,38839000,34
LOG_SYS,38843000,33,0
CSV_LOG,38843000,33
LOG_FREE,38843000,400,35
LOG_SYS,38846000,33,0
CSV_LOG,38846000,33
LOG_SYS,38849000,33,0
CSV_LOG,38849000,33
LOG_SYS,38853000,33,0
CSV_LOG,38853000,33
LOG_SYS,38856000,33,0
CSV_LOG,38856000,33
LOG_SYS,38859000,33,0
CSV_LOG,38859000,33
LOG_SYS,38863000,32,0
CSV_LOG,38863000,32
LOG_FREE,38863000,403,30
LOG_SYS,38866000,32,0
CSV_LOG,38866000,32
LOG_SYS,38869000,31,0
CSV_LOG,38869000,31
LOG_FREE,38869000,400,31
LOG_SYS,38873000,31,0
CSV_LOG,38873000,31
LOG_SYS,38876000,31,0
CSV_LOG,38876000,31
LOG_SYS,38879000,31,0
CSV_LOG,38879000,31
LOG_SYS,38883000,31,0
CSV_LOG,38883000,31
LOG_SYS,38886000,31,0
CSV_LOG,38886000,31
LOG_SYS,38889000,31,0
CSV_LOG,38889000,31
LOG_SYS,38893000,30,0
CSV_LOG,38893000,30
LOG_FREE,38893000,396,6
LOG_SYS,38896000,30,0
CSV_LOG,38896000,30
LOG_SYS,38899000,30,0
CSV_LOG,38899000,30
LOG_SYS,38903000,30,0
CSV_LOG,38903000,30
LOG_SYS,38906000,30,0
CSV_LOG,38906000,30
LOG_SYS,38909000,30,0
CSV_LOG,38909000,30
LOG_SYS,38913000,30,0
CSV_LOG,38913000,30
LOG_SYS,38916000,30,0
CSV_LOG,38916000,30
LOG_SYS,38919000,30,0
CSV_LOG,38919000,30
LOG_SYS,38923000,30,0
CSV_LOG,38923000,30
LOG_SYS,38926000,30,0
CSV_LOG,38926000,30
LOG_SYS,38929000,30,0
CSV_LOG,38929000,30
LOG_SYS,38933000,30,0
CSV_LOG,38933000,30
LOG_SYS,38936000,30,0
CSV_LOG,38936000,30
LOG_SYS,38939000,30,0
CSV_LOG,38939000,30
LOG_SYS,38943000,29,0
CSV_LOG,38943000,29
LOG_FREE,38943000,407,0
LOG_SYS,38946000,28,0
CSV_LOG,38946000,28
LOG_FREE,38946000,375,37
LOG_SYS,38949000,28,0
CSV_LOG,38949000,28
LOG_SYS,38953000,28,0
CSV_LOG,38953000,28
LOG_SYS,38956000,28,0
CSV_LOG,38956000,28
LOG_ALLOC,38956000,409,0
LOG_SYS,38959000,29,0
CSV_LOG,38959000,29
LOG_ALLOC,38959000,409,6
LOG_SYS,38963000,30,0
CSV_LOG,38963000,30
LOG_ALLOC,38963000,409,19
LOG_SYS,38966000,31,0
CSV_LOG,38966000,31
LOG_ALLOC,38966000,409,20
LOG_SYS,38969000,32,0
CSV_LOG,38969000,32
LOG_SYS,38973000,32,0
CSV_LOG,38973000,32
LOG_SYS,38976000,32,0
CSV_LOG,38976000,32
LOG_SYS,38979000,32,0
CSV_LOG,38979000,32
LOG_SYS,38983000,32,0
CSV_LOG,38983000,32
LOG_SYS,38986000,32,0
CSV_LOG,38986000,32
LOG_SYS,38989000,32,0
CSV_LOG,38989000,32
LOG_SYS,38993000,32,0
CSV_LOG,38993000,32
LOG_SYS,38996000,32,0
CSV_LOG,38996000,32
LOG_SYS,38999000,32,0
CSV_LOG,38999000,32
LOG_SYS,39003000,31,0
CSV_LOG,39003000,31
LOG_FREE,39003000,400,8
LOG_SYS,39006000,31,0
CSV_LOG,39006000,31
LOG_SYS,39009000,31,0
CSV_LOG,39009000,31
LOG_SYS,39013000,31,0
CSV_LOG,39013000,31
LOG_SYS,39016000,30,0
CSV_LOG,39016000,30
LOG_FREE,39016000,402,21
LOG_SYS,39019000,30,0
CSV_LOG,39019000,30
LOG_SYS,39023000,30,0
CSV_LOG,39023000,30
LOG_SYS,39026000,30,0
CSV_LOG,39026000,30
LOG_SYS,39029000,29,0
CSV_LOG,39029000,29
LOG_FREE,39029000,407,10
LOG_SYS,39033000,29,0
CSV_LOG,39033000,29
LOG_SYS,39036000,28,0
CSV_LOG,39036000,28
LOG_FREE,39036000,402,25
LOG_SYS,39039000,28,0
CSV_LOG,39039000,28
LOG_SYS,39043000,28,0
CSV_LOG,39043000,28
LOG_SYS,39046000,28,0
CSV_LOG,39046000,28
LOG_SYS,39049000,28,0
CSV_LOG,39049000,28
LOG_SYS,39053000,28,0
CSV_LOG,39053000,28
LOG_SYS,39056000,28,0
CSV_LOG,39056000,28
LOG_SYS,39059000,27,0
CSV_LOG,39059000,27
LOG_FREE,39059000,409,19
LOG_SYS,39063000,27,0
CSV_LOG,39063000,27
LOG_SYS,39066000,27,0
CSV_LOG,39066000,27
LOG_SYS,39069000,27,0
CSV_LOG,39069000,27
LOG_SYS,39073000,27,0
CSV_LOG,39073000,27
LOG_SYS,39076000,27,0
CSV_LOG,39076000,27
LOG_SYS,39079000,27,0
CSV_LOG,39079000,27
LOG_SYS,39083000,27,0
CSV_LOG,39083000,27
LOG_SYS,39086000,26,0
CSV_LOG,39086000,26
LOG_FREE,39086000,403,36
LOG_SYS,39089000,26,0
CSV_LOG,39089000,26
LOG_SYS,39093000,25,0
CSV_LOG,39093000,25
LOG_FREE,39093000,380,13
LOG_SYS,39096000,25,0
CSV_LOG,39096000,25
LOG_SYS,39099000,25,0
CSV_LOG,39099000,25
LOG_SYS,39103000,24,0
CSV_LOG,39103000,24
LOG_ALLOC,39103000,410,8
LOG_FREE,39103000,408,16
LOG_SYS,39106000,24,0
CSV_LOG,39106000,24
LOG_ALLOC,39106000,410,4
LOG_FREE,39106000,396,4
LOG_SYS,39109000,25,0
CSV_LOG,39109000,25
LOG_ALLOC,39109000,410,10
LOG_SYS,39113000,26,0
CSV_LOG,39113000,26
LOG_ALLOC,39113000,410,13
LOG_SYS,39116000,27,0
CSV_LOG,39116000,27
LOG_ALLOC,39116000,410,16
LOG_SYS,39119000,28,0
CSV_LOG,39119000,28
LOG_ALLOC,39119000,410,19
LOG_SYS,39123000,29,0
CSV_LOG,39123000,29
LOG_ALLOC,39123000,410,21
LOG_SYS,39126000,29,0
CSV_LOG,39126000,29
LOG_FREE,39126000,403,42
LOG_SYS,39129000,29,0
CSV_LOG,39129000,29
LOG_SYS,39133000,29,0
CSV_LOG,39133000,29
LOG_SYS,39136000,29,0
CSV_LOG,39136000,29
LOG_SYS,39139000,29,0
CSV_LOG,39139000,29
LOG_SYS,39143000,29,0
CSV_LOG,39143000,29
LOG_SYS,39146000,29,0
CSV_LOG,39146000,29
LOG_SYS,39149000,29,0
CSV_LOG,39149000,29
LOG_SYS,39153000,29,0
CSV_LOG,39153000,29
LOG_SYS,39156000,29,0
CSV_LOG,39156000,29
LOG_SYS,39159000,29,0
CSV_LOG,39159000,29
LOG_SYS,39163000,29,0
CSV_LOG,39163000,29
LOG_SYS,39166000,29,0
CSV_LOG,39166000,29
LOG_SYS,39169000,29,0
CSV_LOG,39169000,29
LOG_SYS,39173000,28,0
CSV_LOG,39173000,28
LOG_FREE,39173000,410,16
LOG_SYS,39176000,28,0
CSV_LOG,39176000,28
LOG_SYS,39179000,28,0
CSV_LOG,39179000,28
LOG_SYS,39183000,28,0
CSV_LOG,39183000,28
LOG_SYS,39186000,28,0
CSV_LOG,39186000,28
LOG_SYS,39189000,28,0
CSV_LOG,39189000,28
LOG_SYS,39193000,27,0
CSV_LOG,39193000,27
LOG_FREE,39193000,410,19
LOG_SYS,39196000,27,0
CSV_LOG,39196000,27
LOG_SYS,39199000,27,0
CSV_LOG,39199000,27
LOG_SYS,39203000,27,0
CSV_LOG,39203000,27
LOG_SYS,39206000,26,0
CSV_LOG,39206000,26
LOG_FREE,39206000,382,33
LOG_SYS,39209000,26,0
CSV_LOG,39209000,26
LOG_SYS,39213000,26,0
CSV_LOG,39213000,26
LOG_SYS,39216000,26,0
CSV_LOG,39216000,26
LOG_SYS,39219000,26,0
CSV_LOG,39219000,26
LOG_SYS,39223000,26,0
CSV_LOG,39223000,26
LOG_SYS,39226000,26,0
CSV_LOG,39226000,26
LOG_SYS,39229000,26,0
CSV_LOG,39229000,26
LOG_SYS,39233000,26,0
CSV_LOG,39233000,26
LOG_SYS,39236000,26,0
CSV_LOG,39236000,26
LOG_SYS,39239000,26,0
CSV_LOG,39239000,26
LOG_SYS,39243000,26,0
CSV_LOG,39243000,26
LOG_SYS,39246000,26,0
CSV_LOG,39246000,26
LOG_SYS,39249000,26,0
CSV_LOG,39249000,26
LOG_SYS,39253000,26,0
CSV_LOG,39253000,26
LOG_SYS,39256000,26,0
CSV_LOG,39256000,26
LOG_SYS,39259000,26,0
CSV_LOG,39259000,26
LOG_SYS,39263000,26,0
CSV_LOG,39263000,26
LOG_SYS,39266000,26,0
CSV_LOG,39266000,26
LOG_SYS,39269000,26,0
CSV_LOG,39269000,26
LOG_SYS,39273000,26,0
CSV_LOG,39273000,26
LOG_SYS,39276000,26,0
CSV_LOG,39276000,26
LOG_SYS,39279000,26,0
CSV_LOG,39279000,26
LOG_SYS,39283000,26,0
CSV_LOG,39283000,26
LOG_SYS,39286000,25,0
CSV_LOG,39286000,25
LOG_FREE,39286000,408,1
LOG_SYS,39289000,24,0
CSV_LOG,39289000,24
LOG_FREE,39289000,407,2
LOG_SYS,39293000,23,0
CSV_LOG,39293000,23
LOG_FREE,39293000,382,17
LOG_SYS,39296000,23,0
CSV_LOG,39296000,23
LOG_ALLOC,39296000,411,1
LOG_SYS,39299000,24,0
CSV_LOG,39299000,24
LOG_SYS,39303000,24,0
CSV_LOG,39303000,24
LOG_ALLOC,39303000,412,2
LOG_SYS,39306000,25,0
CSV_LOG,39306000,25
LOG_ALLOC,39306000,412,16
LOG_SYS,39309000,26,0
CSV_LOG,39309000,26
LOG_ALLOC,39309000,412,17
LOG_SYS,39313000,27,0
CSV_LOG,39313000,27
LOG_ALLOC,39313000,412,19
LOG_SYS,39316000,28,0
CSV_LOG,39316000,28
LOG_SYS,39319000,28,0
CSV_LOG,39319000,28
LOG_SYS,39323000,28,0
CSV_LOG,39323000,28
LOG_SYS,39326000,28,0
CSV_LOG,39326000,28
LOG_SYS,39329000,28,0
CSV_LOG,39329000,28
LOG_SYS,39333000,28,0
CSV_LOG,39333000,28
LOG_SYS,39336000,28,0
CSV_LOG,39336000,28
LOG_SYS,39339000,28,0
CSV_LOG,39339000,28
LOG_SYS,39343000,28,0
CSV_LOG,39343000,28
LOG_SYS,39346000,28,0
CSV_LOG,39346000,28
LOG_SYS,39349000,28,0
CSV_LOG,39349000,28
LOG_SYS,39353000,28,0
CSV_LOG,39353000,28
LOG_SYS,39356000,28,0
CSV_LOG,39356000,28
LOG_SYS,39359000,28,0
CSV_LOG,39359000,28
LOG_SYS,39363000,28,0
CSV_LOG,39363000,28
LOG_SYS,39366000,28,0
CSV_LOG,39366000,28
LOG_SYS,39369000,28,0
CSV_LOG,39369000,28
LOG_SYS,39373000,27,0
CSV_LOG,39373000,27
LOG_FREE,39373000,411,1
LOG_SYS,39376000,26,0
CSV_LOG,39376000,26
LOG_FREE,39376000,407,11
LOG_SYS,39379000,26,0
CSV_LOG,39379000,26
LOG_SYS,39383000,26,0
CSV_LOG,39383000,26
LOG_ALLOC,39383000,413,1
LOG_SYS,39386000,27,0
CSV_LOG,39386000,27
LOG_SYS,39389000,27,0
CSV_LOG,39389000,27
LOG_SYS,39393000,27,0
CSV_LOG,39393000,27
LOG_SYS,39396000,27,0
CSV_LOG,39396000,27
LOG_SYS,39399000,27,0
CSV_LOG,39399000,27
LOG_SYS,39403000,27,0
CSV_LOG,39403000,27
LOG_SYS,39406000,26,0
CSV_LOG,39406000,26
LOG_FREE,39406000,412,17
LOG_SYS,39409000,25,0
CSV_LOG,39409000,25
LOG_FREE,39409000,412,16
LOG_SYS,39413000,24,0
CSV_LOG,39413000,24
LOG_FREE,39413000,407,18
LOG_SYS,39416000,24,0
CSV_LOG,39416000,24
LOG_SYS,39419000,24,0
CSV_LOG,39419000,24
LOG_SYS,39423000,23,0
CSV_LOG,39423000,23
LOG_ALLOC,39423000,414,11
LOG_FREE,39423000,409,20
LOG_SYS,39426000,24,0
CSV_LOG,39426000,24
LOG_ALLOC,39426000,414,16
LOG_SYS,39429000,25,0
CSV_LOG,39429000,25
LOG_ALLOC,39429000,414,17
LOG_SYS,39433000,26,0
CSV_LOG,39433000,26
LOG_SYS,39436000,25,0
CSV_LOG,39436000,25
LOG_FREE,39436000,396,7
LOG_SYS,39439000,25,0
CSV_LOG,39439000,25
LOG_SYS,39443000,25,0
CSV_LOG,39443000,25
LOG_SYS,39446000,25,0
CSV_LOG,39446000,25
LOG_ALLOC,39446000,415,7
LOG_SYS,39449000,25,0
CSV_LOG,39449000,25
LOG_ALLOC,39449000,415,13
LOG_FREE,39449000,410,13
LOG_SYS,39453000,26,0
CSV_LOG,39453000,26
LOG_ALLOC,39453000,415,18
LOG_SYS,39456000,27,0
CSV_LOG,39456000,27
LOG_SYS,39459000,27,0
CSV_LOG,39459000,27
LOG_SYS,39463000,27,0
CSV_LOG,39463000,27
LOG_SYS,39466000,26,0
CSV_LOG,39466000,26
LOG_FREE,39466000,398,26
LOG_SYS,39469000,26,0
CSV_LOG,39469000,26
LOG_SYS,39473000,26,0
CSV_LOG,39473000,26
LOG_SYS,39476000,26,0
CSV_LOG,39476000,26
LOG_SYS,39479000,26,0
CSV_LOG,39479000,26
LOG_SYS,39483000,26,0
CSV_LOG,39483000,26
LOG_SYS,39486000,26,0
CSV_LOG,39486000,26
LOG_SYS,39489000,26,0
CSV_LOG,39489000,26
LOG_SYS,39493000,26,0
CSV_LOG,39493000,26
LOG_SYS,39496000,26,0
CSV_LOG,39496000,26
LOG_SYS,39499000,26,0
CSV_LOG,39499000,26
LOG_SYS,39503000,26,0
CSV_LOG,39503000,26
LOG_SYS,39506000,25,0
CSV_LOG,39506000,25
LOG_FREE,39506000,415,13
LOG_SYS,39509000,24,0
CSV_LOG,39509000,24
LOG_FREE,39509000,415,18
LOG_SYS,39513000,24,0
CSV_LOG,39513000,24
LOG_SYS,39516000,24,0
CSV_LOG,39516000,24
LOG_SYS,39519000,24,0
CSV_LOG,39519000,24
LOG_SYS,39523000,24,0
CSV_LOG,39523000,24
LOG_SYS,39526000,24,0
CSV_LOG,39526000,24
LOG_SYS,39529000,24,0
CSV_LOG,39529000,24
LOG_SYS,39533000,23,0
CSV_LOG,39533000,23
LOG_FREE,39533000,412,2
LOG_SYS,39536000,23,0
CSV_LOG,39536000,23
LOG_SYS,39539000,23,0
CSV_LOG,39539000,23
LOG_SYS,39543000,23,0
CSV_LOG,39543000,23
LOG_SYS,39546000,23,0
CSV_LOG,39546000,23
LOG_SYS,39549000,23,0
CSV_LOG,39549000,23
LOG_SYS,39553000,23,0
CSV_LOG,39553000,23
LOG_SYS,39556000,23,0
CSV_LOG,39556000,23
LOG_SYS,39559000,23,0
CSV_LOG,39559000,23
LOG_SYS,39563000,23,0
CSV_LOG,39563000,23
LOG_SYS,39566000,22,0
CSV_LOG,39566000,22
LOG_FREE,39566000,414,17
LOG_SYS,39569000,22,0
CSV_LOG,39569000,22
LOG_SYS,39572000,22,0
CSV_LOG,39572000,22
LOG_SYS,39576000,22,0
CSV_LOG,39576000,22
LOG_SYS,39579000,22,0
CSV_LOG,39579000,22
LOG_SYS,39582000,22,0
CSV_LOG,39582000,22
LOG_SYS,39586000,22,0
CSV_LOG,39586000,22
LOG_SYS,39589000,22,0
CSV_LOG,39589000,22
LOG_SYS,39592000,22,0
CSV_LOG,39592000,22
LOG_SYS,39596000,22,0
CSV_LOG,39596000,22
LOG_SYS,39599000,22,0
CSV_LOG,39599000,22
LOG_SYS,39602000,22,0
CSV_LOG,39602000,22
LOG_SYS,39606000,22,0
CSV_LOG,39606000,22
LOG_SYS,39609000,22,0
CSV_LOG,39609000,22
LOG_SYS,39612000,22,0
CSV_LOG,39612000,22
LOG_SYS,39616000,22,0
CSV_LOG,39616000,22
LOG_SYS,39619000,22,0
CSV_LOG,39619000,22
LOG_SYS,39622000,22,0
CSV_LOG,39622000,22
LOG_SYS,39626000,22,0
CSV_LOG,39626000,22
LOG_SYS,39629000,22,0
CSV_LOG,39629000,22
LOG_SYS,39632000,22,0
CSV_LOG,39632000,22
LOG_SYS,39636000,21,0
CSV_LOG,39636000,21
LOG_FREE,39636000,410,10
LOG_SYS,39639000,20,0
CSV_LOG,39639000,20
LOG_FREE,39639000,370,29
LOG_SYS,39642000,20,0
CSV_LOG,39642000,20
LOG_SYS,39646000,20,0
CSV_LOG,39646000,20
LOG_SYS,39649000,20,0
CSV_LOG,39649000,20
LOG_ALLOC,39649000,416,2
LOG_SYS,39652000,21,0
CSV_LOG,39652000,21
LOG_ALLOC,39652000,416,10
LOG_SYS,39656000,22,0
CSV_LOG,39656000,22
LOG_SYS,39659000,21,0
CSV_LOG,39659000,21
LOG_FREE,39659000,393,15
LOG_SYS,39662000,21,0
CSV_LOG,39662000,21
LOG_SYS,39666000,21,0
CSV_LOG,39666000,21
LOG_SYS,39669000,20,0
CSV_LOG,39669000,20
LOG_ALLOC,39669000,417,13
LOG_FREE,39669000,414,16
LOG_SYS,39672000,21,0
CSV_LOG,39672000,21
LOG_ALLOC,39672000,417,15
LOG_SYS,39676000,22,0
CSV_LOG,39676000,22
LOG_ALLOC,39676000,417,16
LOG_SYS,39679000,23,0
CSV_LOG,39679000,23
LOG_ALLOC,39679000,417,17
LOG_SYS,39682000,24,0
CSV_LOG,39682000,24
LOG_ALLOC,39682000,417,18
LOG_SYS,39686000,25,0
CSV_LOG,39686000,25
LOG_ALLOC,39686000,417,20
LOG_SYS,39689000,25,0
CSV_LOG,39689000,25
LOG_ALLOC,39689000,417,9
LOG_FREE,39689000,406,9
LOG_SYS,39692000,26,0
CSV_LOG,39692000,26
LOG_SYS,39696000,26,0
CSV_LOG,39696000,26
LOG_SYS,39699000,26,0
CSV_LOG,39699000,26
LOG_SYS,39702000,26,0
CSV_LOG,39702000,26
LOG_SYS,39706000,26,0
CSV_LOG,39706000,26
LOG_SYS,39709000,26,0
CSV_LOG,39709000,26
LOG_SYS,39712000,26,0
CSV_LOG,39712000,26
LOG_SYS,39716000,26,0
CSV_LOG,39716000,26
LOG_SYS,39719000,26,0
CSV_LOG,39719000,26
LOG_SYS,39722000,26,0
CSV_LOG,39722000,26
LOG_SYS,39726000,26,0
CSV_LOG,39726000,26
LOG_SYS,39729000,25,0
CSV_LOG,39729000,25
LOG_FREE,39729000,417,20
LOG_SYS,39732000,25,0
CSV_LOG,39732000,25
LOG_SYS,39736000,25,0
CSV_LOG,39736000,25
LOG_SYS,39739000,24,0
CSV_LOG,39739000,24
LOG_FREE,39739000,413,1
LOG_SYS,39742000,24,0
CSV_LOG,39742000,24
LOG_SYS,39746000,24,0
CSV_LOG,39746000,24
LOG_SYS,39749000,24,0
CSV_LOG,39749000,24
LOG_SYS,39752000,24,0
CSV_LOG,39752000,24
LOG_SYS,39756000,24,0
CSV_LOG,39756000,24
LOG_SYS,39759000,24,0
CSV_LOG,39759000,24
LOG_SYS,39762000,24,0
CSV_LOG,39762000,24
LOG_SYS,39766000,24,0
CSV_LOG,39766000,24
LOG_SYS,39769000,24,0
CSV_LOG,39769000,24
LOG_SYS,39772000,24,0
CSV_LOG,39772000,24
LOG_SYS,39776000,24,0
CSV_LOG,39776000,24
LOG_SYS,39779000,24,0
CSV_LOG,39779000,24
LOG_SYS,39782000,24,0
CSV_LOG,39782000,24
LOG_SYS,39786000,24,0
CSV_LOG,39786000,24
LOG_SYS,39789000,24,0
CSV_LOG,39789000,24
LOG_SYS,39792000,24,0
CSV_LOG,39792000,24
LOG_SYS,39796000,24,0
CSV_LOG,39796000,24
LOG_SYS,39799000,24,0
CSV_LOG,39799000,24
LOG_SYS,39802000,24,0
CSV_LOG,39802000,24
LOG_SYS,39806000,24,0
CSV_LOG,39806000,24
LOG_SYS,39809000,23,0
CSV_LOG,39809000,23
LOG_FREE,39809000,416,2
LOG_SYS,39812000,23,0
CSV_LOG,39812000,23
LOG_SYS,39816000,23,0
CSV_LOG,39816000,23
LOG_SYS,39819000,23,0
CSV_LOG,39819000,23
LOG_SYS,39822000,23,0
CSV_LOG,39822000,23
LOG_SYS,39826000,23,0
CSV_LOG,39826000,23
LOG_SYS,39829000,23,0
CSV_LOG,39829000,23
LOG_SYS,39832000,23,0
CSV_LOG,39832000,23
LOG_SYS,39836000,23,0
CSV_LOG,39836000,23
LOG_SYS,39839000,23,0
CSV_LOG,39839000,23
LOG_SYS,39842000,23,0
CSV_LOG,39842000,23
LOG_SYS,39846000,23,0
CSV_LOG,39846000,23
LOG_SYS,39849000,23,0
CSV_LOG,39849000,23
LOG_SYS,39852000,23,0
CSV_LOG,39852000,23
LOG_SYS,39856000,23,0
CSV_LOG,39856000,23
LOG_SYS,39859000,23,0
CSV_LOG,39859000,23
LOG_SYS,39862000,22,0
CSV_LOG,39862000,22
LOG_FREE,39862000,417,17
LOG_SYS,39866000,22,0
CSV_LOG,39866000,22
LOG_SYS,39869000,22,0
CSV_LOG,39869000,22
LOG_SYS,39872000,22,0
CSV_LOG,39872000,22
LOG_SYS,39876000,22,0
CSV_LOG,39876000,22
LOG_SYS,39879000,22,0
CSV_LOG,39879000,22
LOG_SYS,39882000,22,0
CSV_LOG,39882000,22
LOG_SYS,39886000,22,0
CSV_LOG,39886000,22
LOG_SYS,39889000,22,0
CSV_LOG,39889000,22
LOG_SYS,39892000,22,0
CSV_LOG,39892000,22
LOG_SYS,39896000,21,0
CSV_LOG,39896000,21
LOG_FREE,39896000,409,0
LOG_SYS,39899000,21,0
CSV_LOG,39899000,21
LOG_SYS,39902000,21,0
CSV_LOG,39902000,21
LOG_SYS,39906000,21,0
CSV_LOG,39906000,21
LOG_SYS,39909000,21,0
CSV_LOG,39909000,21
LOG_SYS,39912000,21,0
CSV_LOG,39912000,21
LOG_SYS,39916000,21,0
CSV_LOG,39916000,21
LOG_SYS,39919000,21,0
CSV_LOG,39919000,21
LOG_SYS,39922000,21,0
CSV_LOG,39922000,21
LOG_SYS,39926000,20,0
CSV_LOG,39926000,20
LOG_FREE,39926000,417,16
LOG_SYS,39929000,20,0
CSV_LOG,39929000,20
LOG_SYS,39932000,20,0
CSV_LOG,39932000,20
LOG_SYS,39936000,20,0
CSV_LOG,39936000,20
LOG_SYS,39939000,20,0
CSV_LOG,39939000,20
LOG_SYS,39942000,20,0
CSV_LOG,39942000,20
LOG_SYS,39946000,20,0
CSV_LOG,39946000,20
LOG_SYS,39949000,20,0
CSV_LOG,39949000,20
LOG_SYS,39952000,20,0
CSV_LOG,39952000,20
LOG_SYS,39956000,20,0
CSV_LOG,39956000,20
LOG_SYS,39959000,20,0
CSV_LOG,39959000,20
LOG_SYS,39962000,20,0
CSV_LOG,39962000,20
LOG_SYS,39966000,20,0
CSV_LOG,39966000,20
LOG_SYS,39969000,20,0
CSV_LOG,39969000,20
LOG_SYS,39972000,20,0
CSV_LOG,39972000,20
LOG_SYS,39976000,20,0
CSV_LOG,39976000,20
LOG_SYS,39979000,19,0
CSV_LOG,39979000,19
LOG_FREE,39979000,417,13
LOG_SYS,39982000,19,0
CSV_LOG,39982000,19
LOG_SYS,39986000,19,0
CSV_LOG,39986000,19
LOG_SYS,39989000,19,0
CSV_LOG,39989000,19
LOG_SYS,39992000,19,0
CSV_LOG,39992000,19
LOG_SYS,39996000,19,0
CSV_LOG,39996000,19
LOG_SYS,39999000,19,0
CSV_LOG,39999000,19
LOG_SYS,40002000,19,0
CSV_LOG,40002000,19
LOG_SYS,40006000,19,0
CSV_LOG,40006000,19
LOG_SYS,40009000,19,0
CSV_LOG,40009000,19
LOG_SYS,40012000,19,0
CSV_LOG,40012000,19
LOG_SYS,40016000,19,0
CSV_LOG,40016000,19
LOG_SYS,40019000,18,0
CSV_LOG,40019000,18
LOG_FREE,40019000,400,34
LOG_SYS,40022000,18,0
CSV_LOG,40022000,18
LOG_SYS,40026000,18,0
CSV_LOG,40026000,18
LOG_SYS,40029000,18,0
CSV_LOG,40029000,18
LOG_SYS,40032000,18,0
CSV_LOG,40032000,18
LOG_SYS,40036000,17,0
CSV_LOG,40036000,17
LOG_FREE,40036000,402,39
LOG_SYS,40039000,17,0
CSV_LOG,40039000,17
LOG_SYS,40042000,17,0
CSV_LOG,40042000,17
LOG_SYS,40046000,16,0
CSV_LOG,40046000,16
LOG_ALLOC,40046000,421,0
LOG_FREE,40046000,417,18
LOG_SYS,40049000,17,0
CSV_LOG,40049000,17
LOG_ALLOC,40049000,421,1
LOG_SYS,40052000,18,0
CSV_LOG,40052000,18
LOG_ALLOC,40052000,421,2
LOG_SYS,40056000,18,0
CSV_LOG,40056000,18
LOG_ALLOC,40056000,421,13
LOG_FREE,40056000,398,23
LOG_SYS,40059000,19,0
CSV_LOG,40059000,19
LOG_ALLOC,40059000,421,16
LOG_SYS,40062000,20,0
CSV_LOG,40062000,20
LOG_ALLOC,40062000,421,17
LOG_SYS,40066000,21,0
CSV_LOG,40066000,21
LOG_ALLOC,40066000,421,18
LOG_SYS,40069000,22,0
CSV_LOG,40069000,22
LOG_SYS,40072000,22,0
CSV_LOG,40072000,22
LOG_SYS,40076000,22,0
CSV_LOG,40076000,22
LOG_SYS,40079000,22,0
CSV_LOG,40079000,22
LOG_SYS,40082000,22,0
CSV_LOG,40082000,22
LOG_SYS,40086000,22,0
CSV_LOG,40086000,22
LOG_SYS,40089000,21,0
CSV_LOG,40089000,21
LOG_FREE,40089000,421,0
LOG_SYS,40092000,21,0
CSV_LOG,40092000,21
LOG_SYS,40096000,21,0
CSV_LOG,40096000,21
LOG_SYS,40099000,21,0
CSV_LOG,40099000,21
LOG_SYS,40102000,21,0
CSV_LOG,40102000,21
LOG_SYS,40106000,21,0
CSV_LOG,40106000,21
LOG_SYS,40109000,21,0
CSV_LOG,40109000,21
LOG_SYS,40112000,21,0
CSV_LOG,40112000,21
LOG_SYS,40116000,21,0
CSV_LOG,40116000,21
LOG_SYS,40119000,21,0
CSV_LOG,40119000,21
LOG_SYS,40122000,21,0
CSV_LOG,40122000,21
LOG_SYS,40126000,21,0
CSV_LOG,40126000,21
LOG_SYS,40129000,21,0
CSV_LOG,40129000,21
LOG_SYS,40132000,21,0
CSV_LOG,40132000,21
LOG_SYS,40136000,21,0
CSV_LOG,40136000,21
LOG_SYS,40139000,20,0
CSV_LOG,40139000,20
LOG_FREE,40139000,415,7
LOG_SYS,40142000,19,0
CSV_LOG,40142000,19
LOG_FREE,40142000,421,16
LOG_SYS,40146000,19,0
CSV_LOG,40146000,19
LOG_SYS,40149000,19,0
CSV_LOG,40149000,19
LOG_ALLOC,40149000,422,0
LOG_SYS,40152000,20,0
CSV_LOG,40152000,20
LOG_ALLOC,40152000,422,7
LOG_SYS,40156000,21,0
CSV_LOG,40156000,21
LOG_ALLOC,40156000,422,16
LOG_SYS,40159000,22,0
CSV_LOG,40159000,22
LOG_ALLOC,40159000,422,20
LOG_SYS,40162000,23,0
CSV_LOG,40162000,23
LOG_ALLOC,40162000,422,23
LOG_SYS,40166000,24,0
CSV_LOG,40166000,24
LOG_ALLOC,40166000,422,24
LOG_SYS,40169000,25,0
CSV_LOG,40169000,25
LOG_ALLOC,40169000,422,25
LOG_SYS,40172000,26,0
CSV_LOG,40172000,26
LOG_ALLOC,40172000,422,26
LOG_SYS,40176000,27,0
CSV_LOG,40176000,27
LOG_SYS,40179000,27,0
CSV_LOG,40179000,27
LOG_SYS,40182000,27,0
CSV_LOG,40182000,27
LOG_SYS,40186000,27,0
CSV_LOG,40186000,27
LOG_SYS,40189000,26,0
CSV_LOG,40189000,26
LOG_FREE,40189000,422,25
LOG_SYS,40192000,26,0
CSV_LOG,40192000,26
LOG_SYS,40196000,26,0
CSV_LOG,40196000,26
LOG_SYS,40199000,26,0
CSV_LOG,40199000,26
LOG_SYS,40202000,26,0
CSV_LOG,40202000,26
LOG_SYS,40206000,26,0
CSV_LOG,40206000,26
LOG_SYS,40209000,25,0
CSV_LOG,40209000,25
LOG_FREE,40209000,421,13
LOG_SYS,40212000,25,0
CSV_LOG,40212000,25
LOG_SYS,40216000,25,0
CSV_LOG,40216000,25
LOG_SYS,40219000,25,0
CSV_LOG,40219000,25
LOG_SYS,40222000,25,0
CSV_LOG,40222000,25
LOG_SYS,40226000,25,0
CSV_LOG,40226000,25
LOG_SYS,40229000,25,0
CSV_LOG,40229000,25
LOG_SYS,40232000,25,0
CSV_LOG,40232000,25
LOG_SYS,40236000,25,0
CSV_LOG,40236000,25
LOG_SYS,40239000,25,0
CSV_LOG,40239000,25
LOG_SYS,40242000,25,0
CSV_LOG,40242000,25
LOG_SYS,40246000,25,0
CSV_LOG,40246000,25
LOG_SYS,40249000,25,0
CSV_LOG,40249000,25
LOG_SYS,40252000,25,0
CSV_LOG,40252000,25
LOG_SYS,40256000,24,0
CSV_LOG,40256000,24
LOG_FREE,40256000,410,4
LOG_SYS,40259000,23,0
CSV_LOG,40259000,23
LOG_FREE,40259000,390,12
LOG_SYS,40262000,23,0
CSV_LOG,40262000,23
LOG_SYS,40266000,23,0
CSV_LOG,40266000,23
LOG_SYS,40269000,23,0
CSV_LOG,40269000,23
LOG_ALLOC,40269000,423,4
LOG_SYS,40272000,24,0
CSV_LOG,40272000,24
LOG_ALLOC,40272000,423,12
LOG_SYS,40276000,25,0
CSV_LOG,40276000,25
LOG_SYS,40279000,25,0
CSV_LOG,40279000,25
LOG_SYS,40282000,25,0
CSV_LOG,40282000,25
LOG_SYS,40286000,25,0
CSV_LOG,40286000,25
LOG_SYS,40289000,25,0
CSV_LOG,40289000,25
LOG_SYS,40292000,25,0
CSV_LOG,40292000,25
LOG_SYS,40296000,25,0
CSV_LOG,40296000,25
LOG_SYS,40299000,25,0
CSV_LOG,40299000,25
LOG_SYS,40302000,25,0
CSV_LOG,40302000,25
LOG_SYS,40306000,25,0
CSV_LOG,40306000,25
LOG_SYS,40309000,25,0
CSV_LOG,40309000,25
LOG_SYS,40312000,25,0
CSV_LOG,40312000,25
LOG_SYS,40316000,25,0
CSV_LOG,40316000,25
LOG_SYS,40319000,25,0
CSV_LOG,40319000,25
LOG_SYS,40322000,25,0
CSV_LOG,40322000,25
LOG_SYS,40326000,25,0
CSV_LOG,40326000,25
LOG_SYS,40329000,25,0
CSV_LOG,40329000,25
LOG_SYS,40332000,25,0
CSV_LOG,40332000,25
LOG_SYS,40336000,25,0
CSV_LOG,40336000,25
LOG_SYS,40339000,25,0
CSV_LOG,40339000,25
LOG_SYS,40342000,25,0
CSV_LOG,40342000,25
LOG_SYS,40346000,25,0
CSV_LOG,40346000,25
LOG_SYS,40349000,25,0
CSV_LOG,40349000,25
LOG_SYS,40352000,25,0
CSV_LOG,40352000,25
LOG_SYS,40356000,25,0
CSV_LOG,40356000,25
LOG_SYS,40359000,25,0
CSV_LOG,40359000,25
LOG_SYS,40362000,25,0
CSV_LOG,40362000,25
LOG_SYS,40366000,25,0
CSV_LOG,40366000,25
LOG_SYS,40369000,25,0
CSV_LOG,40369000,25
LOG_SYS,40372000,25,0
CSV_LOG,40372000,25
LOG_SYS,40376000,25,0
CSV_LOG,40376000,25
LOG_SYS,40379000,25,0
CSV_LOG,40379000,25
LOG_SYS,40382000,25,0
CSV_LOG,40382000,25
LOG_SYS,40386000,24,0
CSV_LOG,40386000,24
LOG_FREE,40386000,417,15
LOG_SYS,40389000,24,0
CSV_LOG,40389000,24
LOG_SYS,40392000,24,0
CSV_LOG,40392000,24
LOG_SYS,40396000,24,0
CSV_LOG,40396000,24
LOG_SYS,40399000,24,0
CSV_LOG,40399000,24
LOG_SYS,40402000,24,0
CSV_LOG,40402000,24
LOG_SYS,40405000,24,0
CSV_LOG,40405000,24
LOG_SYS,40409000,24,0
CSV_LOG,40409000,24
LOG_SYS,40412000,23,0
CSV_LOG,40412000,23
LOG_FREE,40412000,410,21
LOG_SYS,40415000,23,0
CSV_LOG,40415000,23
LOG_SYS,40419000,23,0
CSV_LOG,40419000,23
LOG_SYS,40422000,23,0
CSV_LOG,40422000,23
LOG_SYS,40425000,23,0
CSV_LOG,40425000,23
LOG_SYS,40429000,23,0
CSV_LOG,40429000,23
LOG_SYS,40432000,23,0
CSV_LOG,40432000,23
LOG_SYS,40435000,23,0
CSV_LOG,40435000,23
LOG_SYS,40439000,23,0
CSV_LOG,40439000,23
LOG_SYS,40442000,23,0
CSV_LOG,40442000,23
LOG_SYS,40445000,23,0
CSV_LOG,40445000,23
LOG_SYS,40449000,23,0
CSV_LOG,40449000,23
LOG_SYS,40452000,23,0
CSV_LOG,40452000,23
LOG_SYS,40455000,23,0
CSV_LOG,40455000,23
LOG_SYS,40459000,23,0
CSV_LOG,40459000,23
LOG_SYS,40462000,23,0
CSV_LOG,40462000,23
LOG_SYS,40465000,23,0
CSV_LOG,40465000,23
LOG_SYS,40469000,23,0
CSV_LOG,40469000,23
LOG_SYS,40472000,23,0
CSV_LOG,40472000,23
LOG_SYS,40475000,22,0
CSV_LOG,40475000,22
LOG_FREE,40475000,383,3
LOG_SYS,40479000,22,0
CSV_LOG,40479000,22
LOG_SYS,40482000,22,0
CSV_LOG,40482000,22
LOG_SYS,40485000,22,0
CSV_LOG,40485000,22
LOG_SYS,40489000,22,0
CSV_LOG,40489000,22
LOG_SYS,40492000,22,0
CSV_LOG,40492000,22
LOG_SYS,40495000,22,0
CSV_LOG,40495000,22
LOG_SYS,40499000,22,0
CSV_LOG,40499000,22
LOG_SYS,40502000,22,0
CSV_LOG,40502000,22
LOG_SYS,40505000,22,0
CSV_LOG,40505000,22
LOG_SYS,40509000,22,0
CSV_LOG,40509000,22
LOG_SYS,40512000,22,0
CSV_LOG,40512000,22
LOG_SYS,40515000,22,0
CSV_LOG,40515000,22
LOG_SYS,40519000,22,0
CSV_LOG,40519000,22
LOG_SYS,40522000,22,0
CSV_LOG,40522000,22
LOG_SYS,40525000,22,0
CSV_LOG,40525000,22
LOG_SYS,40529000,22,0
CSV_LOG,40529000,22
LOG_SYS,40532000,22,0
CSV_LOG,40532000,22
LOG_SYS,40535000,22,0
CSV_LOG,40535000,22
LOG_SYS,40539000,22,0
CSV_LOG,40539000,22
LOG_SYS,40542000,22,0
CSV_LOG,40542000,22
LOG_SYS,40545000,21,0
CSV_LOG,40545000,21
LOG_FREE,40545000,422,26
LOG_SYS,40549000,21,0
CSV_LOG,40549000,21
LOG_SYS,40552000,21,0
CSV_LOG,40552000,21
LOG_SYS,40555000,21,0
CSV_LOG,40555000,21
LOG_SYS,40559000,21,0
CSV_LOG,40559000,21
LOG_SYS,40562000,21,0
CSV_LOG,40562000,21
LOG_SYS,40565000,21,0
CSV_LOG,40565000,21
LOG_SYS,40569000,20,0
CSV_LOG,40569000,20
LOG_FREE,40569000,422,20
LOG_SYS,40572000,20,0
CSV_LOG,40572000,20
LOG_SYS,40575000,19,0
CSV_LOG,40575000,19
LOG_FREE,40575000,403,22
LOG_SYS,40579000,19,0
CSV_LOG,40579000,19
LOG_SYS,40582000,19,0
CSV_LOG,40582000,19
LOG_SYS,40585000,19,0
CSV_LOG,40585000,19
LOG_SYS,40589000,19,0
CSV_LOG,40589000,19
LOG_SYS,40592000,19,0
CSV_LOG,40592000,19
LOG_SYS,40595000,19,0
CSV_LOG,40595000,19
LOG_SYS,40599000,19,0
CSV_LOG,40599000,19
LOG_SYS,40602000,19,0
CSV_LOG,40602000,19
LOG_SYS,40605000,19,0
CSV_LOG,40605000,19
LOG_SYS,40609000,19,0
CSV_LOG,40609000,19
LOG_SYS,40612000,19,0
CSV_LOG,40612000,19
LOG_SYS,40615000,19,0
CSV_LOG,40615000,19
LOG_SYS,40619000,19,0
CSV_LOG,40619000,19
LOG_SYS,40622000,19,0
CSV_LOG,40622000,19
LOG_SYS,40625000,18,0
CSV_LOG,40625000,18
LOG_FREE,40625000,422,23
LOG_SYS,40629000,18,0
CSV_LOG,40629000,18
LOG_SYS,40632000,18,0
CSV_LOG,40632000,18
LOG_SYS,40635000,18,0
CSV_LOG,40635000,18
LOG_SYS,40639000,18,0
CSV_LOG,40639000,18
LOG_SYS,40642000,18,0
CSV_LOG,40642000,18
LOG_SYS,40645000,18,0
CSV_LOG,40645000,18
LOG_SYS,40649000,18,0
CSV_LOG,40649000,18
LOG_SYS,40652000,18,0
CSV_LOG,40652000,18
LOG_SYS,40655000,18,0
CSV_LOG,40655000,18
LOG_SYS,40659000,18,0
CSV_LOG,40659000,18
LOG_SYS,40662000,18,0
CSV_LOG,40662000,18
LOG_SYS,40665000,18,0
CSV_LOG,40665000,18
LOG_SYS,40669000,18,0
CSV_LOG,40669000,18
LOG_SYS,40672000,18,0
CSV_LOG,40672000,18
LOG_SYS,40675000,18,0
CSV_LOG,40675000,18
LOG_SYS,40679000,18,0
CSV_LOG,40679000,18
LOG_SYS,40682000,18,0
CSV_LOG,40682000,18
LOG_SYS,40685000,18,0
CSV_LOG,40685000,18
LOG_SYS,40689000,18,0
CSV_LOG,40689000,18
LOG_SYS,40692000,17,0
CSV_LOG,40692000,17
LOG_FREE,40692000,421,18
LOG_SYS,40695000,17,0
CSV_LOG,40695000,17
LOG_SYS,40699000,17,0
CSV_LOG,40699000,17
LOG_SYS,40702000,17,0
CSV_LOG,40702000,17
LOG_SYS,40705000,16,0
CSV_LOG,40705000,16
LOG_FREE,40705000,409,6
LOG_SYS,40709000,16,0
CSV_LOG,40709000,16
LOG_SYS,40712000,16,0
CSV_LOG,40712000,16
LOG_SYS,40715000,16,0
CSV_LOG,40715000,16
LOG_ALLOC,40715000,425,3
LOG_SYS,40719000,17,0
CSV_LOG,40719000,17
LOG_SYS,40722000,17,0
CSV_LOG,40722000,17
LOG_SYS,40725000,17,0
CSV_LOG,40725000,17
LOG_SYS,40729000,17,0
CSV_LOG,40729000,17
LOG_SYS,40732000,17,0
CSV_LOG,40732000,17
LOG_SYS,40735000,17,0
CSV_LOG,40735000,17
LOG_SYS,40739000,17,0
CSV_LOG,40739000,17
LOG_SYS,40742000,17,0
CSV_LOG,40742000,17
LOG_SYS,40745000,17,0
CSV_LOG,40745000,17
LOG_SYS,40749000,17,0
CSV_LOG,40749000,17
LOG_SYS,40752000,17,0
CSV_LOG,40752000,17
LOG_SYS,40755000,17,0
CSV_LOG,40755000,17
LOG_SYS,40759000,17,0
CSV_LOG,40759000,17
LOG_SYS,40762000,17,0
CSV_LOG,40762000,17
LOG_SYS,40765000,16,0
CSV_LOG,40765000,16
LOG_FREE,40765000,423,12
LOG_SYS,40769000,16,0
CSV_LOG,40769000,16
LOG_SYS,40772000,16,0
CSV_LOG,40772000,16
LOG_SYS,40775000,16,0
CSV_LOG,40775000,16
LOG_SYS,40779000,16,0
CSV_LOG,40779000,16
LOG_SYS,40782000,16,0
CSV_LOG,40782000,16
LOG_SYS,40785000,16,0
CSV_LOG,40785000,16
LOG_SYS,40789000,16,0
CSV_LOG,40789000,16
LOG_SYS,40792000,16,0
CSV_LOG,40792000,16
LOG_SYS,40795000,16,0
CSV_LOG,40795000,16
LOG_SYS,40799000,16,0
CSV_LOG,40799000,16
LOG_SYS,40802000,16,0
CSV_LOG,40802000,16
LOG_SYS,40805000,16,0
CSV_LOG,40805000,16
LOG_SYS,40809000,16,0
CSV_LOG,40809000,16
LOG_SYS,40812000,16,0
CSV_LOG,40812000,16
LOG_SYS,40815000,16,0
CSV_LOG,40815000,16
LOG_SYS,40819000,16,0
CSV_LOG,40819000,16
LOG_SYS,40822000,16,0
CSV_LOG,40822000,16
LOG_SYS,40825000,16,0
CSV_LOG,40825000,16
LOG_SYS,40829000,16,0
CSV_LOG,40829000,16
LOG_SYS,40832000,16,0
CSV_LOG,40832000,16
LOG_SYS,40835000,16,0
CSV_LOG,40835000,16
LOG_SYS,40839000,16,0
CSV_LOG,40839000,16
LOG_SYS,40842000,16,0
CSV_LOG,40842000,16
LOG_SYS,40845000,16,0
CSV_LOG,40845000,16
LOG_SYS,40849000,15,0
CSV_LOG,40849000,15
LOG_FREE,40849000,421,1
LOG_SYS,40852000,15,0
CSV_LOG,40852000,15
LOG_SYS,40855000,15,0
CSV_LOG,40855000,15
LOG_SYS,40859000,15,0
CSV_LOG,40859000,15
LOG_SYS,40862000,15,0
CSV_LOG,40862000,15
LOG_SYS,40865000,15,0
CSV_LOG,40865000,15
LOG_SYS,40869000,15,0
CSV_LOG,40869000,15
LOG_SYS,40872000,15,0
CSV_LOG,40872000,15
LOG_SYS,40875000,15,0
CSV_LOG,40875000,15
LOG_SYS,40879000,15,0
CSV_LOG,40879000,15
LOG_SYS,40882000,15,0
CSV_LOG,40882000,15
LOG_SYS,40885000,15,0
CSV_LOG,40885000,15
LOG_SYS,40889000,15,0
CSV_LOG,40889000,15
LOG_SYS,40892000,15,0
CSV_LOG,40892000,15
LOG_SYS,40895000,15,0
CSV_LOG,40895000,15
LOG_SYS,40899000,15,0
CSV_LOG,40899000,15
LOG_SYS,40902000,15,0
CSV_LOG,40902000,15
LOG_SYS,40905000,15,0
CSV_LOG,40905000,15
LOG_SYS,40909000,15,0
CSV_LOG,40909000,15
LOG_SYS,40912000,15,0
CSV_LOG,40912000,15
LOG_SYS,40915000,15,0
CSV_LOG,40915000,15
LOG_SYS,40919000,15,0
CSV_LOG,40919000,15
LOG_SYS,40922000,15,0
CSV_LOG,40922000,15
LOG_SYS,40925000,15,0
CSV_LOG,40925000,15
LOG_SYS,40929000,15,0
CSV_LOG,40929000,15
LOG_SYS,40932000,15,0
CSV_LOG,40932000,15
LOG_SYS,40935000,15,0
CSV_LOG,40935000,15
LOG_SYS,40939000,15,0
CSV_LOG,40939000,15
LOG_SYS,40942000,15,0
CSV_LOG,40942000,15
LOG_SYS,40945000,15,0
CSV_LOG,40945000,15
LOG_SYS,40949000,15,0
CSV_LOG,40949000,15
LOG_SYS,40952000,14,0
CSV_LOG,40952000,14
LOG_FREE,40952000,414,11
LOG_SYS,40955000,13,0
CSV_LOG,40955000,13
LOG_FREE,40955000,423,4
LOG_SYS,40959000,13,0
CSV_LOG,40959000,13
LOG_SYS,40962000,13,0
CSV_LOG,40962000,13
LOG_ALLOC,40962000,424,1
LOG_SYS,40965000,14,0
CSV_LOG,40965000,14
LOG_ALLOC,40965000,424,4
LOG_SYS,40969000,15,0
CSV_LOG,40969000,15
LOG_ALLOC,40969000,424,6
LOG_SYS,40972000,15,0
CSV_LOG,40972000,15
LOG_ALLOC,40972000,424,2
LOG_FREE,40972000,421,2
LOG_SYS,40975000,16,0
CSV_LOG,40975000,16
LOG_ALLOC,40975000,426,11
LOG_SYS,40979000,17,0
CSV_LOG,40979000,17
LOG_ALLOC,40979000,426,12
LOG_SYS,40982000,18,0
CSV_LOG,40982000,18
LOG_ALLOC,40982000,426,13
LOG_SYS,40985000,19,0
CSV_LOG,40985000,19
LOG_ALLOC,40985000,427,15
LOG_SYS,40989000,20,0
CSV_LOG,40989000,20
LOG_ALLOC,40989000,427,18
LOG_SYS,40992000,21,0
CSV_LOG,40992000,21
LOG_ALLOC,40992000,427,20
LOG_SYS,40995000,22,0
CSV_LOG,40995000,22
LOG_ALLOC,40995000,427,21
LOG_SYS,40999000,23,0
CSV_LOG,40999000,23
LOG_ALLOC,40999000,427,22
LOG_SYS,41002000,24,0
CSV_LOG,41002000,24
LOG_ALLOC,41002000,427,23
LOG_SYS,41005000,24,0
CSV_LOG,41005000,24
LOG_ALLOC,41005000,427,21
LOG_FREE,41005000,427,21
LOG_SYS,41009000,25,0
CSV_LOG,41009000,25
LOG_ALLOC,41009000,427,25
LOG_SYS,41012000,26,0
CSV_LOG,41012000,26
LOG_SYS,41015000,26,0
CSV_LOG,41015000,26
LOG_SYS,41019000,26,0
CSV_LOG,41019000,26
LOG_SYS,41022000,25,0
CSV_LOG,41022000,25
LOG_FREE,41022000,427,15
LOG_SYS,41025000,24,0
CSV_LOG,41025000,24
LOG_FREE,41025000,417,9
LOG_SYS,41029000,24,0
CSV_LOG,41029000,24
LOG_SYS,41032000,24,0
CSV_LOG,41032000,24
LOG_ALLOC,41032000,418,9
LOG_SYS,41035000,25,0
CSV_LOG,41035000,25
LOG_ALLOC,41035000,418,15
LOG_SYS,41039000,26,0
CSV_LOG,41039000,26
LOG_ALLOC,41039000,418,26
LOG_SYS,41042000,26,0
CSV_LOG,41042000,26
LOG_ALLOC,41042000,418,24
LOG_FREE,41042000,422,24
LOG_SYS,41045000,27,0
CSV_LOG,41045000,27
LOG_ALLOC,41045000,428,27
LOG_SYS,41049000,28,0
CSV_LOG,41049000,28
LOG_SYS,41052000,28,0
CSV_LOG,41052000,28
LOG_SYS,41055000,28,0
CSV_LOG,41055000,28
LOG_SYS,41059000,27,0
CSV_LOG,41059000,27
LOG_FREE,41059000,421,17
LOG_SYS,41062000,27,0
CSV_LOG,41062000,27
LOG_SYS,41065000,27,0
CSV_LOG,41065000,27
LOG_SYS,41069000,27,0
CSV_LOG,41069000,27
LOG_ALLOC,41069000,429,17
LOG_SYS,41072000,28,0
CSV_LOG,41072000,28
LOG_SYS,41075000,28,0
CSV_LOG,41075000,28
LOG_SYS,41079000,28,0
CSV_LOG,41079000,28
LOG_SYS,41082000,28,0
CSV_LOG,41082000,28
LOG_SYS,41085000,28,0
CSV_LOG,41085000,28
LOG_SYS,41089000,27,0
CSV_LOG,41089000,27
LOG_FREE,41089000,418,24
LOG_SYS,41092000,27,0
CSV_LOG,41092000,27
LOG_SYS,41095000,27,0
CSV_LOG,41095000,27
LOG_SYS,41099000,27,0
CSV_LOG,41099000,27
LOG_SYS,41102000,27,0
CSV_LOG,41102000,27
LOG_SYS,41105000,27,0
CSV_LOG,41105000,27
LOG_SYS,41109000,27,0
CSV_LOG,41109000,27
LOG_SYS,41112000,27,0
CSV_LOG,41112000,27
LOG_SYS,41115000,27,0
CSV_LOG,41115000,27
LOG_SYS,41119000,27,0
CSV_LOG,41119000,27
LOG_SYS,41122000,27,0
CSV_LOG,41122000,27
LOG_SYS,41125000,27,0
CSV_LOG,41125000,27
LOG_SYS,41129000,26,0
CSV_LOG,41129000,26
LOG_FREE,41129000,416,10
LOG_SYS,41132000,25,0
CSV_LOG,41132000,25
LOG_FREE,41132000,403,5
LOG_SYS,41135000,25,0
CSV_LOG,41135000,25
LOG_SYS,41139000,25,0
CSV_LOG,41139000,25
LOG_ALLOC,41139000,404,5
LOG_SYS,41142000,26,0
CSV_LOG,41142000,26
LOG_ALLOC,41142000,431,10
LOG_SYS,41145000,27,0
CSV_LOG,41145000,27
LOG_ALLOC,41145000,431,24
LOG_SYS,41149000,28,0
CSV_LOG,41149000,28
LOG_ALLOC,41149000,431,28
LOG_SYS,41152000,29,0
CSV_LOG,41152000,29
LOG_ALLOC,41152000,431,29
LOG_SYS,41155000,30,0
CSV_LOG,41155000,30
LOG_ALLOC,41155000,431,30
LOG_SYS,41159000,30,0
CSV_LOG,41159000,30
LOG_ALLOC,41159000,431,12
LOG_FREE,41159000,426,12
LOG_SYS,41162000,31,0
CSV_LOG,41162000,31
LOG_ALLOC,41162000,404,31
LOG_SYS,41165000,32,0
CSV_LOG,41165000,32
LOG_ALLOC,41165000,404,32
LOG_SYS,41169000,33,0
CSV_LOG,41169000,33
LOG_ALLOC,41169000,404,33
LOG_SYS,41172000,34,0
CSV_LOG,41172000,34
LOG_ALLOC,41172000,430,34
LOG_SYS,41175000,35,0
CSV_LOG,41175000,35
LOG_ALLOC,41175000,430,35
LOG_SYS,41179000,36,0
CSV_LOG,41179000,36
LOG_ALLOC,41179000,430,36
LOG_SYS,41182000,37,0
CSV_LOG,41182000,37
LOG_ALLOC,41182000,430,37
LOG_SYS,41185000,38,0
CSV_LOG,41185000,38
LOG_ALLOC,41185000,430,38
LOG_SYS,41189000,39,0
CSV_LOG,41189000,39
LOG_ALLOC,41189000,430,39
LOG_SYS,41192000,39,0
CSV_LOG,41192000,39
LOG_ALLOC,41192000,430,25
LOG_FREE,41192000,427,25
LOG_SYS,41195000,40,0
CSV_LOG,41195000,40
LOG_ALLOC,41195000,430,40
LOG_SYS,41199000,41,0
CSV_LOG,41199000,41
LOG_SYS,41202000,41,0
CSV_LOG,41202000,41
LOG_SYS,41205000,41,0
CSV_LOG,41205000,41
LOG_SYS,41209000,41,0
CSV_LOG,41209000,41
LOG_SYS,41212000,40,0
CSV_LOG,41212000,40
LOG_FREE,41212000,431,12
LOG_SYS,41215000,40,0
CSV_LOG,41215000,40
LOG_SYS,41219000,40,0
CSV_LOG,41219000,40
LOG_SYS,41222000,40,0
CSV_LOG,41222000,40
LOG_SYS,41225000,39,0
CSV_LOG,41225000,39
LOG_FREE,41225000,418,9
LOG_SYS,41229000,38,0
CSV_LOG,41229000,38
LOG_FREE,41229000,422,7
LOG_SYS,41232000,38,0
CSV_LOG,41232000,38
LOG_SYS,41235000,37,0
CSV_LOG,41235000,37
LOG_FREE,41235000,430,34
LOG_SYS,41238000,36,0
CSV_LOG,41238000,36
LOG_FREE,41238000,430,36
LOG_SYS,41242000,36,0
CSV_LOG,41242000,36
LOG_SYS,41245000,36,0
CSV_LOG,41245000,36
LOG_SYS,41248000,35,0
CSV_LOG,41248000,35
LOG_FREE,41248000,424,6
LOG_SYS,41252000,35,0
CSV_LOG,41252000,35
LOG_SYS,41255000,34,0
CSV_LOG,41255000,34
LOG_FREE,41255000,431,24
LOG_SYS,41258000,34,0
CSV_LOG,41258000,34
LOG_SYS,41262000,34,0
CSV_LOG,41262000,34
LOG_SYS,41265000,33,0
CSV_LOG,41265000,33
LOG_FREE,41265000,430,39
LOG_SYS,41268000,33,0
CSV_LOG,41268000,33
LOG_SYS,41272000,33,0
CSV_LOG,41272000,33
LOG_SYS,41275000,33,0
CSV_LOG,41275000,33
LOG_SYS,41278000,32,0
CSV_LOG,41278000,32
LOG_FREE,41278000,424,1
LOG_SYS,41282000,32,0
CSV_LOG,41282000,32
LOG_SYS,41285000,32,0
CSV_LOG,41285000,32
LOG_SYS,41288000,32,0
CSV_LOG,41288000,32
LOG_SYS,41292000,31,0
CSV_LOG,41292000,31
LOG_FREE,41292000,424,4
LOG_SYS,41295000,31,0
CSV_LOG,41295000,31
LOG_SYS,41298000,31,0
CSV_LOG,41298000,31
LOG_SYS,41302000,31,0
CSV_LOG,41302000,31
LOG_SYS,41305000,31,0
CSV_LOG,41305000,31
LOG_SYS,41308000,31,0
CSV_LOG,41308000,31
LOG_SYS,41312000,31,0
CSV_LOG,41312000,31
LOG_SYS,41315000,31,0
CSV_LOG,41315000,31
LOG_SYS,41318000,31,0
CSV_LOG,41318000,31
LOG_SYS,41322000,31,0
CSV_LOG,41322000,31
LOG_SYS,41325000,31,0
CSV_LOG,41325000,31
LOG_SYS,41328000,31,0
CSV_LOG,41328000,31
LOG_SYS,41332000,31,0
CSV_LOG,41332000,31
LOG_SYS,41335000,31,0
CSV_LOG,41335000,31
LOG_SYS,41338000,31,0
CSV_LOG,41338000,31
LOG_SYS,41342000,31,0
CSV_LOG,41342000,31
LOG_SYS,41345000,30,0
CSV_LOG,41345000,30
LOG_FREE,41345000,427,20
LOG_SYS,41348000,30,0
CSV_LOG,41348000,30
LOG_SYS,41352000,29,0
CSV_LOG,41352000,29
LOG_FREE,41352000,427,22
LOG_SYS,41355000,29,0
CSV_LOG,41355000,29
LOG_SYS,41358000,29,0
CSV_LOG,41358000,29
LOG_SYS,41362000,29,0
CSV_LOG,41362000,29
LOG_SYS,41365000,29,0
CSV_LOG,41365000,29
LOG_SYS,41368000,29,0
CSV_LOG,41368000,29
LOG_SYS,41372000,29,0
CSV_LOG,41372000,29
LOG_SYS,41375000,29,0
CSV_LOG,41375000,29
LOG_SYS,41378000,29,0
CSV_LOG,41378000,29
LOG_SYS,41382000,29,0
CSV_LOG,41382000,29
LOG_SYS,41385000,29,0
CSV_LOG,41385000,29
LOG_SYS,41388000,29,0
CSV_LOG,41388000,29
LOG_SYS,41392000,29,0
CSV_LOG,41392000,29
LOG_SYS,41395000,29,0
CSV_LOG,41395000,29
LOG_SYS,41398000,28,0
CSV_LOG,41398000,28
LOG_FREE,41398000,404,5
LOG_SYS,41402000,28,0
CSV_LOG,41402000,28
LOG_SYS,41405000,28,0
CSV_LOG,41405000,28
LOG_SYS,41408000,28,0
CSV_LOG,41408000,28
LOG_SYS,41412000,28,0
CSV_LOG,41412000,28
LOG_SYS,41415000,28,0
CSV_LOG,41415000,28
LOG_SYS,41418000,27,0
CSV_LOG,41418000,27
LOG_FREE,41418000,404,32
LOG_SYS,41422000,27,0
CSV_LOG,41422000,27
LOG_SYS,41425000,27,0
CSV_LOG,41425000,27
LOG_SYS,41428000,27,0
CSV_LOG,41428000,27
LOG_SYS,41432000,27,0
CSV_LOG,41432000,27
LOG_SYS,41435000,26,0
CSV_LOG,41435000,26
LOG_FREE,41435000,418,26
LOG_SYS,41438000,26,0
CSV_LOG,41438000,26
LOG_SYS,41442000,26,0
CSV_LOG,41442000,26
LOG_SYS,41445000,26,0
CSV_LOG,41445000,26
LOG_SYS,41448000,26,0
CSV_LOG,41448000,26
LOG_SYS,41452000,26,0
CSV_LOG,41452000,26
LOG_SYS,41455000,26,0
CSV_LOG,41455000,26
LOG_SYS,41458000,26,0
CSV_LOG,41458000,26
LOG_SYS,41462000,26,0
CSV_LOG,41462000,26
LOG_SYS,41465000,25,0
CSV_LOG,41465000,25
LOG_FREE,41465000,410,8
LOG_SYS,41468000,25,0
CSV_LOG,41468000,25
LOG_SYS,41472000,25,0
CSV_LOG,41472000,25
LOG_SYS,41475000,25,0
CSV_LOG,41475000,25
LOG_ALLOC,41475000,432,1
LOG_SYS,41478000,26,0
CSV_LOG,41478000,26
LOG_ALLOC,41478000,432,4
LOG_SYS,41482000,27,0
CSV_LOG,41482000,27
LOG_ALLOC,41482000,432,5
LOG_SYS,41485000,28,0
CSV_LOG,41485000,28
LOG_ALLOC,41485000,432,6
LOG_SYS,41488000,29,0
CSV_LOG,41488000,29
LOG_SYS,41492000,29,0
CSV_LOG,41492000,29
LOG_SYS,41495000,28,0
CSV_LOG,41495000,28
LOG_FREE,41495000,430,37
LOG_SYS,41498000,28,0
CSV_LOG,41498000,28
LOG_SYS,41502000,27,0
CSV_LOG,41502000,27
LOG_FREE,41502000,422,0
LOG_SYS,41505000,26,0
CSV_LOG,41505000,26
LOG_FREE,41505000,430,40
LOG_SYS,41508000,26,0
CSV_LOG,41508000,26
LOG_SYS,41512000,25,0
CSV_LOG,41512000,25
LOG_FREE,41512000,428,27
LOG_SYS,41515000,25,0
CSV_LOG,41515000,25
LOG_SYS,41518000,25,0
CSV_LOG,41518000,25
LOG_SYS,41522000,25,0
CSV_LOG,41522000,25
LOG_ALLOC,41522000,433,0
LOG_SYS,41525000,26,0
CSV_LOG,41525000,26
LOG_ALLOC,41525000,433,7
LOG_SYS,41528000,27,0
CSV_LOG,41528000,27
LOG_ALLOC,41528000,433,8
LOG_SYS,41532000,28,0
CSV_LOG,41532000,28
LOG_ALLOC,41532000,433,9
LOG_SYS,41535000,28,0
CSV_LOG,41535000,28
LOG_ALLOC,41535000,433,12
LOG_FREE,41535000,429,17
LOG_SYS,41538000,28,0
CSV_LOG,41538000,28
LOG_ALLOC,41538000,433,17
LOG_FREE,41538000,431,28
LOG_SYS,41542000,29,0
CSV_LOG,41542000,29
LOG_ALLOC,41542000,433,20
LOG_SYS,41545000,30,0
CSV_LOG,41545000,30
LOG_ALLOC,41545000,434,22
LOG_SYS,41548000,30,0
CSV_LOG,41548000,30
LOG_ALLOC,41548000,434,21
LOG_FREE,41548000,427,21
LOG_SYS,41552000,31,0
CSV_LOG,41552000,31
LOG_ALLOC,41552000,434,24
LOG_SYS,41555000,32,0
CSV_LOG,41555000,32
LOG_SYS,41558000,32,0
CSV_LOG,41558000,32
LOG_SYS,41562000,32,0
CSV_LOG,41562000,32
LOG_SYS,41565000,32,0
CSV_LOG,41565000,32
LOG_SYS,41568000,32,0
CSV_LOG,41568000,32
LOG_SYS,41572000,32,0
CSV_LOG,41572000,32
LOG_SYS,41575000,32,0
CSV_LOG,41575000,32
LOG_SYS,41578000,32,0
CSV_LOG,41578000,32
LOG_SYS,41582000,32,0
CSV_LOG,41582000,32
LOG_SYS,41585000,32,0
CSV_LOG,41585000,32
LOG_SYS,41588000,31,0
CSV_LOG,41588000,31
LOG_FREE,41588000,433,17
LOG_SYS,41592000,31,0
CSV_LOG,41592000,31
LOG_SYS,41595000,31,0
CSV_LOG,41595000,31
LOG_SYS,41598000,31,0
CSV_LOG,41598000,31
LOG_SYS,41602000,31,0
CSV_LOG,41602000,31
LOG_SYS,41605000,31,0
CSV_LOG,41605000,31
LOG_SYS,41608000,30,0
CSV_LOG,41608000,30
LOG_FREE,41608000,404,31
LOG_SYS,41612000,30,0
CSV_LOG,41612000,30
LOG_SYS,41615000,30,0
CSV_LOG,41615000,30
LOG_SYS,41618000,30,0
CSV_LOG,41618000,30
LOG_SYS,41622000,30,0
CSV_LOG,41622000,30
LOG_SYS,41625000,30,0
CSV_LOG,41625000,30
LOG_SYS,41628000,30,0
CSV_LOG,41628000,30
LOG_SYS,41632000,29,0
CSV_LOG,41632000,29
LOG_FREE,41632000,430,25
LOG_SYS,41635000,29,0
CSV_LOG,41635000,29
LOG_SYS,41638000,29,0
CSV_LOG,41638000,29
LOG_SYS,41642000,29,0
CSV_LOG,41642000,29
LOG_SYS,41645000,29,0
CSV_LOG,41645000,29
LOG_SYS,41648000,28,0
CSV_LOG,41648000,28
LOG_FREE,41648000,433,20
LOG_SYS,41652000,28,0
CSV_LOG,41652000,28
LOG_SYS,41655000,28,0
CSV_LOG,41655000,28
LOG_SYS,41658000,28,0
CSV_LOG,41658000,28
LOG_SYS,41662000,28,0
CSV_LOG,41662000,28
LOG_SYS,41665000,28,0
CSV_LOG,41665000,28
LOG_SYS,41668000,28,0
CSV_LOG,41668000,28
LOG_SYS,41672000,28,0
CSV_LOG,41672000,28
LOG_SYS,41675000,28,0
CSV_LOG,41675000,28
LOG_SYS,41678000,28,0
CSV_LOG,41678000,28
LOG_SYS,41682000,28,0
CSV_LOG,41682000,28
LOG_SYS,41685000,28,0
CSV_LOG,41685000,28
LOG_SYS,41688000,28,0
CSV_LOG,41688000,28
LOG_SYS,41692000,28,0
CSV_LOG,41692000,28
LOG_SYS,41695000,27,0
CSV_LOG,41695000,27
LOG_FREE,41695000,398,14
LOG_SYS,41698000,27,0
CSV_LOG,41698000,27
LOG_SYS,41702000,26,0
CSV_LOG,41702000,26
LOG_FREE,41702000,425,3
LOG_SYS,41705000,26,0
CSV_LOG,41705000,26
LOG_ALLOC,41705000,435,3
LOG_SYS,41708000,27,0
CSV_LOG,41708000,27
LOG_ALLOC,41708000,435,14
LOG_SYS,41712000,28,0
CSV_LOG,41712000,28
LOG_ALLOC,41712000,435,17
LOG_SYS,41715000,29,0
CSV_LOG,41715000,29
LOG_ALLOC,41715000,435,20
LOG_SYS,41718000,30,0
CSV_LOG,41718000,30
LOG_ALLOC,41718000,436,25
LOG_SYS,41722000,31,0
CSV_LOG,41722000,31
LOG_ALLOC,41722000,436,26
LOG_SYS,41725000,32,0
CSV_LOG,41725000,32
LOG_SYS,41728000,32,0
CSV_LOG,41728000,32
LOG_SYS,41732000,32,0
CSV_LOG,41732000,32
LOG_SYS,41735000,32,0
CSV_LOG,41735000,32
LOG_SYS,41738000,32,0
CSV_LOG,41738000,32
LOG_SYS,41742000,32,0
CSV_LOG,41742000,32
LOG_SYS,41745000,32,0
CSV_LOG,41745000,32
LOG_SYS,41748000,31,0
CSV_LOG,41748000,31
LOG_FREE,41748000,424,2
LOG_SYS,41752000,30,0
CSV_LOG,41752000,30
LOG_FREE,41752000,433,9
LOG_SYS,41755000,30,0
CSV_LOG,41755000,30
LOG_SYS,41758000,30,0
CSV_LOG,41758000,30
LOG_ALLOC,41758000,437,2
LOG_SYS,41762000,31,0
CSV_LOG,41762000,31
LOG_ALLOC,41762000,437,9
LOG_SYS,41765000,32,0
CSV_LOG,41765000,32
LOG_ALLOC,41765000,437,27
LOG_SYS,41768000,33,0
CSV_LOG,41768000,33
LOG_ALLOC,41768000,437,28
LOG_SYS,41772000,33,0
CSV_LOG,41772000,33
LOG_ALLOC,41772000,437,21
LOG_FREE,41772000,434,21
LOG_SYS,41775000,34,0
CSV_LOG,41775000,34
LOG_ALLOC,41775000,437,31
LOG_SYS,41778000,35,0
CSV_LOG,41778000,35
LOG_SYS,41782000,35,0
CSV_LOG,41782000,35
LOG_SYS,41785000,35,0
CSV_LOG,41785000,35
LOG_SYS,41788000,35,0
CSV_LOG,41788000,35
LOG_SYS,41792000,35,0
CSV_LOG,41792000,35
LOG_SYS,41795000,35,0
CSV_LOG,41795000,35
LOG_SYS,41798000,35,0
CSV_LOG,41798000,35
LOG_SYS,41802000,35,0
CSV_LOG,41802000,35
LOG_SYS,41805000,34,0
CSV_LOG,41805000,34
LOG_FREE,41805000,437,2
LOG_SYS,41808000,33,0
CSV_LOG,41808000,33
LOG_FREE,41808000,432,1
LOG_SYS,41812000,33,0
CSV_LOG,41812000,33
LOG_SYS,41815000,33,0
CSV_LOG,41815000,33
LOG_SYS,41818000,33,0
CSV_LOG,41818000,33
LOG_SYS,41822000,33,0
CSV_LOG,41822000,33
LOG_SYS,41825000,32,0
CSV_LOG,41825000,32
LOG_FREE,41825000,430,35
LOG_SYS,41828000,32,0
CSV_LOG,41828000,32
LOG_SYS,41832000,32,0
CSV_LOG,41832000,32
LOG_SYS,41835000,32,0
CSV_LOG,41835000,32
LOG_SYS,41838000,32,0
CSV_LOG,41838000,32
LOG_SYS,41842000,32,0
CSV_LOG,41842000,32
LOG_SYS,41845000,32,0
CSV_LOG,41845000,32
LOG_SYS,41848000,32,0
CSV_LOG,41848000,32
LOG_SYS,41852000,32,0
CSV_LOG,41852000,32
LOG_SYS,41855000,32,0
CSV_LOG,41855000,32
LOG_SYS,41858000,32,0
CSV_LOG,41858000,32
LOG_SYS,41862000,32,0
CSV_LOG,41862000,32
LOG_SYS,41865000,32,0
CSV_LOG,41865000,32
LOG_SYS,41868000,31,0
CSV_LOG,41868000,31
LOG_FREE,41868000,435,3
LOG_SYS,41872000,31,0
CSV_LOG,41872000,31
LOG_SYS,41875000,31,0
CSV_LOG,41875000,31
LOG_SYS,41878000,31,0
CSV_LOG,41878000,31
LOG_SYS,41882000,31,0
CSV_LOG,41882000,31
LOG_SYS,41885000,30,0
CSV_LOG,41885000,30
LOG_FREE,41885000,431,30
LOG_SYS,41888000,30,0
CSV_LOG,41888000,30
LOG_SYS,41892000,30,0
CSV_LOG,41892000,30
LOG_SYS,41895000,30,0
CSV_LOG,41895000,30
LOG_SYS,41898000,30,0
CSV_LOG,41898000,30
LOG_SYS,41902000,30,0
CSV_LOG,41902000,30
LOG_SYS,41905000,30,0
CSV_LOG,41905000,30
LOG_SYS,41908000,30,0
CSV_LOG,41908000,30
LOG_SYS,41912000,30,0
CSV_LOG,41912000,30
LOG_SYS,41915000,29,0
CSV_LOG,41915000,29
LOG_FREE,41915000,433,7
LOG_SYS,41918000,29,0
CSV_LOG,41918000,29
LOG_SYS,41922000,28,0
CSV_LOG,41922000,28
LOG_FREE,41922000,432,5
LOG_SYS,41925000,27,0
CSV_LOG,41925000,27
LOG_FREE,41925000,433,8
LOG_SYS,41928000,26,0
CSV_LOG,41928000,26
LOG_FREE,41928000,433,0
LOG_SYS,41932000,26,0
CSV_LOG,41932000,26
LOG_SYS,41935000,26,0
CSV_LOG,41935000,26
LOG_SYS,41938000,26,0
CSV_LOG,41938000,26
LOG_SYS,41942000,26,0
CSV_LOG,41942000,26
LOG_SYS,41945000,25,0
CSV_LOG,41945000,25
LOG_FREE,41945000,437,31
LOG_SYS,41948000,25,0
CSV_LOG,41948000,25
LOG_SYS,41952000,24,0
CSV_LOG,41952000,24
LOG_FREE,41952000,434,24
LOG_SYS,41955000,24,0
CSV_LOG,41955000,24
LOG_SYS,41958000,24,0
CSV_LOG,41958000,24
LOG_SYS,41962000,24,0
CSV_LOG,41962000,24
LOG_SYS,41965000,24,0
CSV_LOG,41965000,24
LOG_SYS,41968000,24,0
CSV_LOG,41968000,24
LOG_SYS,41972000,24,0
CSV_LOG,41972000,24
LOG_SYS,41975000,23,0
CSV_LOG,41975000,23
LOG_FREE,41975000,431,10
LOG_SYS,41978000,22,0
CSV_LOG,41978000,22
LOG_FREE,41978000,436,25
LOG_SYS,41982000,22,0
CSV_LOG,41982000,22
LOG_SYS,41985000,22,0
CSV_LOG,41985000,22
LOG_SYS,41988000,22,0
CSV_LOG,41988000,22
LOG_SYS,41992000,22,0
CSV_LOG,41992000,22
LOG_SYS,41995000,22,0
CSV_LOG,41995000,22
LOG_SYS,41998000,22,0
CSV_LOG,41998000,22
LOG_SYS,42002000,22,0
CSV_LOG,42002000,22
LOG_SYS,42005000,22,0
CSV_LOG,42005000,22
LOG_SYS,42008000,22,0
CSV_LOG,42008000,22
LOG_SYS,42012000,22,0
CSV_LOG,42012000,22
LOG_SYS,42015000,22,0
CSV_LOG,42015000,22
LOG_SYS,42018000,22,0
CSV_LOG,42018000,22
LOG_SYS,42022000,22,0
CSV_LOG,42022000,22
LOG_SYS,42025000,22,0
CSV_LOG,42025000,22
LOG_SYS,42028000,22,0
CSV_LOG,42028000,22
LOG_SYS,42032000,22,0
CSV_LOG,42032000,22
LOG_SYS,42035000,22,0
CSV_LOG,42035000,22
LOG_SYS,42038000,22,0
CSV_LOG,42038000,22
LOG_SYS,42042000,22,0
CSV_LOG,42042000,22
LOG_SYS,42045000,22,0
CSV_LOG,42045000,22
LOG_SYS,42048000,22,0
CSV_LOG,42048000,22
LOG_SYS,42052000,22,0
CSV_LOG,42052000,22
LOG_SYS,42055000,22,0
CSV_LOG,42055000,22
LOG_SYS,42058000,22,0
CSV_LOG,42058000,22
LOG_SYS,42062000,21,0
CSV_LOG,42062000,21
LOG_FREE,42062000,437,27
LOG_SYS,42065000,20,0
CSV_LOG,42065000,20
LOG_FREE,42065000,432,6
LOG_SYS,42068000,20,0
CSV_LOG,42068000,20
LOG_SYS,42071000,20,0
CSV_LOG,42071000,20
LOG_SYS,42075000,20,0
CSV_LOG,42075000,20
LOG_SYS,42078000,20,0
CSV_LOG,42078000,20
LOG_SYS,42081000,20,0
CSV_LOG,42081000,20
LOG_SYS,42085000,19,0
CSV_LOG,42085000,19
LOG_FREE,42085000,430,38
LOG_SYS,42088000,19,0
CSV_LOG,42088000,19
LOG_SYS,42091000,19,0
CSV_LOG,42091000,19
LOG_SYS,42095000,19,0
CSV_LOG,42095000,19
LOG_ALLOC,42095000,438,0
LOG_SYS,42098000,20,0
CSV_LOG,42098000,20
LOG_ALLOC,42098000,438,1
LOG_SYS,42101000,21,0
CSV_LOG,42101000,21
LOG_ALLOC,42101000,438,2
LOG_SYS,42105000,22,0
CSV_LOG,42105000,22
LOG_ALLOC,42105000,438,3
LOG_SYS,42108000,22,0
CSV_LOG,42108000,22
LOG_ALLOC,42108000,438,5
LOG_FREE,42108000,426,13
LOG_SYS,42111000,23,0
CSV_LOG,42111000,23
LOG_ALLOC,42111000,438,6
LOG_SYS,42115000,24,0
CSV_LOG,42115000,24
LOG_ALLOC,42115000,438,7
LOG_SYS,42118000,25,0
CSV_LOG,42118000,25
LOG_ALLOC,42118000,438,8
LOG_SYS,42121000,26,0
CSV_LOG,42121000,26
LOG_SYS,42125000,26,0
CSV_LOG,42125000,26
LOG_SYS,42128000,26,0
CSV_LOG,42128000,26
LOG_SYS,42131000,26,0
CSV_LOG,42131000,26
LOG_SYS,42135000,26,0
CSV_LOG,42135000,26
LOG_SYS,42138000,26,0
CSV_LOG,42138000,26
LOG_SYS,42141000,26,0
CSV_LOG,42141000,26
LOG_SYS,42145000,26,0
CSV_LOG,42145000,26
LOG_SYS,42148000,26,0
CSV_LOG,42148000,26
LOG_SYS,42151000,26,0
CSV_LOG,42151000,26
LOG_SYS,42155000,26,0
CSV_LOG,42155000,26
LOG_SYS,42158000,26,0
CSV_LOG,42158000,26
LOG_SYS,42161000,26,0
CSV_LOG,42161000,26
LOG_SYS,42165000,26,0
CSV_LOG,42165000,26
LOG_SYS,42168000,26,0
CSV_LOG,42168000,26
LOG_SYS,42171000,26,0
CSV_LOG,42171000,26
LOG_SYS,42175000,26,0
CSV_LOG,42175000,26
LOG_SYS,42178000,26,0
CSV_LOG,42178000,26
LOG_SYS,42181000,26,0
CSV_LOG,42181000,26
LOG_SYS,42185000,26,0
CSV_LOG,42185000,26
LOG_SYS,42188000,26,0
CSV_LOG,42188000,26
LOG_SYS,42191000,26,0
CSV_LOG,42191000,26
LOG_SYS,42195000,26,0
CSV_LOG,42195000,26
LOG_SYS,42198000,26,0
CSV_LOG,42198000,26
LOG_SYS,42201000,26,0
CSV_LOG,42201000,26
LOG_SYS,42205000,26,0
CSV_LOG,42205000,26
LOG_SYS,42208000,26,0
CSV_LOG,42208000,26
LOG_SYS,42211000,26,0
CSV_LOG,42211000,26
LOG_SYS,42215000,26,0
CSV_LOG,42215000,26
LOG_SYS,42218000,26,0
CSV_LOG,42218000,26
LOG_SYS,42221000,26,0
CSV_LOG,42221000,26
LOG_SYS,42225000,26,0
CSV_LOG,42225000,26
LOG_SYS,42228000,26,0
CSV_LOG,42228000,26
LOG_SYS,42231000,26,0
CSV_LOG,42231000,26
LOG_SYS,42235000,26,0
CSV_LOG,42235000,26
LOG_SYS,42238000,26,0
CSV_LOG,42238000,26
LOG_SYS,42241000,26,0
CSV_LOG,42241000,26
LOG_SYS,42245000,26,0
CSV_LOG,42245000,26
LOG_SYS,42248000,26,0
CSV_LOG,42248000,26
LOG_SYS,42251000,26,0
CSV_LOG,42251000,26
LOG_SYS,42255000,26,0
CSV_LOG,42255000,26
LOG_SYS,42258000,26,0
CSV_LOG,42258000,26
LOG_SYS,42261000,26,0
CSV_LOG,42261000,26
LOG_SYS,42265000,26,0
CSV_LOG,42265000,26
LOG_SYS,42268000,26,0
CSV_LOG,42268000,26
LOG_SYS,42271000,26,0
CSV_LOG,42271000,26
LOG_SYS,42275000,26,0
CSV_LOG,42275000,26
LOG_SYS,42278000,25,0
CSV_LOG,42278000,25
LOG_FREE,42278000,427,23
LOG_SYS,42281000,25,0
CSV_LOG,42281000,25
LOG_SYS,42285000,25,0
CSV_LOG,42285000,25
LOG_SYS,42288000,25,0
CSV_LOG,42288000,25
LOG_SYS,42291000,25,0
CSV_LOG,42291000,25
LOG_SYS,42295000,25,0
CSV_LOG,42295000,25
LOG_SYS,42298000,25,0
CSV_LOG,42298000,25
LOG_SYS,42301000,24,0
CSV_LOG,42301000,24
LOG_FREE,42301000,422,16
LOG_SYS,42305000,24,0
CSV_LOG,42305000,24
LOG_SYS,42308000,24,0
CSV_LOG,42308000,24
LOG_SYS,42311000,24,0
CSV_LOG,42311000,24
LOG_ALLOC,42311000,439,10
LOG_SYS,42315000,25,0
CSV_LOG,42315000,25
LOG_ALLOC,42315000,439,13
LOG_SYS,42318000,26,0
CSV_LOG,42318000,26
LOG_SYS,42321000,26,0
CSV_LOG,42321000,26
LOG_SYS,42325000,26,0
CSV_LOG,42325000,26
LOG_SYS,42328000,26,0
CSV_LOG,42328000,26
LOG_SYS,42331000,26,0
CSV_LOG,42331000,26
LOG_SYS,42335000,26,0
CSV_LOG,42335000,26
LOG_SYS,42338000,26,0
CSV_LOG,42338000,26
LOG_SYS,42341000,26,0
CSV_LOG,42341000,26
LOG_SYS,42345000,26,0
CSV_LOG,42345000,26
LOG_SYS,42348000,26,0
CSV_LOG,42348000,26
LOG_SYS,42351000,26,0
CSV_LOG,42351000,26
LOG_SYS,42355000,26,0
CSV_LOG,42355000,26
LOG_SYS,42358000,26,0
CSV_LOG,42358000,26
LOG_SYS,42361000,26,0
CSV_LOG,42361000,26
LOG_SYS,42365000,26,0
CSV_LOG,42365000,26
LOG_SYS,42368000,26,0
CSV_LOG,42368000,26
LOG_SYS,42371000,26,0
CSV_LOG,42371000,26
LOG_SYS,42375000,26,0
CSV_LOG,42375000,26
LOG_SYS,42378000,26,0
CSV_LOG,42378000,26
LOG_SYS,42381000,26,0
CSV_LOG,42381000,26
LOG_SYS,42385000,26,0
CSV_LOG,42385000,26
LOG_SYS,42388000,26,0
CSV_LOG,42388000,26
LOG_SYS,42391000,26,0
CSV_LOG,42391000,26
LOG_SYS,42395000,26,0
CSV_LOG,42395000,26
LOG_SYS,42398000,26,0
CSV_LOG,42398000,26
LOG_SYS,42401000,26,0
CSV_LOG,42401000,26
LOG_SYS,42405000,25,0
CSV_LOG,42405000,25
LOG_FREE,42405000,404,33
LOG_SYS,42408000,25,0
CSV_LOG,42408000,25
LOG_SYS,42411000,25,0
CSV_LOG,42411000,25
LOG_SYS,42415000,25,0
CSV_LOG,42415000,25
LOG_ALLOC,42415000,440,16
LOG_SYS,42418000,26,0
CSV_LOG,42418000,26
LOG_ALLOC,42418000,440,23
LOG_SYS,42421000,26,0
CSV_LOG,42421000,26
LOG_ALLOC,42421000,440,15
LOG_FREE,42421000,418,15
LOG_SYS,42425000,26,0
CSV_LOG,42425000,26
LOG_ALLOC,42425000,440,13
LOG_FREE,42425000,439,13
LOG_SYS,42428000,27,0
CSV_LOG,42428000,27
LOG_ALLOC,42428000,440,24
LOG_SYS,42431000,28,0
CSV_LOG,42431000,28
LOG_ALLOC,42431000,440,25
LOG_SYS,42435000,29,0
CSV_LOG,42435000,29
LOG_ALLOC,42435000,440,27
LOG_SYS,42438000,30,0
CSV_LOG,42438000,30
LOG_ALLOC,42438000,441,30
LOG_SYS,42441000,31,0
CSV_LOG,42441000,31
LOG_ALLOC,42441000,441,31
LOG_SYS,42445000,32,0
CSV_LOG,42445000,32
LOG_ALLOC,42445000,441,32
LOG_SYS,42448000,33,0
CSV_LOG,42448000,33
LOG_ALLOC,42448000,441,33
LOG_SYS,42451000,34,0
CSV_LOG,42451000,34
LOG_ALLOC,42451000,441,34
LOG_SYS,42455000,35,0
CSV_LOG,42455000,35
LOG_ALLOC,42455000,441,35
LOG_SYS,42458000,36,0
CSV_LOG,42458000,36
LOG_ALLOC,42458000,441,36
LOG_SYS,42461000,37,0
CSV_LOG,42461000,37
LOG_ALLOC,42461000,441,37
LOG_SYS,42465000,38,0
CSV_LOG,42465000,38
LOG_ALLOC,42465000,419,38
LOG_SYS,42468000,39,0
CSV_LOG,42468000,39
LOG_ALLOC,42468000,419,39
LOG_SYS,42471000,40,0
CSV_LOG,42471000,40
LOG_ALLOC,42471000,419,40
LOG_SYS,42475000,41,0
CSV_LOG,42475000,41
LOG_ALLOC,42475000,419,41
LOG_SYS,42478000,42,0
CSV_LOG,42478000,42
LOG_ALLOC,42478000,419,42
LOG_SYS,42481000,43,0
CSV_LOG,42481000,43
LOG_ALLOC,42481000,419,43
LOG_SYS,42485000,44,0
CSV_LOG,42485000,44
LOG_ALLOC,42485000,419,44
LOG_SYS,42488000,44,0
CSV_LOG,42488000,44
LOG_FREE,42488000,441,30
LOG_SYS,42491000,44,0
CSV_LOG,42491000,44
LOG_SYS,42495000,44,0
CSV_LOG,42495000,44
LOG_SYS,42498000,43,0
CSV_LOG,42498000,43
LOG_FREE,42498000,440,23
LOG_SYS,42501000,43,0
CSV_LOG,42501000,43
LOG_SYS,42505000,43,0
CSV_LOG,42505000,43
LOG_SYS,42508000,42,0
CSV_LOG,42508000,42
LOG_FREE,42508000,441,37
LOG_SYS,42511000,41,0
CSV_LOG,42511000,41
LOG_FREE,42511000,440,25
LOG_SYS,42515000,41,0
CSV_LOG,42515000,41
LOG_SYS,42518000,40,0
CSV_LOG,42518000,40
LOG_FREE,42518000,437,9
LOG_SYS,42521000,40,0
CSV_LOG,42521000,40
LOG_SYS,42525000,40,0
CSV_LOG,42525000,40
LOG_SYS,42528000,39,0
CSV_LOG,42528000,39
LOG_FREE,42528000,437,28
LOG_SYS,42531000,39,0
CSV_LOG,42531000,39
LOG_SYS,42535000,39,0
CSV_LOG,42535000,39
LOG_SYS,42538000,39,0
CSV_LOG,42538000,39
LOG_SYS,42541000,39,0
CSV_LOG,42541000,39
LOG_SYS,42545000,39,0
CSV_LOG,42545000,39
LOG_SYS,42548000,39,0
CSV_LOG,42548000,39
LOG_SYS,42551000,39,0
CSV_LOG,42551000,39
LOG_SYS,42555000,39,0
CSV_LOG,42555000,39
LOG_SYS,42558000,38,0
CSV_LOG,42558000,38
LOG_FREE,42558000,440,27
LOG_SYS,42561000,38,0
CSV_LOG,42561000,38
LOG_SYS,42565000,38,0
CSV_LOG,42565000,38
LOG_SYS,42568000,37,0
CSV_LOG,42568000,37
LOG_FREE,42568000,441,34
LOG_SYS,42571000,37,0
CSV_LOG,42571000,37
LOG_SYS,42575000,37,0
CSV_LOG,42575000,37
LOG_SYS,42578000,36,0
CSV_LOG,42578000,36
LOG_FREE,42578000,432,4
LOG_SYS,42581000,35,0
CSV_LOG,42581000,35
LOG_FREE,42581000,426,11
LOG_SYS,42585000,34,0
CSV_LOG,42585000,34
LOG_FREE,42585000,439,10
LOG_SYS,42588000,33,0
CSV_LOG,42588000,33
LOG_ALLOC,42588000,442,4
LOG_FREE,42588000,436,26
LOG_SYS,42591000,34,0
CSV_LOG,42591000,34
LOG_ALLOC,42591000,443,9
LOG_SYS,42595000,35,0
CSV_LOG,42595000,35
LOG_ALLOC,42595000,443,10
LOG_SYS,42598000,36,0
CSV_LOG,42598000,36
LOG_ALLOC,42598000,443,11
LOG_SYS,42601000,36,0
CSV_LOG,42601000,36
LOG_ALLOC,42601000,442,7
LOG_FREE,42601000,438,7
LOG_SYS,42605000,37,0
CSV_LOG,42605000,37
LOG_ALLOC,42605000,442,23
LOG_SYS,42608000,38,0
CSV_LOG,42608000,38
LOG_ALLOC,42608000,442,25
LOG_SYS,42611000,39,0
CSV_LOG,42611000,39
LOG_ALLOC,42611000,442,26
LOG_SYS,42615000,40,0
CSV_LOG,42615000,40
LOG_ALLOC,42615000,442,27
LOG_SYS,42618000,41,0
CSV_LOG,42618000,41
LOG_ALLOC,42618000,442,28
LOG_SYS,42621000,42,0
CSV_LOG,42621000,42
LOG_ALLOC,42621000,442,30
LOG_SYS,42625000,43,0
CSV_LOG,42625000,43
LOG_ALLOC,42625000,444,34
LOG_SYS,42628000,43,0
CSV_LOG,42628000,43
LOG_ALLOC,42628000,444,19
LOG_FREE,42628000,412,19
LOG_SYS,42631000,44,0
CSV_LOG,42631000,44
LOG_ALLOC,42631000,444,37
LOG_SYS,42635000,44,0
CSV_LOG,42635000,44
LOG_ALLOC,42635000,444,44
LOG_FREE,42635000,419,44
LOG_SYS,42638000,45,0
CSV_LOG,42638000,45
LOG_ALLOC,42638000,446,45
LOG_SYS,42641000,46,0
CSV_LOG,42641000,46
LOG_ALLOC,42641000,446,46
LOG_SYS,42645000,46,0
CSV_LOG,42645000,46
LOG_ALLOC,42645000,446,26
LOG_FREE,42645000,442,26
LOG_SYS,42648000,47,0
CSV_LOG,42648000,47
LOG_ALLOC,42648000,446,47
LOG_SYS,42651000,48,0
CSV_LOG,42651000,48
LOG_ALLOC,42651000,446,48
LOG_SYS,42655000,49,0
CSV_LOG,42655000,49
LOG_ALLOC,42655000,446,49
LOG_SYS,42658000,49,0
CSV_LOG,42658000,49
LOG_ALLOC,42658000,446,29
LOG_FREE,42658000,431,29
LOG_SYS,42661000,50,0
CSV_LOG,42661000,50
LOG_ALLOC,42661000,445,50
LOG_SYS,42665000,51,0
CSV_LOG,42665000,51
LOG_ALLOC,42665000,445,51
LOG_SYS,42668000,52,0
CSV_LOG,42668000,52
LOG_ALLOC,42668000,447,52
LOG_SYS,42671000,52,0
CSV_LOG,42671000,52
LOG_ALLOC,42671000,447,29
LOG_FREE,42671000,446,29
LOG_SYS,42675000,53,0
CSV_LOG,42675000,53
LOG_ALLOC,42675000,445,53
LOG_SYS,42678000,53,0
CSV_LOG,42678000,53
LOG_ALLOC,42678000,445,46
LOG_FREE,42678000,446,46
LOG_SYS,42681000,54,0
CSV_LOG,42681000,54
LOG_ALLOC,42681000,445,54
LOG_SYS,42685000,54,0
CSV_LOG,42685000,54
LOG_ALLOC,42685000,445,53
LOG_FREE,42685000,445,53
LOG_SYS,42688000,55,0
CSV_LOG,42688000,55
LOG_SYS,42691000,55,0
CSV_LOG,42691000,55
LOG_SYS,42695000,55,0
CSV_LOG,42695000,55
LOG_SYS,42698000,54,0
CSV_LOG,42698000,54
LOG_FREE,42698000,438,3
LOG_SYS,42701000,54,0
CSV_LOG,42701000,54
LOG_SYS,42705000,54,0
CSV_LOG,42705000,54
LOG_SYS,42708000,53,0
CSV_LOG,42708000,53
LOG_FREE,42708000,445,54
LOG_SYS,42711000,53,0
CSV_LOG,42711000,53
LOG_SYS,42715000,53,0
CSV_LOG,42715000,53
LOG_SYS,42718000,53,0
CSV_LOG,42718000,53
LOG_SYS,42721000,53,0
CSV_LOG,42721000,53
LOG_SYS,42725000,53,0
CSV_LOG,42725000,53
LOG_SYS,42728000,52,0
CSV_LOG,42728000,52
LOG_FREE,42728000,441,36
LOG_SYS,42731000,52,0
CSV_LOG,42731000,52
LOG_SYS,42735000,52,0
CSV_LOG,42735000,52
LOG_SYS,42738000,52,0
CSV_LOG,42738000,52
LOG_SYS,42741000,52,0
CSV_LOG,42741000,52
LOG_SYS,42745000,52,0
CSV_LOG,42745000,52
LOG_SYS,42748000,52,0
CSV_LOG,42748000,52
LOG_SYS,42751000,52,0
CSV_LOG,42751000,52
LOG_SYS,42755000,52,0
CSV_LOG,42755000,52
LOG_SYS,42758000,52,0
CSV_LOG,42758000,52
LOG_SYS,42761000,51,0
CSV_LOG,42761000,51
LOG_FREE,42761000,440,13
LOG_SYS,42765000,51,0
CSV_LOG,42765000,51
LOG_SYS,42768000,51,0
CSV_LOG,42768000,51
LOG_SYS,42771000,50,0
CSV_LOG,42771000,50
LOG_FREE,42771000,438,6
LOG_SYS,42775000,50,0
CSV_LOG,42775000,50
LOG_SYS,42778000,49,0
CSV_LOG,42778000,49
LOG_FREE,42778000,441,31
LOG_SYS,42781000,49,0
CSV_LOG,42781000,49
LOG_SYS,42785000,49,0
CSV_LOG,42785000,49
LOG_SYS,42788000,48,0
CSV_LOG,42788000,48
LOG_FREE,42788000,446,47
LOG_SYS,42791000,47,0
CSV_LOG,42791000,47
LOG_FREE,42791000,438,1
LOG_SYS,42795000,47,0
CSV_LOG,42795000,47
LOG_SYS,42798000,46,0
CSV_LOG,42798000,46
LOG_FREE,42798000,440,15
LOG_SYS,42801000,46,0
CSV_LOG,42801000,46
LOG_SYS,42805000,45,0
CSV_LOG,42805000,45
LOG_FREE,42805000,435,20
LOG_SYS,42808000,45,0
CSV_LOG,42808000,45
LOG_SYS,42811000,45,0
CSV_LOG,42811000,45
LOG_SYS,42815000,44,0
CSV_LOG,42815000,44
LOG_FREE,42815000,434,22
LOG_SYS,42818000,44,0
CSV_LOG,42818000,44
LOG_SYS,42821000,44,0
CSV_LOG,42821000,44
LOG_SYS,42825000,44,0
CSV_LOG,42825000,44
LOG_SYS,42828000,44,0
CSV_LOG,42828000,44
LOG_SYS,42831000,44,0
CSV_LOG,42831000,44
LOG_SYS,42835000,43,0
CSV_LOG,42835000,43
LOG_FREE,42835000,443,11
LOG_SYS,42838000,42,0
CSV_LOG,42838000,42
LOG_FREE,42838000,446,26
LOG_SYS,42841000,42,0
CSV_LOG,42841000,42
LOG_SYS,42845000,41,0
CSV_LOG,42845000,41
LOG_FREE,42845000,435,17
LOG_SYS,42848000,40,0
CSV_LOG,42848000,40
LOG_FREE,42848000,442,23
LOG_SYS,42851000,40,0
CSV_LOG,42851000,40
LOG_SYS,42855000,40,0
CSV_LOG,42855000,40
LOG_SYS,42858000,40,0
CSV_LOG,42858000,40
LOG_SYS,42861000,40,0
CSV_LOG,42861000,40
LOG_SYS,42865000,40,0
CSV_LOG,42865000,40
LOG_SYS,42868000,40,0
CSV_LOG,42868000,40
LOG_SYS,42871000,40,0
CSV_LOG,42871000,40
LOG_SYS,42875000,40,0
CSV_LOG,42875000,40
LOG_SYS,42878000,40,0
CSV_LOG,42878000,40
LOG_SYS,42881000,40,0
CSV_LOG,42881000,40
LOG_SYS,42885000,40,0
CSV_LOG,42885000,40
LOG_SYS,42888000,40,0
CSV_LOG,42888000,40
LOG_SYS,42891000,40,0
CSV_LOG,42891000,40
LOG_SYS,42895000,40,0
CSV_LOG,42895000,40
LOG_SYS,42898000,40,0
CSV_LOG,42898000,40
LOG_SYS,42901000,40,0
CSV_LOG,42901000,40
LOG_SYS,42904000,40,0
CSV_LOG,42904000,40
LOG_SYS,42908000,40,0
CSV_LOG,42908000,40
LOG_SYS,42911000,40,0
CSV_LOG,42911000,40
LOG_SYS,42914000,39,0
CSV_LOG,42914000,39
LOG_FREE,42914000,445,46
LOG_SYS,42918000,38,0
CSV_LOG,42918000,38
LOG_FREE,42918000,445,50
LOG_SYS,42921000,38,0
CSV_LOG,42921000,38
LOG_SYS,42924000,38,0
CSV_LOG,42924000,38
LOG_SYS,42928000,38,0
CSV_LOG,42928000,38
LOG_SYS,42931000,38,0
CSV_LOG,42931000,38
LOG_SYS,42934000,38,0
CSV_LOG,42934000,38
LOG_SYS,42938000,38,0
CSV_LOG,42938000,38
LOG_SYS,42941000,38,0
CSV_LOG,42941000,38
LOG_SYS,42944000,38,0
CSV_LOG,42944000,38
LOG_SYS,42948000,38,0
CSV_LOG,42948000,38
LOG_SYS,42951000,38,0
CSV_LOG,42951000,38
LOG_SYS,42954000,38,0
CSV_LOG,42954000,38
LOG_SYS,42958000,38,0
CSV_LOG,42958000,38
LOG_SYS,42961000,38,0
CSV_LOG,42961000,38
LOG_SYS,42964000,38,0
CSV_LOG,42964000,38
LOG_SYS,42968000,38,0
CSV_LOG,42968000,38
LOG_SYS,42971000,38,0
CSV_LOG,42971000,38
LOG_SYS,42974000,38,0
CSV_LOG,42974000,38
LOG_SYS,42978000,38,0
CSV_LOG,42978000,38
LOG_SYS,42981000,38,0
CSV_LOG,42981000,38
LOG_SYS,42984000,38,0
CSV_LOG,42984000,38
LOG_SYS,42988000,38,0
CSV_LOG,42988000,38
LOG_SYS,42991000,38,0
CSV_LOG,42991000,38
LOG_SYS,42994000,37,0
CSV_LOG,42994000,37
LOG_FREE,42994000,443,10
LOG_SYS,42998000,36,0
CSV_LOG,42998000,36
LOG_FREE,42998000,437,21
LOG_SYS,43001000,36,0
CSV_LOG,43001000,36
LOG_SYS,43004000,36,0
CSV_LOG,43004000,36
LOG_SYS,43008000,35,0
CSV_LOG,43008000,35
LOG_FREE,43008000,419,40
LOG_SYS,43011000,35,0
CSV_LOG,43011000,35
LOG_SYS,43014000,34,0
CSV_LOG,43014000,34
LOG_FREE,43014000,442,28
LOG_SYS,43018000,34,0
CSV_LOG,43018000,34
LOG_SYS,43021000,34,0
CSV_LOG,43021000,34
LOG_SYS,43024000,34,0
CSV_LOG,43024000,34
LOG_SYS,43028000,34,0
CSV_LOG,43028000,34
LOG_SYS,43031000,34,0
CSV_LOG,43031000,34
LOG_SYS,43034000,34,0
CSV_LOG,43034000,34
LOG_SYS,43038000,34,0
CSV_LOG,43038000,34
LOG_SYS,43041000,34,0
CSV_LOG,43041000,34
LOG_SYS,43044000,34,0
CSV_LOG,43044000,34
LOG_SYS,43048000,34,0
CSV_LOG,43048000,34
LOG_SYS,43051000,34,0
CSV_LOG,43051000,34
LOG_SYS,43054000,34,0
CSV_LOG,43054000,34
LOG_SYS,43058000,33,0
CSV_LOG,43058000,33
LOG_FREE,43058000,444,44
LOG_SYS,43061000,33,0
CSV_LOG,43061000,33
LOG_SYS,43064000,33,0
CSV_LOG,43064000,33
LOG_SYS,43068000,33,0
CSV_LOG,43068000,33
LOG_SYS,43071000,32,0
CSV_LOG,43071000,32
LOG_FREE,43071000,446,49
LOG_SYS,43074000,32,0
CSV_LOG,43074000,32
LOG_SYS,43078000,32,0
CSV_LOG,43078000,32
LOG_SYS,43081000,31,0
CSV_LOG,43081000,31
LOG_FREE,43081000,419,38
LOG_SYS,43084000,31,0
CSV_LOG,43084000,31
LOG_SYS,43088000,31,0
CSV_LOG,43088000,31
LOG_SYS,43091000,31,0
CSV_LOG,43091000,31
LOG_SYS,43094000,31,0
CSV_LOG,43094000,31
LOG_SYS,43098000,31,0
CSV_LOG,43098000,31
LOG_SYS,43101000,31,0
CSV_LOG,43101000,31
LOG_SYS,43104000,31,0
CSV_LOG,43104000,31
LOG_SYS,43108000,31,0
CSV_LOG,43108000,31
LOG_SYS,43111000,31,0
CSV_LOG,43111000,31
LOG_SYS,43114000,31,0
CSV_LOG,43114000,31
LOG_SYS,43118000,31,0
CSV_LOG,43118000,31
LOG_SYS,43121000,31,0
CSV_LOG,43121000,31
LOG_SYS,43124000,31,0
CSV_LOG,43124000,31
LOG_SYS,43128000,31,0
CSV_LOG,43128000,31
LOG_SYS,43131000,31,0
CSV_LOG,43131000,31
LOG_SYS,43134000,31,0
CSV_LOG,43134000,31
LOG_SYS,43138000,31,0
CSV_LOG,43138000,31
LOG_SYS,43141000,31,0
CSV_LOG,43141000,31
LOG_SYS,43144000,31,0
CSV_LOG,43144000,31
LOG_SYS,43148000,31,0
CSV_LOG,43148000,31
LOG_SYS,43151000,31,0
CSV_LOG,43151000,31
LOG_SYS,43154000,31,0
CSV_LOG,43154000,31
LOG_SYS,43158000,31,0
CSV_LOG,43158000,31
LOG_SYS,43161000,31,0
CSV_LOG,43161000,31
LOG_SYS,43164000,31,0
CSV_LOG,43164000,31
LOG_SYS,43168000,31,0
CSV_LOG,43168000,31
LOG_SYS,43171000,31,0
CSV_LOG,43171000,31
LOG_SYS,43174000,30,0
CSV_LOG,43174000,30
LOG_FREE,43174000,446,48
LOG_SYS,43178000,29,0
CSV_LOG,43178000,29
LOG_FREE,43178000,419,41
LOG_SYS,43181000,28,0
CSV_LOG,43181000,28
LOG_FREE,43181000,440,16
LOG_SYS,43184000,28,0
CSV_LOG,43184000,28
LOG_SYS,43188000,28,0
CSV_LOG,43188000,28
LOG_SYS,43191000,28,0
CSV_LOG,43191000,28
LOG_SYS,43194000,28,0
CSV_LOG,43194000,28
LOG_SYS,43198000,28,0
CSV_LOG,43198000,28
LOG_SYS,43201000,28,0
CSV_LOG,43201000,28
LOG_SYS,43204000,28,0
CSV_LOG,43204000,28
LOG_SYS,43208000,28,0
CSV_LOG,43208000,28
LOG_SYS,43211000,28,0
CSV_LOG,43211000,28
LOG_SYS,43214000,28,0
CSV_LOG,43214000,28
LOG_SYS,43218000,28,0
CSV_LOG,43218000,28
LOG_SYS,43221000,27,0
CSV_LOG,43221000,27
LOG_FREE,43221000,444,19
LOG_SYS,43224000,27,0
CSV_LOG,43224000,27
LOG_SYS,43228000,26,0
CSV_LOG,43228000,26
LOG_FREE,43228000,438,5
LOG_SYS,43231000,26,0
CSV_LOG,43231000,26
LOG_SYS,43234000,26,0
CSV_LOG,43234000,26
LOG_SYS,43238000,26,0
CSV_LOG,43238000,26
LOG_SYS,43241000,26,0
CSV_LOG,43241000,26
LOG_SYS,43244000,26,0
CSV_LOG,43244000,26
LOG_SYS,43248000,26,0
CSV_LOG,43248000,26
LOG_SYS,43251000,26,0
CSV_LOG,43251000,26
LOG_SYS,43254000,26,0
CSV_LOG,43254000,26
LOG_SYS,43258000,26,0
CSV_LOG,43258000,26
LOG_SYS,43261000,26,0
CSV_LOG,43261000,26
LOG_SYS,43264000,26,0
CSV_LOG,43264000,26
LOG_SYS,43268000,26,0
CSV_LOG,43268000,26
LOG_SYS,43271000,26,0
CSV_LOG,43271000,26
LOG_SYS,43274000,26,0
CSV_LOG,43274000,26
LOG_SYS,43278000,26,0
CSV_LOG,43278000,26
LOG_SYS,43281000,26,0
CSV_LOG,43281000,26
LOG_SYS,43284000,26,0
CSV_LOG,43284000,26
LOG_SYS,43288000,26,0
CSV_LOG,43288000,26
LOG_SYS,43291000,26,0
CSV_LOG,43291000,26
LOG_SYS,43294000,26,0
CSV_LOG,43294000,26
LOG_SYS,43298000,26,0
CSV_LOG,43298000,26
LOG_SYS,43301000,25,0
CSV_LOG,43301000,25
LOG_FREE,43301000,446,45
LOG_SYS,43304000,25,0
CSV_LOG,43304000,25
LOG_SYS,43308000,25,0
CSV_LOG,43308000,25
LOG_SYS,43311000,25,0
CSV_LOG,43311000,25
LOG_SYS,43314000,25,0
CSV_LOG,43314000,25
LOG_SYS,43318000,25,0
CSV_LOG,43318000,25
LOG_SYS,43321000,24,0
CSV_LOG,43321000,24
LOG_FREE,43321000,427,18
LOG_SYS,43324000,24,0
CSV_LOG,43324000,24
LOG_SYS,43328000,24,0
CSV_LOG,43328000,24
LOG_SYS,43331000,24,0
CSV_LOG,43331000,24
LOG_ALLOC,43331000,451,1
LOG_SYS,43334000,25,0
CSV_LOG,43334000,25
LOG_ALLOC,43334000,451,3
LOG_SYS,43338000,26,0
CSV_LOG,43338000,26
LOG_ALLOC,43338000,451,5
LOG_SYS,43341000,27,0
CSV_LOG,43341000,27
LOG_ALLOC,43341000,451,6
LOG_SYS,43344000,28,0
CSV_LOG,43344000,28
LOG_SYS,43348000,28,0
CSV_LOG,43348000,28
LOG_SYS,43351000,28,0
CSV_LOG,43351000,28
LOG_SYS,43354000,28,0
CSV_LOG,43354000,28
LOG_SYS,43358000,28,0
CSV_LOG,43358000,28
LOG_SYS,43361000,28,0
CSV_LOG,43361000,28
LOG_SYS,43364000,28,0
CSV_LOG,43364000,28
LOG_SYS,43368000,28,0
CSV_LOG,43368000,28
LOG_SYS,43371000,28,0
CSV_LOG,43371000,28
LOG_SYS,43374000,27,0
CSV_LOG,43374000,27
LOG_FREE,43374000,451,3
LOG_SYS,43378000,26,0
CSV_LOG,43378000,26
LOG_FREE,43378000,438,8
LOG_SYS,43381000,26,0
CSV_LOG,43381000,26
LOG_SYS,43384000,26,0
CSV_LOG,43384000,26
LOG_SYS,43388000,26,0
CSV_LOG,43388000,26
LOG_SYS,43391000,26,0
CSV_LOG,43391000,26
LOG_SYS,43394000,26,0
CSV_LOG,43394000,26
LOG_SYS,43398000,26,0
CSV_LOG,43398000,26
LOG_SYS,43401000,26,0
CSV_LOG,43401000,26
LOG_SYS,43404000,25,0
CSV_LOG,43404000,25
LOG_FREE,43404000,451,5
LOG_SYS,43408000,25,0
CSV_LOG,43408000,25
LOG_SYS,43411000,25,0
CSV_LOG,43411000,25
LOG_SYS,43414000,25,0
CSV_LOG,43414000,25
LOG_SYS,43418000,25,0
CSV_LOG,43418000,25
LOG_SYS,43421000,25,0
CSV_LOG,43421000,25
LOG_SYS,43424000,25,0
CSV_LOG,43424000,25
LOG_SYS,43428000,25,0
CSV_LOG,43428000,25
LOG_SYS,43431000,25,0
CSV_LOG,43431000,25
LOG_SYS,43434000,25,0
CSV_LOG,43434000,25
LOG_SYS,43438000,25,0
CSV_LOG,43438000,25
LOG_SYS,43441000,25,0
CSV_LOG,43441000,25
LOG_SYS,43444000,25,0
CSV_LOG,43444000,25
LOG_SYS,43448000,25,0
CSV_LOG,43448000,25
LOG_SYS,43451000,25,0
CSV_LOG,43451000,25
LOG_SYS,43454000,25,0
CSV_LOG,43454000,25
LOG_SYS,43458000,25,0
CSV_LOG,43458000,25
LOG_SYS,43461000,25,0
CSV_LOG,43461000,25
LOG_SYS,43464000,25,0
CSV_LOG,43464000,25
LOG_SYS,43468000,25,0
CSV_LOG,43468000,25
LOG_SYS,43471000,25,0
CSV_LOG,43471000,25
LOG_SYS,43474000,24,0
CSV_LOG,43474000,24
LOG_FREE,43474000,441,35
LOG_SYS,43478000,24,0
CSV_LOG,43478000,24
LOG_SYS,43481000,24,0
CSV_LOG,43481000,24
LOG_SYS,43484000,23,0
CSV_LOG,43484000,23
LOG_FREE,43484000,441,33
LOG_SYS,43488000,23,0
CSV_LOG,43488000,23
LOG_SYS,43491000,23,0
CSV_LOG,43491000,23
LOG_SYS,43494000,23,0
CSV_LOG,43494000,23
LOG_SYS,43498000,23,0
CSV_LOG,43498000,23
LOG_SYS,43501000,23,0
CSV_LOG,43501000,23
LOG_SYS,43504000,23,0
CSV_LOG,43504000,23
LOG_SYS,43508000,23,0
CSV_LOG,43508000,23
LOG_SYS,43511000,23,0
CSV_LOG,43511000,23
LOG_SYS,43514000,23,0
CSV_LOG,43514000,23
LOG_SYS,43518000,23,0
CSV_LOG,43518000,23
LOG_SYS,43521000,23,0
CSV_LOG,43521000,23
LOG_SYS,43524000,23,0
CSV_LOG,43524000,23
LOG_SYS,43528000,23,0
CSV_LOG,43528000,23
LOG_SYS,43531000,23,0
CSV_LOG,43531000,23
LOG_SYS,43534000,23,0
CSV_LOG,43534000,23
LOG_SYS,43538000,22,0
CSV_LOG,43538000,22
LOG_FREE,43538000,419,39
LOG_SYS,43541000,22,0
CSV_LOG,43541000,22
LOG_SYS,43544000,22,0
CSV_LOG,43544000,22
LOG_SYS,43548000,22,0
CSV_LOG,43548000,22
LOG_SYS,43551000,21,0
CSV_LOG,43551000,21
LOG_FREE,43551000,445,51
LOG_SYS,43554000,21,0
CSV_LOG,43554000,21
LOG_SYS,43558000,21,0
CSV_LOG,43558000,21
LOG_SYS,43561000,21,0
CSV_LOG,43561000,21
LOG_SYS,43564000,21,0
CSV_LOG,43564000,21
LOG_SYS,43568000,20,0
CSV_LOG,43568000,20
LOG_FREE,43568000,438,2
LOG_SYS,43571000,20,0
CSV_LOG,43571000,20
LOG_SYS,43574000,20,0
CSV_LOG,43574000,20
LOG_SYS,43578000,20,0
CSV_LOG,43578000,20
LOG_SYS,43581000,20,0
CSV_LOG,43581000,20
LOG_SYS,43584000,20,0
CSV_LOG,43584000,20
LOG_SYS,43588000,20,0
CSV_LOG,43588000,20
LOG_SYS,43591000,20,0
CSV_LOG,43591000,20
LOG_SYS,43594000,20,0
CSV_LOG,43594000,20
LOG_SYS,43598000,20,0
CSV_LOG,43598000,20
LOG_SYS,43601000,20,0
CSV_LOG,43601000,20
LOG_SYS,43604000,20,0
CSV_LOG,43604000,20
LOG_SYS,43608000,20,0
CSV_LOG,43608000,20
LOG_SYS,43611000,20,0
CSV_LOG,43611000,20
LOG_SYS,43614000,20,0
CSV_LOG,43614000,20
LOG_SYS,43618000,20,0
CSV_LOG,43618000,20
LOG_SYS,43621000,20,0
CSV_LOG,43621000,20
LOG_SYS,43624000,20,0
CSV_LOG,43624000,20
LOG_SYS,43628000,20,0
CSV_LOG,43628000,20
LOG_SYS,43631000,20,0
CSV_LOG,43631000,20
LOG_SYS,43634000,20,0
CSV_LOG,43634000,20
LOG_SYS,43638000,20,0
CSV_LOG,43638000,20
LOG_SYS,43641000,20,0
CSV_LOG,43641000,20
LOG_SYS,43644000,20,0
CSV_LOG,43644000,20
LOG_SYS,43648000,20,0
CSV_LOG,43648000,20
LOG_SYS,43651000,20,0
CSV_LOG,43651000,20
LOG_SYS,43654000,19,0
CSV_LOG,43654000,19
LOG_FREE,43654000,441,32
LOG_SYS,43658000,19,0
CSV_LOG,43658000,19
LOG_SYS,43661000,19,0
CSV_LOG,43661000,19
LOG_SYS,43664000,19,0
CSV_LOG,43664000,19
LOG_ALLOC,43664000,452,2
LOG_SYS,43668000,20,0
CSV_LOG,43668000,20
LOG_ALLOC,43668000,452,3
LOG_SYS,43671000,21,0
CSV_LOG,43671000,21
LOG_SYS,43674000,21,0
CSV_LOG,43674000,21
LOG_SYS,43678000,20,0
CSV_LOG,43678000,20
LOG_FREE,43678000,442,7
LOG_SYS,43681000,20,0
CSV_LOG,43681000,20
LOG_SYS,43684000,20,0
CSV_LOG,43684000,20
LOG_SYS,43688000,20,0
CSV_LOG,43688000,20
LOG_SYS,43691000,20,0
CSV_LOG,43691000,20
LOG_SYS,43694000,20,0
CSV_LOG,43694000,20
LOG_SYS,43698000,20,0
CSV_LOG,43698000,20
LOG_SYS,43701000,20,0
CSV_LOG,43701000,20
LOG_SYS,43704000,20,0
CSV_LOG,43704000,20
LOG_SYS,43708000,20,0
CSV_LOG,43708000,20
LOG_SYS,43711000,20,0
CSV_LOG,43711000,20
LOG_SYS,43714000,20,0
CSV_LOG,43714000,20
LOG_SYS,43718000,20,0
CSV_LOG,43718000,20
LOG_SYS,43721000,19,0
CSV_LOG,43721000,19
LOG_FREE,43721000,438,0
LOG_SYS,43724000,19,0
CSV_LOG,43724000,19
LOG_SYS,43728000,19,0
CSV_LOG,43728000,19
LOG_SYS,43731000,19,0
CSV_LOG,43731000,19
LOG_ALLOC,43731000,453,0
LOG_SYS,43734000,20,0
CSV_LOG,43734000,20
LOG_ALLOC,43734000,453,5
LOG_SYS,43737000,21,0
CSV_LOG,43737000,21
LOG_ALLOC,43737000,453,7
LOG_SYS,43741000,22,0
CSV_LOG,43741000,22
LOG_ALLOC,43741000,453,8
LOG_SYS,43744000,23,0
CSV_LOG,43744000,23
LOG_SYS,43747000,23,0
CSV_LOG,43747000,23
LOG_SYS,43751000,23,0
CSV_LOG,43751000,23
LOG_SYS,43754000,23,0
CSV_LOG,43754000,23
LOG_SYS,43757000,23,0
CSV_LOG,43757000,23
LOG_SYS,43761000,23,0
CSV_LOG,43761000,23
LOG_SYS,43764000,23,0
CSV_LOG,43764000,23
LOG_SYS,43767000,23,0
CSV_LOG,43767000,23
LOG_SYS,43771000,23,0
CSV_LOG,43771000,23
LOG_SYS,43774000,23,0
CSV_LOG,43774000,23
LOG_SYS,43777000,23,0
CSV_LOG,43777000,23
LOG_SYS,43781000,23,0
CSV_LOG,43781000,23
LOG_SYS,43784000,23,0
CSV_LOG,43784000,23
LOG_SYS,43787000,23,0
CSV_LOG,43787000,23
LOG_SYS,43791000,23,0
CSV_LOG,43791000,23
LOG_SYS,43794000,23,0
CSV_LOG,43794000,23
LOG_SYS,43797000,23,0
CSV_LOG,43797000,23
LOG_SYS,43801000,23,0
CSV_LOG,43801000,23
LOG_SYS,43804000,23,0
CSV_LOG,43804000,23
LOG_SYS,43807000,23,0
CSV_LOG,43807000,23
LOG_SYS,43811000,23,0
CSV_LOG,43811000,23
LOG_SYS,43814000,23,0
CSV_LOG,43814000,23
LOG_SYS,43817000,23,0
CSV_LOG,43817000,23
LOG_SYS,43821000,23,0
CSV_LOG,43821000,23
LOG_SYS,43824000,23,0
CSV_LOG,43824000,23
LOG_SYS,43827000,23,0
CSV_LOG,43827000,23
LOG_SYS,43831000,22,0
CSV_LOG,43831000,22
LOG_FREE,43831000,442,4
LOG_SYS,43834000,22,0
CSV_LOG,43834000,22
LOG_SYS,43837000,22,0
CSV_LOG,43837000,22
LOG_SYS,43841000,22,0
CSV_LOG,43841000,22
LOG_SYS,43844000,21,0
CSV_LOG,43844000,21
LOG_FREE,43844000,453,7
LOG_SYS,43847000,20,0
CSV_LOG,43847000,20
LOG_FREE,43847000,445,53
LOG_SYS,43851000,20,0
CSV_LOG,43851000,20
LOG_SYS,43854000,20,0
CSV_LOG,43854000,20
LOG_SYS,43857000,20,0
CSV_LOG,43857000,20
LOG_SYS,43861000,20,0
CSV_LOG,43861000,20
LOG_SYS,43864000,20,0
CSV_LOG,43864000,20
LOG_SYS,43867000,20,0
CSV_LOG,43867000,20
LOG_SYS,43871000,20,0
CSV_LOG,43871000,20
LOG_SYS,43874000,20,0
CSV_LOG,43874000,20
LOG_SYS,43877000,20,0
CSV_LOG,43877000,20
LOG_SYS,43881000,20,0
CSV_LOG,43881000,20
LOG_SYS,43884000,20,0
CSV_LOG,43884000,20
LOG_SYS,43887000,20,0
CSV_LOG,43887000,20
LOG_SYS,43891000,20,0
CSV_LOG,43891000,20
LOG_SYS,43894000,20,0
CSV_LOG,43894000,20
LOG_SYS,43897000,20,0
CSV_LOG,43897000,20
LOG_SYS,43901000,19,0
CSV_LOG,43901000,19
LOG_FREE,43901000,444,37
LOG_SYS,43904000,19,0
CSV_LOG,43904000,19
LOG_SYS,43907000,19,0
CSV_LOG,43907000,19
LOG_SYS,43911000,19,0
CSV_LOG,43911000,19
LOG_SYS,43914000,19,0
CSV_LOG,43914000,19
LOG_SYS,43917000,19,0
CSV_LOG,43917000,19
LOG_SYS,43921000,19,0
CSV_LOG,43921000,19
LOG_SYS,43924000,19,0
CSV_LOG,43924000,19
LOG_SYS,43927000,19,0
CSV_LOG,43927000,19
LOG_SYS,43931000,19,0
CSV_LOG,43931000,19
LOG_SYS,43934000,19,0
CSV_LOG,43934000,19
LOG_SYS,43937000,19,0
CSV_LOG,43937000,19
LOG_SYS,43941000,19,0
CSV_LOG,43941000,19
LOG_SYS,43944000,19,0
CSV_LOG,43944000,19
LOG_SYS,43947000,19,0
CSV_LOG,43947000,19
LOG_SYS,43951000,19,0
CSV_LOG,43951000,19
LOG_SYS,43954000,19,0
CSV_LOG,43954000,19
LOG_SYS,43957000,19,0
CSV_LOG,43957000,19
LOG_SYS,43961000,19,0
CSV_LOG,43961000,19
LOG_SYS,43964000,19,0
CSV_LOG,43964000,19
LOG_SYS,43967000,18,0
CSV_LOG,43967000,18
LOG_FREE,43967000,451,1
LOG_SYS,43971000,18,0
CSV_LOG,43971000,18
LOG_SYS,43974000,17,0
CSV_LOG,43974000,17
LOG_FREE,43974000,453,5
LOG_SYS,43977000,17,0
CSV_LOG,43977000,17
LOG_SYS,43981000,17,0
CSV_LOG,43981000,17
LOG_SYS,43984000,17,0
CSV_LOG,43984000,17
LOG_SYS,43987000,17,0
CSV_LOG,43987000,17
LOG_SYS,43991000,17,0
CSV_LOG,43991000,17
LOG_SYS,43994000,17,0
CSV_LOG,43994000,17
LOG_SYS,43997000,16,0
CSV_LOG,43997000,16
LOG_FREE,43997000,447,52
LOG_SYS,44001000,16,0
CSV_LOG,44001000,16
LOG_SYS,44004000,16,0
CSV_LOG,44004000,16
LOG_SYS,44007000,16,0
CSV_LOG,44007000,16
LOG_SYS,44011000,16,0
CSV_LOG,44011000,16
LOG_SYS,44014000,16,0
CSV_LOG,44014000,16
LOG_SYS,44017000,16,0
CSV_LOG,44017000,16
LOG_SYS,44021000,16,0
CSV_LOG,44021000,16
LOG_SYS,44024000,16,0
CSV_LOG,44024000,16
LOG_SYS,44027000,16,0
CSV_LOG,44027000,16
LOG_SYS,44031000,16,0
CSV_LOG,44031000,16
LOG_SYS,44034000,15,0
CSV_LOG,44034000,15
LOG_FREE,44034000,440,24
LOG_SYS,44037000,15,0
CSV_LOG,44037000,15
LOG_SYS,44041000,15,0
CSV_LOG,44041000,15
LOG_SYS,44044000,15,0
CSV_LOG,44044000,15
LOG_SYS,44047000,15,0
CSV_LOG,44047000,15
LOG_SYS,44051000,15,0
CSV_LOG,44051000,15
LOG_SYS,44054000,15,0
CSV_LOG,44054000,15
LOG_SYS,44057000,15,0
CSV_LOG,44057000,15
LOG_SYS,44061000,15,0
CSV_LOG,44061000,15
LOG_SYS,44064000,15,0
CSV_LOG,44064000,15
LOG_SYS,44067000,15,0
CSV_LOG,44067000,15
LOG_SYS,44071000,15,0
CSV_LOG,44071000,15
LOG_SYS,44074000,15,0
CSV_LOG,44074000,15
LOG_SYS,44077000,15,0
CSV_LOG,44077000,15
LOG_SYS,44081000,15,0
CSV_LOG,44081000,15
LOG_SYS,44084000,15,0
CSV_LOG,44084000,15
LOG_SYS,44087000,15,0
CSV_LOG,44087000,15
LOG_SYS,44091000,15,0
CSV_LOG,44091000,15
LOG_SYS,44094000,15,0
CSV_LOG,44094000,15
LOG_SYS,44097000,15,0
CSV_LOG,44097000,15
LOG_SYS,44101000,15,0
CSV_LOG,44101000,15
LOG_SYS,44104000,15,0
CSV_LOG,44104000,15
LOG_SYS,44107000,15,0
CSV_LOG,44107000,15
LOG_SYS,44111000,15,0
CSV_LOG,44111000,15
LOG_SYS,44114000,14,0
CSV_LOG,44114000,14
LOG_FREE,44114000,443,9
LOG_SYS,44117000,14,0
CSV_LOG,44117000,14
LOG_SYS,44121000,14,0
CSV_LOG,44121000,14
LOG_SYS,44124000,14,0
CSV_LOG,44124000,14
LOG_ALLOC,44124000,456,1
LOG_SYS,44127000,15,0
CSV_LOG,44127000,15
LOG_ALLOC,44127000,456,4
LOG_SYS,44131000,16,0
CSV_LOG,44131000,16
LOG_ALLOC,44131000,456,5
LOG_SYS,44134000,16,0
CSV_LOG,44134000,16
LOG_ALLOC,44134000,456,0
LOG_FREE,44134000,453,0
LOG_SYS,44137000,16,0
CSV_LOG,44137000,16
LOG_ALLOC,44137000,456,6
LOG_FREE,44137000,451,6
LOG_SYS,44141000,17,0
CSV_LOG,44141000,17
LOG_ALLOC,44141000,456,7
LOG_SYS,44144000,18,0
CSV_LOG,44144000,18
LOG_ALLOC,44144000,456,9
LOG_SYS,44147000,19,0
CSV_LOG,44147000,19
LOG_ALLOC,44147000,456,10
LOG_SYS,44151000,20,0
CSV_LOG,44151000,20
LOG_SYS,44154000,20,0
CSV_LOG,44154000,20
LOG_SYS,44157000,20,0
CSV_LOG,44157000,20
LOG_SYS,44161000,20,0
CSV_LOG,44161000,20
LOG_SYS,44164000,20,0
CSV_LOG,44164000,20
LOG_SYS,44167000,20,0
CSV_LOG,44167000,20
LOG_SYS,44171000,20,0
CSV_LOG,44171000,20
LOG_SYS,44174000,20,0
CSV_LOG,44174000,20
LOG_SYS,44177000,20,0
CSV_LOG,44177000,20
LOG_SYS,44181000,20,0
CSV_LOG,44181000,20
LOG_SYS,44184000,20,0
CSV_LOG,44184000,20
LOG_SYS,44187000,20,0
CSV_LOG,44187000,20
LOG_SYS,44191000,20,0
CSV_LOG,44191000,20
LOG_SYS,44194000,20,0
CSV_LOG,44194000,20
LOG_SYS,44197000,20,0
CSV_LOG,44197000,20
LOG_SYS,44201000,20,0
CSV_LOG,44201000,20
LOG_SYS,44204000,20,0
CSV_LOG,44204000,20
LOG_SYS,44207000,20,0
CSV_LOG,44207000,20
LOG_SYS,44211000,20,0
CSV_LOG,44211000,20
LOG_SYS,44214000,20,0
CSV_LOG,44214000,20
LOG_SYS,44217000,20,0
CSV_LOG,44217000,20
LOG_SYS,44221000,20,0
CSV_LOG,44221000,20
LOG_SYS,44224000,20,0
CSV_LOG,44224000,20
LOG_SYS,44227000,20,0
CSV_LOG,44227000,20
LOG_SYS,44231000,20,0
CSV_LOG,44231000,20
LOG_SYS,44234000,20,0
CSV_LOG,44234000,20
LOG_SYS,44237000,20,0
CSV_LOG,44237000,20
LOG_SYS,44241000,20,0
CSV_LOG,44241000,20
LOG_SYS,44244000,20,0
CSV_LOG,44244000,20
LOG_SYS,44247000,19,0
CSV_LOG,44247000,19
LOG_FREE,44247000,456,7
LOG_SYS,44251000,18,0
CSV_LOG,44251000,18
LOG_FREE,44251000,452,2
LOG_SYS,44254000,18,0
CSV_LOG,44254000,18
LOG_SYS,44257000,18,0
CSV_LOG,44257000,18
LOG_SYS,44261000,18,0
CSV_LOG,44261000,18
LOG_SYS,44264000,18,0
CSV_LOG,44264000,18
LOG_SYS,44267000,18,0
CSV_LOG,44267000,18
LOG_SYS,44271000,18,0
CSV_LOG,44271000,18
LOG_SYS,44274000,18,0
CSV_LOG,44274000,18
LOG_SYS,44277000,18,0
CSV_LOG,44277000,18
LOG_SYS,44281000,18,0
CSV_LOG,44281000,18
LOG_SYS,44284000,18,0
CSV_LOG,44284000,18
LOG_SYS,44287000,18,0
CSV_LOG,44287000,18
LOG_SYS,44291000,18,0
CSV_LOG,44291000,18
LOG_SYS,44294000,18,0
CSV_LOG,44294000,18
LOG_SYS,44297000,18,0
CSV_LOG,44297000,18
LOG_SYS,44301000,18,0
CSV_LOG,44301000,18
LOG_SYS,44304000,18,0
CSV_LOG,44304000,18
LOG_SYS,44307000,18,0
CSV_LOG,44307000,18
LOG_SYS,44311000,18,0
CSV_LOG,44311000,18
LOG_SYS,44314000,18,0
CSV_LOG,44314000,18
LOG_SYS,44317000,18,0
CSV_LOG,44317000,18
LOG_SYS,44321000,18,0
CSV_LOG,44321000,18
LOG_SYS,44324000,17,0
CSV_LOG,44324000,17
LOG_FREE,44324000,444,34
LOG_SYS,44327000,17,0
CSV_LOG,44327000,17
LOG_SYS,44331000,17,0
CSV_LOG,44331000,17
LOG_SYS,44334000,17,0
CSV_LOG,44334000,17
LOG_ALLOC,44334000,458,2
LOG_SYS,44337000,17,0
CSV_LOG,44337000,17
LOG_ALLOC,44337000,458,0
LOG_FREE,44337000,456,0
LOG_SYS,44341000,18,0
CSV_LOG,44341000,18
LOG_ALLOC,44341000,458,7
LOG_SYS,44344000,19,0
CSV_LOG,44344000,19
LOG_ALLOC,44344000,458,11
LOG_SYS,44347000,20,0
CSV_LOG,44347000,20
LOG_ALLOC,44347000,458,13
LOG_SYS,44351000,21,0
CSV_LOG,44351000,21
LOG_ALLOC,44351000,458,15
LOG_SYS,44354000,22,0
CSV_LOG,44354000,22
LOG_ALLOC,44354000,458,16
LOG_SYS,44357000,23,0
CSV_LOG,44357000,23
LOG_SYS,44361000,23,0
CSV_LOG,44361000,23
LOG_SYS,44364000,23,0
CSV_LOG,44364000,23
LOG_SYS,44367000,23,0
CSV_LOG,44367000,23
LOG_SYS,44371000,23,0
CSV_LOG,44371000,23
LOG_SYS,44374000,23,0
CSV_LOG,44374000,23
LOG_SYS,44377000,23,0
CSV_LOG,44377000,23
LOG_SYS,44381000,22,0
CSV_LOG,44381000,22
LOG_FREE,44381000,458,0
LOG_SYS,44384000,22,0
CSV_LOG,44384000,22
LOG_SYS,44387000,22,0
CSV_LOG,44387000,22
LOG_SYS,44391000,22,0
CSV_LOG,44391000,22
LOG_SYS,44394000,22,0
CSV_LOG,44394000,22
LOG_SYS,44397000,22,0
CSV_LOG,44397000,22
LOG_SYS,44401000,22,0
CSV_LOG,44401000,22
LOG_SYS,44404000,22,0
CSV_LOG,44404000,22
LOG_SYS,44407000,22,0
CSV_LOG,44407000,22
LOG_SYS,44411000,22,0
CSV_LOG,44411000,22
LOG_SYS,44414000,22,0
CSV_LOG,44414000,22
LOG_SYS,44417000,22,0
CSV_LOG,44417000,22
LOG_SYS,44421000,22,0
CSV_LOG,44421000,22
LOG_SYS,44424000,22,0
CSV_LOG,44424000,22
LOG_SYS,44427000,22,0
CSV_LOG,44427000,22
LOG_SYS,44431000,22,0
CSV_LOG,44431000,22
LOG_SYS,44434000,22,0
CSV_LOG,44434000,22
LOG_SYS,44437000,22,0
CSV_LOG,44437000,22
LOG_SYS,44441000,22,0
CSV_LOG,44441000,22
LOG_SYS,44444000,22,0
CSV_LOG,44444000,22
LOG_SYS,44447000,22,0
CSV_LOG,44447000,22
LOG_SYS,44451000,22,0
CSV_LOG,44451000,22
LOG_SYS,44454000,22,0
CSV_LOG,44454000,22
LOG_SYS,44457000,22,0
CSV_LOG,44457000,22
LOG_SYS,44461000,22,0
CSV_LOG,44461000,22
LOG_SYS,44464000,22,0
CSV_LOG,44464000,22
LOG_SYS,44467000,22,0
CSV_LOG,44467000,22
LOG_SYS,44471000,22,0
CSV_LOG,44471000,22
LOG_SYS,44474000,22,0
CSV_LOG,44474000,22
LOG_SYS,44477000,22,0
CSV_LOG,44477000,22
LOG_SYS,44481000,21,0
CSV_LOG,44481000,21
LOG_FREE,44481000,453,8
LOG_SYS,44484000,21,0
CSV_LOG,44484000,21
LOG_SYS,44487000,21,0
CSV_LOG,44487000,21
LOG_ALLOC,44487000,454,0
LOG_SYS,44491000,22,0
CSV_LOG,44491000,22
LOG_ALLOC,44491000,459,8
LOG_SYS,44494000,23,0
CSV_LOG,44494000,23
LOG_ALLOC,44494000,459,17
LOG_SYS,44497000,24,0
CSV_LOG,44497000,24
LOG_ALLOC,44497000,459,18
LOG_SYS,44501000,25,0
CSV_LOG,44501000,25
LOG_ALLOC,44501000,459,19
LOG_SYS,44504000,25,0
CSV_LOG,44504000,25
LOG_ALLOC,44504000,459,3
LOG_FREE,44504000,452,3
LOG_SYS,44507000,26,0
CSV_LOG,44507000,26
LOG_ALLOC,44507000,454,20
LOG_SYS,44511000,27,0
CSV_LOG,44511000,27
LOG_SYS,44514000,27,0
CSV_LOG,44514000,27
LOG_SYS,44517000,26,0
CSV_LOG,44517000,26
LOG_FREE,44517000,459,19
LOG_SYS,44521000,26,0
CSV_LOG,44521000,26
LOG_SYS,44524000,26,0
CSV_LOG,44524000,26
LOG_SYS,44527000,26,0
CSV_LOG,44527000,26
LOG_SYS,44531000,26,0
CSV_LOG,44531000,26
LOG_SYS,44534000,26,0
CSV_LOG,44534000,26
LOG_SYS,44537000,26,0
CSV_LOG,44537000,26
LOG_SYS,44541000,25,0
CSV_LOG,44541000,25
LOG_FREE,44541000,458,13
LOG_SYS,44544000,25,0
CSV_LOG,44544000,25
LOG_SYS,44547000,25,0
CSV_LOG,44547000,25
LOG_SYS,44551000,25,0
CSV_LOG,44551000,25
LOG_SYS,44554000,25,0
CSV_LOG,44554000,25
LOG_SYS,44557000,25,0
CSV_LOG,44557000,25
LOG_SYS,44561000,25,0
CSV_LOG,44561000,25
LOG_SYS,44564000,25,0
CSV_LOG,44564000,25
LOG_SYS,44567000,24,0
CSV_LOG,44567000,24
LOG_FREE,44567000,435,14
LOG_SYS,44570000,24,0
CSV_LOG,44570000,24
LOG_SYS,44574000,24,0
CSV_LOG,44574000,24
LOG_SYS,44577000,24,0
CSV_LOG,44577000,24
LOG_ALLOC,44577000,461,13
LOG_SYS,44580000,25,0
CSV_LOG,44580000,25
LOG_ALLOC,44580000,461,14
LOG_SYS,44584000,26,0
CSV_LOG,44584000,26
LOG_SYS,44587000,26,0
CSV_LOG,44587000,26
LOG_SYS,44590000,26,0
CSV_LOG,44590000,26
LOG_SYS,44594000,26,0
CSV_LOG,44594000,26
LOG_SYS,44597000,26,0
CSV_LOG,44597000,26
LOG_SYS,44600000,26,0
CSV_LOG,44600000,26
LOG_SYS,44604000,26,0
CSV_LOG,44604000,26
LOG_SYS,44607000,26,0
CSV_LOG,44607000,26
LOG_SYS,44610000,26,0
CSV_LOG,44610000,26
LOG_SYS,44614000,26,0
CSV_LOG,44614000,26
LOG_SYS,44617000,26,0
CSV_LOG,44617000,26
LOG_SYS,44620000,26,0
CSV_LOG,44620000,26
LOG_SYS,44624000,26,0
CSV_LOG,44624000,26
LOG_SYS,44627000,26,0
CSV_LOG,44627000,26
LOG_SYS,44630000,26,0
CSV_LOG,44630000,26
LOG_SYS,44634000,25,0
CSV_LOG,44634000,25
LOG_FREE,44634000,419,43
LOG_SYS,44637000,25,0
CSV_LOG,44637000,25
LOG_SYS,44640000,25,0
CSV_LOG,44640000,25
LOG_SYS,44644000,25,0
CSV_LOG,44644000,25
LOG_SYS,44647000,24,0
CSV_LOG,44647000,24
LOG_FREE,44647000,458,11
LOG_SYS,44650000,24,0
CSV_LOG,44650000,24
LOG_SYS,44654000,24,0
CSV_LOG,44654000,24
LOG_SYS,44657000,24,0
CSV_LOG,44657000,24
LOG_SYS,44660000,24,0
CSV_LOG,44660000,24
LOG_SYS,44664000,24,0
CSV_LOG,44664000,24
LOG_SYS,44667000,24,0
CSV_LOG,44667000,24
LOG_SYS,44670000,24,0
CSV_LOG,44670000,24
LOG_SYS,44674000,24,0
CSV_LOG,44674000,24
LOG_SYS,44677000,24,0
CSV_LOG,44677000,24
LOG_SYS,44680000,24,0
CSV_LOG,44680000,24
LOG_SYS,44684000,24,0
CSV_LOG,44684000,24
LOG_SYS,44687000,24,0
CSV_LOG,44687000,24
LOG_SYS,44690000,24,0
CSV_LOG,44690000,24
LOG_SYS,44694000,24,0
CSV_LOG,44694000,24
LOG_SYS,44697000,24,0
CSV_LOG,44697000,24
LOG_SYS,44700000,24,0
CSV_LOG,44700000,24
LOG_SYS,44704000,24,0
CSV_LOG,44704000,24
LOG_SYS,44707000,24,0
CSV_LOG,44707000,24
LOG_SYS,44710000,24,0
CSV_LOG,44710000,24
LOG_SYS,44714000,23,0
CSV_LOG,44714000,23
LOG_FREE,44714000,458,7
LOG_SYS,44717000,23,0
CSV_LOG,44717000,23
LOG_SYS,44720000,23,0
CSV_LOG,44720000,23
LOG_SYS,44724000,23,0
CSV_LOG,44724000,23
LOG_SYS,44727000,23,0
CSV_LOG,44727000,23
LOG_SYS,44730000,23,0
CSV_LOG,44730000,23
LOG_SYS,44734000,23,0
CSV_LOG,44734000,23
LOG_SYS,44737000,23,0
CSV_LOG,44737000,23
LOG_SYS,44740000,23,0
CSV_LOG,44740000,23
LOG_SYS,44744000,23,0
CSV_LOG,44744000,23
LOG_SYS,44747000,23,0
CSV_LOG,44747000,23
LOG_SYS,44750000,23,0
CSV_LOG,44750000,23
LOG_SYS,44754000,23,0
CSV_LOG,44754000,23
LOG_SYS,44757000,23,0
CSV_LOG,44757000,23
LOG_SYS,44760000,23,0
CSV_LOG,44760000,23
LOG_SYS,44764000,23,0
CSV_LOG,44764000,23
LOG_SYS,44767000,23,0
CSV_LOG,44767000,23
LOG_SYS,44770000,23,0
CSV_LOG,44770000,23
LOG_SYS,44774000,23,0
CSV_LOG,44774000,23
LOG_SYS,44777000,23,0
CSV_LOG,44777000,23
LOG_SYS,44780000,23,0
CSV_LOG,44780000,23
LOG_SYS,44784000,23,0
CSV_LOG,44784000,23
LOG_SYS,44787000,23,0
CSV_LOG,44787000,23
LOG_SYS,44790000,23,0
CSV_LOG,44790000,23
LOG_SYS,44794000,23,0
CSV_LOG,44794000,23
LOG_SYS,44797000,22,0
CSV_LOG,44797000,22
LOG_FREE,44797000,459,17
LOG_SYS,44800000,22,0
CSV_LOG,44800000,22
LOG_SYS,44804000,21,0
CSV_LOG,44804000,21
LOG_FREE,44804000,419,42
LOG_SYS,44807000,21,0
CSV_LOG,44807000,21
LOG_SYS,44810000,20,0
CSV_LOG,44810000,20
LOG_ALLOC,44810000,420,7
LOG_FREE,44810000,447,29
LOG_SYS,44814000,21,0
CSV_LOG,44814000,21
LOG_ALLOC,44814000,420,11
LOG_SYS,44817000,22,0
CSV_LOG,44817000,22
LOG_ALLOC,44817000,420,17
LOG_SYS,44820000,22,0
CSV_LOG,44820000,22
LOG_ALLOC,44820000,420,14
LOG_FREE,44820000,461,14
LOG_SYS,44824000,23,0
CSV_LOG,44824000,23
LOG_ALLOC,44824000,420,19
LOG_SYS,44827000,24,0
CSV_LOG,44827000,24
LOG_ALLOC,44827000,420,21
LOG_SYS,44830000,25,0
CSV_LOG,44830000,25
LOG_ALLOC,44830000,420,22
LOG_SYS,44834000,26,0
CSV_LOG,44834000,26
LOG_ALLOC,44834000,448,23
LOG_SYS,44837000,27,0
CSV_LOG,44837000,27
LOG_ALLOC,44837000,448,24
LOG_SYS,44840000,28,0
CSV_LOG,44840000,28
LOG_ALLOC,44840000,462,26
LOG_SYS,44844000,28,0
CSV_LOG,44844000,28
LOG_ALLOC,44844000,462,21
LOG_FREE,44844000,420,21
LOG_SYS,44847000,29,0
CSV_LOG,44847000,29
LOG_SYS,44850000,29,0
CSV_LOG,44850000,29
LOG_SYS,44854000,29,0
CSV_LOG,44854000,29
LOG_SYS,44857000,29,0
CSV_LOG,44857000,29
LOG_SYS,44860000,28,0
CSV_LOG,44860000,28
LOG_FREE,44860000,456,6
LOG_SYS,44864000,28,0
CSV_LOG,44864000,28
LOG_SYS,44867000,28,0
CSV_LOG,44867000,28
LOG_SYS,44870000,28,0
CSV_LOG,44870000,28
LOG_SYS,44874000,28,0
CSV_LOG,44874000,28
LOG_SYS,44877000,28,0
CSV_LOG,44877000,28
LOG_SYS,44880000,27,0
CSV_LOG,44880000,27
LOG_FREE,44880000,459,3
LOG_SYS,44884000,27,0
CSV_LOG,44884000,27
LOG_SYS,44887000,26,0
CSV_LOG,44887000,26
LOG_FREE,44887000,459,18
LOG_SYS,44890000,26,0
CSV_LOG,44890000,26
LOG_SYS,44894000,26,0
CSV_LOG,44894000,26
LOG_SYS,44897000,26,0
CSV_LOG,44897000,26
LOG_SYS,44900000,26,0
CSV_LOG,44900000,26
LOG_SYS,44904000,26,0
CSV_LOG,44904000,26
LOG_SYS,44907000,26,0
CSV_LOG,44907000,26
LOG_SYS,44910000,26,0
CSV_LOG,44910000,26
LOG_SYS,44914000,26,0
CSV_LOG,44914000,26
LOG_SYS,44917000,26,0
CSV_LOG,44917000,26
LOG_SYS,44920000,26,0
CSV_LOG,44920000,26
LOG_SYS,44924000,26,0
CSV_LOG,44924000,26
LOG_SYS,44927000,26,0
CSV_LOG,44927000,26
LOG_SYS,44930000,26,0
CSV_LOG,44930000,26
LOG_SYS,44934000,26,0
CSV_LOG,44934000,26
LOG_SYS,44937000,26,0
CSV_LOG,44937000,26
LOG_SYS,44940000,26,0
CSV_LOG,44940000,26
LOG_SYS,44944000,26,0
CSV_LOG,44944000,26
LOG_SYS,44947000,26,0
CSV_LOG,44947000,26
LOG_SYS,44950000,26,0
CSV_LOG,44950000,26
LOG_SYS,44954000,26,0
CSV_LOG,44954000,26
LOG_SYS,44957000,26,0
CSV_LOG,44957000,26
LOG_SYS,44960000,26,0
CSV_LOG,44960000,26
LOG_SYS,44964000,26,0
CSV_LOG,44964000,26
LOG_SYS,44967000,26,0
CSV_LOG,44967000,26
LOG_SYS,44970000,25,0
CSV_LOG,44970000,25
LOG_FREE,44970000,454,20
LOG_SYS,44974000,25,0
CSV_LOG,44974000,25
LOG_SYS,44977000,25,0
CSV_LOG,44977000,25
LOG_SYS,44980000,25,0
CSV_LOG,44980000,25
LOG_SYS,44984000,25,0
CSV_LOG,44984000,25
LOG_SYS,44987000,25,0
CSV_LOG,44987000,25
LOG_SYS,44990000,25,0
CSV_LOG,44990000,25
LOG_SYS,44994000,25,0
CSV_LOG,44994000,25
LOG_SYS,44997000,24,0
CSV_LOG,44997000,24
LOG_FREE,44997000,456,9
LOG_SYS,45000000,24,0
CSV_LOG,45000000,24
LOG_SYS,45004000,24,0
CSV_LOG,45004000,24
LOG_SYS,45007000,24,0
CSV_LOG,45007000,24
LOG_SYS,45010000,24,0
CSV_LOG,45010000,24
LOG_SYS,45014000,24,0
CSV_LOG,45014000,24
LOG_SYS,45017000,24,0
CSV_LOG,45017000,24
LOG_SYS,45020000,24,0
CSV_LOG,45020000,24
LOG_SYS,45024000,24,0
CSV_LOG,45024000,24
LOG_SYS,45027000,24,0
CSV_LOG,45027000,24
LOG_SYS,45030000,24,0
CSV_LOG,45030000,24
LOG_SYS,45034000,24,0
CSV_LOG,45034000,24
LOG_SYS,45037000,24,0
CSV_LOG,45037000,24
LOG_SYS,45040000,24,0
CSV_LOG,45040000,24
LOG_SYS,45044000,24,0
CSV_LOG,45044000,24
LOG_SYS,45047000,24,0
CSV_LOG,45047000,24
LOG_SYS,45050000,24,0
CSV_LOG,45050000,24
LOG_SYS,45054000,24,0
CSV_LOG,45054000,24
LOG_SYS,45057000,24,0
CSV_LOG,45057000,24
LOG_SYS,45060000,24,0
CSV_LOG,45060000,24
LOG_SYS,45064000,24,0
CSV_LOG,45064000,24
LOG_SYS,45067000,24,0
CSV_LOG,45067000,24
LOG_SYS,45070000,24,0
CSV_LOG,45070000,24
LOG_SYS,45074000,24,0
CSV_LOG,45074000,24
LOG_SYS,45077000,24,0
CSV_LOG,45077000,24
LOG_SYS,45080000,23,0
CSV_LOG,45080000,23
LOG_FREE,45080000,420,11
LOG_SYS,45084000,23,0
CSV_LOG,45084000,23
LOG_SYS,45087000,23,0
CSV_LOG,45087000,23
LOG_SYS,45090000,23,0
CSV_LOG,45090000,23
LOG_SYS,45094000,23,0
CSV_LOG,45094000,23
LOG_SYS,45097000,23,0
CSV_LOG,45097000,23
LOG_SYS,45100000,23,0
CSV_LOG,45100000,23
LOG_SYS,45104000,23,0
CSV_LOG,45104000,23
LOG_SYS,45107000,23,0
CSV_LOG,45107000,23
LOG_SYS,45110000,23,0
CSV_LOG,45110000,23
LOG_SYS,45114000,23,0
CSV_LOG,45114000,23
LOG_SYS,45117000,23,0
CSV_LOG,45117000,23
LOG_SYS,45120000,23,0
CSV_LOG,45120000,23
LOG_SYS,45124000,23,0
CSV_LOG,45124000,23
LOG_SYS,45127000,23,0
CSV_LOG,45127000,23
LOG_SYS,45130000,23,0
CSV_LOG,45130000,23
LOG_SYS,45134000,23,0
CSV_LOG,45134000,23
LOG_SYS,45137000,23,0
CSV_LOG,45137000,23
LOG_SYS,45140000,22,0
CSV_LOG,45140000,22
LOG_FREE,45140000,459,8
LOG_SYS,45144000,22,0
CSV_LOG,45144000,22
LOG_SYS,45147000,22,0
CSV_LOG,45147000,22
LOG_ALLOC,45147000,460,3
LOG_SYS,45150000,23,0
CSV_LOG,45150000,23
LOG_ALLOC,45150000,460,6
LOG_SYS,45154000,24,0
CSV_LOG,45154000,24
LOG_ALLOC,45154000,460,8
LOG_SYS,45157000,25,0
CSV_LOG,45157000,25
LOG_ALLOC,45157000,460,9
LOG_SYS,45160000,26,0
CSV_LOG,45160000,26
LOG_ALLOC,45160000,460,11
LOG_SYS,45164000,27,0
CSV_LOG,45164000,27
LOG_ALLOC,45164000,460,18
LOG_SYS,45167000,28,0
CSV_LOG,45167000,28
LOG_ALLOC,45167000,460,20
LOG_SYS,45170000,29,0
CSV_LOG,45170000,29
LOG_ALLOC,45170000,460,28
LOG_SYS,45174000,30,0
CSV_LOG,45174000,30
LOG_SYS,45177000,30,0
CSV_LOG,45177000,30
LOG_SYS,45180000,30,0
CSV_LOG,45180000,30
LOG_SYS,45184000,30,0
CSV_LOG,45184000,30
LOG_SYS,45187000,30,0
CSV_LOG,45187000,30
LOG_SYS,45190000,30,0
CSV_LOG,45190000,30
LOG_SYS,45194000,30,0
CSV_LOG,45194000,30
LOG_SYS,45197000,30,0
CSV_LOG,45197000,30
LOG_SYS,45200000,30,0
CSV_LOG,45200000,30
LOG_SYS,45204000,30,0
CSV_LOG,45204000,30
LOG_SYS,45207000,30,0
CSV_LOG,45207000,30
LOG_SYS,45210000,30,0
CSV_LOG,45210000,30
LOG_SYS,45214000,29,0
CSV_LOG,45214000,29
LOG_FREE,45214000,458,2
LOG_SYS,45217000,29,0
CSV_LOG,45217000,29
LOG_SYS,45220000,28,0
CSV_LOG,45220000,28
LOG_FREE,45220000,462,21
LOG_SYS,45224000,28,0
CSV_LOG,45224000,28
LOG_SYS,45227000,27,0
CSV_LOG,45227000,27
LOG_FREE,45227000,460,9
LOG_SYS,45230000,27,0
CSV_LOG,45230000,27
LOG_SYS,45234000,27,0
CSV_LOG,45234000,27
LOG_SYS,45237000,27,0
CSV_LOG,45237000,27
LOG_SYS,45240000,27,0
CSV_LOG,45240000,27
LOG_SYS,45244000,27,0
CSV_LOG,45244000,27
LOG_SYS,45247000,27,0
CSV_LOG,45247000,27
LOG_SYS,45250000,27,0
CSV_LOG,45250000,27
LOG_SYS,45254000,27,0
CSV_LOG,45254000,27
LOG_SYS,45257000,27,0
CSV_LOG,45257000,27
LOG_SYS,45260000,27,0
CSV_LOG,45260000,27
LOG_SYS,45264000,27,0
CSV_LOG,45264000,27
LOG_SYS,45267000,27,0
CSV_LOG,45267000,27
LOG_SYS,45270000,27,0
CSV_LOG,45270000,27
LOG_SYS,45274000,27,0
CSV_LOG,45274000,27
LOG_SYS,45277000,27,0
CSV_LOG,45277000,27
LOG_SYS,45280000,26,0
CSV_LOG,45280000,26
LOG_FREE,45280000,420,7
LOG_SYS,45284000,26,0
CSV_LOG,45284000,26
LOG_SYS,45287000,25,0
CSV_LOG,45287000,25
LOG_FREE,45287000,454,0
LOG_SYS,45290000,25,0
CSV_LOG,45290000,25
LOG_SYS,45294000,24,0
CSV_LOG,45294000,24
LOG_ALLOC,45294000,455,0
LOG_FREE,45294000,448,23
LOG_SYS,45297000,25,0
CSV_LOG,45297000,25
LOG_ALLOC,45297000,455,2
LOG_SYS,45300000,26,0
CSV_LOG,45300000,26
LOG_ALLOC,45300000,455,7
LOG_SYS,45304000,27,0
CSV_LOG,45304000,27
LOG_ALLOC,45304000,455,9
LOG_SYS,45307000,28,0
CSV_LOG,45307000,28
LOG_ALLOC,45307000,455,21
LOG_SYS,45310000,29,0
CSV_LOG,45310000,29
LOG_ALLOC,45310000,455,23
LOG_SYS,45314000,29,0
CSV_LOG,45314000,29
LOG_ALLOC,45314000,465,6
LOG_FREE,45314000,460,6
LOG_SYS,45317000,30,0
CSV_LOG,45317000,30
LOG_ALLOC,45317000,465,29
LOG_SYS,45320000,31,0
CSV_LOG,45320000,31
LOG_ALLOC,45320000,465,31
LOG_SYS,45324000,32,0
CSV_LOG,45324000,32
LOG_ALLOC,45324000,465,32
LOG_SYS,45327000,33,0
CSV_LOG,45327000,33
LOG_ALLOC,45327000,465,33
LOG_SYS,45330000,34,0
CSV_LOG,45330000,34
LOG_ALLOC,45330000,465,34
LOG_SYS,45334000,35,0
CSV_LOG,45334000,35
LOG_ALLOC,45334000,465,35
LOG_SYS,45337000,36,0
CSV_LOG,45337000,36
LOG_ALLOC,45337000,465,36
LOG_SYS,45340000,37,0
CSV_LOG,45340000,37
LOG_SYS,45344000,37,0
CSV_LOG,45344000,37
LOG_SYS,45347000,37,0
CSV_LOG,45347000,37
LOG_SYS,45350000,37,0
CSV_LOG,45350000,37
LOG_SYS,45354000,37,0
CSV_LOG,45354000,37
LOG_SYS,45357000,37,0
CSV_LOG,45357000,37
LOG_SYS,45360000,37,0
CSV_LOG,45360000,37
LOG_SYS,45364000,37,0
CSV_LOG,45364000,37
LOG_SYS,45367000,37,0
CSV_LOG,45367000,37
LOG_SYS,45370000,37,0
CSV_LOG,45370000,37
LOG_SYS,45374000,37,0
CSV_LOG,45374000,37
LOG_SYS,45377000,37,0
CSV_LOG,45377000,37
LOG_SYS,45380000,37,0
CSV_LOG,45380000,37
LOG_SYS,45384000,37,0
CSV_LOG,45384000,37
LOG_SYS,45387000,37,0
CSV_LOG,45387000,37
LOG_SYS,45390000,37,0
CSV_LOG,45390000,37
LOG_SYS,45394000,37,0
CSV_LOG,45394000,37
LOG_SYS,45397000,37,0
CSV_LOG,45397000,37
LOG_SYS,45400000,36,0
CSV_LOG,45400000,36
LOG_FREE,45400000,465,32
LOG_SYS,45403000,35,0
CSV_LOG,45403000,35
LOG_FREE,45403000,465,33
LOG_SYS,45407000,35,0
CSV_LOG,45407000,35
LOG_SYS,45410000,35,0
CSV_LOG,45410000,35
LOG_SYS,45413000,35,0
CSV_LOG,45413000,35
LOG_SYS,45417000,35,0
CSV_LOG,45417000,35
LOG_SYS,45420000,34,0
CSV_LOG,45420000,34
LOG_FREE,45420000,461,13
LOG_SYS,45423000,34,0
CSV_LOG,45423000,34
LOG_SYS,45427000,34,0
CSV_LOG,45427000,34
LOG_SYS,45430000,34,0
CSV_LOG,45430000,34
LOG_ALLOC,45430000,466,13
LOG_SYS,45433000,35,0
CSV_LOG,45433000,35
LOG_ALLOC,45433000,466,32
LOG_SYS,45437000,36,0
CSV_LOG,45437000,36
LOG_SYS,45440000,36,0
CSV_LOG,45440000,36
LOG_SYS,45443000,36,0
CSV_LOG,45443000,36
LOG_SYS,45447000,36,0
CSV_LOG,45447000,36
LOG_SYS,45450000,35,0
CSV_LOG,45450000,35
LOG_FREE,45450000,465,34
LOG_SYS,45453000,35,0
CSV_LOG,45453000,35
LOG_SYS,45457000,35,0
CSV_LOG,45457000,35
LOG_SYS,45460000,35,0
CSV_LOG,45460000,35
LOG_SYS,45463000,34,0
CSV_LOG,45463000,34
LOG_FREE,45463000,420,17
LOG_SYS,45467000,34,0
CSV_LOG,45467000,34
LOG_SYS,45470000,33,0
CSV_LOG,45470000,33
LOG_FREE,45470000,458,16
LOG_SYS,45473000,33,0
CSV_LOG,45473000,33
LOG_SYS,45477000,33,0
CSV_LOG,45477000,33
LOG_SYS,45480000,33,0
CSV_LOG,45480000,33
LOG_SYS,45483000,32,0
CSV_LOG,45483000,32
LOG_FREE,45483000,456,5
LOG_SYS,45487000,32,0
CSV_LOG,45487000,32
LOG_SYS,45490000,32,0
CSV_LOG,45490000,32
LOG_SYS,45493000,32,0
CSV_LOG,45493000,32
LOG_SYS,45497000,31,0
CSV_LOG,45497000,31
LOG_FREE,45497000,466,13
LOG_SYS,45500000,31,0
CSV_LOG,45500000,31
LOG_SYS,45503000,31,0
CSV_LOG,45503000,31
LOG_SYS,45507000,31,0
CSV_LOG,45507000,31
LOG_SYS,45510000,31,0
CSV_LOG,45510000,31
LOG_SYS,45513000,31,0
CSV_LOG,45513000,31
LOG_SYS,45517000,31,0
CSV_LOG,45517000,31
LOG_SYS,45520000,30,0
CSV_LOG,45520000,30
LOG_FREE,45520000,455,7
LOG_SYS,45523000,30,0
CSV_LOG,45523000,30
LOG_SYS,45527000,30,0
CSV_LOG,45527000,30
LOG_SYS,45530000,30,0
CSV_LOG,45530000,30
LOG_SYS,45533000,30,0
CSV_LOG,45533000,30
LOG_SYS,45537000,30,0
CSV_LOG,45537000,30
LOG_SYS,45540000,30,0
CSV_LOG,45540000,30
LOG_SYS,45543000,30,0
CSV_LOG,45543000,30
LOG_SYS,45547000,30,0
CSV_LOG,45547000,30
LOG_SYS,45550000,30,0
CSV_LOG,45550000,30
LOG_SYS,45553000,29,0
CSV_LOG,45553000,29
LOG_FREE,45553000,465,29
LOG_SYS,45557000,29,0
CSV_LOG,45557000,29
LOG_SYS,45560000,29,0
CSV_LOG,45560000,29
LOG_SYS,45563000,29,0
CSV_LOG,45563000,29
LOG_SYS,45567000,29,0
CSV_LOG,45567000,29
LOG_SYS,45570000,29,0
CSV_LOG,45570000,29
LOG_SYS,45573000,29,0
CSV_LOG,45573000,29
LOG_SYS,45577000,28,0
CSV_LOG,45577000,28
LOG_FREE,45577000,466,32
LOG_SYS,45580000,27,0
CSV_LOG,45580000,27
LOG_FREE,45580000,460,3
LOG_SYS,45583000,27,0
CSV_LOG,45583000,27
LOG_SYS,45587000,27,0
CSV_LOG,45587000,27
LOG_ALLOC,45587000,467,3
LOG_SYS,45590000,28,0
CSV_LOG,45590000,28
LOG_ALLOC,45590000,467,5
LOG_SYS,45593000,29,0
CSV_LOG,45593000,29
LOG_ALLOC,45593000,467,7
LOG_SYS,45597000,29,0
CSV_LOG,45597000,29
LOG_FREE,45597000,455,23
LOG_SYS,45600000,29,0
CSV_LOG,45600000,29
LOG_SYS,45603000,29,0
CSV_LOG,45603000,29
LOG_SYS,45607000,29,0
CSV_LOG,45607000,29
LOG_SYS,45610000,29,0
CSV_LOG,45610000,29
LOG_SYS,45613000,29,0
CSV_LOG,45613000,29
LOG_SYS,45617000,29,0
CSV_LOG,45617000,29
LOG_SYS,45620000,28,0
CSV_LOG,45620000,28
LOG_FREE,45620000,420,14
LOG_SYS,45623000,28,0
CSV_LOG,45623000,28
LOG_SYS,45627000,28,0
CSV_LOG,45627000,28
LOG_SYS,45630000,28,0
CSV_LOG,45630000,28
LOG_SYS,45633000,27,0
CSV_LOG,45633000,27
LOG_FREE,45633000,448,24
LOG_SYS,45637000,27,0
CSV_LOG,45637000,27
LOG_SYS,45640000,27,0
CSV_LOG,45640000,27
LOG_ALLOC,45640000,449,13
LOG_SYS,45643000,28,0
CSV_LOG,45643000,28
LOG_ALLOC,45643000,449,14
LOG_SYS,45647000,29,0
CSV_LOG,45647000,29
LOG_ALLOC,45647000,449,16
LOG_SYS,45650000,30,0
CSV_LOG,45650000,30
LOG_ALLOC,45650000,449,17
LOG_SYS,45653000,31,0
CSV_LOG,45653000,31
LOG_ALLOC,45653000,449,23
LOG_SYS,45657000,32,0
CSV_LOG,45657000,32
LOG_ALLOC,45657000,468,24
LOG_SYS,45660000,33,0
CSV_LOG,45660000,33
LOG_ALLOC,45660000,468,29
LOG_SYS,45663000,33,0
CSV_LOG,45663000,33
LOG_ALLOC,45663000,468,12
LOG_FREE,45663000,433,12
LOG_SYS,45667000,33,0
CSV_LOG,45667000,33
LOG_FREE,45667000,420,19
LOG_SYS,45670000,33,0
CSV_LOG,45670000,33
LOG_SYS,45673000,33,0
CSV_LOG,45673000,33
LOG_SYS,45677000,33,0
CSV_LOG,45677000,33
LOG_SYS,45680000,33,0
CSV_LOG,45680000,33
LOG_SYS,45683000,32,0
CSV_LOG,45683000,32
LOG_FREE,45683000,460,20
LOG_SYS,45687000,32,0
CSV_LOG,45687000,32
LOG_SYS,45690000,32,0
CSV_LOG,45690000,32
LOG_SYS,45693000,32,0
CSV_LOG,45693000,32
LOG_SYS,45697000,31,0
CSV_LOG,45697000,31
LOG_FREE,45697000,449,17
LOG_SYS,45700000,31,0
CSV_LOG,45700000,31
LOG_SYS,45703000,31,0
CSV_LOG,45703000,31
LOG_SYS,45707000,31,0
CSV_LOG,45707000,31
LOG_SYS,45710000,30,0
CSV_LOG,45710000,30
LOG_FREE,45710000,467,5
LOG_SYS,45713000,30,0
CSV_LOG,45713000,30
LOG_SYS,45717000,30,0
CSV_LOG,45717000,30
LOG_SYS,45720000,29,0
CSV_LOG,45720000,29
LOG_FREE,45720000,442,25
LOG_SYS,45723000,29,0
CSV_LOG,45723000,29
LOG_SYS,45727000,29,0
CSV_LOG,45727000,29
LOG_SYS,45730000,29,0
CSV_LOG,45730000,29
LOG_SYS,45733000,29,0
CSV_LOG,45733000,29
LOG_SYS,45737000,29,0
CSV_LOG,45737000,29
LOG_SYS,45740000,29,0
CSV_LOG,45740000,29
LOG_SYS,45743000,29,0
CSV_LOG,45743000,29
LOG_SYS,45747000,29,0
CSV_LOG,45747000,29
LOG_SYS,45750000,29,0
CSV_LOG,45750000,29
LOG_SYS,45753000,29,0
CSV_LOG,45753000,29
LOG_SYS,45757000,29,0
CSV_LOG,45757000,29
LOG_SYS,45760000,29,0
CSV_LOG,45760000,29
LOG_SYS,45763000,29,0
CSV_LOG,45763000,29
LOG_SYS,45767000,28,0
CSV_LOG,45767000,28
LOG_FREE,45767000,468,24
LOG_SYS,45770000,28,0
CSV_LOG,45770000,28
LOG_SYS,45773000,28,0
CSV_LOG,45773000,28
LOG_SYS,45777000,28,0
CSV_LOG,45777000,28
LOG_SYS,45780000,28,0
CSV_LOG,45780000,28
LOG_SYS,45783000,28,0
CSV_LOG,45783000,28
LOG_SYS,45787000,28,0
CSV_LOG,45787000,28
LOG_SYS,45790000,28,0
CSV_LOG,45790000,28
LOG_SYS,45793000,28,0
CSV_LOG,45793000,28
LOG_SYS,45797000,28,0
CSV_LOG,45797000,28
LOG_SYS,45800000,28,0
CSV_LOG,45800000,28
LOG_SYS,45803000,28,0
CSV_LOG,45803000,28
LOG_SYS,45807000,27,0
CSV_LOG,45807000,27
LOG_FREE,45807000,468,29
LOG_SYS,45810000,27,0
CSV_LOG,45810000,27
LOG_SYS,45813000,27,0
CSV_LOG,45813000,27
LOG_SYS,45817000,27,0
CSV_LOG,45817000,27
LOG_SYS,45820000,27,0
CSV_LOG,45820000,27
LOG_SYS,45823000,27,0
CSV_LOG,45823000,27
LOG_SYS,45827000,27,0
CSV_LOG,45827000,27
LOG_SYS,45830000,26,0
CSV_LOG,45830000,26
LOG_FREE,45830000,420,22
LOG_SYS,45833000,26,0
CSV_LOG,45833000,26
LOG_SYS,45837000,26,0
CSV_LOG,45837000,26
LOG_SYS,45840000,26,0
CSV_LOG,45840000,26
LOG_ALLOC,45840000,470,5
LOG_SYS,45843000,27,0
CSV_LOG,45843000,27
LOG_ALLOC,45843000,470,17
LOG_SYS,45847000,28,0
CSV_LOG,45847000,28
LOG_ALLOC,45847000,470,19
LOG_SYS,45850000,29,0
CSV_LOG,45850000,29
LOG_ALLOC,45850000,470,20
LOG_SYS,45853000,29,0
CSV_LOG,45853000,29
LOG_ALLOC,45853000,470,1
LOG_FREE,45853000,456,1
LOG_SYS,45857000,30,0
CSV_LOG,45857000,30
LOG_ALLOC,45857000,470,22
LOG_SYS,45860000,30,0
CSV_LOG,45860000,30
LOG_ALLOC,45860000,470,4
LOG_FREE,45860000,456,4
LOG_SYS,45863000,31,0
CSV_LOG,45863000,31
LOG_ALLOC,45863000,470,24
LOG_SYS,45867000,32,0
CSV_LOG,45867000,32
LOG_SYS,45870000,32,0
CSV_LOG,45870000,32
LOG_SYS,45873000,32,0
CSV_LOG,45873000,32
LOG_SYS,45877000,31,0
CSV_LOG,45877000,31
LOG_FREE,45877000,455,21
LOG_SYS,45880000,31,0
CSV_LOG,45880000,31
LOG_SYS,45883000,31,0
CSV_LOG,45883000,31
LOG_SYS,45887000,31,0
CSV_LOG,45887000,31
LOG_SYS,45890000,31,0
CSV_LOG,45890000,31
LOG_SYS,45893000,30,0
CSV_LOG,45893000,30
LOG_FREE,45893000,465,31
LOG_SYS,45897000,30,0
CSV_LOG,45897000,30
LOG_SYS,45900000,30,0
CSV_LOG,45900000,30
LOG_SYS,45903000,30,0
CSV_LOG,45903000,30
LOG_SYS,45907000,30,0
CSV_LOG,45907000,30
LOG_SYS,45910000,30,0
CSV_LOG,45910000,30
LOG_SYS,45913000,30,0
CSV_LOG,45913000,30
LOG_SYS,45917000,30,0
CSV_LOG,45917000,30
LOG_SYS,45920000,30,0
CSV_LOG,45920000,30
LOG_SYS,45923000,29,0
CSV_LOG,45923000,29
LOG_FREE,45923000,462,26
LOG_SYS,45927000,29,0
CSV_LOG,45927000,29
LOG_SYS,45930000,29,0
CSV_LOG,45930000,29
LOG_ALLOC,45930000,463,21
LOG_SYS,45933000,30,0
CSV_LOG,45933000,30
LOG_ALLOC,45933000,463,25
LOG_SYS,45937000,31,0
CSV_LOG,45937000,31
LOG_ALLOC,45937000,463,26
LOG_SYS,45940000,32,0
CSV_LOG,45940000,32
LOG_ALLOC,45940000,463,29
LOG_SYS,45943000,33,0
CSV_LOG,45943000,33
LOG_ALLOC,45943000,463,31
LOG_SYS,45947000,34,0
CSV_LOG,45947000,34
LOG_ALLOC,45947000,463,32
LOG_SYS,45950000,35,0
CSV_LOG,45950000,35
LOG_ALLOC,45950000,471,33
LOG_SYS,45953000,36,0
CSV_LOG,45953000,36
LOG_ALLOC,45953000,471,34
LOG_SYS,45957000,37,0
CSV_LOG,45957000,37
LOG_ALLOC,45957000,471,37
LOG_SYS,45960000,37,0
CSV_LOG,45960000,37
LOG_ALLOC,45960000,471,21
LOG_FREE,45960000,463,21
LOG_SYS,45963000,37,0
CSV_LOG,45963000,37
LOG_ALLOC,45963000,471,35
LOG_FREE,45963000,465,35
LOG_SYS,45967000,38,0
CSV_LOG,45967000,38
LOG_ALLOC,45967000,471,38
LOG_SYS,45970000,39,0
CSV_LOG,45970000,39
LOG_SYS,45973000,38,0
CSV_LOG,45973000,38
LOG_FREE,45973000,449,14
LOG_SYS,45977000,38,0
CSV_LOG,45977000,38
LOG_SYS,45980000,38,0
CSV_LOG,45980000,38
LOG_SYS,45983000,38,0
CSV_LOG,45983000,38
LOG_SYS,45987000,38,0
CSV_LOG,45987000,38
LOG_SYS,45990000,38,0
CSV_LOG,45990000,38
LOG_SYS,45993000,38,0
CSV_LOG,45993000,38
LOG_SYS,45997000,37,0
CSV_LOG,45997000,37
LOG_FREE,45997000,471,37
LOG_SYS,46000000,37,0
CSV_LOG,46000000,37
LOG_SYS,46003000,36,0
CSV_LOG,46003000,36
LOG_FREE,46003000,467,3
LOG_SYS,46007000,36,0
CSV_LOG,46007000,36
LOG_SYS,46010000,35,0
CSV_LOG,46010000,35
LOG_FREE,46010000,442,27
LOG_SYS,46013000,34,0
CSV_LOG,46013000,34
LOG_FREE,46013000,460,11
LOG_SYS,46017000,33,0
CSV_LOG,46017000,33
LOG_FREE,46017000,470,22
LOG_SYS,46020000,33,0
CSV_LOG,46020000,33
LOG_SYS,46023000,33,0
CSV_LOG,46023000,33
LOG_SYS,46027000,33,0
CSV_LOG,46027000,33
LOG_SYS,46030000,33,0
CSV_LOG,46030000,33
LOG_SYS,46033000,32,0
CSV_LOG,46033000,32
LOG_FREE,46033000,456,10
LOG_SYS,46037000,32,0
CSV_LOG,46037000,32
LOG_SYS,46040000,32,0
CSV_LOG,46040000,32
LOG_ALLOC,46040000,457,3
LOG_SYS,46043000,33,0
CSV_LOG,46043000,33
LOG_ALLOC,46043000,472,10
LOG_SYS,46047000,34,0
CSV_LOG,46047000,34
LOG_ALLOC,46047000,472,11
LOG_SYS,46050000,35,0
CSV_LOG,46050000,35
LOG_ALLOC,46050000,472,14
LOG_SYS,46053000,36,0
CSV_LOG,46053000,36
LOG_ALLOC,46053000,472,22
LOG_SYS,46057000,37,0
CSV_LOG,46057000,37
LOG_ALLOC,46057000,472,27
LOG_SYS,46060000,38,0
CSV_LOG,46060000,38
LOG_ALLOC,46060000,472,37
LOG_SYS,46063000,39,0
CSV_LOG,46063000,39
LOG_ALLOC,46063000,457,39
LOG_SYS,46067000,40,0
CSV_LOG,46067000,40
LOG_SYS,46070000,40,0
CSV_LOG,46070000,40
LOG_SYS,46073000,40,0
CSV_LOG,46073000,40
LOG_SYS,46077000,40,0
CSV_LOG,46077000,40
LOG_SYS,46080000,40,0
CSV_LOG,46080000,40
LOG_SYS,46083000,40,0
CSV_LOG,46083000,40
LOG_SYS,46087000,40,0
CSV_LOG,46087000,40
LOG_SYS,46090000,40,0
CSV_LOG,46090000,40
LOG_SYS,46093000,40,0
CSV_LOG,46093000,40
LOG_SYS,46097000,40,0
CSV_LOG,46097000,40
LOG_SYS,46100000,40,0
CSV_LOG,46100000,40
LOG_SYS,46103000,40,0
CSV_LOG,46103000,40
LOG_SYS,46107000,40,0
CSV_LOG,46107000,40
LOG_SYS,46110000,40,0
CSV_LOG,46110000,40
LOG_SYS,46113000,40,0
CSV_LOG,46113000,40
LOG_SYS,46117000,40,0
CSV_LOG,46117000,40
LOG_SYS,46120000,40,0
CSV_LOG,46120000,40
LOG_SYS,46123000,39,0
CSV_LOG,46123000,39
LOG_FREE,46123000,472,10
LOG_SYS,46127000,39,0
CSV_LOG,46127000,39
LOG_SYS,46130000,39,0
CSV_LOG,46130000,39
LOG_SYS,46133000,39,0
CSV_LOG,46133000,39
LOG_SYS,46137000,39,0
CSV_LOG,46137000,39
LOG_SYS,46140000,39,0
CSV_LOG,46140000,39
LOG_SYS,46143000,39,0
CSV_LOG,46143000,39
LOG_SYS,46147000,39,0
CSV_LOG,46147000,39
LOG_SYS,46150000,39,0
CSV_LOG,46150000,39
LOG_SYS,46153000,38,0
CSV_LOG,46153000,38
LOG_FREE,46153000,470,17
LOG_SYS,46157000,38,0
CSV_LOG,46157000,38
LOG_SYS,46160000,38,0
CSV_LOG,46160000,38
LOG_SYS,46163000,38,0
CSV_LOG,46163000,38
LOG_SYS,46167000,38,0
CSV_LOG,46167000,38
LOG_SYS,46170000,37,0
CSV_LOG,46170000,37
LOG_FREE,46170000,455,9
LOG_SYS,46173000,37,0
CSV_LOG,46173000,37
LOG_SYS,46177000,37,0
CSV_LOG,46177000,37
LOG_SYS,46180000,36,0
CSV_LOG,46180000,36
LOG_FREE,46180000,458,15
LOG_SYS,46183000,36,0
CSV_LOG,46183000,36
LOG_SYS,46187000,36,0
CSV_LOG,46187000,36
LOG_SYS,46190000,36,0
CSV_LOG,46190000,36
LOG_ALLOC,46190000,473,9
LOG_SYS,46193000,37,0
CSV_LOG,46193000,37
LOG_SYS,46197000,37,0
CSV_LOG,46197000,37
LOG_SYS,46200000,36,0
CSV_LOG,46200000,36
LOG_FREE,46200000,460,18
LOG_SYS,46203000,36,0
CSV_LOG,46203000,36
LOG_SYS,46207000,36,0
CSV_LOG,46207000,36
LOG_SYS,46210000,36,0
CSV_LOG,46210000,36
LOG_SYS,46213000,36,0
CSV_LOG,46213000,36
LOG_SYS,46217000,36,0
CSV_LOG,46217000,36
LOG_SYS,46220000,36,0
CSV_LOG,46220000,36
LOG_SYS,46223000,36,0
CSV_LOG,46223000,36
LOG_SYS,46227000,36,0
CSV_LOG,46227000,36
LOG_SYS,46230000,36,0
CSV_LOG,46230000,36
LOG_SYS,46233000,36,0
CSV_LOG,46233000,36
LOG_SYS,46236000,36,0
CSV_LOG,46236000,36
LOG_SYS,46240000,36,0
CSV_LOG,46240000,36
LOG_SYS,46243000,36,0
CSV_LOG,46243000,36
LOG_SYS,46246000,36,0
CSV_LOG,46246000,36
LOG_SYS,46250000,36,0
CSV_LOG,46250000,36
LOG_SYS,46253000,35,0
CSV_LOG,46253000,35
LOG_FREE,46253000,470,19
LOG_SYS,46256000,34,0
CSV_LOG,46256000,34
LOG_FREE,46256000,460,28
LOG_SYS,46260000,34,0
CSV_LOG,46260000,34
LOG_SYS,46263000,34,0
CSV_LOG,46263000,34
LOG_SYS,46266000,34,0
CSV_LOG,46266000,34
LOG_SYS,46270000,34,0
CSV_LOG,46270000,34
LOG_SYS,46273000,33,0
CSV_LOG,46273000,33
LOG_FREE,46273000,471,33
LOG_SYS,46276000,33,0
CSV_LOG,46276000,33
LOG_SYS,46280000,33,0
CSV_LOG,46280000,33
LOG_SYS,46283000,33,0
CSV_LOG,46283000,33
LOG_SYS,46286000,33,0
CSV_LOG,46286000,33
LOG_SYS,46290000,33,0
CSV_LOG,46290000,33
LOG_SYS,46293000,33,0
CSV_LOG,46293000,33
LOG_SYS,46296000,33,0
CSV_LOG,46296000,33
LOG_SYS,46300000,33,0
CSV_LOG,46300000,33
LOG_SYS,46303000,33,0
CSV_LOG,46303000,33
LOG_SYS,46306000,33,0
CSV_LOG,46306000,33
LOG_SYS,46310000,33,0
CSV_LOG,46310000,33
LOG_SYS,46313000,33,0
CSV_LOG,46313000,33
LOG_SYS,46316000,32,0
CSV_LOG,46316000,32
LOG_FREE,46316000,449,13
LOG_SYS,46320000,32,0
CSV_LOG,46320000,32
LOG_SYS,46323000,32,0
CSV_LOG,46323000,32
LOG_SYS,46326000,32,0
CSV_LOG,46326000,32
LOG_SYS,46330000,31,0
CSV_LOG,46330000,31
LOG_FREE,46330000,471,21
LOG_SYS,46333000,31,0
CSV_LOG,46333000,31
LOG_SYS,46336000,31,0
CSV_LOG,46336000,31
LOG_SYS,46340000,30,0
CSV_LOG,46340000,30
LOG_FREE,46340000,472,37
LOG_SYS,46343000,29,0
CSV_LOG,46343000,29
LOG_FREE,46343000,463,26
LOG_SYS,46346000,29,0
CSV_LOG,46346000,29
LOG_SYS,46350000,29,0
CSV_LOG,46350000,29
LOG_SYS,46353000,29,0
CSV_LOG,46353000,29
LOG_SYS,46356000,29,0
CSV_LOG,46356000,29
LOG_SYS,46360000,29,0
CSV_LOG,46360000,29
LOG_SYS,46363000,29,0
CSV_LOG,46363000,29
LOG_SYS,46366000,29,0
CSV_LOG,46366000,29
LOG_SYS,46370000,29,0
CSV_LOG,46370000,29
LOG_SYS,46373000,29,0
CSV_LOG,46373000,29
LOG_SYS,46376000,29,0
CSV_LOG,46376000,29
LOG_SYS,46380000,29,0
CSV_LOG,46380000,29
LOG_SYS,46383000,29,0
CSV_LOG,46383000,29
LOG_SYS,46386000,29,0
CSV_LOG,46386000,29
LOG_SYS,46390000,29,0
CSV_LOG,46390000,29
LOG_SYS,46393000,29,0
CSV_LOG,46393000,29
LOG_SYS,46396000,29,0
CSV_LOG,46396000,29
LOG_SYS,46400000,29,0
CSV_LOG,46400000,29
LOG_SYS,46403000,29,0
CSV_LOG,46403000,29
LOG_SYS,46406000,29,0
CSV_LOG,46406000,29
LOG_SYS,46410000,29,0
CSV_LOG,46410000,29
LOG_SYS,46413000,28,0
CSV_LOG,46413000,28
LOG_FREE,46413000,470,1
LOG_SYS,46416000,28,0
CSV_LOG,46416000,28
LOG_SYS,46420000,28,0
CSV_LOG,46420000,28
LOG_SYS,46423000,28,0
CSV_LOG,46423000,28
LOG_SYS,46426000,28,0
CSV_LOG,46426000,28
LOG_SYS,46430000,28,0
CSV_LOG,46430000,28
LOG_SYS,46433000,27,0
CSV_LOG,46433000,27
LOG_FREE,46433000,472,22
LOG_SYS,46436000,27,0
CSV_LOG,46436000,27
LOG_SYS,46440000,27,0
CSV_LOG,46440000,27
LOG_SYS,46443000,27,0
CSV_LOG,46443000,27
LOG_SYS,46446000,27,0
CSV_LOG,46446000,27
LOG_SYS,46450000,27,0
CSV_LOG,46450000,27
LOG_SYS,46453000,27,0
CSV_LOG,46453000,27
LOG_SYS,46456000,27,0
CSV_LOG,46456000,27
LOG_SYS,46460000,27,0
CSV_LOG,46460000,27
LOG_SYS,46463000,27,0
CSV_LOG,46463000,27
LOG_SYS,46466000,27,0
CSV_LOG,46466000,27
LOG_SYS,46470000,27,0
CSV_LOG,46470000,27
LOG_SYS,46473000,26,0
CSV_LOG,46473000,26
LOG_FREE,46473000,463,29
LOG_SYS,46476000,26,0
CSV_LOG,46476000,26
LOG_SYS,46480000,25,0
CSV_LOG,46480000,25
LOG_FREE,46480000,471,35
LOG_SYS,46483000,25,0
CSV_LOG,46483000,25
LOG_SYS,46486000,25,0
CSV_LOG,46486000,25
LOG_SYS,46490000,25,0
CSV_LOG,46490000,25
LOG_SYS,46493000,25,0
CSV_LOG,46493000,25
LOG_SYS,46496000,25,0
CSV_LOG,46496000,25
LOG_SYS,46500000,25,0
CSV_LOG,46500000,25
LOG_SYS,46503000,25,0
CSV_LOG,46503000,25
LOG_SYS,46506000,25,0
CSV_LOG,46506000,25
LOG_SYS,46510000,24,0
CSV_LOG,46510000,24
LOG_FREE,46510000,470,5
LOG_SYS,46513000,24,0
CSV_LOG,46513000,24
LOG_SYS,46516000,24,0
CSV_LOG,46516000,24
LOG_SYS,46520000,24,0
CSV_LOG,46520000,24
LOG_SYS,46523000,24,0
CSV_LOG,46523000,24
LOG_SYS,46526000,24,0
CSV_LOG,46526000,24
LOG_SYS,46530000,24,0
CSV_LOG,46530000,24
LOG_SYS,46533000,24,0
CSV_LOG,46533000,24
LOG_SYS,46536000,24,0
CSV_LOG,46536000,24
LOG_SYS,46540000,23,0
CSV_LOG,46540000,23
LOG_FREE,46540000,472,14
LOG_SYS,46543000,23,0
CSV_LOG,46543000,23
LOG_SYS,46546000,22,0
CSV_LOG,46546000,22
LOG_FREE,46546000,442,30
LOG_SYS,46550000,22,0
CSV_LOG,46550000,22
LOG_SYS,46553000,22,0
CSV_LOG,46553000,22
LOG_SYS,46556000,22,0
CSV_LOG,46556000,22
LOG_SYS,46560000,22,0
CSV_LOG,46560000,22
LOG_SYS,46563000,21,0
CSV_LOG,46563000,21
LOG_FREE,46563000,470,24
LOG_SYS,46566000,21,0
CSV_LOG,46566000,21
LOG_SYS,46570000,20,0
CSV_LOG,46570000,20
LOG_FREE,46570000,460,8
LOG_SYS,46573000,20,0
CSV_LOG,46573000,20
LOG_SYS,46576000,20,0
CSV_LOG,46576000,20
LOG_SYS,46580000,20,0
CSV_LOG,46580000,20
LOG_ALLOC,46580000,475,1
LOG_SYS,46583000,20,0
CSV_LOG,46583000,20
LOG_ALLOC,46583000,475,5
LOG_FREE,46583000,470,20
LOG_SYS,46586000,21,0
CSV_LOG,46586000,21
LOG_SYS,46590000,21,0
CSV_LOG,46590000,21
LOG_SYS,46593000,20,0
CSV_LOG,46593000,20
LOG_FREE,46593000,465,6
LOG_SYS,46596000,20,0
CSV_LOG,46596000,20
LOG_SYS,46600000,20,0
CSV_LOG,46600000,20
LOG_SYS,46603000,20,0
CSV_LOG,46603000,20
LOG_SYS,46606000,20,0
CSV_LOG,46606000,20
LOG_SYS,46610000,20,0
CSV_LOG,46610000,20
LOG_SYS,46613000,19,0
CSV_LOG,46613000,19
LOG_FREE,46613000,457,39
LOG_SYS,46616000,19,0
CSV_LOG,46616000,19
LOG_SYS,46620000,19,0
CSV_LOG,46620000,19
LOG_SYS,46623000,19,0
CSV_LOG,46623000,19
LOG_SYS,46626000,19,0
CSV_LOG,46626000,19
LOG_SYS,46630000,19,0
CSV_LOG,46630000,19
LOG_SYS,46633000,19,0
CSV_LOG,46633000,19
LOG_SYS,46636000,19,0
CSV_LOG,46636000,19
LOG_SYS,46640000,19,0
CSV_LOG,46640000,19
LOG_SYS,46643000,19,0
CSV_LOG,46643000,19
LOG_SYS,46646000,19,0
CSV_LOG,46646000,19
LOG_SYS,46650000,19,0
CSV_LOG,46650000,19
LOG_SYS,46653000,19,0
CSV_LOG,46653000,19
LOG_SYS,46656000,19,0
CSV_LOG,46656000,19
LOG_SYS,46660000,19,0
CSV_LOG,46660000,19
LOG_SYS,46663000,18,0
CSV_LOG,46663000,18
LOG_FREE,46663000,465,36
LOG_SYS,46666000,18,0
CSV_LOG,46666000,18
LOG_SYS,46670000,18,0
CSV_LOG,46670000,18
LOG_SYS,46673000,18,0
CSV_LOG,46673000,18
LOG_ALLOC,46673000,476,6
LOG_SYS,46676000,19,0
CSV_LOG,46676000,19
LOG_ALLOC,46676000,476,8
LOG_SYS,46680000,20,0
CSV_LOG,46680000,20
LOG_SYS,46683000,20,0
CSV_LOG,46683000,20
LOG_SYS,46686000,20,0
CSV_LOG,46686000,20
LOG_SYS,46690000,20,0
CSV_LOG,46690000,20
LOG_SYS,46693000,20,0
CSV_LOG,46693000,20
LOG_SYS,46696000,20,0
CSV_LOG,46696000,20
LOG_SYS,46700000,20,0
CSV_LOG,46700000,20
LOG_SYS,46703000,20,0
CSV_LOG,46703000,20
LOG_SYS,46706000,20,0
CSV_LOG,46706000,20
LOG_SYS,46710000,19,0
CSV_LOG,46710000,19
LOG_FREE,46710000,455,0
LOG_SYS,46713000,19,0
CSV_LOG,46713000,19
LOG_SYS,46716000,19,0
CSV_LOG,46716000,19
LOG_SYS,46720000,19,0
CSV_LOG,46720000,19
LOG_SYS,46723000,19,0
CSV_LOG,46723000,19
LOG_SYS,46726000,19,0
CSV_LOG,46726000,19
LOG_SYS,46730000,19,0
CSV_LOG,46730000,19
LOG_SYS,46733000,19,0
CSV_LOG,46733000,19
LOG_SYS,46736000,19,0
CSV_LOG,46736000,19
LOG_SYS,46740000,19,0
CSV_LOG,46740000,19
LOG_SYS,46743000,19,0
CSV_LOG,46743000,19
LOG_SYS,46746000,19,0
CSV_LOG,46746000,19
LOG_SYS,46750000,19,0
CSV_LOG,46750000,19
LOG_SYS,46753000,19,0
CSV_LOG,46753000,19
LOG_SYS,46756000,19,0
CSV_LOG,46756000,19
LOG_SYS,46760000,19,0
CSV_LOG,46760000,19
LOG_SYS,46763000,19,0
CSV_LOG,46763000,19
LOG_SYS,46766000,19,0
CSV_LOG,46766000,19
LOG_SYS,46770000,19,0
CSV_LOG,46770000,19
LOG_SYS,46773000,19,0
CSV_LOG,46773000,19
LOG_SYS,46776000,19,0
CSV_LOG,46776000,19
LOG_SYS,46780000,19,0
CSV_LOG,46780000,19
LOG_SYS,46783000,19,0
CSV_LOG,46783000,19
LOG_SYS,46786000,19,0
CSV_LOG,46786000,19
LOG_SYS,46790000,19,0
CSV_LOG,46790000,19
LOG_SYS,46793000,19,0
CSV_LOG,46793000,19
LOG_SYS,46796000,19,0
CSV_LOG,46796000,19
LOG_SYS,46800000,18,0
CSV_LOG,46800000,18
LOG_FREE,46800000,468,12
LOG_SYS,46803000,18,0
CSV_LOG,46803000,18
LOG_SYS,46806000,18,0
CSV_LOG,46806000,18
LOG_ALLOC,46806000,469,0
LOG_SYS,46810000,18,0
CSV_LOG,46810000,18
LOG_ALLOC,46810000,469,5
LOG_FREE,46810000,475,5
LOG_SYS,46813000,19,0
CSV_LOG,46813000,19
LOG_ALLOC,46813000,469,10
LOG_SYS,46816000,20,0
CSV_LOG,46816000,20
LOG_ALLOC,46816000,469,12
LOG_SYS,46820000,21,0
CSV_LOG,46820000,21
LOG_ALLOC,46820000,469,13
LOG_SYS,46823000,22,0
CSV_LOG,46823000,22
LOG_ALLOC,46823000,469,14
LOG_SYS,46826000,23,0
CSV_LOG,46826000,23
LOG_ALLOC,46826000,469,15
LOG_SYS,46830000,24,0
CSV_LOG,46830000,24
LOG_ALLOC,46830000,469,17
LOG_SYS,46833000,25,0
CSV_LOG,46833000,25
LOG_ALLOC,46833000,477,18
LOG_SYS,46836000,26,0
CSV_LOG,46836000,26
LOG_ALLOC,46836000,477,19
LOG_SYS,46840000,27,0
CSV_LOG,46840000,27
LOG_ALLOC,46840000,477,20
LOG_SYS,46843000,28,0
CSV_LOG,46843000,28
LOG_ALLOC,46843000,477,21
LOG_SYS,46846000,29,0
CSV_LOG,46846000,29
LOG_ALLOC,46846000,477,22
LOG_SYS,46850000,30,0
CSV_LOG,46850000,30
LOG_ALLOC,46850000,477,24
LOG_SYS,46853000,31,0
CSV_LOG,46853000,31
LOG_ALLOC,46853000,477,26
LOG_SYS,46856000,32,0
CSV_LOG,46856000,32
LOG_ALLOC,46856000,477,28
LOG_SYS,46860000,33,0
CSV_LOG,46860000,33
LOG_SYS,46863000,33,0
CSV_LOG,46863000,33
LOG_SYS,46866000,33,0
CSV_LOG,46866000,33
LOG_SYS,46870000,33,0
CSV_LOG,46870000,33
LOG_SYS,46873000,33,0
CSV_LOG,46873000,33
LOG_SYS,46876000,33,0
CSV_LOG,46876000,33
LOG_SYS,46880000,33,0
CSV_LOG,46880000,33
LOG_SYS,46883000,33,0
CSV_LOG,46883000,33
LOG_SYS,46886000,33,0
CSV_LOG,46886000,33
LOG_SYS,46890000,33,0
CSV_LOG,46890000,33
LOG_SYS,46893000,33,0
CSV_LOG,46893000,33
LOG_SYS,46896000,33,0
CSV_LOG,46896000,33
LOG_SYS,46900000,33,0
CSV_LOG,46900000,33
LOG_SYS,46903000,33,0
CSV_LOG,46903000,33
LOG_SYS,46906000,33,0
CSV_LOG,46906000,33
LOG_SYS,46910000,33,0
CSV_LOG,46910000,33
LOG_SYS,46913000,33,0
CSV_LOG,46913000,33
LOG_SYS,46916000,33,0
CSV_LOG,46916000,33
LOG_SYS,46920000,33,0
CSV_LOG,46920000,33
LOG_SYS,46923000,33,0
CSV_LOG,46923000,33
LOG_SYS,46926000,33,0
CSV_LOG,46926000,33
LOG_SYS,46930000,33,0
CSV_LOG,46930000,33
LOG_SYS,46933000,33,0
CSV_LOG,46933000,33
LOG_SYS,46936000,33,0
CSV_LOG,46936000,33
LOG_SYS,46940000,33,0
CSV_LOG,46940000,33
LOG_SYS,46943000,33,0
CSV_LOG,46943000,33
LOG_SYS,46946000,33,0
CSV_LOG,46946000,33
LOG_SYS,46950000,33,0
CSV_LOG,46950000,33
LOG_SYS,46953000,33,0
CSV_LOG,46953000,33
LOG_SYS,46956000,33,0
CSV_LOG,46956000,33
LOG_SYS,46960000,33,0
CSV_LOG,46960000,33
LOG_SYS,46963000,33,0
CSV_LOG,46963000,33
LOG_SYS,46966000,33,0
CSV_LOG,46966000,33
LOG_SYS,46970000,33,0
CSV_LOG,46970000,33
LOG_SYS,46973000,33,0
CSV_LOG,46973000,33
LOG_SYS,46976000,33,0
CSV_LOG,46976000,33
LOG_SYS,46980000,33,0
CSV_LOG,46980000,33
LOG_SYS,46983000,32,0
CSV_LOG,46983000,32
LOG_FREE,46983000,477,19
LOG_SYS,46986000,32,0
CSV_LOG,46986000,32
LOG_SYS,46990000,32,0
CSV_LOG,46990000,32
LOG_SYS,46993000,32,0
CSV_LOG,46993000,32
LOG_SYS,46996000,32,0
CSV_LOG,46996000,32
LOG_SYS,47000000,32,0
CSV_LOG,47000000,32
LOG_SYS,47003000,32,0
CSV_LOG,47003000,32
LOG_SYS,47006000,32,0
CSV_LOG,47006000,32
LOG_SYS,47010000,32,0
CSV_LOG,47010000,32
LOG_SYS,47013000,31,0
CSV_LOG,47013000,31
LOG_FREE,47013000,469,0
LOG_SYS,47016000,31,0
CSV_LOG,47016000,31
LOG_SYS,47020000,31,0
CSV_LOG,47020000,31
LOG_SYS,47023000,31,0
CSV_LOG,47023000,31
LOG_SYS,47026000,31,0
CSV_LOG,47026000,31
LOG_SYS,47030000,31,0
CSV_LOG,47030000,31
LOG_SYS,47033000,31,0
CSV_LOG,47033000,31
LOG_SYS,47036000,31,0
CSV_LOG,47036000,31
LOG_SYS,47040000,30,0
CSV_LOG,47040000,30
LOG_FREE,47040000,476,8
LOG_SYS,47043000,29,0
CSV_LOG,47043000,29
LOG_FREE,47043000,471,38
LOG_SYS,47046000,29,0
CSV_LOG,47046000,29
LOG_SYS,47050000,29,0
CSV_LOG,47050000,29
LOG_SYS,47053000,29,0
CSV_LOG,47053000,29
LOG_SYS,47056000,29,0
CSV_LOG,47056000,29
LOG_SYS,47060000,29,0
CSV_LOG,47060000,29
LOG_SYS,47063000,29,0
CSV_LOG,47063000,29
LOG_SYS,47066000,29,0
CSV_LOG,47066000,29
LOG_SYS,47069000,29,0
CSV_LOG,47069000,29
LOG_SYS,47073000,29,0
CSV_LOG,47073000,29
LOG_SYS,47076000,29,0
CSV_LOG,47076000,29
LOG_SYS,47079000,29,0
CSV_LOG,47079000,29
LOG_SYS,47083000,28,0
CSV_LOG,47083000,28
LOG_FREE,47083000,472,27
LOG_SYS,47086000,28,0
CSV_LOG,47086000,28
LOG_SYS,47089000,27,0
CSV_LOG,47089000,27
LOG_FREE,47089000,476,6
LOG_SYS,47093000,27,0
CSV_LOG,47093000,27
LOG_SYS,47096000,27,0
CSV_LOG,47096000,27
LOG_SYS,47099000,27,0
CSV_LOG,47099000,27
LOG_ALLOC,47099000,478,0
LOG_SYS,47103000,28,0
CSV_LOG,47103000,28
LOG_ALLOC,47103000,478,6
LOG_SYS,47106000,29,0
CSV_LOG,47106000,29
LOG_ALLOC,47106000,478,8
LOG_SYS,47109000,30,0
CSV_LOG,47109000,30
LOG_ALLOC,47109000,478,19
LOG_SYS,47113000,30,0
CSV_LOG,47113000,30
LOG_ALLOC,47113000,478,13
LOG_FREE,47113000,469,13
LOG_SYS,47116000,31,0
CSV_LOG,47116000,31
LOG_ALLOC,47116000,478,27
LOG_SYS,47119000,32,0
CSV_LOG,47119000,32
LOG_ALLOC,47119000,478,29
LOG_SYS,47123000,33,0
CSV_LOG,47123000,33
LOG_SYS,47126000,33,0
CSV_LOG,47126000,33
LOG_SYS,47129000,33,0
CSV_LOG,47129000,33
LOG_SYS,47133000,33,0
CSV_LOG,47133000,33
LOG_SYS,47136000,33,0
CSV_LOG,47136000,33
LOG_SYS,47139000,33,0
CSV_LOG,47139000,33
LOG_SYS,47143000,33,0
CSV_LOG,47143000,33
LOG_SYS,47146000,32,0
CSV_LOG,47146000,32
LOG_FREE,47146000,469,10
LOG_SYS,47149000,32,0
CSV_LOG,47149000,32
LOG_SYS,47153000,31,0
CSV_LOG,47153000,31
LOG_FREE,47153000,463,31
LOG_SYS,47156000,30,0
CSV_LOG,47156000,30
LOG_FREE,47156000,449,16
LOG_SYS,47159000,29,0
CSV_LOG,47159000,29
LOG_FREE,47159000,473,9
LOG_SYS,47163000,29,0
CSV_LOG,47163000,29
LOG_SYS,47166000,29,0
CSV_LOG,47166000,29
LOG_ALLOC,47166000,474,9
LOG_SYS,47169000,30,0
CSV_LOG,47169000,30
LOG_ALLOC,47169000,474,10
LOG_SYS,47173000,31,0
CSV_LOG,47173000,31
LOG_ALLOC,47173000,474,16
LOG_SYS,47176000,32,0
CSV_LOG,47176000,32
LOG_ALLOC,47176000,474,30
LOG_SYS,47179000,33,0
CSV_LOG,47179000,33
LOG_SYS,47183000,32,0
CSV_LOG,47183000,32
LOG_FREE,47183000,469,17
LOG_SYS,47186000,32,0
CSV_LOG,47186000,32
LOG_SYS,47189000,31,0
CSV_LOG,47189000,31
LOG_FREE,47189000,471,34
LOG_SYS,47193000,31,0
CSV_LOG,47193000,31
LOG_SYS,47196000,31,0
CSV_LOG,47196000,31
LOG_SYS,47199000,31,0
CSV_LOG,47199000,31
LOG_SYS,47203000,31,0
CSV_LOG,47203000,31
LOG_SYS,47206000,31,0
CSV_LOG,47206000,31
LOG_SYS,47209000,30,0
CSV_LOG,47209000,30
LOG_FREE,47209000,474,30
LOG_SYS,47213000,30,0
CSV_LOG,47213000,30
LOG_SYS,47216000,30,0
CSV_LOG,47216000,30
LOG_SYS,47219000,30,0
CSV_LOG,47219000,30
LOG_SYS,47223000,30,0
CSV_LOG,47223000,30
LOG_SYS,47226000,30,0
CSV_LOG,47226000,30
LOG_SYS,47229000,30,0
CSV_LOG,47229000,30
LOG_SYS,47233000,30,0
CSV_LOG,47233000,30
LOG_SYS,47236000,30,0
CSV_LOG,47236000,30
LOG_SYS,47239000,30,0
CSV_LOG,47239000,30
LOG_SYS,47243000,29,0
CSV_LOG,47243000,29
LOG_FREE,47243000,457,3
LOG_SYS,47246000,29,0
CSV_LOG,47246000,29
LOG_SYS,47249000,29,0
CSV_LOG,47249000,29
LOG_SYS,47253000,29,0
CSV_LOG,47253000,29
LOG_ALLOC,47253000,481,3
LOG_SYS,47256000,30,0
CSV_LOG,47256000,30
LOG_ALLOC,47256000,481,17
LOG_SYS,47259000,31,0
CSV_LOG,47259000,31
LOG_ALLOC,47259000,481,30
LOG_SYS,47263000,32,0
CSV_LOG,47263000,32
LOG_ALLOC,47263000,481,31
LOG_SYS,47266000,33,0
CSV_LOG,47266000,33
LOG_ALLOC,47266000,481,33
LOG_SYS,47269000,34,0
CSV_LOG,47269000,34
LOG_ALLOC,47269000,481,34
LOG_SYS,47273000,35,0
CSV_LOG,47273000,35
LOG_SYS,47276000,34,0
CSV_LOG,47276000,34
LOG_FREE,47276000,477,24
LOG_SYS,47279000,34,0
CSV_LOG,47279000,34
LOG_SYS,47283000,34,0
CSV_LOG,47283000,34
LOG_SYS,47286000,34,0
CSV_LOG,47286000,34
LOG_SYS,47289000,34,0
CSV_LOG,47289000,34
LOG_SYS,47293000,33,0
CSV_LOG,47293000,33
LOG_FREE,47293000,472,11
LOG_SYS,47296000,33,0
CSV_LOG,47296000,33
LOG_SYS,47299000,33,0
CSV_LOG,47299000,33
LOG_SYS,47303000,33,0
CSV_LOG,47303000,33
LOG_ALLOC,47303000,482,11
LOG_SYS,47306000,33,0
CSV_LOG,47306000,33
LOG_ALLOC,47306000,482,15
LOG_FREE,47306000,469,15
LOG_SYS,47309000,34,0
CSV_LOG,47309000,34
LOG_ALLOC,47309000,482,24
LOG_SYS,47313000,34,0
CSV_LOG,47313000,34
LOG_ALLOC,47313000,482,31
LOG_FREE,47313000,481,31
LOG_SYS,47316000,35,0
CSV_LOG,47316000,35
LOG_ALLOC,47316000,482,35
LOG_SYS,47319000,36,0
CSV_LOG,47319000,36
LOG_SYS,47323000,36,0
CSV_LOG,47323000,36
LOG_SYS,47326000,35,0
CSV_LOG,47326000,35
LOG_FREE,47326000,478,19
LOG_SYS,47329000,35,0
CSV_LOG,47329000,35
LOG_SYS,47333000,35,0
CSV_LOG,47333000,35
LOG_SYS,47336000,35,0
CSV_LOG,47336000,35
LOG_SYS,47339000,35,0
CSV_LOG,47339000,35
LOG_SYS,47343000,35,0
CSV_LOG,47343000,35
LOG_SYS,47346000,35,0
CSV_LOG,47346000,35
LOG_SYS,47349000,35,0
CSV_LOG,47349000,35
LOG_SYS,47353000,34,0
CSV_LOG,47353000,34
LOG_FREE,47353000,481,3
LOG_SYS,47356000,34,0
CSV_LOG,47356000,34
LOG_SYS,47359000,34,0
CSV_LOG,47359000,34
LOG_SYS,47363000,34,0
CSV_LOG,47363000,34
LOG_SYS,47366000,34,0
CSV_LOG,47366000,34
LOG_SYS,47369000,33,0
CSV_LOG,47369000,33
LOG_FREE,47369000,467,7
LOG_SYS,47373000,33,0
CSV_LOG,47373000,33
LOG_SYS,47376000,33,0
CSV_LOG,47376000,33
LOG_SYS,47379000,33,0
CSV_LOG,47379000,33
LOG_SYS,47383000,33,0
CSV_LOG,47383000,33
LOG_SYS,47386000,32,0
CSV_LOG,47386000,32
LOG_FREE,47386000,477,20
LOG_SYS,47389000,32,0
CSV_LOG,47389000,32
LOG_SYS,47393000,32,0
CSV_LOG,47393000,32
LOG_SYS,47396000,32,0
CSV_LOG,47396000,32
LOG_SYS,47399000,32,0
CSV_LOG,47399000,32
LOG_SYS,47403000,32,0
CSV_LOG,47403000,32
LOG_SYS,47406000,32,0
CSV_LOG,47406000,32
LOG_SYS,47409000,32,0
CSV_LOG,47409000,32
LOG_SYS,47413000,32,0
CSV_LOG,47413000,32
LOG_SYS,47416000,31,0
CSV_LOG,47416000,31
LOG_FREE,47416000,478,27
LOG_SYS,47419000,30,0
CSV_LOG,47419000,30
LOG_FREE,47419000,477,26
LOG_SYS,47423000,29,0
CSV_LOG,47423000,29
LOG_FREE,47423000,469,12
LOG_SYS,47426000,28,0
CSV_LOG,47426000,28
LOG_FREE,47426000,478,29
LOG_SYS,47429000,28,0
CSV_LOG,47429000,28
LOG_SYS,47433000,28,0
CSV_LOG,47433000,28
LOG_SYS,47436000,28,0
CSV_LOG,47436000,28
LOG_SYS,47439000,28,0
CSV_LOG,47439000,28
LOG_SYS,47443000,28,0
CSV_LOG,47443000,28
LOG_SYS,47446000,28,0
CSV_LOG,47446000,28
LOG_SYS,47449000,28,0
CSV_LOG,47449000,28
LOG_SYS,47453000,28,0
CSV_LOG,47453000,28
LOG_SYS,47456000,28,0
CSV_LOG,47456000,28
LOG_SYS,47459000,28,0
CSV_LOG,47459000,28
LOG_SYS,47463000,27,0
CSV_LOG,47463000,27
LOG_FREE,47463000,469,14
LOG_SYS,47466000,27,0
CSV_LOG,47466000,27
LOG_SYS,47469000,27,0
CSV_LOG,47469000,27
LOG_SYS,47473000,27,0
CSV_LOG,47473000,27
LOG_SYS,47476000,26,0
CSV_LOG,47476000,26
LOG_FREE,47476000,463,32
LOG_SYS,47479000,26,0
CSV_LOG,47479000,26
LOG_SYS,47483000,26,0
CSV_LOG,47483000,26
LOG_SYS,47486000,26,0
CSV_LOG,47486000,26
LOG_SYS,47489000,25,0
CSV_LOG,47489000,25
LOG_FREE,47489000,469,5
LOG_SYS,47493000,25,0
CSV_LOG,47493000,25
LOG_SYS,47496000,25,0
CSV_LOG,47496000,25
LOG_SYS,47499000,25,0
CSV_LOG,47499000,25
LOG_SYS,47503000,25,0
CSV_LOG,47503000,25
LOG_SYS,47506000,25,0
CSV_LOG,47506000,25
LOG_SYS,47509000,25,0
CSV_LOG,47509000,25
LOG_SYS,47513000,25,0
CSV_LOG,47513000,25
LOG_SYS,47516000,25,0
CSV_LOG,47516000,25
LOG_SYS,47519000,25,0
CSV_LOG,47519000,25
LOG_SYS,47523000,25,0
CSV_LOG,47523000,25
LOG_SYS,47526000,25,0
CSV_LOG,47526000,25
LOG_SYS,47529000,25,0
CSV_LOG,47529000,25
LOG_SYS,47533000,24,0
CSV_LOG,47533000,24
LOG_FREE,47533000,478,8
LOG_SYS,47536000,24,0
CSV_LOG,47536000,24
LOG_SYS,47539000,24,0
CSV_LOG,47539000,24
LOG_SYS,47543000,24,0
CSV_LOG,47543000,24
LOG_SYS,47546000,24,0
CSV_LOG,47546000,24
LOG_SYS,47549000,24,0
CSV_LOG,47549000,24
LOG_SYS,47553000,24,0
CSV_LOG,47553000,24
LOG_SYS,47556000,24,0
CSV_LOG,47556000,24
LOG_SYS,47559000,24,0
CSV_LOG,47559000,24
LOG_SYS,47563000,24,0
CSV_LOG,47563000,24
LOG_SYS,47566000,24,0
CSV_LOG,47566000,24
LOG_SYS,47569000,24,0
CSV_LOG,47569000,24
LOG_SYS,47573000,23,0
CSV_LOG,47573000,23
LOG_FREE,47573000,477,28
LOG_SYS,47576000,23,0
CSV_LOG,47576000,23
LOG_SYS,47579000,23,0
CSV_LOG,47579000,23
LOG_SYS,47583000,23,0
CSV_LOG,47583000,23
LOG_SYS,47586000,23,0
CSV_LOG,47586000,23
LOG_SYS,47589000,23,0
CSV_LOG,47589000,23
LOG_SYS,47593000,23,0
CSV_LOG,47593000,23
LOG_SYS,47596000,23,0
CSV_LOG,47596000,23
LOG_SYS,47599000,23,0
CSV_LOG,47599000,23
LOG_SYS,47603000,23,0
CSV_LOG,47603000,23
LOG_SYS,47606000,23,0
CSV_LOG,47606000,23
LOG_SYS,47609000,23,0
CSV_LOG,47609000,23
LOG_SYS,47613000,23,0
CSV_LOG,47613000,23
LOG_SYS,47616000,23,0
CSV_LOG,47616000,23
LOG_SYS,47619000,23,0
CSV_LOG,47619000,23
LOG_SYS,47623000,23,0
CSV_LOG,47623000,23
LOG_SYS,47626000,23,0
CSV_LOG,47626000,23
LOG_SYS,47629000,23,0
CSV_LOG,47629000,23
LOG_SYS,47633000,23,0
CSV_LOG,47633000,23
LOG_SYS,47636000,23,0
CSV_LOG,47636000,23
LOG_SYS,47639000,23,0
CSV_LOG,47639000,23
LOG_SYS,47643000,23,0
CSV_LOG,47643000,23
LOG_SYS,47646000,23,0
CSV_LOG,47646000,23
LOG_SYS,47649000,23,0
CSV_LOG,47649000,23
LOG_SYS,47653000,23,0
CSV_LOG,47653000,23
LOG_SYS,47656000,23,0
CSV_LOG,47656000,23
LOG_SYS,47659000,23,0
CSV_LOG,47659000,23
LOG_SYS,47663000,23,0
CSV_LOG,47663000,23
LOG_SYS,47666000,23,0
CSV_LOG,47666000,23
LOG_SYS,47669000,23,0
CSV_LOG,47669000,23
LOG_SYS,47673000,23,0
CSV_LOG,47673000,23
LOG_SYS,47676000,23,0
CSV_LOG,47676000,23
LOG_SYS,47679000,23,0
CSV_LOG,47679000,23
LOG_SYS,47683000,23,0
CSV_LOG,47683000,23
LOG_SYS,47686000,23,0
CSV_LOG,47686000,23
LOG_SYS,47689000,23,0
CSV_LOG,47689000,23
LOG_SYS,47693000,23,0
CSV_LOG,47693000,23
LOG_SYS,47696000,23,0
CSV_LOG,47696000,23
LOG_SYS,47699000,23,0
CSV_LOG,47699000,23
LOG_SYS,47703000,23,0
CSV_LOG,47703000,23
LOG_SYS,47706000,23,0
CSV_LOG,47706000,23
LOG_SYS,47709000,23,0
CSV_LOG,47709000,23
LOG_SYS,47713000,23,0
CSV_LOG,47713000,23
LOG_SYS,47716000,23,0
CSV_LOG,47716000,23
LOG_SYS,47719000,23,0
CSV_LOG,47719000,23
LOG_SYS,47723000,23,0
CSV_LOG,47723000,23
LOG_SYS,47726000,22,0
CSV_LOG,47726000,22
LOG_FREE,47726000,475,1
LOG_SYS,47729000,22,0
CSV_LOG,47729000,22
LOG_SYS,47733000,21,0
CSV_LOG,47733000,21
LOG_FREE,47733000,477,21
LOG_SYS,47736000,20,0
CSV_LOG,47736000,20
LOG_ALLOC,47736000,485,1
LOG_FREE,47736000,463,25
LOG_SYS,47739000,21,0
CSV_LOG,47739000,21
LOG_ALLOC,47739000,485,3
LOG_SYS,47743000,21,0
CSV_LOG,47743000,21
LOG_ALLOC,47743000,464,0
LOG_FREE,47743000,478,0
LOG_SYS,47746000,22,0
CSV_LOG,47746000,22
LOG_ALLOC,47746000,486,5
LOG_SYS,47749000,23,0
CSV_LOG,47749000,23
LOG_ALLOC,47749000,486,7
LOG_SYS,47753000,24,0
CSV_LOG,47753000,24
LOG_ALLOC,47753000,486,8
LOG_SYS,47756000,25,0
CSV_LOG,47756000,25
LOG_ALLOC,47756000,486,12
LOG_SYS,47759000,26,0
CSV_LOG,47759000,26
LOG_ALLOC,47759000,485,14
LOG_SYS,47763000,27,0
CSV_LOG,47763000,27
LOG_ALLOC,47763000,485,19
LOG_SYS,47766000,28,0
CSV_LOG,47766000,28
LOG_ALLOC,47766000,485,20
LOG_SYS,47769000,29,0
CSV_LOG,47769000,29
LOG_ALLOC,47769000,485,21
LOG_SYS,47773000,30,0
CSV_LOG,47773000,30
LOG_ALLOC,47773000,485,25
LOG_SYS,47776000,31,0
CSV_LOG,47776000,31
LOG_ALLOC,47776000,485,26
LOG_SYS,47779000,32,0
CSV_LOG,47779000,32
LOG_SYS,47783000,32,0
CSV_LOG,47783000,32
LOG_SYS,47786000,32,0
CSV_LOG,47786000,32
LOG_SYS,47789000,32,0
CSV_LOG,47789000,32
LOG_SYS,47793000,32,0
CSV_LOG,47793000,32
LOG_SYS,47796000,32,0
CSV_LOG,47796000,32
LOG_SYS,47799000,32,0
CSV_LOG,47799000,32
LOG_SYS,47803000,32,0
CSV_LOG,47803000,32
LOG_SYS,47806000,32,0
CSV_LOG,47806000,32
LOG_SYS,47809000,32,0
CSV_LOG,47809000,32
LOG_SYS,47813000,32,0
CSV_LOG,47813000,32
LOG_SYS,47816000,32,0
CSV_LOG,47816000,32
LOG_SYS,47819000,32,0
CSV_LOG,47819000,32
LOG_SYS,47823000,31,0
CSV_LOG,47823000,31
LOG_FREE,47823000,449,23
LOG_SYS,47826000,31,0
CSV_LOG,47826000,31
LOG_SYS,47829000,31,0
CSV_LOG,47829000,31
LOG_ALLOC,47829000,450,23
LOG_SYS,47833000,32,0
CSV_LOG,47833000,32
LOG_ALLOC,47833000,487,27
LOG_SYS,47836000,33,0
CSV_LOG,47836000,33
LOG_ALLOC,47836000,487,28
LOG_SYS,47839000,33,0
CSV_LOG,47839000,33
LOG_ALLOC,47839000,487,25
LOG_FREE,47839000,485,25
LOG_SYS,47843000,34,0
CSV_LOG,47843000,34
LOG_ALLOC,47843000,487,29
LOG_SYS,47846000,35,0
CSV_LOG,47846000,35
LOG_ALLOC,47846000,450,32
LOG_SYS,47849000,36,0
CSV_LOG,47849000,36
LOG_ALLOC,47849000,450,36
LOG_SYS,47853000,37,0
CSV_LOG,47853000,37
LOG_SYS,47856000,37,0
CSV_LOG,47856000,37
LOG_SYS,47859000,37,0
CSV_LOG,47859000,37
LOG_SYS,47863000,37,0
CSV_LOG,47863000,37
LOG_SYS,47866000,36,0
CSV_LOG,47866000,36
LOG_FREE,47866000,485,20
LOG_SYS,47869000,36,0
CSV_LOG,47869000,36
LOG_SYS,47873000,36,0
CSV_LOG,47873000,36
LOG_SYS,47876000,36,0
CSV_LOG,47876000,36
LOG_SYS,47879000,36,0
CSV_LOG,47879000,36
LOG_SYS,47883000,36,0
CSV_LOG,47883000,36
LOG_SYS,47886000,35,0
CSV_LOG,47886000,35
LOG_FREE,47886000,485,3
LOG_SYS,47889000,34,0
CSV_LOG,47889000,34
LOG_FREE,47889000,486,5
LOG_SYS,47893000,34,0
CSV_LOG,47893000,34
LOG_SYS,47896000,34,0
CSV_LOG,47896000,34
LOG_SYS,47899000,34,0
CSV_LOG,47899000,34
LOG_SYS,47902000,34,0
CSV_LOG,47902000,34
LOG_SYS,47906000,33,0
CSV_LOG,47906000,33
LOG_FREE,47906000,464,0
LOG_SYS,47909000,32,0
CSV_LOG,47909000,32
LOG_FREE,47909000,478,6
LOG_SYS,47912000,32,0
CSV_LOG,47912000,32
LOG_SYS,47916000,32,0
CSV_LOG,47916000,32
LOG_ALLOC,47916000,488,0
LOG_SYS,47919000,33,0
CSV_LOG,47919000,33
LOG_SYS,47922000,33,0
CSV_LOG,47922000,33
LOG_SYS,47926000,33,0
CSV_LOG,47926000,33
LOG_SYS,47929000,33,0
CSV_LOG,47929000,33
LOG_SYS,47932000,33,0
CSV_LOG,47932000,33
LOG_SYS,47936000,33,0
CSV_LOG,47936000,33
LOG_SYS,47939000,33,0
CSV_LOG,47939000,33
LOG_SYS,47942000,33,0
CSV_LOG,47942000,33
LOG_SYS,47946000,33,0
CSV_LOG,47946000,33
LOG_SYS,47949000,33,0
CSV_LOG,47949000,33
LOG_SYS,47952000,33,0
CSV_LOG,47952000,33
LOG_SYS,47956000,33,0
CSV_LOG,47956000,33
LOG_SYS,47959000,33,0
CSV_LOG,47959000,33
LOG_SYS,47962000,32,0
CSV_LOG,47962000,32
LOG_FREE,47962000,485,19
LOG_SYS,47966000,32,0
CSV_LOG,47966000,32
LOG_SYS,47969000,32,0
CSV_LOG,47969000,32
LOG_SYS,47972000,32,0
CSV_LOG,47972000,32
LOG_SYS,47976000,32,0
CSV_LOG,47976000,32
LOG_SYS,47979000,32,0
CSV_LOG,47979000,32
LOG_SYS,47982000,32,0
CSV_LOG,47982000,32
LOG_SYS,47986000,32,0
CSV_LOG,47986000,32
LOG_SYS,47989000,32,0
CSV_LOG,47989000,32
LOG_SYS,47992000,31,0
CSV_LOG,47992000,31
LOG_FREE,47992000,482,15
LOG_SYS,47996000,31,0
CSV_LOG,47996000,31
LOG_SYS,47999000,31,0
CSV_LOG,47999000,31
LOG_SYS,48002000,31,0
CSV_LOG,48002000,31
LOG_SYS,48006000,31,0
CSV_LOG,48006000,31
LOG_SYS,48009000,31,0
CSV_LOG,48009000,31
LOG_SYS,48012000,31,0
CSV_LOG,48012000,31
LOG_SYS,48016000,30,0
CSV_LOG,48016000,30
LOG_FREE,48016000,455,2
LOG_SYS,48019000,29,0
CSV_LOG,48019000,29
LOG_FREE,48019000,478,13
LOG_SYS,48022000,29,0
CSV_LOG,48022000,29
LOG_SYS,48026000,29,0
CSV_LOG,48026000,29
LOG_ALLOC,48026000,489,2
LOG_SYS,48029000,30,0
CSV_LOG,48029000,30
LOG_ALLOC,48029000,489,3
LOG_SYS,48032000,30,0
CSV_LOG,48032000,30
LOG_ALLOC,48032000,489,5
LOG_FREE,48032000,482,31
LOG_SYS,48036000,30,0
CSV_LOG,48036000,30
LOG_ALLOC,48036000,489,6
LOG_FREE,48036000,481,17
LOG_SYS,48039000,31,0
CSV_LOG,48039000,31
LOG_ALLOC,48039000,489,13
LOG_SYS,48042000,32,0
CSV_LOG,48042000,32
LOG_ALLOC,48042000,489,15
LOG_SYS,48046000,33,0
CSV_LOG,48046000,33
LOG_ALLOC,48046000,489,17
LOG_SYS,48049000,34,0
CSV_LOG,48049000,34
LOG_ALLOC,48049000,479,19
LOG_SYS,48052000,35,0
CSV_LOG,48052000,35
LOG_ALLOC,48052000,479,20
LOG_SYS,48056000,36,0
CSV_LOG,48056000,36
LOG_ALLOC,48056000,479,31
LOG_SYS,48059000,37,0
CSV_LOG,48059000,37
LOG_ALLOC,48059000,479,37
LOG_SYS,48062000,38,0
CSV_LOG,48062000,38
LOG_ALLOC,48062000,479,38
LOG_SYS,48066000,39,0
CSV_LOG,48066000,39
LOG_SYS,48069000,39,0
CSV_LOG,48069000,39
LOG_SYS,48072000,38,0
CSV_LOG,48072000,38
LOG_FREE,48072000,487,25
LOG_SYS,48076000,38,0
CSV_LOG,48076000,38
LOG_SYS,48079000,38,0
CSV_LOG,48079000,38
LOG_SYS,48082000,38,0
CSV_LOG,48082000,38
LOG_SYS,48086000,37,0
CSV_LOG,48086000,37
LOG_FREE,48086000,450,36
LOG_SYS,48089000,37,0
CSV_LOG,48089000,37
LOG_SYS,48092000,37,0
CSV_LOG,48092000,37
LOG_SYS,48096000,37,0
CSV_LOG,48096000,37
LOG_SYS,48099000,37,0
CSV_LOG,48099000,37
LOG_SYS,48102000,36,0
CSV_LOG,48102000,36
LOG_FREE,48102000,477,22
LOG_SYS,48106000,35,0
CSV_LOG,48106000,35
LOG_FREE,48106000,479,31
LOG_SYS,48109000,35,0
CSV_LOG,48109000,35
LOG_SYS,48112000,35,0
CSV_LOG,48112000,35
LOG_SYS,48116000,35,0
CSV_LOG,48116000,35
LOG_SYS,48119000,35,0
CSV_LOG,48119000,35
LOG_SYS,48122000,35,0
CSV_LOG,48122000,35
LOG_SYS,48126000,34,0
CSV_LOG,48126000,34
LOG_FREE,48126000,489,2
LOG_SYS,48129000,34,0
CSV_LOG,48129000,34
LOG_SYS,48132000,34,0
CSV_LOG,48132000,34
LOG_SYS,48136000,34,0
CSV_LOG,48136000,34
LOG_SYS,48139000,34,0
CSV_LOG,48139000,34
LOG_SYS,48142000,34,0
CSV_LOG,48142000,34
LOG_SYS,48146000,34,0
CSV_LOG,48146000,34
LOG_SYS,48149000,33,0
CSV_LOG,48149000,33
LOG_FREE,48149000,488,0
LOG_SYS,48152000,33,0
CSV_LOG,48152000,33
LOG_SYS,48156000,33,0
CSV_LOG,48156000,33
LOG_SYS,48159000,33,0
CSV_LOG,48159000,33
LOG_ALLOC,48159000,491,0
LOG_SYS,48162000,34,0
CSV_LOG,48162000,34
LOG_ALLOC,48162000,491,2
LOG_SYS,48166000,35,0
CSV_LOG,48166000,35
LOG_ALLOC,48166000,491,22
LOG_SYS,48169000,36,0
CSV_LOG,48169000,36
LOG_ALLOC,48169000,491,25
LOG_SYS,48172000,36,0
CSV_LOG,48172000,36
LOG_ALLOC,48172000,491,31
LOG_FREE,48172000,479,37
LOG_SYS,48176000,37,0
CSV_LOG,48176000,37
LOG_ALLOC,48176000,491,36
LOG_SYS,48179000,38,0
CSV_LOG,48179000,38
LOG_ALLOC,48179000,491,37
LOG_SYS,48182000,38,0
CSV_LOG,48182000,38
LOG_ALLOC,48182000,491,22
LOG_FREE,48182000,491,22
LOG_SYS,48186000,39,0
CSV_LOG,48186000,39
LOG_SYS,48189000,39,0
CSV_LOG,48189000,39
LOG_SYS,48192000,39,0
CSV_LOG,48192000,39
LOG_SYS,48196000,38,0
CSV_LOG,48196000,38
LOG_FREE,48196000,486,7
LOG_SYS,48199000,38,0
CSV_LOG,48199000,38
LOG_SYS,48202000,37,0
CSV_LOG,48202000,37
LOG_FREE,48202000,474,16
LOG_SYS,48206000,37,0
CSV_LOG,48206000,37
LOG_SYS,48209000,37,0
CSV_LOG,48209000,37
LOG_SYS,48212000,37,0
CSV_LOG,48212000,37
LOG_SYS,48216000,37,0
CSV_LOG,48216000,37
LOG_SYS,48219000,36,0
CSV_LOG,48219000,36
LOG_FREE,48219000,485,26
LOG_SYS,48222000,36,0
CSV_LOG,48222000,36
LOG_SYS,48226000,36,0
CSV_LOG,48226000,36
LOG_SYS,48229000,35,0
CSV_LOG,48229000,35
LOG_FREE,48229000,489,15
LOG_SYS,48232000,35,0
CSV_LOG,48232000,35
LOG_SYS,48236000,35,0
CSV_LOG,48236000,35
LOG_SYS,48239000,34,0
CSV_LOG,48239000,34
LOG_FREE,48239000,487,27
LOG_SYS,48242000,33,0
CSV_LOG,48242000,33
LOG_FREE,48242000,482,11
LOG_SYS,48246000,33,0
CSV_LOG,48246000,33
LOG_SYS,48249000,32,0
CSV_LOG,48249000,32
LOG_FREE,48249000,481,33
LOG_SYS,48252000,32,0
CSV_LOG,48252000,32
LOG_SYS,48256000,32,0
CSV_LOG,48256000,32
LOG_SYS,48259000,32,0
CSV_LOG,48259000,32
LOG_SYS,48262000,32,0
CSV_LOG,48262000,32
LOG_SYS,48266000,31,0
CSV_LOG,48266000,31
LOG_FREE,48266000,491,31
LOG_SYS,48269000,30,0
CSV_LOG,48269000,30
LOG_FREE,48269000,450,32
LOG_SYS,48272000,30,0
CSV_LOG,48272000,30
LOG_SYS,48276000,30,0
CSV_LOG,48276000,30
LOG_SYS,48279000,30,0
CSV_LOG,48279000,30
LOG_SYS,48282000,30,0
CSV_LOG,48282000,30
LOG_SYS,48286000,30,0
CSV_LOG,48286000,30
LOG_SYS,48289000,30,0
CSV_LOG,48289000,30
LOG_SYS,48292000,30,0
CSV_LOG,48292000,30
LOG_SYS,48296000,30,0
CSV_LOG,48296000,30
LOG_SYS,48299000,30,0
CSV_LOG,48299000,30
LOG_SYS,48302000,30,0
CSV_LOG,48302000,30
LOG_SYS,48306000,30,0
CSV_LOG,48306000,30
LOG_SYS,48309000,30,0
CSV_LOG,48309000,30
LOG_SYS,48312000,30,0
CSV_LOG,48312000,30
LOG_SYS,48316000,30,0
CSV_LOG,48316000,30
LOG_SYS,48319000,30,0
CSV_LOG,48319000,30
LOG_SYS,48322000,30,0
CSV_LOG,48322000,30
LOG_SYS,48326000,30,0
CSV_LOG,48326000,30
LOG_SYS,48329000,29,0
CSV_LOG,48329000,29
LOG_FREE,48329000,486,12
LOG_SYS,48332000,28,0
CSV_LOG,48332000,28
LOG_FREE,48332000,491,0
LOG_SYS,48336000,27,0
CSV_LOG,48336000,27
LOG_FREE,48336000,474,9
LOG_SYS,48339000,26,0
CSV_LOG,48339000,26
LOG_FREE,48339000,485,14
LOG_SYS,48342000,25,0
CSV_LOG,48342000,25
LOG_FREE,48342000,487,29
LOG_SYS,48346000,25,0
CSV_LOG,48346000,25
LOG_SYS,48349000,25,0
CSV_LOG,48349000,25
LOG_SYS,48352000,25,0
CSV_LOG,48352000,25
LOG_SYS,48356000,24,0
CSV_LOG,48356000,24
LOG_FREE,48356000,491,37
LOG_SYS,48359000,24,0
CSV_LOG,48359000,24
LOG_SYS,48362000,24,0
CSV_LOG,48362000,24
LOG_SYS,48366000,24,0
CSV_LOG,48366000,24
LOG_SYS,48369000,24,0
CSV_LOG,48369000,24
LOG_SYS,48372000,24,0
CSV_LOG,48372000,24
LOG_SYS,48376000,24,0
CSV_LOG,48376000,24
LOG_SYS,48379000,24,0
CSV_LOG,48379000,24
LOG_SYS,48382000,24,0
CSV_LOG,48382000,24
LOG_SYS,48386000,24,0
CSV_LOG,48386000,24
LOG_SYS,48389000,24,0
CSV_LOG,48389000,24
LOG_SYS,48392000,24,0
CSV_LOG,48392000,24
LOG_SYS,48396000,24,0
CSV_LOG,48396000,24
LOG_SYS,48399000,24,0
CSV_LOG,48399000,24
LOG_SYS,48402000,24,0
CSV_LOG,48402000,24
LOG_SYS,48406000,24,0
CSV_LOG,48406000,24
LOG_SYS,48409000,24,0
CSV_LOG,48409000,24
LOG_SYS,48412000,24,0
CSV_LOG,48412000,24
LOG_SYS,48416000,24,0
CSV_LOG,48416000,24
LOG_SYS,48419000,24,0
CSV_LOG,48419000,24
LOG_SYS,48422000,24,0
CSV_LOG,48422000,24
LOG_SYS,48426000,23,0
CSV_LOG,48426000,23
LOG_FREE,48426000,486,8
LOG_SYS,48429000,23,0
CSV_LOG,48429000,23
LOG_SYS,48432000,23,0
CSV_LOG,48432000,23
LOG_SYS,48436000,22,0
CSV_LOG,48436000,22
LOG_ALLOC,48436000,492,0
LOG_FREE,48436000,450,23
LOG_SYS,48439000,23,0
CSV_LOG,48439000,23
LOG_SYS,48442000,23,0
CSV_LOG,48442000,23
LOG_SYS,48446000,23,0
CSV_LOG,48446000,23
LOG_SYS,48449000,23,0
CSV_LOG,48449000,23
LOG_SYS,48452000,23,0
CSV_LOG,48452000,23
LOG_SYS,48456000,23,0
CSV_LOG,48456000,23
LOG_SYS,48459000,23,0
CSV_LOG,48459000,23
LOG_SYS,48462000,23,0
CSV_LOG,48462000,23
LOG_SYS,48466000,23,0
CSV_LOG,48466000,23
LOG_SYS,48469000,23,0
CSV_LOG,48469000,23
LOG_SYS,48472000,23,0
CSV_LOG,48472000,23
LOG_SYS,48476000,23,0
CSV_LOG,48476000,23
LOG_SYS,48479000,23,0
CSV_LOG,48479000,23
LOG_SYS,48482000,23,0
CSV_LOG,48482000,23
LOG_SYS,48486000,22,0
CSV_LOG,48486000,22
LOG_FREE,48486000,479,38
LOG_SYS,48489000,22,0
CSV_LOG,48489000,22
LOG_SYS,48492000,21,0
CSV_LOG,48492000,21
LOG_FREE,48492000,481,30
LOG_SYS,48496000,21,0
CSV_LOG,48496000,21
LOG_SYS,48499000,21,0
CSV_LOG,48499000,21
LOG_SYS,48502000,21,0
CSV_LOG,48502000,21
LOG_SYS,48506000,21,0
CSV_LOG,48506000,21
LOG_SYS,48509000,21,0
CSV_LOG,48509000,21
LOG_SYS,48512000,21,0
CSV_LOG,48512000,21
LOG_SYS,48516000,21,0
CSV_LOG,48516000,21
LOG_SYS,48519000,21,0
CSV_LOG,48519000,21
LOG_SYS,48522000,21,0
CSV_LOG,48522000,21
LOG_SYS,48526000,20,0
CSV_LOG,48526000,20
LOG_FREE,48526000,489,6
LOG_SYS,48529000,20,0
CSV_LOG,48529000,20
LOG_SYS,48532000,20,0
CSV_LOG,48532000,20
LOG_SYS,48536000,20,0
CSV_LOG,48536000,20
LOG_SYS,48539000,20,0
CSV_LOG,48539000,20
LOG_SYS,48542000,19,0
CSV_LOG,48542000,19
LOG_FREE,48542000,481,34
LOG_SYS,48546000,19,0
CSV_LOG,48546000,19
LOG_SYS,48549000,19,0
CSV_LOG,48549000,19
LOG_SYS,48552000,19,0
CSV_LOG,48552000,19
LOG_ALLOC,48552000,494,6
LOG_SYS,48556000,20,0
CSV_LOG,48556000,20
LOG_ALLOC,48556000,494,7
LOG_SYS,48559000,21,0
CSV_LOG,48559000,21
LOG_ALLOC,48559000,494,8
LOG_SYS,48562000,22,0
CSV_LOG,48562000,22
LOG_ALLOC,48562000,494,9
LOG_SYS,48566000,23,0
CSV_LOG,48566000,23
LOG_ALLOC,48566000,494,11
LOG_SYS,48569000,24,0
CSV_LOG,48569000,24
LOG_SYS,48572000,24,0
CSV_LOG,48572000,24
LOG_SYS,48576000,24,0
CSV_LOG,48576000,24
LOG_SYS,48579000,24,0
CSV_LOG,48579000,24
LOG_SYS,48582000,24,0
CSV_LOG,48582000,24
LOG_SYS,48586000,24,0
CSV_LOG,48586000,24
LOG_SYS,48589000,24,0
CSV_LOG,48589000,24
LOG_SYS,48592000,24,0
CSV_LOG,48592000,24
LOG_SYS,48596000,24,0
CSV_LOG,48596000,24
LOG_SYS,48599000,24,0
CSV_LOG,48599000,24
LOG_SYS,48602000,24,0
CSV_LOG,48602000,24
LOG_SYS,48606000,24,0
CSV_LOG,48606000,24
LOG_SYS,48609000,24,0
CSV_LOG,48609000,24
LOG_SYS,48612000,23,0
CSV_LOG,48612000,23
LOG_FREE,48612000,492,0
LOG_SYS,48616000,22,0
CSV_LOG,48616000,22
LOG_FREE,48616000,489,13
LOG_SYS,48619000,22,0
CSV_LOG,48619000,22
LOG_ALLOC,48619000,493,0
LOG_SYS,48622000,23,0
CSV_LOG,48622000,23
LOG_ALLOC,48622000,495,12
LOG_SYS,48626000,23,0
CSV_LOG,48626000,23
LOG_ALLOC,48626000,495,13
LOG_FREE,48626000,491,25
LOG_SYS,48629000,24,0
CSV_LOG,48629000,24
LOG_ALLOC,48629000,495,14
LOG_SYS,48632000,25,0
CSV_LOG,48632000,25
LOG_ALLOC,48632000,495,15
LOG_SYS,48636000,26,0
CSV_LOG,48636000,26
LOG_ALLOC,48636000,495,16
LOG_SYS,48639000,27,0
CSV_LOG,48639000,27
LOG_ALLOC,48639000,495,23
LOG_SYS,48642000,28,0
CSV_LOG,48642000,28
LOG_ALLOC,48642000,495,25
LOG_SYS,48646000,29,0
CSV_LOG,48646000,29
LOG_ALLOC,48646000,495,26
LOG_SYS,48649000,30,0
CSV_LOG,48649000,30
LOG_ALLOC,48649000,493,27
LOG_SYS,48652000,30,0
CSV_LOG,48652000,30
LOG_ALLOC,48652000,493,28
LOG_FREE,48652000,487,28
LOG_SYS,48656000,31,0
CSV_LOG,48656000,31
LOG_ALLOC,48656000,493,29
LOG_SYS,48659000,31,0
CSV_LOG,48659000,31
LOG_ALLOC,48659000,493,9
LOG_FREE,48659000,494,9
LOG_SYS,48662000,32,0
CSV_LOG,48662000,32
LOG_ALLOC,48662000,496,30
LOG_SYS,48666000,33,0
CSV_LOG,48666000,33
LOG_ALLOC,48666000,496,31
LOG_SYS,48669000,34,0
CSV_LOG,48669000,34
LOG_ALLOC,48669000,496,32
LOG_SYS,48672000,35,0
CSV_LOG,48672000,35
LOG_ALLOC,48672000,496,33
LOG_SYS,48676000,36,0
CSV_LOG,48676000,36
LOG_ALLOC,48676000,493,34
LOG_SYS,48679000,37,0
CSV_LOG,48679000,37
LOG_ALLOC,48679000,493,37
LOG_SYS,48682000,38,0
CSV_LOG,48682000,38
LOG_ALLOC,48682000,493,38
LOG_SYS,48686000,38,0
CSV_LOG,48686000,38
LOG_FREE,48686000,470,4
LOG_SYS,48689000,38,0
CSV_LOG,48689000,38
LOG_SYS,48692000,38,0
CSV_LOG,48692000,38
LOG_SYS,48696000,38,0
CSV_LOG,48696000,38
LOG_SYS,48699000,38,0
CSV_LOG,48699000,38
LOG_SYS,48702000,37,0
CSV_LOG,48702000,37
LOG_FREE,48702000,493,34
LOG_SYS,48706000,37,0
CSV_LOG,48706000,37
LOG_SYS,48709000,37,0
CSV_LOG,48709000,37
LOG_SYS,48712000,37,0
CSV_LOG,48712000,37
LOG_SYS,48716000,37,0
CSV_LOG,48716000,37
LOG_SYS,48719000,37,0
CSV_LOG,48719000,37
LOG_SYS,48722000,36,0
CSV_LOG,48722000,36
LOG_FREE,48722000,485,1
LOG_SYS,48726000,35,0
CSV_LOG,48726000,35
LOG_FREE,48726000,493,0
LOG_SYS,48729000,35,0
CSV_LOG,48729000,35
LOG_SYS,48732000,35,0
CSV_LOG,48732000,35
LOG_SYS,48735000,35,0
CSV_LOG,48735000,35
LOG_SYS,48739000,35,0
CSV_LOG,48739000,35
LOG_SYS,48742000,35,0
CSV_LOG,48742000,35
LOG_SYS,48745000,35,0
CSV_LOG,48745000,35
LOG_SYS,48749000,34,0
CSV_LOG,48749000,34
LOG_FREE,48749000,482,24
LOG_SYS,48752000,33,0
CSV_LOG,48752000,33
LOG_FREE,48752000,479,19
LOG_SYS,48755000,32,0
CSV_LOG,48755000,32
LOG_FREE,48755000,496,32
LOG_SYS,48759000,32,0
CSV_LOG,48759000,32
LOG_SYS,48762000,31,0
CSV_LOG,48762000,31
LOG_FREE,48762000,489,17
LOG_SYS,48765000,31,0
CSV_LOG,48765000,31
LOG_SYS,48769000,31,0
CSV_LOG,48769000,31
LOG_SYS,48772000,31,0
CSV_LOG,48772000,31
LOG_SYS,48775000,31,0
CSV_LOG,48775000,31
LOG_SYS,48779000,30,0
CSV_LOG,48779000,30
LOG_FREE,48779000,493,28
LOG_SYS,48782000,30,0
CSV_LOG,48782000,30
LOG_SYS,48785000,30,0
CSV_LOG,48785000,30
LOG_SYS,48789000,30,0
CSV_LOG,48789000,30
LOG_SYS,48792000,30,0
CSV_LOG,48792000,30
LOG_SYS,48795000,29,0
CSV_LOG,48795000,29
LOG_FREE,48795000,496,33
LOG_SYS,48799000,29,0
CSV_LOG,48799000,29
LOG_SYS,48802000,29,0
CSV_LOG,48802000,29
LOG_SYS,48805000,29,0
CSV_LOG,48805000,29
LOG_SYS,48809000,29,0
CSV_LOG,48809000,29
LOG_SYS,48812000,29,0
CSV_LOG,48812000,29
LOG_SYS,48815000,29,0
CSV_LOG,48815000,29
LOG_SYS,48819000,29,0
CSV_LOG,48819000,29
LOG_SYS,48822000,28,0
CSV_LOG,48822000,28
LOG_FREE,48822000,493,27
LOG_SYS,48825000,28,0
CSV_LOG,48825000,28
LOG_SYS,48829000,28,0
CSV_LOG,48829000,28
LOG_SYS,48832000,28,0
CSV_LOG,48832000,28
LOG_SYS,48835000,28,0
CSV_LOG,48835000,28
LOG_SYS,48839000,28,0
CSV_LOG,48839000,28
LOG_SYS,48842000,28,0
CSV_LOG,48842000,28
LOG_SYS,48845000,28,0
CSV_LOG,48845000,28
LOG_SYS,48849000,28,0
CSV_LOG,48849000,28
LOG_SYS,48852000,28,0
CSV_LOG,48852000,28
LOG_SYS,48855000,28,0
CSV_LOG,48855000,28
LOG_SYS,48859000,28,0
CSV_LOG,48859000,28
LOG_SYS,48862000,28,0
CSV_LOG,48862000,28
LOG_SYS,48865000,28,0
CSV_LOG,48865000,28
LOG_SYS,48869000,28,0
CSV_LOG,48869000,28
LOG_SYS,48872000,28,0
CSV_LOG,48872000,28
LOG_SYS,48875000,27,0
CSV_LOG,48875000,27
LOG_FREE,48875000,495,23
LOG_SYS,48879000,27,0
CSV_LOG,48879000,27
LOG_SYS,48882000,27,0
CSV_LOG,48882000,27
LOG_SYS,48885000,27,0
CSV_LOG,48885000,27
LOG_SYS,48889000,27,0
CSV_LOG,48889000,27
LOG_SYS,48892000,27,0
CSV_LOG,48892000,27
LOG_SYS,48895000,27,0
CSV_LOG,48895000,27
LOG_SYS,48899000,27,0
CSV_LOG,48899000,27
LOG_SYS,48902000,27,0
CSV_LOG,48902000,27
LOG_SYS,48905000,27,0
CSV_LOG,48905000,27
LOG_SYS,48909000,27,0
CSV_LOG,48909000,27
LOG_SYS,48912000,27,0
CSV_LOG,48912000,27
LOG_SYS,48915000,27,0
CSV_LOG,48915000,27
LOG_SYS,48919000,27,0
CSV_LOG,48919000,27
LOG_SYS,48922000,26,0
CSV_LOG,48922000,26
LOG_FREE,48922000,495,26
LOG_SYS,48925000,26,0
CSV_LOG,48925000,26
LOG_SYS,48929000,26,0
CSV_LOG,48929000,26
LOG_SYS,48932000,26,0
CSV_LOG,48932000,26
LOG_SYS,48935000,26,0
CSV_LOG,48935000,26
LOG_SYS,48939000,26,0
CSV_LOG,48939000,26
LOG_SYS,48942000,26,0
CSV_LOG,48942000,26
LOG_SYS,48945000,26,0
CSV_LOG,48945000,26
LOG_SYS,48949000,26,0
CSV_LOG,48949000,26
LOG_SYS,48952000,26,0
CSV_LOG,48952000,26
LOG_SYS,48955000,26,0
CSV_LOG,48955000,26
LOG_SYS,48959000,26,0
CSV_LOG,48959000,26
LOG_SYS,48962000,26,0
CSV_LOG,48962000,26
LOG_SYS,48965000,26,0
CSV_LOG,48965000,26
LOG_SYS,48969000,26,0
CSV_LOG,48969000,26
LOG_SYS,48972000,26,0
CSV_LOG,48972000,26
LOG_SYS,48975000,26,0
CSV_LOG,48975000,26
LOG_SYS,48979000,26,0
CSV_LOG,48979000,26
LOG_SYS,48982000,26,0
CSV_LOG,48982000,26
LOG_SYS,48985000,26,0
CSV_LOG,48985000,26
LOG_SYS,48989000,26,0
CSV_LOG,48989000,26
LOG_SYS,48992000,26,0
CSV_LOG,48992000,26
LOG_SYS,48995000,26,0
CSV_LOG,48995000,26
LOG_SYS,48999000,26,0
CSV_LOG,48999000,26
LOG_SYS,49002000,26,0
CSV_LOG,49002000,26
LOG_SYS,49005000,26,0
CSV_LOG,49005000,26
LOG_SYS,49009000,26,0
CSV_LOG,49009000,26
LOG_SYS,49012000,25,0
CSV_LOG,49012000,25
LOG_FREE,49012000,495,15
LOG_SYS,49015000,24,0
CSV_LOG,49015000,24
LOG_FREE,49015000,494,7
LOG_SYS,49019000,23,0
CSV_LOG,49019000,23
LOG_FREE,49019000,495,13
LOG_SYS,49022000,22,0
CSV_LOG,49022000,22
LOG_FREE,49022000,495,12
LOG_SYS,49025000,22,0
CSV_LOG,49025000,22
LOG_SYS,49029000,22,0
CSV_LOG,49029000,22
LOG_SYS,49032000,22,0
CSV_LOG,49032000,22
LOG_SYS,49035000,22,0
CSV_LOG,49035000,22
LOG_SYS,49039000,22,0
CSV_LOG,49039000,22
LOG_SYS,49042000,22,0
CSV_LOG,49042000,22
LOG_SYS,49045000,22,0
CSV_LOG,49045000,22
LOG_SYS,49049000,22,0
CSV_LOG,49049000,22
LOG_SYS,49052000,22,0
CSV_LOG,49052000,22
LOG_SYS,49055000,21,0
CSV_LOG,49055000,21
LOG_FREE,49055000,495,25
LOG_SYS,49059000,21,0
CSV_LOG,49059000,21
LOG_SYS,49062000,21,0
CSV_LOG,49062000,21
LOG_SYS,49065000,21,0
CSV_LOG,49065000,21
LOG_SYS,49069000,21,0
CSV_LOG,49069000,21
LOG_SYS,49072000,21,0
CSV_LOG,49072000,21
LOG_SYS,49075000,21,0
CSV_LOG,49075000,21
LOG_SYS,49079000,21,0
CSV_LOG,49079000,21
LOG_SYS,49082000,21,0
CSV_LOG,49082000,21
LOG_SYS,49085000,21,0
CSV_LOG,49085000,21
LOG_SYS,49089000,21,0
CSV_LOG,49089000,21
LOG_SYS,49092000,21,0
CSV_LOG,49092000,21
LOG_SYS,49095000,21,0
CSV_LOG,49095000,21
LOG_SYS,49099000,21,0
CSV_LOG,49099000,21
LOG_SYS,49102000,21,0
CSV_LOG,49102000,21
LOG_SYS,49105000,21,0
CSV_LOG,49105000,21
LOG_SYS,49109000,21,0
CSV_LOG,49109000,21
LOG_SYS,49112000,21,0
CSV_LOG,49112000,21
LOG_SYS,49115000,21,0
CSV_LOG,49115000,21
LOG_SYS,49119000,21,0
CSV_LOG,49119000,21
LOG_SYS,49122000,21,0
CSV_LOG,49122000,21
LOG_SYS,49125000,21,0
CSV_LOG,49125000,21
LOG_SYS,49129000,21,0
CSV_LOG,49129000,21
LOG_SYS,49132000,21,0
CSV_LOG,49132000,21
LOG_SYS,49135000,21,0
CSV_LOG,49135000,21
LOG_SYS,49139000,21,0
CSV_LOG,49139000,21
LOG_SYS,49142000,21,0
CSV_LOG,49142000,21
LOG_SYS,49145000,21,0
CSV_LOG,49145000,21
LOG_SYS,49149000,20,0
CSV_LOG,49149000,20
LOG_FREE,49149000,493,38
LOG_SYS,49152000,20,0
CSV_LOG,49152000,20
LOG_SYS,49155000,20,0
CSV_LOG,49155000,20
LOG_SYS,49159000,20,0
CSV_LOG,49159000,20
LOG_SYS,49162000,20,0
CSV_LOG,49162000,20
LOG_SYS,49165000,20,0
CSV_LOG,49165000,20
LOG_SYS,49169000,20,0
CSV_LOG,49169000,20
LOG_SYS,49172000,20,0
CSV_LOG,49172000,20
LOG_SYS,49175000,20,0
CSV_LOG,49175000,20
LOG_SYS,49179000,20,0
CSV_LOG,49179000,20
LOG_SYS,49182000,20,0
CSV_LOG,49182000,20
LOG_SYS,49185000,20,0
CSV_LOG,49185000,20
LOG_SYS,49189000,20,0
CSV_LOG,49189000,20
LOG_SYS,49192000,20,0
CSV_LOG,49192000,20
LOG_SYS,49195000,20,0
CSV_LOG,49195000,20
LOG_SYS,49199000,20,0
CSV_LOG,49199000,20
LOG_SYS,49202000,20,0
CSV_LOG,49202000,20
LOG_SYS,49205000,20,0
CSV_LOG,49205000,20
LOG_SYS,49209000,19,0
CSV_LOG,49209000,19
LOG_FREE,49209000,494,8
LOG_SYS,49212000,18,0
CSV_LOG,49212000,18
LOG_FREE,49212000,482,35
LOG_SYS,49215000,18,0
CSV_LOG,49215000,18
LOG_SYS,49219000,18,0
CSV_LOG,49219000,18
LOG_ALLOC,49219000,483,0
LOG_SYS,49222000,19,0
CSV_LOG,49222000,19
LOG_ALLOC,49222000,498,1
LOG_SYS,49225000,20,0
CSV_LOG,49225000,20
LOG_ALLOC,49225000,498,4
LOG_SYS,49229000,21,0
CSV_LOG,49229000,21
LOG_ALLOC,49229000,498,7
LOG_SYS,49232000,22,0
CSV_LOG,49232000,22
LOG_ALLOC,49232000,498,8
LOG_SYS,49235000,23,0
CSV_LOG,49235000,23
LOG_ALLOC,49235000,498,12
LOG_SYS,49239000,24,0
CSV_LOG,49239000,24
LOG_ALLOC,49239000,483,13
LOG_SYS,49242000,25,0
CSV_LOG,49242000,25
LOG_ALLOC,49242000,483,15
LOG_SYS,49245000,26,0
CSV_LOG,49245000,26
LOG_ALLOC,49245000,483,17
LOG_SYS,49249000,27,0
CSV_LOG,49249000,27
LOG_SYS,49252000,27,0
CSV_LOG,49252000,27
LOG_SYS,49255000,26,0
CSV_LOG,49255000,26
LOG_FREE,49255000,474,10
LOG_SYS,49259000,25,0
CSV_LOG,49259000,25
LOG_FREE,49259000,495,14
LOG_SYS,49262000,25,0
CSV_LOG,49262000,25
LOG_SYS,49265000,24,0
CSV_LOG,49265000,24
LOG_FREE,49265000,491,2
LOG_SYS,49269000,24,0
CSV_LOG,49269000,24
LOG_SYS,49272000,24,0
CSV_LOG,49272000,24
LOG_SYS,49275000,24,0
CSV_LOG,49275000,24
LOG_SYS,49279000,24,0
CSV_LOG,49279000,24
LOG_SYS,49282000,24,0
CSV_LOG,49282000,24
LOG_SYS,49285000,24,0
CSV_LOG,49285000,24
LOG_SYS,49289000,24,0
CSV_LOG,49289000,24
LOG_SYS,49292000,24,0
CSV_LOG,49292000,24
LOG_SYS,49295000,23,0
CSV_LOG,49295000,23
LOG_FREE,49295000,496,30
LOG_SYS,49299000,22,0
CSV_LOG,49299000,22
LOG_FREE,49299000,498,12
LOG_SYS,49302000,22,0
CSV_LOG,49302000,22
LOG_SYS,49305000,22,0
CSV_LOG,49305000,22
LOG_SYS,49309000,22,0
CSV_LOG,49309000,22
LOG_SYS,49312000,22,0
CSV_LOG,49312000,22
LOG_SYS,49315000,22,0
CSV_LOG,49315000,22
LOG_SYS,49319000,22,0
CSV_LOG,49319000,22
LOG_SYS,49322000,22,0
CSV_LOG,49322000,22
LOG_SYS,49325000,22,0
CSV_LOG,49325000,22
LOG_SYS,49329000,22,0
CSV_LOG,49329000,22
LOG_SYS,49332000,21,0
CSV_LOG,49332000,21
LOG_FREE,49332000,483,17
LOG_SYS,49335000,20,0
CSV_LOG,49335000,20
LOG_FREE,49335000,489,3
LOG_SYS,49339000,20,0
CSV_LOG,49339000,20
LOG_SYS,49342000,20,0
CSV_LOG,49342000,20
LOG_SYS,49345000,20,0
CSV_LOG,49345000,20
LOG_SYS,49349000,20,0
CSV_LOG,49349000,20
LOG_SYS,49352000,19,0
CSV_LOG,49352000,19
LOG_FREE,49352000,489,5
LOG_SYS,49355000,18,0
CSV_LOG,49355000,18
LOG_FREE,49355000,493,9
LOG_SYS,49359000,18,0
CSV_LOG,49359000,18
LOG_ALLOC,49359000,490,2
LOG_SYS,49362000,19,0
CSV_LOG,49362000,19
LOG_ALLOC,49362000,500,3
LOG_SYS,49365000,19,0
CSV_LOG,49365000,19
LOG_ALLOC,49365000,500,5
LOG_FREE,49365000,496,31
LOG_SYS,49369000,19,0
CSV_LOG,49369000,19
LOG_ALLOC,49369000,500,9
LOG_FREE,49369000,493,29
LOG_SYS,49372000,19,0
CSV_LOG,49372000,19
LOG_ALLOC,49372000,497,10
LOG_FREE,49372000,491,36
LOG_SYS,49375000,20,0
CSV_LOG,49375000,20
LOG_ALLOC,49375000,497,12
LOG_SYS,49379000,21,0
CSV_LOG,49379000,21
LOG_ALLOC,49379000,497,14
LOG_SYS,49382000,22,0
CSV_LOG,49382000,22
LOG_ALLOC,49382000,497,17
LOG_SYS,49385000,23,0
CSV_LOG,49385000,23
LOG_ALLOC,49385000,497,19
LOG_SYS,49389000,24,0
CSV_LOG,49389000,24
LOG_ALLOC,49389000,497,23
LOG_SYS,49392000,24,0
CSV_LOG,49392000,24
LOG_ALLOC,49392000,497,14
LOG_FREE,49392000,497,14
LOG_SYS,49395000,25,0
CSV_LOG,49395000,25
LOG_ALLOC,49395000,497,24
LOG_SYS,49399000,26,0
CSV_LOG,49399000,26
LOG_ALLOC,49399000,490,25
LOG_SYS,49402000,27,0
CSV_LOG,49402000,27
LOG_SYS,49405000,27,0
CSV_LOG,49405000,27
LOG_SYS,49409000,27,0
CSV_LOG,49409000,27
LOG_SYS,49412000,27,0
CSV_LOG,49412000,27
LOG_SYS,49415000,26,0
CSV_LOG,49415000,26
LOG_FREE,49415000,497,14
LOG_SYS,49419000,25,0
CSV_LOG,49419000,25
LOG_FREE,49419000,497,19
LOG_SYS,49422000,25,0
CSV_LOG,49422000,25
LOG_SYS,49425000,25,0
CSV_LOG,49425000,25
LOG_SYS,49429000,25,0
CSV_LOG,49429000,25
LOG_SYS,49432000,25,0
CSV_LOG,49432000,25
LOG_SYS,49435000,25,0
CSV_LOG,49435000,25
LOG_SYS,49439000,24,0
CSV_LOG,49439000,24
LOG_FREE,49439000,491,22
LOG_SYS,49442000,24,0
CSV_LOG,49442000,24
LOG_SYS,49445000,24,0
CSV_LOG,49445000,24
LOG_SYS,49449000,23,0
CSV_LOG,49449000,23
LOG_FREE,49449000,483,15
LOG_SYS,49452000,22,0
CSV_LOG,49452000,22
LOG_FREE,49452000,500,5
LOG_SYS,49455000,22,0
CSV_LOG,49455000,22
LOG_SYS,49459000,22,0
CSV_LOG,49459000,22
LOG_SYS,49462000,22,0
CSV_LOG,49462000,22
LOG_SYS,49465000,22,0
CSV_LOG,49465000,22
LOG_SYS,49469000,22,0
CSV_LOG,49469000,22
LOG_SYS,49472000,22,0
CSV_LOG,49472000,22
LOG_SYS,49475000,22,0
CSV_LOG,49475000,22
LOG_SYS,49479000,22,0
CSV_LOG,49479000,22
LOG_SYS,49482000,22,0
CSV_LOG,49482000,22
LOG_SYS,49485000,22,0
CSV_LOG,49485000,22
LOG_SYS,49489000,22,0
CSV_LOG,49489000,22
LOG_SYS,49492000,22,0
CSV_LOG,49492000,22
LOG_SYS,49495000,22,0
CSV_LOG,49495000,22
LOG_SYS,49499000,22,0
CSV_LOG,49499000,22
LOG_SYS,49502000,22,0
CSV_LOG,49502000,22
LOG_SYS,49505000,22,0
CSV_LOG,49505000,22
LOG_SYS,49509000,21,0
CSV_LOG,49509000,21
LOG_FREE,49509000,483,0
LOG_SYS,49512000,21,0
CSV_LOG,49512000,21
LOG_SYS,49515000,21,0
CSV_LOG,49515000,21
LOG_SYS,49519000,21,0
CSV_LOG,49519000,21
LOG_SYS,49522000,21,0
CSV_LOG,49522000,21
LOG_SYS,49525000,21,0
CSV_LOG,49525000,21
LOG_SYS,49529000,21,0
CSV_LOG,49529000,21
LOG_SYS,49532000,21,0
CSV_LOG,49532000,21
LOG_SYS,49535000,21,0
CSV_LOG,49535000,21
LOG_SYS,49539000,20,0
CSV_LOG,49539000,20
LOG_FREE,49539000,490,25
LOG_SYS,49542000,20,0
CSV_LOG,49542000,20
LOG_SYS,49545000,20,0
CSV_LOG,49545000,20
LOG_SYS,49549000,20,0
CSV_LOG,49549000,20
LOG_SYS,49552000,20,0
CSV_LOG,49552000,20
LOG_SYS,49555000,20,0
CSV_LOG,49555000,20
LOG_SYS,49559000,20,0
CSV_LOG,49559000,20
LOG_SYS,49562000,20,0
CSV_LOG,49562000,20
LOG_SYS,49565000,20,0
CSV_LOG,49565000,20
LOG_SYS,49568000,20,0
CSV_LOG,49568000,20
LOG_SYS,49572000,20,0
CSV_LOG,49572000,20
LOG_SYS,49575000,20,0
CSV_LOG,49575000,20
LOG_SYS,49578000,20,0
CSV_LOG,49578000,20
LOG_SYS,49582000,20,0
CSV_LOG,49582000,20
LOG_SYS,49585000,20,0
CSV_LOG,49585000,20
LOG_SYS,49588000,19,0
CSV_LOG,49588000,19
LOG_FREE,49588000,490,2
LOG_SYS,49592000,18,0
CSV_LOG,49592000,18
LOG_FREE,49592000,500,3
LOG_SYS,49595000,18,0
CSV_LOG,49595000,18
LOG_SYS,49598000,17,0
CSV_LOG,49598000,17
LOG_FREE,49598000,497,24
LOG_SYS,49602000,17,0
CSV_LOG,49602000,17
LOG_SYS,49605000,16,0
CSV_LOG,49605000,16
LOG_FREE,49605000,497,10
LOG_SYS,49608000,16,0
CSV_LOG,49608000,16
LOG_SYS,49612000,16,0
CSV_LOG,49612000,16
LOG_SYS,49615000,16,0
CSV_LOG,49615000,16
LOG_SYS,49618000,16,0
CSV_LOG,49618000,16
LOG_SYS,49622000,16,0
CSV_LOG,49622000,16
LOG_SYS,49625000,16,0
CSV_LOG,49625000,16
LOG_SYS,49628000,16,0
CSV_LOG,49628000,16
LOG_SYS,49632000,16,0
CSV_LOG,49632000,16
LOG_SYS,49635000,16,0
CSV_LOG,49635000,16
LOG_SYS,49638000,16,0
CSV_LOG,49638000,16
LOG_SYS,49642000,16,0
CSV_LOG,49642000,16
LOG_SYS,49645000,16,0
CSV_LOG,49645000,16
LOG_SYS,49648000,16,0
CSV_LOG,49648000,16
LOG_SYS,49652000,16,0
CSV_LOG,49652000,16
LOG_SYS,49655000,16,0
CSV_LOG,49655000,16
LOG_SYS,49658000,16,0
CSV_LOG,49658000,16
LOG_SYS,49662000,16,0
CSV_LOG,49662000,16
LOG_SYS,49665000,16,0
CSV_LOG,49665000,16
LOG_SYS,49668000,16,0
CSV_LOG,49668000,16
LOG_SYS,49672000,16,0
CSV_LOG,49672000,16
LOG_SYS,49675000,16,0
CSV_LOG,49675000,16
LOG_SYS,49678000,16,0
CSV_LOG,49678000,16
LOG_SYS,49682000,16,0
CSV_LOG,49682000,16
LOG_SYS,49685000,16,0
CSV_LOG,49685000,16
LOG_SYS,49688000,16,0
CSV_LOG,49688000,16
LOG_SYS,49692000,16,0
CSV_LOG,49692000,16
LOG_SYS,49695000,16,0
CSV_LOG,49695000,16
LOG_SYS,49698000,16,0
CSV_LOG,49698000,16
LOG_SYS,49702000,16,0
CSV_LOG,49702000,16
LOG_SYS,49705000,16,0
CSV_LOG,49705000,16
LOG_SYS,49708000,16,0
CSV_LOG,49708000,16
LOG_SYS,49712000,16,0
CSV_LOG,49712000,16
LOG_SYS,49715000,16,0
CSV_LOG,49715000,16
LOG_SYS,49718000,16,0
CSV_LOG,49718000,16
LOG_SYS,49722000,16,0
CSV_LOG,49722000,16
LOG_SYS,49725000,16,0
CSV_LOG,49725000,16
LOG_SYS,49728000,16,0
CSV_LOG,49728000,16
LOG_SYS,49732000,16,0
CSV_LOG,49732000,16
LOG_SYS,49735000,16,0
CSV_LOG,49735000,16
LOG_SYS,49738000,16,0
CSV_LOG,49738000,16
LOG_SYS,49742000,16,0
CSV_LOG,49742000,16
LOG_SYS,49745000,15,0
CSV_LOG,49745000,15
LOG_FREE,49745000,494,6
LOG_SYS,49748000,14,0
CSV_LOG,49748000,14
LOG_FREE,49748000,479,20
LOG_SYS,49752000,13,0
CSV_LOG,49752000,13
LOG_FREE,49752000,493,37
LOG_SYS,49755000,13,0
CSV_LOG,49755000,13
LOG_ALLOC,49755000,480,0
LOG_SYS,49758000,14,0
CSV_LOG,49758000,14
LOG_ALLOC,49758000,480,2
LOG_SYS,49762000,15,0
CSV_LOG,49762000,15
LOG_ALLOC,49762000,480,3
LOG_SYS,49765000,16,0
CSV_LOG,49765000,16
LOG_ALLOC,49765000,480,5
LOG_SYS,49768000,16,0
CSV_LOG,49768000,16
LOG_ALLOC,49768000,480,2
LOG_FREE,49768000,480,2
LOG_SYS,49772000,17,0
CSV_LOG,49772000,17
LOG_ALLOC,49772000,480,6
LOG_SYS,49775000,18,0
CSV_LOG,49775000,18
LOG_ALLOC,49775000,480,10
LOG_SYS,49778000,19,0
CSV_LOG,49778000,19
LOG_ALLOC,49778000,480,14
LOG_SYS,49782000,20,0
CSV_LOG,49782000,20
LOG_SYS,49785000,20,0
CSV_LOG,49785000,20
LOG_SYS,49788000,20,0
CSV_LOG,49788000,20
LOG_SYS,49792000,20,0
CSV_LOG,49792000,20
LOG_SYS,49795000,20,0
CSV_LOG,49795000,20
LOG_SYS,49798000,20,0
CSV_LOG,49798000,20
LOG_SYS,49802000,20,0
CSV_LOG,49802000,20
LOG_SYS,49805000,19,0
CSV_LOG,49805000,19
LOG_FREE,49805000,485,21
LOG_SYS,49808000,19,0
CSV_LOG,49808000,19
LOG_SYS,49812000,19,0
CSV_LOG,49812000,19
LOG_SYS,49815000,18,0
CSV_LOG,49815000,18
LOG_FREE,49815000,480,6
LOG_SYS,49818000,18,0
CSV_LOG,49818000,18
LOG_SYS,49822000,18,0
CSV_LOG,49822000,18
LOG_SYS,49825000,18,0
CSV_LOG,49825000,18
LOG_SYS,49828000,18,0
CSV_LOG,49828000,18
LOG_SYS,49832000,18,0
CSV_LOG,49832000,18
LOG_SYS,49835000,18,0
CSV_LOG,49835000,18
LOG_SYS,49838000,18,0
CSV_LOG,49838000,18
LOG_SYS,49842000,18,0
CSV_LOG,49842000,18
LOG_SYS,49845000,18,0
CSV_LOG,49845000,18
LOG_SYS,49848000,18,0
CSV_LOG,49848000,18
LOG_SYS,49852000,18,0
CSV_LOG,49852000,18
LOG_SYS,49855000,18,0
CSV_LOG,49855000,18
LOG_SYS,49858000,17,0
CSV_LOG,49858000,17
LOG_FREE,49858000,483,13
LOG_SYS,49862000,17,0
CSV_LOG,49862000,17
LOG_SYS,49865000,16,0
CSV_LOG,49865000,16
LOG_ALLOC,49865000,484,6
LOG_FREE,49865000,477,18
LOG_SYS,49868000,17,0
CSV_LOG,49868000,17
LOG_SYS,49872000,17,0
CSV_LOG,49872000,17
LOG_SYS,49875000,17,0
CSV_LOG,49875000,17
LOG_SYS,49878000,17,0
CSV_LOG,49878000,17
LOG_SYS,49882000,17,0
CSV_LOG,49882000,17
LOG_SYS,49885000,17,0
CSV_LOG,49885000,17
LOG_SYS,49888000,17,0
CSV_LOG,49888000,17
LOG_SYS,49892000,17,0
CSV_LOG,49892000,17
LOG_SYS,49895000,17,0
CSV_LOG,49895000,17
LOG_SYS,49898000,17,0
CSV_LOG,49898000,17
LOG_SYS,49902000,17,0
CSV_LOG,49902000,17
LOG_SYS,49905000,17,0
CSV_LOG,49905000,17
LOG_SYS,49908000,17,0
CSV_LOG,49908000,17
LOG_SYS,49912000,17,0
CSV_LOG,49912000,17
LOG_SYS,49915000,17,0
CSV_LOG,49915000,17
LOG_SYS,49918000,17,0
CSV_LOG,49918000,17
LOG_SYS,49922000,17,0
CSV_LOG,49922000,17
LOG_SYS,49925000,17,0
CSV_LOG,49925000,17
LOG_SYS,49928000,16,0
CSV_LOG,49928000,16
LOG_FREE,49928000,480,3
LOG_SYS,49932000,15,0
CSV_LOG,49932000,15
LOG_FREE,49932000,497,17
LOG_SYS,49935000,14,0
CSV_LOG,49935000,14
LOG_FREE,49935000,498,1
LOG_SYS,49938000,13,0
CSV_LOG,49938000,13
LOG_FREE,49938000,497,23
LOG_SYS,49942000,13,0
CSV_LOG,49942000,13
LOG_SYS,49945000,13,0
CSV_LOG,49945000,13
LOG_SYS,49948000,13,0
CSV_LOG,49948000,13
LOG_SYS,49952000,13,0
CSV_LOG,49952000,13
LOG_SYS,49955000,13,0
CSV_LOG,49955000,13
LOG_SYS,49958000,13,0
CSV_LOG,49958000,13
LOG_SYS,49962000,13,0
CSV_LOG,49962000,13
LOG_SYS,49965000,12,0
CSV_LOG,49965000,12
LOG_FREE,49965000,480,5
LOG_SYS,49968000,11,0
CSV_LOG,49968000,11
LOG_FREE,49968000,500,9
LOG_SYS,49972000,11,0
CSV_LOG,49972000,11
LOG_SYS,49975000,11,0
CSV_LOG,49975000,11
LOG_SYS,49978000,11,0
CSV_LOG,49978000,11
LOG_SYS,49982000,11,0
CSV_LOG,49982000,11
LOG_SYS,49985000,11,0
CSV_LOG,49985000,11
LOG_SYS,49988000,11,0
CSV_LOG,49988000,11
LOG_SYS,49992000,11,0
CSV_LOG,49992000,11
LOG_SYS,49995000,11,0
CSV_LOG,49995000,11
LOG_SYS,49998000,11,0
CSV_LOG,49998000,11
LOG_SYS,50002000,11,0
CSV_LOG,50002000,11
LOG_SYS,50005000,11,0
CSV_LOG,50005000,11
LOG_SYS,50008000,11,0
CSV_LOG,50008000,11
LOG_SYS,50012000,11,0
CSV_LOG,50012000,11
LOG_SYS,50015000,11,0
CSV_LOG,50015000,11
LOG_SYS,50018000,11,0
CSV_LOG,50018000,11
LOG_SYS,50022000,11,0
CSV_LOG,50022000,11
LOG_SYS,50025000,11,0
CSV_LOG,50025000,11
LOG_SYS,50028000,11,0
CSV_LOG,50028000,11
LOG_SYS,50032000,11,0
CSV_LOG,50032000,11
LOG_SYS,50035000,11,0
CSV_LOG,50035000,11
LOG_SYS,50038000,11,0
CSV_LOG,50038000,11
LOG_SYS,50042000,11,0
CSV_LOG,50042000,11
LOG_SYS,50045000,11,0
CSV_LOG,50045000,11
LOG_SYS,50048000,11,0
CSV_LOG,50048000,11
LOG_SYS,50052000,11,0
CSV_LOG,50052000,11
LOG_SYS,50055000,11,0
CSV_LOG,50055000,11
LOG_SYS,50058000,11,0
CSV_LOG,50058000,11
LOG_SYS,50062000,11,0
CSV_LOG,50062000,11
LOG_SYS,50065000,11,0
CSV_LOG,50065000,11
LOG_SYS,50068000,11,0
CSV_LOG,50068000,11
LOG_SYS,50072000,11,0
CSV_LOG,50072000,11
LOG_SYS,50075000,11,0
CSV_LOG,50075000,11
LOG_SYS,50078000,11,0
CSV_LOG,50078000,11
LOG_SYS,50082000,11,0
CSV_LOG,50082000,11
LOG_SYS,50085000,11,0
CSV_LOG,50085000,11
LOG_SYS,50088000,11,0
CSV_LOG,50088000,11
LOG_SYS,50092000,11,0
CSV_LOG,50092000,11
LOG_SYS,50095000,11,0
CSV_LOG,50095000,11
LOG_SYS,50098000,11,0
CSV_LOG,50098000,11
LOG_SYS,50102000,11,0
CSV_LOG,50102000,11
LOG_SYS,50105000,11,0
CSV_LOG,50105000,11
LOG_SYS,50108000,11,0
CSV_LOG,50108000,11
LOG_SYS,50112000,11,0
CSV_LOG,50112000,11
LOG_SYS,50115000,11,0
CSV_LOG,50115000,11
LOG_SYS,50118000,11,0
CSV_LOG,50118000,11
LOG_SYS,50122000,11,0
CSV_LOG,50122000,11
LOG_SYS,50125000,11,0
CSV_LOG,50125000,11
LOG_SYS,50128000,11,0
CSV_LOG,50128000,11
LOG_SYS,50132000,11,0
CSV_LOG,50132000,11
LOG_SYS,50135000,10,0
CSV_LOG,50135000,10
LOG_FREE,50135000,498,7
LOG_SYS,50138000,10,0
CSV_LOG,50138000,10
LOG_SYS,50142000,10,0
CSV_LOG,50142000,10
LOG_SYS,50145000,10,0
CSV_LOG,50145000,10
LOG_SYS,50148000,10,0
CSV_LOG,50148000,10
LOG_SYS,50152000,10,0
CSV_LOG,50152000,10
LOG_SYS,50155000,10,0
CSV_LOG,50155000,10
LOG_SYS,50158000,10,0
CSV_LOG,50158000,10
LOG_SYS,50162000,10,0
CSV_LOG,50162000,10
LOG_SYS,50165000,10,0
CSV_LOG,50165000,10
LOG_SYS,50168000,10,0
CSV_LOG,50168000,10
LOG_SYS,50172000,10,0
CSV_LOG,50172000,10
LOG_SYS,50175000,10,0
CSV_LOG,50175000,10
LOG_SYS,50178000,10,0
CSV_LOG,50178000,10
LOG_SYS,50182000,10,0
CSV_LOG,50182000,10
LOG_SYS,50185000,10,0
CSV_LOG,50185000,10
LOG_SYS,50188000,10,0
CSV_LOG,50188000,10
LOG_SYS,50192000,10,0
CSV_LOG,50192000,10
LOG_SYS,50195000,10,0
CSV_LOG,50195000,10
LOG_SYS,50198000,10,0
CSV_LOG,50198000,10
LOG_SYS,50202000,10,0
CSV_LOG,50202000,10
LOG_SYS,50205000,10,0
CSV_LOG,50205000,10
LOG_SYS,50208000,10,0
CSV_LOG,50208000,10
LOG_SYS,50212000,10,0
CSV_LOG,50212000,10
LOG_SYS,50215000,10,0
CSV_LOG,50215000,10
LOG_SYS,50218000,10,0
CSV_LOG,50218000,10
LOG_SYS,50222000,10,0
CSV_LOG,50222000,10
LOG_SYS,50225000,10,0
CSV_LOG,50225000,10
LOG_SYS,50228000,10,0
CSV_LOG,50228000,10
LOG_SYS,50232000,10,0
CSV_LOG,50232000,10
LOG_SYS,50235000,10,0
CSV_LOG,50235000,10
LOG_SYS,50238000,10,0
CSV_LOG,50238000,10
LOG_SYS,50242000,10,0
CSV_LOG,50242000,10
LOG_SYS,50245000,10,0
CSV_LOG,50245000,10
LOG_SYS,50248000,10,0
CSV_LOG,50248000,10
LOG_SYS,50252000,10,0
CSV_LOG,50252000,10
LOG_SYS,50255000,10,0
CSV_LOG,50255000,10
LOG_SYS,50258000,10,0
CSV_LOG,50258000,10
LOG_SYS,50262000,10,0
CSV_LOG,50262000,10
LOG_SYS,50265000,10,0
CSV_LOG,50265000,10
LOG_SYS,50268000,10,0
CSV_LOG,50268000,10
LOG_SYS,50272000,10,0
CSV_LOG,50272000,10
LOG_SYS,50275000,10,0
CSV_LOG,50275000,10
LOG_SYS,50278000,9,0
CSV_LOG,50278000,9
LOG_FREE,50278000,495,16
LOG_SYS,50282000,9,0
CSV_LOG,50282000,9
LOG_SYS,50285000,9,0
CSV_LOG,50285000,9
LOG_SYS,50288000,9,0
CSV_LOG,50288000,9
LOG_SYS,50292000,9,0
CSV_LOG,50292000,9
LOG_SYS,50295000,9,0
CSV_LOG,50295000,9
LOG_SYS,50298000,9,0
CSV_LOG,50298000,9
LOG_SYS,50302000,9,0
CSV_LOG,50302000,9
LOG_SYS,50305000,9,0
CSV_LOG,50305000,9
LOG_SYS,50308000,9,0
CSV_LOG,50308000,9
LOG_SYS,50312000,9,0
CSV_LOG,50312000,9
LOG_SYS,50315000,9,0
CSV_LOG,50315000,9
LOG_SYS,50318000,9,0
CSV_LOG,50318000,9
LOG_SYS,50322000,9,0
CSV_LOG,50322000,9
LOG_SYS,50325000,9,0
CSV_LOG,50325000,9
LOG_SYS,50328000,9,0
CSV_LOG,50328000,9
LOG_SYS,50332000,9,0
CSV_LOG,50332000,9
LOG_SYS,50335000,9,0
CSV_LOG,50335000,9
LOG_SYS,50338000,9,0
CSV_LOG,50338000,9
LOG_SYS,50342000,9,0
CSV_LOG,50342000,9
LOG_SYS,50345000,9,0
CSV_LOG,50345000,9
LOG_SYS,50348000,9,0
CSV_LOG,50348000,9
LOG_SYS,50352000,9,0
CSV_LOG,50352000,9
LOG_SYS,50355000,9,0
CSV_LOG,50355000,9
LOG_SYS,50358000,9,0
CSV_LOG,50358000,9
LOG_SYS,50362000,9,0
CSV_LOG,50362000,9
LOG_SYS,50365000,9,0
CSV_LOG,50365000,9
LOG_SYS,50368000,9,0
CSV_LOG,50368000,9
LOG_SYS,50372000,9,0
CSV_LOG,50372000,9
LOG_SYS,50375000,9,0
CSV_LOG,50375000,9
LOG_SYS,50378000,9,0
CSV_LOG,50378000,9
LOG_SYS,50382000,8,0
CSV_LOG,50382000,8
LOG_FREE,50382000,480,2
LOG_SYS,50385000,8,0
CSV_LOG,50385000,8
LOG_SYS,50388000,8,0
CSV_LOG,50388000,8
LOG_SYS,50392000,8,0
CSV_LOG,50392000,8
LOG_SYS,50395000,8,0
CSV_LOG,50395000,8
LOG_SYS,50398000,8,0
CSV_LOG,50398000,8
LOG_SYS,50401000,8,0
CSV_LOG,50401000,8
LOG_SYS,50405000,8,0
CSV_LOG,50405000,8
LOG_SYS,50408000,8,0
CSV_LOG,50408000,8
LOG_SYS,50411000,8,0
CSV_LOG,50411000,8
LOG_SYS,50415000,8,0
CSV_LOG,50415000,8
LOG_SYS,50418000,8,0
CSV_LOG,50418000,8
LOG_SYS,50421000,8,0
CSV_LOG,50421000,8
LOG_SYS,50425000,8,0
CSV_LOG,50425000,8
LOG_SYS,50428000,8,0
CSV_LOG,50428000,8
LOG_SYS,50431000,8,0
CSV_LOG,50431000,8
LOG_SYS,50435000,8,0
CSV_LOG,50435000,8
LOG_SYS,50438000,8,0
CSV_LOG,50438000,8
LOG_SYS,50441000,8,0
CSV_LOG,50441000,8
LOG_SYS,50445000,8,0
CSV_LOG,50445000,8
LOG_SYS,50448000,8,0
CSV_LOG,50448000,8
LOG_SYS,50451000,8,0
CSV_LOG,50451000,8
LOG_SYS,50455000,8,0
CSV_LOG,50455000,8
LOG_SYS,50458000,8,0
CSV_LOG,50458000,8
LOG_SYS,50461000,8,0
CSV_LOG,50461000,8
LOG_SYS,50465000,8,0
CSV_LOG,50465000,8
LOG_SYS,50468000,8,0
CSV_LOG,50468000,8
LOG_SYS,50471000,8,0
CSV_LOG,50471000,8
LOG_SYS,50475000,8,0
CSV_LOG,50475000,8
LOG_SYS,50478000,8,0
CSV_LOG,50478000,8
LOG_SYS,50481000,8,0
CSV_LOG,50481000,8
LOG_SYS,50485000,8,0
CSV_LOG,50485000,8
LOG_SYS,50488000,8,0
CSV_LOG,50488000,8
LOG_SYS,50491000,8,0
CSV_LOG,50491000,8
LOG_SYS,50495000,8,0
CSV_LOG,50495000,8
LOG_SYS,50498000,8,0
CSV_LOG,50498000,8
LOG_SYS,50501000,8,0
CSV_LOG,50501000,8
LOG_SYS,50505000,8,0
CSV_LOG,50505000,8
LOG_SYS,50508000,8,0
CSV_LOG,50508000,8
LOG_SYS,50511000,8,0
CSV_LOG,50511000,8
LOG_SYS,50515000,8,0
CSV_LOG,50515000,8
LOG_SYS,50518000,8,0
CSV_LOG,50518000,8
LOG_SYS,50521000,8,0
CSV_LOG,50521000,8
LOG_SYS,50525000,8,0
CSV_LOG,50525000,8
LOG_SYS,50528000,8,0
CSV_LOG,50528000,8
LOG_SYS,50531000,8,0
CSV_LOG,50531000,8
LOG_SYS,50535000,8,0
CSV_LOG,50535000,8
LOG_SYS,50538000,8,0
CSV_LOG,50538000,8
LOG_SYS,50541000,8,0
CSV_LOG,50541000,8
LOG_SYS,50545000,8,0
CSV_LOG,50545000,8
LOG_SYS,50548000,7,0
CSV_LOG,50548000,7
LOG_FREE,50548000,494,11
LOG_SYS,50551000,7,0
CSV_LOG,50551000,7
LOG_SYS,50555000,6,0
CSV_LOG,50555000,6
LOG_FREE,50555000,497,12
LOG_SYS,50558000,6,0
CSV_LOG,50558000,6
LOG_SYS,50561000,6,0
CSV_LOG,50561000,6
LOG_SYS,50565000,6,0
CSV_LOG,50565000,6
LOG_SYS,50568000,6,0
CSV_LOG,50568000,6
LOG_SYS,50571000,6,0
CSV_LOG,50571000,6
LOG_SYS,50575000,6,0
CSV_LOG,50575000,6
LOG_SYS,50578000,6,0
CSV_LOG,50578000,6
LOG_SYS,50581000,6,0
CSV_LOG,50581000,6
LOG_SYS,50585000,6,0
CSV_LOG,50585000,6
LOG_SYS,50588000,6,0
CSV_LOG,50588000,6
LOG_SYS,50591000,6,0
CSV_LOG,50591000,6
LOG_SYS,50595000,6,0
CSV_LOG,50595000,6
LOG_SYS,50598000,6,0
CSV_LOG,50598000,6
LOG_SYS,50601000,6,0
CSV_LOG,50601000,6
LOG_SYS,50605000,6,0
CSV_LOG,50605000,6
LOG_SYS,50608000,6,0
CSV_LOG,50608000,6
LOG_SYS,50611000,6,0
CSV_LOG,50611000,6
LOG_SYS,50615000,6,0
CSV_LOG,50615000,6
LOG_SYS,50618000,6,0
CSV_LOG,50618000,6
LOG_SYS,50621000,6,0
CSV_LOG,50621000,6
LOG_SYS,50625000,6,0
CSV_LOG,50625000,6
LOG_SYS,50628000,6,0
CSV_LOG,50628000,6
LOG_SYS,50631000,6,0
CSV_LOG,50631000,6
LOG_SYS,50635000,6,0
CSV_LOG,50635000,6
LOG_SYS,50638000,6,0
CSV_LOG,50638000,6
LOG_SYS,50641000,5,0
CSV_LOG,50641000,5
LOG_FREE,50641000,498,4
LOG_SYS,50645000,5,0
CSV_LOG,50645000,5
LOG_SYS,50648000,5,0
CSV_LOG,50648000,5
LOG_SYS,50651000,5,0
CSV_LOG,50651000,5
LOG_SYS,50655000,5,0
CSV_LOG,50655000,5
LOG_SYS,50658000,5,0
CSV_LOG,50658000,5
LOG_SYS,50661000,5,0
CSV_LOG,50661000,5
LOG_SYS,50665000,5,0
CSV_LOG,50665000,5
LOG_SYS,50668000,5,0
CSV_LOG,50668000,5
LOG_SYS,50671000,5,0
CSV_LOG,50671000,5
LOG_SYS,50675000,5,0
CSV_LOG,50675000,5
LOG_SYS,50678000,5,0
CSV_LOG,50678000,5
LOG_SYS,50681000,5,0
CSV_LOG,50681000,5
LOG_SYS,50685000,5,0
CSV_LOG,50685000,5
LOG_SYS,50688000,5,0
CSV_LOG,50688000,5
LOG_SYS,50691000,5,0
CSV_LOG,50691000,5
LOG_SYS,50695000,5,0
CSV_LOG,50695000,5
LOG_SYS,50698000,5,0
CSV_LOG,50698000,5
LOG_SYS,50701000,5,0
CSV_LOG,50701000,5
LOG_SYS,50705000,5,0
CSV_LOG,50705000,5
LOG_SYS,50708000,5,0
CSV_LOG,50708000,5
LOG_SYS,50711000,5,0
CSV_LOG,50711000,5
LOG_SYS,50715000,5,0
CSV_LOG,50715000,5
LOG_SYS,50718000,5,0
CSV_LOG,50718000,5
LOG_SYS,50721000,5,0
CSV_LOG,50721000,5
LOG_SYS,50725000,5,0
CSV_LOG,50725000,5
LOG_SYS,50728000,5,0
CSV_LOG,50728000,5
LOG_SYS,50731000,5,0
CSV_LOG,50731000,5
LOG_SYS,50735000,5,0
CSV_LOG,50735000,5
LOG_SYS,50738000,5,0
CSV_LOG,50738000,5
LOG_SYS,50741000,5,0
CSV_LOG,50741000,5
LOG_SYS,50745000,5,0
CSV_LOG,50745000,5
LOG_SYS,50748000,5,0
CSV_LOG,50748000,5
LOG_SYS,50751000,5,0
CSV_LOG,50751000,5
LOG_SYS,50755000,5,0
CSV_LOG,50755000,5
LOG_SYS,50758000,5,0
CSV_LOG,50758000,5
LOG_SYS,50761000,5,0
CSV_LOG,50761000,5
LOG_SYS,50765000,5,0
CSV_LOG,50765000,5
LOG_SYS,50768000,5,0
CSV_LOG,50768000,5
LOG_SYS,50771000,5,0
CSV_LOG,50771000,5
LOG_SYS,50775000,5,0
CSV_LOG,50775000,5
LOG_SYS,50778000,5,0
CSV_LOG,50778000,5
LOG_SYS,50781000,5,0
CSV_LOG,50781000,5
LOG_SYS,50785000,5,0
CSV_LOG,50785000,5
LOG_SYS,50788000,5,0
CSV_LOG,50788000,5
LOG_SYS,50791000,5,0
CSV_LOG,50791000,5
LOG_SYS,50795000,5,0
CSV_LOG,50795000,5
LOG_SYS,50798000,5,0
CSV_LOG,50798000,5
LOG_SYS,50801000,5,0
CSV_LOG,50801000,5
LOG_SYS,50805000,5,0
CSV_LOG,50805000,5
LOG_SYS,50808000,5,0
CSV_LOG,50808000,5
LOG_SYS,50811000,5,0
CSV_LOG,50811000,5
LOG_SYS,50815000,5,0
CSV_LOG,50815000,5
LOG_SYS,50818000,5,0
CSV_LOG,50818000,5
LOG_SYS,50821000,5,0
CSV_LOG,50821000,5
LOG_SYS,50825000,5,0
CSV_LOG,50825000,5
LOG_SYS,50828000,5,0
CSV_LOG,50828000,5
LOG_SYS,50831000,5,0
CSV_LOG,50831000,5
LOG_SYS,50835000,5,0
CSV_LOG,50835000,5
LOG_SYS,50838000,5,0
CSV_LOG,50838000,5
LOG_SYS,50841000,5,0
CSV_LOG,50841000,5
LOG_SYS,50845000,5,0
CSV_LOG,50845000,5
LOG_SYS,50848000,5,0
CSV_LOG,50848000,5
LOG_SYS,50851000,5,0
CSV_LOG,50851000,5
LOG_SYS,50855000,5,0
CSV_LOG,50855000,5
LOG_SYS,50858000,5,0
CSV_LOG,50858000,5
LOG_SYS,50861000,5,0
CSV_LOG,50861000,5
LOG_SYS,50865000,5,0
CSV_LOG,50865000,5
LOG_SYS,50868000,5,0
CSV_LOG,50868000,5
LOG_SYS,50871000,5,0
CSV_LOG,50871000,5
LOG_SYS,50875000,5,0
CSV_LOG,50875000,5
LOG_SYS,50878000,5,0
CSV_LOG,50878000,5
LOG_SYS,50881000,5,0
CSV_LOG,50881000,5
LOG_SYS,50885000,5,0
CSV_LOG,50885000,5
LOG_SYS,50888000,4,0
CSV_LOG,50888000,4
LOG_FREE,50888000,480,10
LOG_SYS,50891000,4,0
CSV_LOG,50891000,4
LOG_SYS,50895000,4,0
CSV_LOG,50895000,4
LOG_SYS,50898000,4,0
CSV_LOG,50898000,4
LOG_SYS,50901000,4,0
CSV_LOG,50901000,4
LOG_SYS,50905000,4,0
CSV_LOG,50905000,4
LOG_SYS,50908000,4,0
CSV_LOG,50908000,4
LOG_SYS,50911000,4,0
CSV_LOG,50911000,4
LOG_SYS,50915000,4,0
CSV_LOG,50915000,4
LOG_SYS,50918000,4,0
CSV_LOG,50918000,4
LOG_SYS,50921000,4,0
CSV_LOG,50921000,4
LOG_SYS,50925000,4,0
CSV_LOG,50925000,4
LOG_SYS,50928000,4,0
CSV_LOG,50928000,4
LOG_SYS,50931000,4,0
CSV_LOG,50931000,4
LOG_SYS,50935000,4,0
CSV_LOG,50935000,4
LOG_SYS,50938000,4,0
CSV_LOG,50938000,4
LOG_SYS,50941000,4,0
CSV_LOG,50941000,4
LOG_SYS,50945000,4,0
CSV_LOG,50945000,4
LOG_SYS,50948000,4,0
CSV_LOG,50948000,4
LOG_SYS,50951000,4,0
CSV_LOG,50951000,4
LOG_SYS,50955000,4,0
CSV_LOG,50955000,4
LOG_SYS,50958000,4,0
CSV_LOG,50958000,4
LOG_SYS,50961000,4,0
CSV_LOG,50961000,4
LOG_SYS,50965000,4,0
CSV_LOG,50965000,4
LOG_SYS,50968000,4,0
CSV_LOG,50968000,4
LOG_SYS,50971000,4,0
CSV_LOG,50971000,4
LOG_SYS,50975000,4,0
CSV_LOG,50975000,4
LOG_SYS,50978000,4,0
CSV_LOG,50978000,4
LOG_SYS,50981000,4,0
CSV_LOG,50981000,4
LOG_SYS,50985000,4,0
CSV_LOG,50985000,4
LOG_SYS,50988000,4,0
CSV_LOG,50988000,4
LOG_SYS,50991000,4,0
CSV_LOG,50991000,4
LOG_SYS,50995000,4,0
CSV_LOG,50995000,4
LOG_SYS,50998000,4,0
CSV_LOG,50998000,4
LOG_SYS,51001000,4,0
CSV_LOG,51001000,4
LOG_SYS,51005000,4,0
CSV_LOG,51005000,4
LOG_SYS,51008000,4,0
CSV_LOG,51008000,4
LOG_SYS,51011000,4,0
CSV_LOG,51011000,4
LOG_SYS,51015000,4,0
CSV_LOG,51015000,4
LOG_SYS,51018000,4,0
CSV_LOG,51018000,4
LOG_SYS,51021000,4,0
CSV_LOG,51021000,4
LOG_SYS,51025000,4,0
CSV_LOG,51025000,4
LOG_SYS,51028000,4,0
CSV_LOG,51028000,4
LOG_SYS,51031000,4,0
CSV_LOG,51031000,4
LOG_SYS,51035000,4,0
CSV_LOG,51035000,4
LOG_SYS,51038000,4,0
CSV_LOG,51038000,4
LOG_SYS,51041000,4,0
CSV_LOG,51041000,4
LOG_SYS,51045000,4,0
CSV_LOG,51045000,4
LOG_SYS,51048000,4,0
CSV_LOG,51048000,4
LOG_SYS,51051000,4,0
CSV_LOG,51051000,4
LOG_SYS,51055000,4,0
CSV_LOG,51055000,4
LOG_SYS,51058000,4,0
CSV_LOG,51058000,4
LOG_SYS,51061000,4,0
CSV_LOG,51061000,4
LOG_SYS,51065000,4,0
CSV_LOG,51065000,4
LOG_SYS,51068000,4,0
CSV_LOG,51068000,4
LOG_SYS,51071000,4,0
CSV_LOG,51071000,4
LOG_SYS,51075000,4,0
CSV_LOG,51075000,4
LOG_SYS,51078000,4,0
CSV_LOG,51078000,4
LOG_SYS,51081000,4,0
CSV_LOG,51081000,4
LOG_SYS,51085000,4,0
CSV_LOG,51085000,4
LOG_SYS,51088000,4,0
CSV_LOG,51088000,4
LOG_SYS,51091000,4,0
CSV_LOG,51091000,4
LOG_SYS,51095000,4,0
CSV_LOG,51095000,4
LOG_SYS,51098000,4,0
CSV_LOG,51098000,4
LOG_SYS,51101000,4,0
CSV_LOG,51101000,4
LOG_SYS,51105000,4,0
CSV_LOG,51105000,4
LOG_SYS,51108000,4,0
CSV_LOG,51108000,4
LOG_SYS,51111000,4,0
CSV_LOG,51111000,4
LOG_SYS,51115000,4,0
CSV_LOG,51115000,4
LOG_SYS,51118000,4,0
CSV_LOG,51118000,4
LOG_SYS,51121000,4,0
CSV_LOG,51121000,4
LOG_SYS,51125000,4,0
CSV_LOG,51125000,4
LOG_SYS,51128000,3,0
CSV_LOG,51128000,3
LOG_FREE,51128000,480,0
LOG_SYS,51131000,3,0
CSV_LOG,51131000,3
LOG_SYS,51135000,3,0
CSV_LOG,51135000,3
LOG_SYS,51138000,3,0
CSV_LOG,51138000,3
LOG_SYS,51141000,3,0
CSV_LOG,51141000,3
LOG_SYS,51145000,3,0
CSV_LOG,51145000,3
LOG_SYS,51148000,3,0
CSV_LOG,51148000,3
LOG_SYS,51151000,3,0
CSV_LOG,51151000,3
LOG_SYS,51155000,3,0
CSV_LOG,51155000,3
LOG_SYS,51158000,3,0
CSV_LOG,51158000,3
LOG_SYS,51161000,3,0
CSV_LOG,51161000,3
LOG_SYS,51165000,3,0
CSV_LOG,51165000,3
LOG_SYS,51168000,3,0
CSV_LOG,51168000,3
LOG_SYS,51171000,3,0
CSV_LOG,51171000,3
LOG_SYS,51175000,3,0
CSV_LOG,51175000,3
LOG_SYS,51178000,3,0
CSV_LOG,51178000,3
LOG_SYS,51181000,3,0
CSV_LOG,51181000,3
LOG_SYS,51185000,3,0
CSV_LOG,51185000,3
LOG_SYS,51188000,3,0
CSV_LOG,51188000,3
LOG_SYS,51191000,3,0
CSV_LOG,51191000,3
LOG_SYS,51195000,3,0
CSV_LOG,51195000,3
LOG_SYS,51198000,3,0
CSV_LOG,51198000,3
LOG_SYS,51201000,3,0
CSV_LOG,51201000,3
LOG_SYS,51205000,3,0
CSV_LOG,51205000,3
LOG_SYS,51208000,3,0
CSV_LOG,51208000,3
LOG_SYS,51211000,3,0
CSV_LOG,51211000,3
LOG_SYS,51215000,3,0
CSV_LOG,51215000,3
LOG_SYS,51218000,3,0
CSV_LOG,51218000,3
LOG_SYS,51221000,3,0
CSV_LOG,51221000,3
LOG_SYS,51225000,3,0
CSV_LOG,51225000,3
LOG_SYS,51228000,3,0
CSV_LOG,51228000,3
LOG_SYS,51231000,3,0
CSV_LOG,51231000,3
LOG_SYS,51234000,3,0
CSV_LOG,51234000,3
LOG_SYS,51238000,3,0
CSV_LOG,51238000,3
LOG_SYS,51241000,3,0
CSV_LOG,51241000,3
LOG_SYS,51244000,3,0
CSV_LOG,51244000,3
LOG_SYS,51248000,3,0
CSV_LOG,51248000,3
LOG_SYS,51251000,3,0
CSV_LOG,51251000,3
LOG_SYS,51254000,3,0
CSV_LOG,51254000,3
LOG_SYS,51258000,3,0
CSV_LOG,51258000,3
LOG_SYS,51261000,3,0
CSV_LOG,51261000,3
LOG_SYS,51264000,3,0
CSV_LOG,51264000,3
LOG_SYS,51268000,3,0
CSV_LOG,51268000,3
LOG_SYS,51271000,3,0
CSV_LOG,51271000,3
LOG_SYS,51274000,3,0
CSV_LOG,51274000,3
LOG_SYS,51278000,3,0
CSV_LOG,51278000,3
LOG_SYS,51281000,2,0
CSV_LOG,51281000,2
LOG_FREE,51281000,498,8
LOG_SYS,51284000,2,0
CSV_LOG,51284000,2
LOG_SYS,51288000,2,0
CSV_LOG,51288000,2
LOG_ALLOC,51288000,499,0
LOG_SYS,51291000,3,0
CSV_LOG,51291000,3
LOG_ALLOC,51291000,499,1
LOG_SYS,51294000,4,0
CSV_LOG,51294000,4
LOG_ALLOC,51294000,499,2
LOG_SYS,51298000,5,0
CSV_LOG,51298000,5
LOG_ALLOC,51298000,499,3
LOG_SYS,51301000,6,0
CSV_LOG,51301000,6
LOG_SYS,51304000,5,0
CSV_LOG,51304000,5
LOG_FREE,51304000,484,6
LOG_SYS,51308000,5,0
CSV_LOG,51308000,5
LOG_SYS,51311000,5,0
CSV_LOG,51311000,5
LOG_SYS,51314000,5,0
CSV_LOG,51314000,5
LOG_SYS,51318000,5,0
CSV_LOG,51318000,5
LOG_SYS,51321000,5,0
CSV_LOG,51321000,5
LOG_SYS,51324000,5,0
CSV_LOG,51324000,5
LOG_SYS,51328000,5,0
CSV_LOG,51328000,5
LOG_SYS,51331000,5,0
CSV_LOG,51331000,5
LOG_SYS,51334000,4,0
CSV_LOG,51334000,4
LOG_FREE,51334000,499,1
LOG_SYS,51338000,4,0
CSV_LOG,51338000,4
LOG_SYS,51341000,4,0
CSV_LOG,51341000,4
LOG_SYS,51344000,4,0
CSV_LOG,51344000,4
LOG_SYS,51348000,4,0
CSV_LOG,51348000,4
LOG_SYS,51351000,4,0
CSV_LOG,51351000,4
LOG_SYS,51354000,4,0
CSV_LOG,51354000,4
LOG_SYS,51358000,4,0
CSV_LOG,51358000,4
LOG_SYS,51361000,4,0
CSV_LOG,51361000,4
LOG_SYS,51364000,4,0
CSV_LOG,51364000,4
LOG_SYS,51368000,4,0
CSV_LOG,51368000,4
LOG_SYS,51371000,4,0
CSV_LOG,51371000,4
LOG_SYS,51374000,4,0
CSV_LOG,51374000,4
LOG_SYS,51378000,4,0
CSV_LOG,51378000,4
LOG_SYS,51381000,4,0
CSV_LOG,51381000,4
LOG_SYS,51384000,4,0
CSV_LOG,51384000,4
LOG_SYS,51388000,4,0
CSV_LOG,51388000,4
LOG_SYS,51391000,4,0
CSV_LOG,51391000,4
LOG_SYS,51394000,4,0
CSV_LOG,51394000,4
LOG_SYS,51398000,4,0
CSV_LOG,51398000,4
LOG_SYS,51401000,4,0
CSV_LOG,51401000,4
LOG_SYS,51404000,4,0
CSV_LOG,51404000,4
LOG_SYS,51408000,4,0
CSV_LOG,51408000,4
LOG_SYS,51411000,4,0
CSV_LOG,51411000,4
LOG_SYS,51414000,4,0
CSV_LOG,51414000,4
LOG_SYS,51418000,3,0
CSV_LOG,51418000,3
LOG_FREE,51418000,499,0
LOG_SYS,51421000,3,0
CSV_LOG,51421000,3
LOG_SYS,51424000,3,0
CSV_LOG,51424000,3
LOG_SYS,51428000,3,0
CSV_LOG,51428000,3
LOG_SYS,51431000,3,0
CSV_LOG,51431000,3
LOG_SYS,51434000,3,0
CSV_LOG,51434000,3
LOG_SYS,51438000,3,0
CSV_LOG,51438000,3
LOG_SYS,51441000,3,0
CSV_LOG,51441000,3
LOG_SYS,51444000,3,0
CSV_LOG,51444000,3
LOG_SYS,51448000,3,0
CSV_LOG,51448000,3
LOG_SYS,51451000,3,0
CSV_LOG,51451000,3
LOG_SYS,51454000,3,0
CSV_LOG,51454000,3
LOG_SYS,51458000,3,0
CSV_LOG,51458000,3
LOG_SYS,51461000,3,0
CSV_LOG,51461000,3
LOG_SYS,51464000,3,0
CSV_LOG,51464000,3
LOG_SYS,51468000,3,0
CSV_LOG,51468000,3
LOG_SYS,51471000,3,0
CSV_LOG,51471000,3
LOG_SYS,51474000,3,0
CSV_LOG,51474000,3
LOG_SYS,51478000,3,0
CSV_LOG,51478000,3
LOG_SYS,51481000,3,0
CSV_LOG,51481000,3
LOG_SYS,51484000,3,0
CSV_LOG,51484000,3
LOG_SYS,51488000,3,0
CSV_LOG,51488000,3
LOG_SYS,51491000,3,0
CSV_LOG,51491000,3
LOG_SYS,51494000,3,0
CSV_LOG,51494000,3
LOG_SYS,51498000,3,0
CSV_LOG,51498000,3
LOG_SYS,51501000,3,0
CSV_LOG,51501000,3
LOG_SYS,51504000,3,0
CSV_LOG,51504000,3
LOG_SYS,51508000,3,0
CSV_LOG,51508000,3
LOG_SYS,51511000,3,0
CSV_LOG,51511000,3
LOG_SYS,51514000,3,0
CSV_LOG,51514000,3
LOG_SYS,51518000,3,0
CSV_LOG,51518000,3
LOG_SYS,51521000,3,0
CSV_LOG,51521000,3
LOG_SYS,51524000,3,0
CSV_LOG,51524000,3
LOG_SYS,51528000,3,0
CSV_LOG,51528000,3
LOG_SYS,51531000,3,0
CSV_LOG,51531000,3
LOG_SYS,51534000,3,0
CSV_LOG,51534000,3
LOG_SYS,51538000,3,0
CSV_LOG,51538000,3
LOG_SYS,51541000,3,0
CSV_LOG,51541000,3
LOG_SYS,51544000,3,0
CSV_LOG,51544000,3
LOG_SYS,51548000,3,0
CSV_LOG,51548000,3
LOG_SYS,51551000,3,0
CSV_LOG,51551000,3
LOG_SYS,51554000,3,0
CSV_LOG,51554000,3
LOG_SYS,51558000,3,0
CSV_LOG,51558000,3
LOG_SYS,51561000,3,0
CSV_LOG,51561000,3
LOG_SYS,51564000,3,0
CSV_LOG,51564000,3
LOG_SYS,51568000,3,0
CSV_LOG,51568000,3
LOG_SYS,51571000,3,0
CSV_LOG,51571000,3
LOG_SYS,51574000,3,0
CSV_LOG,51574000,3
LOG_SYS,51578000,3,0
CSV_LOG,51578000,3
LOG_SYS,51581000,3,0
CSV_LOG,51581000,3
LOG_SYS,51584000,3,0
CSV_LOG,51584000,3
LOG_SYS,51588000,3,0
CSV_LOG,51588000,3
LOG_SYS,51591000,3,0
CSV_LOG,51591000,3
LOG_SYS,51594000,3,0
CSV_LOG,51594000,3
LOG_SYS,51598000,3,0
CSV_LOG,51598000,3
LOG_SYS,51601000,3,0
CSV_LOG,51601000,3
LOG_SYS,51604000,3,0
CSV_LOG,51604000,3
LOG_SYS,51608000,3,0
CSV_LOG,51608000,3
LOG_SYS,51611000,3,0
CSV_LOG,51611000,3
LOG_SYS,51614000,3,0
CSV_LOG,51614000,3
LOG_SYS,51618000,3,0
CSV_LOG,51618000,3
LOG_SYS,51621000,3,0
CSV_LOG,51621000,3
LOG_SYS,51624000,3,0
CSV_LOG,51624000,3
LOG_SYS,51628000,3,0
CSV_LOG,51628000,3
LOG_SYS,51631000,3,0
CSV_LOG,51631000,3
LOG_SYS,51634000,3,0
CSV_LOG,51634000,3
LOG_SYS,51638000,3,0
CSV_LOG,51638000,3
LOG_SYS,51641000,3,0
CSV_LOG,51641000,3
LOG_SYS,51644000,3,0
CSV_LOG,51644000,3
LOG_SYS,51648000,3,0
CSV_LOG,51648000,3
LOG_SYS,51651000,3,0
CSV_LOG,51651000,3
LOG_SYS,51654000,3,0
CSV_LOG,51654000,3
LOG_SYS,51658000,3,0
CSV_LOG,51658000,3
LOG_SYS,51661000,3,0
CSV_LOG,51661000,3
LOG_SYS,51664000,3,0
CSV_LOG,51664000,3
LOG_SYS,51668000,3,0
CSV_LOG,51668000,3
LOG_SYS,51671000,3,0
CSV_LOG,51671000,3
LOG_SYS,51674000,3,0
CSV_LOG,51674000,3
LOG_SYS,51678000,3,0
CSV_LOG,51678000,3
LOG_SYS,51681000,3,0
CSV_LOG,51681000,3
LOG_SYS,51684000,3,0
CSV_LOG,51684000,3
LOG_SYS,51688000,3,0
CSV_LOG,51688000,3
LOG_SYS,51691000,3,0
CSV_LOG,51691000,3
LOG_SYS,51694000,3,0
CSV_LOG,51694000,3
LOG_SYS,51698000,3,0
CSV_LOG,51698000,3
LOG_SYS,51701000,3,0
CSV_LOG,51701000,3
LOG_SYS,51704000,3,0
CSV_LOG,51704000,3
LOG_SYS,51708000,3,0
CSV_LOG,51708000,3
LOG_SYS,51711000,3,0
CSV_LOG,51711000,3
LOG_SYS,51714000,3,0
CSV_LOG,51714000,3
LOG_SYS,51718000,3,0
CSV_LOG,51718000,3
LOG_SYS,51721000,3,0
CSV_LOG,51721000,3
LOG_SYS,51724000,3,0
CSV_LOG,51724000,3
LOG_SYS,51728000,3,0
CSV_LOG,51728000,3
LOG_SYS,51731000,3,0
CSV_LOG,51731000,3
LOG_SYS,51734000,3,0
CSV_LOG,51734000,3
LOG_SYS,51738000,3,0
CSV_LOG,51738000,3
LOG_SYS,51741000,3,0
CSV_LOG,51741000,3
LOG_SYS,51744000,3,0
CSV_LOG,51744000,3
LOG_SYS,51748000,3,0
CSV_LOG,51748000,3
LOG_SYS,51751000,3,0
CSV_LOG,51751000,3
LOG_SYS,51754000,3,0
CSV_LOG,51754000,3
LOG_SYS,51758000,3,0
CSV_LOG,51758000,3
LOG_SYS,51761000,3,0
CSV_LOG,51761000,3
LOG_SYS,51764000,3,0
CSV_LOG,51764000,3
LOG_SYS,51768000,3,0
CSV_LOG,51768000,3
LOG_SYS,51771000,3,0
CSV_LOG,51771000,3
LOG_SYS,51774000,3,0
CSV_LOG,51774000,3
LOG_SYS,51778000,3,0
CSV_LOG,51778000,3
LOG_SYS,51781000,3,0
CSV_LOG,51781000,3
LOG_SYS,51784000,3,0
CSV_LOG,51784000,3
LOG_SYS,51788000,3,0
CSV_LOG,51788000,3
LOG_SYS,51791000,3,0
CSV_LOG,51791000,3
LOG_SYS,51794000,3,0
CSV_LOG,51794000,3
LOG_SYS,51798000,3,0
CSV_LOG,51798000,3
LOG_SYS,51801000,3,0
CSV_LOG,51801000,3
LOG_SYS,51804000,3,0
CSV_LOG,51804000,3
LOG_SYS,51808000,3,0
CSV_LOG,51808000,3
LOG_SYS,51811000,3,0
CSV_LOG,51811000,3
LOG_SYS,51814000,3,0
CSV_LOG,51814000,3
LOG_SYS,51818000,3,0
CSV_LOG,51818000,3
LOG_SYS,51821000,3,0
CSV_LOG,51821000,3
LOG_SYS,51824000,3,0
CSV_LOG,51824000,3
LOG_SYS,51828000,3,0
CSV_LOG,51828000,3
LOG_SYS,51831000,3,0
CSV_LOG,51831000,3
LOG_SYS,51834000,3,0
CSV_LOG,51834000,3
LOG_SYS,51838000,3,0
CSV_LOG,51838000,3
LOG_SYS,51841000,3,0
CSV_LOG,51841000,3
LOG_SYS,51844000,3,0
CSV_LOG,51844000,3
LOG_SYS,51848000,3,0
CSV_LOG,51848000,3
LOG_SYS,51851000,3,0
CSV_LOG,51851000,3
LOG_SYS,51854000,3,0
CSV_LOG,51854000,3
LOG_SYS,51858000,3,0
CSV_LOG,51858000,3
LOG_SYS,51861000,3,0
CSV_LOG,51861000,3
LOG_SYS,51864000,3,0
CSV_LOG,51864000,3
LOG_SYS,51868000,3,0
CSV_LOG,51868000,3
LOG_SYS,51871000,3,0
CSV_LOG,51871000,3
LOG_SYS,51874000,2,0
CSV_LOG,51874000,2
LOG_FREE,51874000,480,14
LOG_SYS,51878000,2,0
CSV_LOG,51878000,2
LOG_SYS,51881000,2,0
CSV_LOG,51881000,2
LOG_SYS,51884000,2,0
CSV_LOG,51884000,2
LOG_SYS,51888000,2,0
CSV_LOG,51888000,2
LOG_SYS,51891000,2,0
CSV_LOG,51891000,2
LOG_SYS,51894000,2,0
CSV_LOG,51894000,2
LOG_SYS,51898000,2,0
CSV_LOG,51898000,2
LOG_SYS,51901000,2,0
CSV_LOG,51901000,2
LOG_SYS,51904000,2,0
CSV_LOG,51904000,2
LOG_SYS,51908000,2,0
CSV_LOG,51908000,2
LOG_SYS,51911000,2,0
CSV_LOG,51911000,2
LOG_SYS,51914000,2,0
CSV_LOG,51914000,2
LOG_SYS,51918000,2,0
CSV_LOG,51918000,2
LOG_SYS,51921000,2,0
CSV_LOG,51921000,2
LOG_SYS,51924000,2,0
CSV_LOG,51924000,2
LOG_SYS,51928000,2,0
CSV_LOG,51928000,2
LOG_SYS,51931000,2,0
CSV_LOG,51931000,2
LOG_SYS,51934000,2,0
CSV_LOG,51934000,2
LOG_SYS,51938000,2,0
CSV_LOG,51938000,2
LOG_SYS,51941000,2,0
CSV_LOG,51941000,2
LOG_SYS,51944000,2,0
CSV_LOG,51944000,2
LOG_SYS,51948000,2,0
CSV_LOG,51948000,2
LOG_SYS,51951000,2,0
CSV_LOG,51951000,2
LOG_SYS,51954000,2,0
CSV_LOG,51954000,2
LOG_SYS,51958000,2,0
CSV_LOG,51958000,2
LOG_SYS,51961000,2,0
CSV_LOG,51961000,2
LOG_SYS,51964000,2,0
CSV_LOG,51964000,2
LOG_SYS,51968000,2,0
CSV_LOG,51968000,2
LOG_SYS,51971000,2,0
CSV_LOG,51971000,2
LOG_SYS,51974000,2,0
CSV_LOG,51974000,2
LOG_SYS,51978000,2,0
CSV_LOG,51978000,2
LOG_SYS,51981000,2,0
CSV_LOG,51981000,2
LOG_SYS,51984000,2,0
CSV_LOG,51984000,2
LOG_SYS,51988000,2,0
CSV_LOG,51988000,2
LOG_SYS,51991000,2,0
CSV_LOG,51991000,2
LOG_SYS,51994000,2,0
CSV_LOG,51994000,2
LOG_SYS,51998000,2,0
CSV_LOG,51998000,2
LOG_SYS,52001000,2,0
CSV_LOG,52001000,2
LOG_SYS,52004000,2,0
CSV_LOG,52004000,2
LOG_SYS,52008000,2,0
CSV_LOG,52008000,2
LOG_SYS,52011000,2,0
CSV_LOG,52011000,2
LOG_SYS,52014000,2,0
CSV_LOG,52014000,2
LOG_SYS,52018000,2,0
CSV_LOG,52018000,2
LOG_SYS,52021000,2,0
CSV_LOG,52021000,2
LOG_SYS,52024000,2,0
CSV_LOG,52024000,2
LOG_SYS,52028000,2,0
CSV_LOG,52028000,2
LOG_SYS,52031000,2,0
CSV_LOG,52031000,2
LOG_SYS,52034000,2,0
CSV_LOG,52034000,2
LOG_SYS,52038000,2,0
CSV_LOG,52038000,2
LOG_SYS,52041000,2,0
CSV_LOG,52041000,2
LOG_SYS,52044000,2,0
CSV_LOG,52044000,2
LOG_SYS,52048000,2,0
CSV_LOG,52048000,2
LOG_SYS,52051000,2,0
CSV_LOG,52051000,2
LOG_SYS,52054000,2,0
CSV_LOG,52054000,2
LOG_SYS,52058000,2,0
CSV_LOG,52058000,2
LOG_SYS,52061000,2,0
CSV_LOG,52061000,2
LOG_SYS,52064000,2,0
CSV_LOG,52064000,2
LOG_SYS,52067000,2,0
CSV_LOG,52067000,2
LOG_SYS,52071000,2,0
CSV_LOG,52071000,2
LOG_SYS,52074000,2,0
CSV_LOG,52074000,2
LOG_SYS,52077000,2,0
CSV_LOG,52077000,2
LOG_SYS,52081000,2,0
CSV_LOG,52081000,2
LOG_SYS,52084000,2,0
CSV_LOG,52084000,2
LOG_SYS,52087000,2,0
CSV_LOG,52087000,2
LOG_SYS,52091000,2,0
CSV_LOG,52091000,2
LOG_SYS,52094000,2,0
CSV_LOG,52094000,2
LOG_SYS,52097000,2,0
CSV_LOG,52097000,2
LOG_SYS,52101000,2,0
CSV_LOG,52101000,2
LOG_SYS,52104000,1,0
CSV_LOG,52104000,1
LOG_FREE,52104000,499,3
LOG_SYS,52107000,1,0
CSV_LOG,52107000,1
LOG_SYS,52111000,1,0
CSV_LOG,52111000,1
LOG_SYS,52114000,1,0
CSV_LOG,52114000,1
LOG_SYS,52117000,1,0
CSV_LOG,52117000,1
LOG_SYS,52121000,1,0
CSV_LOG,52121000,1
LOG_SYS,52124000,1,0
CSV_LOG,52124000,1
LOG_SYS,52127000,1,0
CSV_LOG,52127000,1
LOG_SYS,52131000,1,0
CSV_LOG,52131000,1
LOG_SYS,52134000,1,0
CSV_LOG,52134000,1
LOG_SYS,52137000,1,0
CSV_LOG,52137000,1
LOG_SYS,52141000,1,0
CSV_LOG,52141000,1
LOG_SYS,52144000,1,0
CSV_LOG,52144000,1
LOG_SYS,52147000,1,0
CSV_LOG,52147000,1
LOG_SYS,52151000,1,0
CSV_LOG,52151000,1
LOG_SYS,52154000,1,0
CSV_LOG,52154000,1
LOG_SYS,52157000,1,0
CSV_LOG,52157000,1
LOG_SYS,52161000,1,0
CSV_LOG,52161000,1
LOG_SYS,52164000,1,0
CSV_LOG,52164000,1
LOG_SYS,52167000,1,0
CSV_LOG,52167000,1
LOG_SYS,52171000,1,0
CSV_LOG,52171000,1
LOG_SYS,52174000,1,0
CSV_LOG,52174000,1
LOG_SYS,52177000,1,0
CSV_LOG,52177000,1
LOG_SYS,52181000,1,0
CSV_LOG,52181000,1
LOG_SYS,52184000,1,0
CSV_LOG,52184000,1
LOG_SYS,52187000,1,0
CSV_LOG,52187000,1
LOG_SYS,52191000,1,0
CSV_LOG,52191000,1
LOG_SYS,52194000,1,0
CSV_LOG,52194000,1
LOG_SYS,52197000,1,0
CSV_LOG,52197000,1
LOG_SYS,52201000,1,0
CSV_LOG,52201000,1
LOG_SYS,52204000,1,0
CSV_LOG,52204000,1
LOG_SYS,52207000,1,0
CSV_LOG,52207000,1
LOG_SYS,52211000,1,0
CSV_LOG,52211000,1
LOG_SYS,52214000,1,0
CSV_LOG,52214000,1
LOG_SYS,52217000,1,0
CSV_LOG,52217000,1
LOG_SYS,52221000,1,0
CSV_LOG,52221000,1
LOG_SYS,52224000,1,0
CSV_LOG,52224000,1
LOG_SYS,52227000,1,0
CSV_LOG,52227000,1
LOG_SYS,52231000,1,0
CSV_LOG,52231000,1
LOG_SYS,52234000,1,0
CSV_LOG,52234000,1
LOG_SYS,52237000,1,0
CSV_LOG,52237000,1
LOG_SYS,52241000,1,0
CSV_LOG,52241000,1
LOG_SYS,52244000,1,0
CSV_LOG,52244000,1
LOG_SYS,52247000,1,0
CSV_LOG,52247000,1
LOG_SYS,52251000,1,0
CSV_LOG,52251000,1
LOG_SYS,52254000,1,0
CSV_LOG,52254000,1
LOG_SYS,52257000,1,0
CSV_LOG,52257000,1
LOG_SYS,52261000,1,0
CSV_LOG,52261000,1
LOG_SYS,52264000,1,0
CSV_LOG,52264000,1
LOG_SYS,52267000,1,0
CSV_LOG,52267000,1
LOG_SYS,52271000,1,0
CSV_LOG,52271000,1
LOG_SYS,52274000,1,0
CSV_LOG,52274000,1
LOG_SYS,52277000,1,0
CSV_LOG,52277000,1
LOG_SYS,52281000,1,0
CSV_LOG,52281000,1
LOG_SYS,52284000,1,0
CSV_LOG,52284000,1
LOG_SYS,52287000,1,0
CSV_LOG,52287000,1
LOG_SYS,52291000,1,0
CSV_LOG,52291000,1
LOG_SYS,52294000,1,0
CSV_LOG,52294000,1
LOG_SYS,52297000,1,0
CSV_LOG,52297000,1
LOG_SYS,52301000,1,0
CSV_LOG,52301000,1
LOG_SYS,52304000,1,0
CSV_LOG,52304000,1
LOG_SYS,52307000,1,0
CSV_LOG,52307000,1
LOG_SYS,52311000,1,0
CSV_LOG,52311000,1
LOG_SYS,52314000,1,0
CSV_LOG,52314000,1
LOG_SYS,52317000,1,0
CSV_LOG,52317000,1
LOG_SYS,52321000,1,0
CSV_LOG,52321000,1
LOG_SYS,52324000,1,0
CSV_LOG,52324000,1
LOG_SYS,52327000,1,0
CSV_LOG,52327000,1
LOG_SYS,52331000,1,0
CSV_LOG,52331000,1
LOG_SYS,52334000,1,0
CSV_LOG,52334000,1
LOG_SYS,52337000,1,0
CSV_LOG,52337000,1
LOG_SYS,52341000,1,0
CSV_LOG,52341000,1
LOG_SYS,52344000,1,0
CSV_LOG,52344000,1
LOG_SYS,52347000,1,0
CSV_LOG,52347000,1
LOG_SYS,52351000,1,0
CSV_LOG,52351000,1
LOG_SYS,52354000,1,0
CSV_LOG,52354000,1
LOG_SYS,52357000,1,0
CSV_LOG,52357000,1
LOG_SYS,52361000,1,0
CSV_LOG,52361000,1
LOG_SYS,52364000,1,0
CSV_LOG,52364000,1
LOG_SYS,52367000,1,0
CSV_LOG,52367000,1
LOG_SYS,52371000,1,0
CSV_LOG,52371000,1
LOG_SYS,52374000,1,0
CSV_LOG,52374000,1
LOG_SYS,52377000,1,0
CSV_LOG,52377000,1
LOG_SYS,52381000,1,0
CSV_LOG,52381000,1
LOG_SYS,52384000,1,0
CSV_LOG,52384000,1
LOG_SYS,52387000,1,0
CSV_LOG,52387000,1
LOG_SYS,52391000,1,0
CSV_LOG,52391000,1
LOG_SYS,52394000,1,0
CSV_LOG,52394000,1
LOG_SYS,52397000,1,0
CSV_LOG,52397000,1
LOG_SYS,52401000,1,0
CSV_LOG,52401000,1
LOG_SYS,52404000,1,0
CSV_LOG,52404000,1
LOG_SYS,52407000,1,0
CSV_LOG,52407000,1
LOG_SYS,52411000,1,0
CSV_LOG,52411000,1
LOG_SYS,52414000,1,0
CSV_LOG,52414000,1
LOG_SYS,52417000,1,0
CSV_LOG,52417000,1
LOG_SYS,52421000,1,0
CSV_LOG,52421000,1
LOG_SYS,52424000,1,0
CSV_LOG,52424000,1
LOG_SYS,52427000,1,0
CSV_LOG,52427000,1
LOG_SYS,52431000,1,0
CSV_LOG,52431000,1
LOG_SYS,52434000,1,0
CSV_LOG,52434000,1
LOG_SYS,52437000,1,0
CSV_LOG,52437000,1
LOG_SYS,52441000,1,0
CSV_LOG,52441000,1
LOG_SYS,52444000,1,0
CSV_LOG,52444000,1
LOG_SYS,52447000,1,0
CSV_LOG,52447000,1
LOG_SYS,52451000,1,0
CSV_LOG,52451000,1
LOG_SYS,52454000,1,0
CSV_LOG,52454000,1
LOG_SYS,52457000,1,0
CSV_LOG,52457000,1
LOG_SYS,52461000,1,0
CSV_LOG,52461000,1
LOG_SYS,52464000,1,0
CSV_LOG,52464000,1
LOG_SYS,52467000,1,0
CSV_LOG,52467000,1
LOG_SYS,52471000,1,0
CSV_LOG,52471000,1
LOG_SYS,52474000,1,0
CSV_LOG,52474000,1
LOG_SYS,52477000,1,0
CSV_LOG,52477000,1
LOG_SYS,52481000,1,0
CSV_LOG,52481000,1
LOG_SYS,52484000,1,0
CSV_LOG,52484000,1
LOG_SYS,52487000,1,0
CSV_LOG,52487000,1
LOG_SYS,52491000,1,0
CSV_LOG,52491000,1
LOG_SYS,52494000,1,0
CSV_LOG,52494000,1
LOG_SYS,52497000,1,0
CSV_LOG,52497000,1
LOG_SYS,52501000,1,0
CSV_LOG,52501000,1
LOG_SYS,52504000,1,0
CSV_LOG,52504000,1
LOG_SYS,52507000,1,0
CSV_LOG,52507000,1
LOG_SYS,52511000,1,0
CSV_LOG,52511000,1
LOG_SYS,52514000,1,0
CSV_LOG,52514000,1
LOG_SYS,52517000,1,0
CSV_LOG,52517000,1
LOG_SYS,52521000,1,0
CSV_LOG,52521000,1
LOG_SYS,52524000,1,0
CSV_LOG,52524000,1
LOG_SYS,52527000,1,0
CSV_LOG,52527000,1
LOG_SYS,52531000,1,0
CSV_LOG,52531000,1
LOG_SYS,52534000,1,0
CSV_LOG,52534000,1
LOG_SYS,52537000,1,0
CSV_LOG,52537000,1
LOG_SYS,52541000,1,0
CSV_LOG,52541000,1
LOG_SYS,52544000,1,0
CSV_LOG,52544000,1
LOG_SYS,52547000,1,0
CSV_LOG,52547000,1
LOG_SYS,52551000,1,0
CSV_LOG,52551000,1
LOG_SYS,52554000,1,0
CSV_LOG,52554000,1
LOG_SYS,52557000,1,0
CSV_LOG,52557000,1
LOG_SYS,52561000,1,0
CSV_LOG,52561000,1
LOG_SYS,52564000,1,0
CSV_LOG,52564000,1
LOG_SYS,52567000,1,0
CSV_LOG,52567000,1
LOG_SYS,52571000,1,0
CSV_LOG,52571000,1
LOG_SYS,52574000,1,0
CSV_LOG,52574000,1
LOG_SYS,52577000,1,0
CSV_LOG,52577000,1
LOG_SYS,52581000,1,0
CSV_LOG,52581000,1
LOG_SYS,52584000,1,0
CSV_LOG,52584000,1
LOG_SYS,52587000,1,0
CSV_LOG,52587000,1
LOG_SYS,52591000,1,0
CSV_LOG,52591000,1
LOG_SYS,52594000,1,0
CSV_LOG,52594000,1
LOG_SYS,52597000,1,0
CSV_LOG,52597000,1
LOG_SYS,52601000,1,0
CSV_LOG,52601000,1
LOG_SYS,52604000,1,0
CSV_LOG,52604000,1
LOG_SYS,52607000,1,0
CSV_LOG,52607000,1
LOG_SYS,52611000,1,0
CSV_LOG,52611000,1
LOG_SYS,52614000,1,0
CSV_LOG,52614000,1
LOG_SYS,52617000,1,0
CSV_LOG,52617000,1
LOG_SYS,52621000,1,0
CSV_LOG,52621000,1
LOG_SYS,52624000,0,0
CSV_LOG,52624000,0
LOG_FREE,52624000,499,2
LOG_SYS,52627000,0,0
CSV_LOG,52627000,0
LOG_SYS,52631000,0,0
CSV_LOG,52631000,0
LOG_SYS,52634000,0,0
CSV_LOG,52634000,0
LOG_SYS,52637000,0,0
CSV_LOG,52637000,0
LOG_SYS,52641000,0,0
CSV_LOG,52641000,0
LOG_SYS,52644000,0,0
CSV_LOG,52644000,0
LOG_SYS,52647000,0,0
CSV_LOG,52647000,0
LOG_SYS,52651000,0,0
CSV_LOG,52651000,0
LOG_SYS,52654000,0,0
CSV_LOG,52654000,0
LOG_SYS,52657000,0,0
CSV_LOG,52657000,0
LOG_SYS,52661000,0,0
CSV_LOG,52661000,0
LOG_SYS,52664000,0,0
CSV_LOG,52664000,0
LOG_SYS,52667000,0,0
CSV_LOG,52667000,0
LOG_SYS,52671000,0,0
CSV_LOG,52671000,0
LOG_SYS,52674000,0,0
CSV_LOG,52674000,0
LOG_SYS,52677000,0,0
CSV_LOG,52677000,0
LOG_SYS,52681000,0,0
CSV_LOG,52681000,0
LOG_SYS,52684000,0,0
CSV_LOG,52684000,0
LOG_SYS,52687000,0,0
CSV_LOG,52687000,0
LOG_SYS,52691000,0,0
CSV_LOG,52691000,0
LOG_SYS,52694000,0,0
CSV_LOG,52694000,0
LOG_SYS,52697000,0,0
CSV_LOG,52697000,0
LOG_SYS,52701000,0,0
CSV_LOG,52701000,0
LOG_SYS,52704000,0,0
CSV_LOG,52704000,0
LOG_SYS,52707000,0,0
CSV_LOG,52707000,0
LOG_SYS,52711000,0,0
CSV_LOG,52711000,0
LOG_SYS,52714000,0,0
CSV_LOG,52714000,0
LOG_SYS,52717000,0,0
CSV_LOG,52717000,0
LOG_SYS,52721000,0,0
CSV_LOG,52721000,0
