#! /c/Source/iverilog-install/bin/vvp
:ivl_version "12.0 (devel)" "(s20150603-1539-g2693dd32b)";
:ivl_delay_selection "TYPICAL";
:vpi_time_precision - 12;
:vpi_module "C:\iverilog\lib\ivl\system.vpi";
:vpi_module "C:\iverilog\lib\ivl\vhdl_sys.vpi";
:vpi_module "C:\iverilog\lib\ivl\vhdl_textio.vpi";
:vpi_module "C:\iverilog\lib\ivl\v2005_math.vpi";
:vpi_module "C:\iverilog\lib\ivl\va_math.vpi";
:vpi_module "C:\iverilog\lib\ivl\v2009.vpi";
S_00000223799099a0 .scope package, "$unit" "$unit" 2 1;
 .timescale 0 0;
S_0000022379909b30 .scope module, "controller" "controller" 3 6;
 .timescale -9 -12;
    .port_info 0 /INPUT 1 "i_clk";
    .port_info 1 /INPUT 1 "i_rst_n";
    .port_info 2 /INPUT 1 "i_cfg_en";
    .port_info 3 /INPUT 64 "i_cfg_data";
    .port_info 4 /OUTPUT 1 "o_full";
    .port_info 5 /OUTPUT 32 "dispatch_addr";
    .port_info 6 /OUTPUT 6 "dispatch_core_id";
    .port_info 7 /INPUT 64 "core_done_vec";
    .port_info 8 /OUTPUT 6 "core_id_cmt_core";
    .port_info 9 /OUTPUT 1 "done_ack";
    .port_info 10 /OUTPUT 4 "o_err_bus";
P_000002237989f9f0 .param/l "FIFO_DEPTH" 0 3 7, +C4<00000000000000000000000010000000>;
P_000002237989fa28 .param/l "FIFO_WIDTH" 0 3 8, +C4<00000000000000000000000001000000>;
v0000022379aca340_0 .net *"_ivl_0", 3 0, L_0000022379aca7a0;  1 drivers
v0000022379ac9a80_0 .net "ava_core_id_wire", 5 0, L_0000022379b2a500;  1 drivers
v0000022379ac8b80_0 .net "ava_core_valid_wire", 0 0, L_0000022379b2aa40;  1 drivers
v0000022379ac9f80_0 .net "cmt_err_wire", 1 0, v0000022379a46e50_0;  1 drivers
o0000022379a51b68 .functor BUFZ 64, C4<zzzzzzzzzzzzzzzzzzzzzzzzzzzzzzzzzzzzzzzzzzzzzzzzzzzzzzzzzzzzzzzz>; HiZ drive
v0000022379ac8ea0_0 .net "core_done_vec", 63 0, o0000022379a51b68;  0 drivers
v0000022379ac96c0_0 .net "core_id_cmt_core", 5 0, v0000022379a46b30_0;  1 drivers
v0000022379ac8400_0 .net "dispatch_addr", 31 0, v0000022379ac9ee0_0;  1 drivers
v0000022379aca700_0 .net "dispatch_core_id", 5 0, v0000022379ac89a0_0;  1 drivers
v0000022379aca2a0_0 .net "done_ack", 0 0, v0000022379a46bd0_0;  1 drivers
v0000022379ac98a0_0 .net "empty_wire", 0 0, L_0000022379aca840;  1 drivers
v0000022379aca480_0 .net "err_bus", 0 0, L_0000022379ac9760;  1 drivers
v0000022379ac9d00_0 .net "fifo_tmt_data_wire", 63 0, L_00000223798ee260;  1 drivers
o0000022379a52348 .functor BUFZ 64, C4<zzzzzzzzzzzzzzzzzzzzzzzzzzzzzzzzzzzzzzzzzzzzzzzzzzzzzzzzzzzzzzzz>; HiZ drive
v0000022379ac8900_0 .net "i_cfg_data", 63 0, o0000022379a52348;  0 drivers
o0000022379a52378 .functor BUFZ 1, C4<z>; HiZ drive
v0000022379ac8a40_0 .net "i_cfg_en", 0 0, o0000022379a52378;  0 drivers
o0000022379a51b38 .functor BUFZ 1, C4<z>; HiZ drive
v0000022379ac8ae0_0 .net "i_clk", 0 0, o0000022379a51b38;  0 drivers
o0000022379a51bc8 .functor BUFZ 1, C4<z>; HiZ drive
v0000022379aca520_0 .net "i_rst_n", 0 0, o0000022379a51bc8;  0 drivers
v0000022379ac8cc0_0 .net "instance_id_tmt_cmt_wire", 9 0, v0000022379ac9b20_0;  1 drivers
o0000022379a58fa8 .functor BUFZ 4, C4<zzzz>; HiZ drive
v0000022379aca5c0_0 .net "o_err_bus", 3 0, o0000022379a58fa8;  0 drivers
v0000022379ac8fe0_0 .net "o_full", 0 0, L_0000022379ac9440;  1 drivers
v0000022379ac8f40_0 .net "task_done_pulse_wire", 0 0, v0000022379a46ef0_0;  1 drivers
v0000022379ac9940_0 .net "task_id_tmt_cmt_wire", 9 0, v0000022379ac85e0_0;  1 drivers
v0000022379ac9080_0 .net "terminated_tmt_idx_wire", 3 0, v0000022379a46f90_0;  1 drivers
v0000022379ac9120_0 .net "tmt_cmt_ack_wire", 0 0, v0000022379ac8680_0;  1 drivers
v0000022379ac8d60_0 .net "tmt_err_wire", 1 0, v0000022379aca0c0_0;  1 drivers
v0000022379ac8360_0 .net "tmt_fifo_ack_wire", 0 0, L_0000022379b2a6c0;  1 drivers
v0000022379aca660_0 .net "tmt_idx_tmt_cmt_wire", 3 0, v0000022379ac93a0_0;  1 drivers
L_0000022379aca7a0 .concat [ 2 2 0 0], v0000022379a46e50_0, v0000022379aca0c0_0;
L_0000022379ac9760 .part L_0000022379aca7a0, 0, 1;
S_000002237995ece0 .scope module, "inst_cmt" "cmt" 3 131, 4 3 0, S_0000022379909b30;
 .timescale -9 -12;
    .port_info 0 /INPUT 1 "i_clk";
    .port_info 1 /INPUT 1 "i_rst_n";
    .port_info 2 /OUTPUT 1 "o_ava_core_valid";
    .port_info 3 /OUTPUT 6 "o_ava_core_id";
    .port_info 4 /INPUT 10 "i_task_id_tmt_cmt";
    .port_info 5 /INPUT 4 "i_tmt_idx_tmt_cmt";
    .port_info 6 /INPUT 10 "i_instance_num_tmt_cmt";
    .port_info 7 /INPUT 1 "i_tmt_cmt_ack";
    .port_info 8 /OUTPUT 1 "o_task_done_pulse";
    .port_info 9 /OUTPUT 4 "o_terminated_tmt_idx";
    .port_info 10 /INPUT 64 "i_core_done_vec";
    .port_info 11 /OUTPUT 6 "o_core_id_cmt_core";
    .port_info 12 /OUTPUT 1 "o_done_ack";
    .port_info 13 /OUTPUT 2 "o_err";
L_0000022379b2a730 .functor NOT 64, v0000022379a46310_0, C4<0000000000000000000000000000000000000000000000000000000000000000>, C4<0000000000000000000000000000000000000000000000000000000000000000>, C4<0000000000000000000000000000000000000000000000000000000000000000>;
L_0000022379b2a7a0 .functor NOT 64, L_0000022379b2a730, C4<0000000000000000000000000000000000000000000000000000000000000000>, C4<0000000000000000000000000000000000000000000000000000000000000000>, C4<0000000000000000000000000000000000000000000000000000000000000000>;
L_0000022379b2a810 .functor AND 64, L_0000022379b2a730, L_0000022379b39640, C4<1111111111111111111111111111111111111111111111111111111111111111>, C4<1111111111111111111111111111111111111111111111111111111111111111>;
L_0000022379b2aa40 .functor BUFZ 1, v0000022379a46770_0, C4<0>, C4<0>, C4<0>;
L_0000022379b2a500 .functor BUFZ 6, v0000022379a463b0_0, C4<000000>, C4<000000>, C4<000000>;
L_0000022379b2a110 .functor NOT 64, o0000022379a51b68, C4<0000000000000000000000000000000000000000000000000000000000000000>, C4<0000000000000000000000000000000000000000000000000000000000000000>, C4<0000000000000000000000000000000000000000000000000000000000000000>;
L_0000022379b2aea0 .functor AND 64, o0000022379a51b68, L_0000022379b39460, C4<1111111111111111111111111111111111111111111111111111111111111111>, C4<1111111111111111111111111111111111111111111111111111111111111111>;
v0000022379a45e10_0 .net *"_ivl_14", 63 0, L_0000022379b2a110;  1 drivers
L_0000022379ad4e38 .functor BUFT 1, C4<0000000000000000000000000000000000000000000000000000000000000001>, C4<0>, C4<0>, C4<0>;
v0000022379a46130_0 .net/2u *"_ivl_16", 63 0, L_0000022379ad4e38;  1 drivers
v0000022379a45b90_0 .net *"_ivl_18", 63 0, L_0000022379b39460;  1 drivers
v0000022379a45eb0_0 .net *"_ivl_2", 63 0, L_0000022379b2a7a0;  1 drivers
L_0000022379ad4df0 .functor BUFT 1, C4<0000000000000000000000000000000000000000000000000000000000000001>, C4<0>, C4<0>, C4<0>;
v0000022379a45c30_0 .net/2u *"_ivl_4", 63 0, L_0000022379ad4df0;  1 drivers
v0000022379a461d0_0 .net *"_ivl_6", 63 0, L_0000022379b39640;  1 drivers
v0000022379a46310_0 .var "core_busy", 63 0;
v0000022379a47030_0 .net "core_idle", 63 0, L_0000022379b2a730;  1 drivers
v0000022379a470d0 .array "core_instance_number", 63 0, 9 0;
v0000022379a46630 .array "core_task_id", 63 0, 9 0;
v0000022379a45f50 .array "core_tmt_idx", 63 0, 3 0;
v0000022379a45cd0_0 .net "i_clk", 0 0, o0000022379a51b38;  alias, 0 drivers
v0000022379a47670_0 .net "i_core_done_vec", 63 0, o0000022379a51b68;  alias, 0 drivers
v0000022379a469f0_0 .net "i_instance_num_tmt_cmt", 9 0, v0000022379ac9b20_0;  alias, 1 drivers
v0000022379a45ff0_0 .net "i_rst_n", 0 0, o0000022379a51bc8;  alias, 0 drivers
v0000022379a46a90_0 .net "i_task_id_tmt_cmt", 9 0, v0000022379ac85e0_0;  alias, 1 drivers
v0000022379a46db0_0 .net "i_tmt_cmt_ack", 0 0, v0000022379ac8680_0;  alias, 1 drivers
v0000022379a45d70_0 .net "i_tmt_idx_tmt_cmt", 3 0, v0000022379ac93a0_0;  alias, 1 drivers
v0000022379a463b0_0 .var "idle_core_id_comb", 5 0;
v0000022379a46770_0 .var "idle_valid_comb", 0 0;
v0000022379a46450_0 .var/i "k", 31 0;
v0000022379a47490_0 .net "lowest_done_bit", 63 0, L_0000022379b2aea0;  1 drivers
v0000022379a46810_0 .net "lowest_idle_bit", 63 0, L_0000022379b2a810;  1 drivers
v0000022379a47530_0 .net "o_ava_core_id", 5 0, L_0000022379b2a500;  alias, 1 drivers
v0000022379a464f0_0 .net "o_ava_core_valid", 0 0, L_0000022379b2aa40;  alias, 1 drivers
v0000022379a46b30_0 .var "o_core_id_cmt_core", 5 0;
v0000022379a46bd0_0 .var "o_done_ack", 0 0;
v0000022379a46e50_0 .var "o_err", 1 0;
v0000022379a46ef0_0 .var "o_task_done_pulse", 0 0;
v0000022379a46f90_0 .var "o_terminated_tmt_idx", 3 0;
v0000022379a47170_0 .var "term_core_id_comb", 5 0;
v0000022379a47210_0 .var "term_valid_comb", 0 0;
E_0000022379a253f0/0 .event negedge, v0000022379a45ff0_0;
E_0000022379a253f0/1 .event posedge, v0000022379a45cd0_0;
E_0000022379a253f0 .event/or E_0000022379a253f0/0, E_0000022379a253f0/1;
E_0000022379a24870 .event anyedge, v0000022379a47670_0, v0000022379a47490_0;
E_0000022379a24e30 .event anyedge, v0000022379a47030_0, v0000022379a46810_0;
L_0000022379b39640 .arith/sum 64, L_0000022379b2a7a0, L_0000022379ad4df0;
L_0000022379b39460 .arith/sum 64, L_0000022379b2a110, L_0000022379ad4e38;
S_00000223798c13d0 .scope module, "inst_fifo" "fifo" 3 81, 5 3 0, S_0000022379909b30;
 .timescale -9 -12;
    .port_info 0 /INPUT 1 "i_clk";
    .port_info 1 /INPUT 1 "i_rst_n";
    .port_info 2 /INPUT 1 "i_cfg_en";
    .port_info 3 /INPUT 64 "i_cfg_data";
    .port_info 4 /OUTPUT 1 "o_full";
    .port_info 5 /INPUT 1 "i_tmt_fifo_ack";
    .port_info 6 /OUTPUT 1 "o_empty";
    .port_info 7 /OUTPUT 64 "o_fifo_tmt_data";
P_00000223798cc310 .param/l "FIFO_DEPTH" 0 5 4, +C4<00000000000000000000000010000000>;
P_00000223798cc348 .param/l "FIFO_WIDTH" 0 5 5, +C4<00000000000000000000000001000000>;
P_00000223798cc380 .param/l "PTR_WIDTH" 1 5 22, +C4<00000000000000000000000000000111>;
L_00000223798ee260 .functor BUFZ 64, L_0000022379ac9da0, C4<0000000000000000000000000000000000000000000000000000000000000000>, C4<0000000000000000000000000000000000000000000000000000000000000000>, C4<0000000000000000000000000000000000000000000000000000000000000000>;
L_00000223798ee880 .functor NOT 2, L_0000022379ac80e0, C4<00>, C4<00>, C4<00>;
v0000022379a472b0 .array "FIFO_mem_array", 127 0, 63 0;
v0000022379a475d0_0 .net *"_ivl_0", 63 0, L_0000022379ac9da0;  1 drivers
v0000022379a47710_0 .net *"_ivl_13", 1 0, L_0000022379ac80e0;  1 drivers
v0000022379a47850_0 .net *"_ivl_14", 1 0, L_00000223798ee880;  1 drivers
v0000022379a459b0_0 .net *"_ivl_17", 5 0, L_0000022379ac9300;  1 drivers
v0000022379a45a50_0 .net *"_ivl_18", 7 0, L_0000022379ac94e0;  1 drivers
v0000022379a45af0_0 .net *"_ivl_3", 6 0, L_0000022379ac91c0;  1 drivers
v0000022379aa5440_0 .net *"_ivl_4", 8 0, L_0000022379ac9260;  1 drivers
L_0000022379ad20a8 .functor BUFT 1, C4<00>, C4<0>, C4<0>, C4<0>;
v0000022379aa5080_0 .net *"_ivl_7", 1 0, L_0000022379ad20a8;  1 drivers
v0000022379aa4ea0_0 .net "i_cfg_data", 63 0, o0000022379a52348;  alias, 0 drivers
v0000022379aa4720_0 .net "i_cfg_en", 0 0, o0000022379a52378;  alias, 0 drivers
v0000022379aa47c0_0 .net "i_clk", 0 0, o0000022379a51b38;  alias, 0 drivers
v0000022379aa4360_0 .net "i_rst_n", 0 0, o0000022379a51bc8;  alias, 0 drivers
v0000022379aa3b40_0 .net "i_tmt_fifo_ack", 0 0, L_0000022379b2a6c0;  alias, 1 drivers
v0000022379aa3dc0_0 .net "o_empty", 0 0, L_0000022379aca840;  alias, 1 drivers
v0000022379aa45e0_0 .net "o_fifo_tmt_data", 63 0, L_00000223798ee260;  alias, 1 drivers
v0000022379aa3fa0_0 .net "o_full", 0 0, L_0000022379ac9440;  alias, 1 drivers
v0000022379aa3c80_0 .var "rd_ptr_bin", 7 0;
v0000022379aa40e0_0 .var "rd_ptr_gray", 7 0;
v0000022379aa3be0_0 .var "wr_ptr_bin", 7 0;
v0000022379aa4540_0 .var "wr_ptr_gray", 7 0;
L_0000022379ac9da0 .array/port v0000022379a472b0, L_0000022379ac9260;
L_0000022379ac91c0 .part v0000022379aa3c80_0, 0, 7;
L_0000022379ac9260 .concat [ 7 2 0 0], L_0000022379ac91c0, L_0000022379ad20a8;
L_0000022379aca840 .cmp/eq 8, v0000022379aa4540_0, v0000022379aa40e0_0;
L_0000022379ac80e0 .part v0000022379aa40e0_0, 6, 2;
L_0000022379ac9300 .part v0000022379aa40e0_0, 0, 6;
L_0000022379ac94e0 .concat [ 6 2 0 0], L_0000022379ac9300, L_00000223798ee880;
L_0000022379ac9440 .cmp/eq 8, v0000022379aa4540_0, L_0000022379ac94e0;
S_00000223798c1560 .scope module, "inst_tmt" "tmt" 3 99, 6 3 0, S_0000022379909b30;
 .timescale -9 -12;
    .port_info 0 /INPUT 1 "i_clk";
    .port_info 1 /INPUT 1 "i_rst_n";
    .port_info 2 /INPUT 64 "i_fifo_tmt_data";
    .port_info 3 /INPUT 1 "i_empty";
    .port_info 4 /OUTPUT 1 "o_tmt_fifo_ack";
    .port_info 5 /INPUT 1 "i_ava_core_valid";
    .port_info 6 /INPUT 6 "i_ava_core_id";
    .port_info 7 /OUTPUT 1 "o_tmt_cmt_ack";
    .port_info 8 /OUTPUT 4 "o_tmt_idx_tmt_cmt";
    .port_info 9 /OUTPUT 10 "o_task_id_tmt_cmt";
    .port_info 10 /OUTPUT 10 "o_instance_id_tmt_cmt";
    .port_info 11 /INPUT 1 "i_task_done_pulse";
    .port_info 12 /INPUT 4 "i_terminated_tmt_idx";
    .port_info 13 /OUTPUT 32 "o_dispatch_addr";
    .port_info 14 /OUTPUT 6 "o_dispatch_core_id";
    .port_info 15 /OUTPUT 2 "o_err";
P_00000223798c16f0 .param/l "STATE_ALLOCATED" 1 6 107, C4<10>;
P_00000223798c1728 .param/l "STATE_PENDING" 1 6 105, C4<00>;
P_00000223798c1760 .param/l "STATE_READY" 1 6 106, C4<01>;
P_00000223798c1798 .param/l "STATE_TERMINATED" 1 6 108, C4<11>;
L_0000022379b2ab90 .functor NOT 16, v0000022379ac82c0_0, C4<0000000000000000>, C4<0000000000000000>, C4<0000000000000000>;
L_0000022379b2a6c0 .functor AND 1, L_0000022379b38100, L_0000022379b373e0, C4<1>, C4<1>;
v0000022379ac2520_0 .net *"_ivl_105", 3 0, L_0000022379b38880;  1 drivers
v0000022379ac2840_0 .net *"_ivl_107", 0 0, L_0000022379b37d40;  1 drivers
v0000022379ac28e0_0 .net *"_ivl_111", 3 0, L_0000022379b36b20;  1 drivers
v0000022379ac22a0_0 .net *"_ivl_113", 0 0, L_0000022379b37200;  1 drivers
v0000022379ac2de0_0 .net *"_ivl_117", 3 0, L_0000022379b37520;  1 drivers
v0000022379ac2e80_0 .net *"_ivl_119", 0 0, L_0000022379b38920;  1 drivers
v0000022379ac2f20_0 .net *"_ivl_124", 3 0, L_0000022379b38a60;  1 drivers
v0000022379ac32e0_0 .net *"_ivl_126", 0 0, L_0000022379b37160;  1 drivers
v0000022379ac1440_0 .net *"_ivl_128", 0 0, L_0000022379b38380;  1 drivers
L_0000022379ad4970 .functor BUFT 1, C4<00>, C4<0>, C4<0>, C4<0>;
v0000022379abfbe0_0 .net/2u *"_ivl_129", 1 0, L_0000022379ad4970;  1 drivers
v0000022379ac0720_0 .net *"_ivl_132", 0 0, L_0000022379b377a0;  1 drivers
L_0000022379ad49b8 .functor BUFT 1, C4<01>, C4<0>, C4<0>, C4<0>;
v0000022379ac1b20_0 .net/2u *"_ivl_133", 1 0, L_0000022379ad49b8;  1 drivers
v0000022379ac14e0_0 .net *"_ivl_136", 0 0, L_0000022379b37b60;  1 drivers
L_0000022379ad4a00 .functor BUFT 1, C4<10>, C4<0>, C4<0>, C4<0>;
v0000022379abfe60_0 .net/2u *"_ivl_137", 1 0, L_0000022379ad4a00;  1 drivers
L_0000022379ad4a48 .functor BUFT 1, C4<11>, C4<0>, C4<0>, C4<0>;
v0000022379ac1da0_0 .net/2u *"_ivl_139", 1 0, L_0000022379ad4a48;  1 drivers
v0000022379abfaa0_0 .net *"_ivl_141", 1 0, L_0000022379b368a0;  1 drivers
v0000022379ac1f80_0 .net *"_ivl_143", 1 0, L_0000022379b37c00;  1 drivers
v0000022379ac05e0_0 .net *"_ivl_148", 0 0, L_0000022379b36da0;  1 drivers
L_0000022379ad4a90 .functor BUFT 1, C4<00>, C4<0>, C4<0>, C4<0>;
v0000022379ac1760_0 .net/2u *"_ivl_149", 1 0, L_0000022379ad4a90;  1 drivers
v0000022379ac1bc0_0 .net *"_ivl_152", 0 0, L_0000022379b37660;  1 drivers
L_0000022379ad4ad8 .functor BUFT 1, C4<01>, C4<0>, C4<0>, C4<0>;
v0000022379ac1a80_0 .net/2u *"_ivl_153", 1 0, L_0000022379ad4ad8;  1 drivers
v0000022379ac0f40_0 .net *"_ivl_156", 0 0, L_0000022379b36800;  1 drivers
L_0000022379ad4b20 .functor BUFT 1, C4<10>, C4<0>, C4<0>, C4<0>;
v0000022379abfdc0_0 .net/2u *"_ivl_157", 1 0, L_0000022379ad4b20;  1 drivers
L_0000022379ad4b68 .functor BUFT 1, C4<11>, C4<0>, C4<0>, C4<0>;
v0000022379ac0680_0 .net/2u *"_ivl_159", 1 0, L_0000022379ad4b68;  1 drivers
v0000022379ac0ea0_0 .net *"_ivl_161", 1 0, L_0000022379b37840;  1 drivers
v0000022379ac09a0_0 .net *"_ivl_163", 1 0, L_0000022379b38b00;  1 drivers
v0000022379ac0180_0 .net *"_ivl_168", 0 0, L_0000022379b38100;  1 drivers
v0000022379ac0040_0 .net *"_ivl_184", 3 0, L_0000022379b37700;  1 drivers
v0000022379ac0220_0 .net *"_ivl_186", 0 0, L_0000022379b36f80;  1 drivers
v0000022379ac1940_0 .net *"_ivl_190", 3 0, L_0000022379b386a0;  1 drivers
v0000022379ac0b80_0 .net *"_ivl_192", 0 0, L_0000022379b38420;  1 drivers
v0000022379ac0860_0 .net *"_ivl_196", 3 0, L_0000022379b37e80;  1 drivers
v0000022379ac0fe0_0 .net *"_ivl_198", 0 0, L_0000022379b36a80;  1 drivers
v0000022379abfc80_0 .net *"_ivl_203", 3 0, L_0000022379b36580;  1 drivers
v0000022379ac0540_0 .net *"_ivl_205", 0 0, L_0000022379b36d00;  1 drivers
v0000022379ac1e40_0 .net *"_ivl_207", 0 0, L_0000022379b37f20;  1 drivers
L_0000022379ad4bb0 .functor BUFT 1, C4<00>, C4<0>, C4<0>, C4<0>;
v0000022379ac07c0_0 .net/2u *"_ivl_208", 1 0, L_0000022379ad4bb0;  1 drivers
v0000022379ac0c20_0 .net *"_ivl_211", 0 0, L_0000022379b375c0;  1 drivers
L_0000022379ad4bf8 .functor BUFT 1, C4<01>, C4<0>, C4<0>, C4<0>;
v0000022379abfb40_0 .net/2u *"_ivl_212", 1 0, L_0000022379ad4bf8;  1 drivers
v0000022379ac1260_0 .net *"_ivl_215", 0 0, L_0000022379b381a0;  1 drivers
L_0000022379ad4c40 .functor BUFT 1, C4<10>, C4<0>, C4<0>, C4<0>;
v0000022379ac1d00_0 .net/2u *"_ivl_216", 1 0, L_0000022379ad4c40;  1 drivers
L_0000022379ad4c88 .functor BUFT 1, C4<11>, C4<0>, C4<0>, C4<0>;
v0000022379ac13a0_0 .net/2u *"_ivl_218", 1 0, L_0000022379ad4c88;  1 drivers
v0000022379ac1ee0_0 .net *"_ivl_220", 1 0, L_0000022379b384c0;  1 drivers
v0000022379ac1c60_0 .net *"_ivl_222", 1 0, L_0000022379b387e0;  1 drivers
v0000022379ac0900_0 .net *"_ivl_227", 0 0, L_0000022379b38560;  1 drivers
L_0000022379ad4cd0 .functor BUFT 1, C4<00>, C4<0>, C4<0>, C4<0>;
v0000022379ac00e0_0 .net/2u *"_ivl_228", 1 0, L_0000022379ad4cd0;  1 drivers
v0000022379ac0cc0_0 .net *"_ivl_231", 0 0, L_0000022379b39820;  1 drivers
L_0000022379ad4d18 .functor BUFT 1, C4<01>, C4<0>, C4<0>, C4<0>;
v0000022379ac0d60_0 .net/2u *"_ivl_232", 1 0, L_0000022379ad4d18;  1 drivers
v0000022379ac02c0_0 .net *"_ivl_235", 0 0, L_0000022379b3afe0;  1 drivers
L_0000022379ad4d60 .functor BUFT 1, C4<10>, C4<0>, C4<0>, C4<0>;
v0000022379ac18a0_0 .net/2u *"_ivl_236", 1 0, L_0000022379ad4d60;  1 drivers
L_0000022379ad4da8 .functor BUFT 1, C4<11>, C4<0>, C4<0>, C4<0>;
v0000022379ac19e0_0 .net/2u *"_ivl_238", 1 0, L_0000022379ad4da8;  1 drivers
v0000022379ac1300_0 .net *"_ivl_240", 1 0, L_0000022379b39aa0;  1 drivers
v0000022379ac2200_0 .net *"_ivl_242", 1 0, L_0000022379b3ab80;  1 drivers
v0000022379ac1580 .array "dep_matrix", 15 0, 15 0;
v0000022379abfd20_0 .net "free_group_enc", 1 0, L_0000022379b36c60;  1 drivers
v0000022379ac1080_0 .var "free_idx_comb", 3 0;
v0000022379ac2160_0 .net "free_slot_valid_comb", 0 0, L_0000022379b373e0;  1 drivers
v0000022379ac2020_0 .net "free_slots", 15 0, L_0000022379b2ab90;  1 drivers
v0000022379ac1620_0 .net "free_within_group_enc", 1 0, L_0000022379b38ba0;  1 drivers
v0000022379ac0360_0 .net "group_free_valid", 3 0, L_0000022379b37ac0;  1 drivers
v0000022379abffa0_0 .net "group_ready_valid", 3 0, L_0000022379b37020;  1 drivers
v0000022379ac0a40_0 .var/i "i", 31 0;
v0000022379ac20c0_0 .net "i_ava_core_id", 5 0, L_0000022379b2a500;  alias, 1 drivers
v0000022379abff00_0 .net "i_ava_core_valid", 0 0, L_0000022379b2aa40;  alias, 1 drivers
v0000022379ac0400_0 .net "i_clk", 0 0, o0000022379a51b38;  alias, 0 drivers
v0000022379ac1120_0 .net "i_empty", 0 0, L_0000022379aca840;  alias, 1 drivers
v0000022379ac04a0_0 .net "i_fifo_tmt_data", 63 0, L_00000223798ee260;  alias, 1 drivers
v0000022379ac0ae0_0 .net "i_rst_n", 0 0, o0000022379a51bc8;  alias, 0 drivers
v0000022379ac16c0_0 .net "i_task_done_pulse", 0 0, v0000022379a46ef0_0;  alias, 1 drivers
v0000022379ac0e00_0 .net "i_terminated_tmt_idx", 3 0, v0000022379a46f90_0;  alias, 1 drivers
v0000022379ac11c0_0 .net "incoming_addr", 31 0, L_0000022379b38740;  1 drivers
v0000022379ac1800_0 .net "incoming_dep_id", 9 0, L_0000022379b37de0;  1 drivers
v0000022379aca020_0 .net "incoming_dep_match", 15 0, L_0000022379acbf60;  1 drivers
v0000022379ac8e00_0 .net "incoming_quota", 9 0, L_0000022379b378e0;  1 drivers
v0000022379ac8c20_0 .net "incoming_task_id", 9 0, L_0000022379b38ce0;  1 drivers
v0000022379ac9580_0 .var/i "j", 31 0;
v0000022379ac9ee0_0 .var "o_dispatch_addr", 31 0;
v0000022379ac89a0_0 .var "o_dispatch_core_id", 5 0;
v0000022379aca0c0_0 .var "o_err", 1 0;
v0000022379ac9b20_0 .var "o_instance_id_tmt_cmt", 9 0;
v0000022379ac85e0_0 .var "o_task_id_tmt_cmt", 9 0;
v0000022379ac8680_0 .var "o_tmt_cmt_ack", 0 0;
v0000022379aca160_0 .net "o_tmt_fifo_ack", 0 0, L_0000022379b2a6c0;  alias, 1 drivers
v0000022379ac93a0_0 .var "o_tmt_idx_tmt_cmt", 3 0;
v0000022379aca3e0_0 .net "ready_group_enc", 1 0, L_0000022379b372a0;  1 drivers
v0000022379ac87c0_0 .var "ready_idx_comb", 3 0;
v0000022379ac9620_0 .net "ready_slots", 15 0, L_0000022379b37ca0;  1 drivers
v0000022379ac9800_0 .net "ready_valid_comb", 0 0, L_0000022379b36bc0;  1 drivers
v0000022379ac84a0_0 .net "ready_within_group_enc", 1 0, L_0000022379b39fa0;  1 drivers
v0000022379ac8540_0 .var "selected_free_group", 3 0;
v0000022379ac8720_0 .var "selected_ready_group", 3 0;
v0000022379ac8220 .array "trf_addr", 15 0, 31 0;
v0000022379ac9e40 .array "trf_dispatched_count", 15 0, 9 0;
v0000022379ac9bc0 .array "trf_finished_count", 15 0, 9 0;
v0000022379ac8860 .array "trf_fsm_state", 15 0;
v0000022379ac8860_0 .net v0000022379ac8860 0, 1 0, L_0000022379acd9a0; 1 drivers
v0000022379ac8860_1 .net v0000022379ac8860 1, 1 0, L_0000022379acdea0; 1 drivers
v0000022379ac8860_2 .net v0000022379ac8860 2, 1 0, L_0000022379ace120; 1 drivers
v0000022379ac8860_3 .net v0000022379ac8860 3, 1 0, L_0000022379acebc0; 1 drivers
v0000022379ac8860_4 .net v0000022379ac8860 4, 1 0, L_0000022379acdfe0; 1 drivers
v0000022379ac8860_5 .net v0000022379ac8860 5, 1 0, L_0000022379acea80; 1 drivers
v0000022379ac8860_6 .net v0000022379ac8860 6, 1 0, L_0000022379acf840; 1 drivers
v0000022379ac8860_7 .net v0000022379ac8860 7, 1 0, L_0000022379acfac0; 1 drivers
v0000022379ac8860_8 .net v0000022379ac8860 8, 1 0, L_0000022379b34b40; 1 drivers
v0000022379ac8860_9 .net v0000022379ac8860 9, 1 0, L_0000022379b35e00; 1 drivers
v0000022379ac8860_10 .net v0000022379ac8860 10, 1 0, L_0000022379b33e20; 1 drivers
v0000022379ac8860_11 .net v0000022379ac8860 11, 1 0, L_0000022379b36300; 1 drivers
v0000022379ac8860_12 .net v0000022379ac8860 12, 1 0, L_0000022379b34d20; 1 drivers
v0000022379ac8860_13 .net v0000022379ac8860 13, 1 0, L_0000022379b34dc0; 1 drivers
v0000022379ac8860_14 .net v0000022379ac8860 14, 1 0, L_0000022379b35400; 1 drivers
v0000022379ac8860_15 .net v0000022379ac8860 15, 1 0, L_0000022379b369e0; 1 drivers
v0000022379aca200 .array "trf_quota", 15 0, 9 0;
v0000022379ac9c60 .array "trf_task_id", 15 0, 9 0;
v0000022379ac82c0_0 .var "trf_valid", 15 0;
E_0000022379a250b0 .event anyedge, v0000022379aca3e0_0, v0000022379ac84a0_0;
E_0000022379a246b0 .event anyedge, v0000022379aca3e0_0, v0000022379ac9620_0;
E_0000022379a252b0 .event anyedge, v0000022379abfd20_0, v0000022379ac1620_0;
E_0000022379a24b70 .event anyedge, v0000022379abfd20_0, v0000022379ac2020_0;
L_0000022379ac8180 .part v0000022379ac82c0_0, 0, 1;
L_0000022379acb100 .part v0000022379ac82c0_0, 1, 1;
L_0000022379acb240 .part v0000022379ac82c0_0, 2, 1;
L_0000022379acae80 .part v0000022379ac82c0_0, 3, 1;
L_0000022379acab60 .part v0000022379ac82c0_0, 4, 1;
L_0000022379acac00 .part v0000022379ac82c0_0, 5, 1;
L_0000022379acb6a0 .part v0000022379ac82c0_0, 6, 1;
L_0000022379accd20 .part v0000022379ac82c0_0, 7, 1;
L_0000022379acc0a0 .part v0000022379ac82c0_0, 8, 1;
L_0000022379acca00 .part v0000022379ac82c0_0, 9, 1;
L_0000022379acb4c0 .part v0000022379ac82c0_0, 10, 1;
L_0000022379aca980 .part v0000022379ac82c0_0, 11, 1;
L_0000022379acb7e0 .part v0000022379ac82c0_0, 12, 1;
L_0000022379acc320 .part v0000022379ac82c0_0, 13, 1;
L_0000022379acbe20 .part v0000022379ac82c0_0, 14, 1;
LS_0000022379acbf60_0_0 .concat8 [ 1 1 1 1], L_0000022379acade0, L_0000022379accaa0, L_0000022379acbce0, L_0000022379acc6e0;
LS_0000022379acbf60_0_4 .concat8 [ 1 1 1 1], L_0000022379acc000, L_0000022379acc3c0, L_0000022379acb600, L_0000022379acad40;
LS_0000022379acbf60_0_8 .concat8 [ 1 1 1 1], L_0000022379aca8e0, L_0000022379acbc40, L_0000022379acbb00, L_0000022379acd040;
LS_0000022379acbf60_0_12 .concat8 [ 1 1 1 1], L_0000022379acb880, L_0000022379acc1e0, L_0000022379acbec0, L_0000022379acc640;
L_0000022379acbf60 .concat8 [ 4 4 4 4], LS_0000022379acbf60_0_0, LS_0000022379acbf60_0_4, LS_0000022379acbf60_0_8, LS_0000022379acbf60_0_12;
L_0000022379acc500 .part v0000022379ac82c0_0, 15, 1;
L_0000022379acc820 .part v0000022379ac82c0_0, 0, 1;
L_0000022379ace580 .part v0000022379ac82c0_0, 1, 1;
L_0000022379ace620 .part v0000022379ac82c0_0, 2, 1;
L_0000022379ace1c0 .part v0000022379ac82c0_0, 3, 1;
L_0000022379acdd60 .part v0000022379ac82c0_0, 4, 1;
L_0000022379acd180 .part v0000022379ac82c0_0, 5, 1;
L_0000022379acec60 .part v0000022379ac82c0_0, 6, 1;
L_0000022379acf660 .part v0000022379ac82c0_0, 7, 1;
L_0000022379acfd40 .part v0000022379ac82c0_0, 8, 1;
L_0000022379b352c0 .part v0000022379ac82c0_0, 9, 1;
L_0000022379b36120 .part v0000022379ac82c0_0, 10, 1;
L_0000022379b35ea0 .part v0000022379ac82c0_0, 11, 1;
L_0000022379b346e0 .part v0000022379ac82c0_0, 12, 1;
L_0000022379b34aa0 .part v0000022379ac82c0_0, 13, 1;
L_0000022379b35900 .part v0000022379ac82c0_0, 14, 1;
L_0000022379b354a0 .part v0000022379ac82c0_0, 15, 1;
LS_0000022379b37ca0_0_0 .concat8 [ 1 1 1 1], L_0000022379b38c40, L_0000022379b389c0, L_0000022379b37980, L_0000022379b370c0;
LS_0000022379b37ca0_0_4 .concat8 [ 1 1 1 1], L_0000022379b37a20, L_0000022379b366c0, L_0000022379b36e40, L_0000022379b382e0;
LS_0000022379b37ca0_0_8 .concat8 [ 1 1 1 1], L_0000022379b36620, L_0000022379b36760, L_0000022379b37fc0, L_0000022379b38600;
LS_0000022379b37ca0_0_12 .concat8 [ 1 1 1 1], L_0000022379b37340, L_0000022379b37480, L_0000022379b36940, L_0000022379b36ee0;
L_0000022379b37ca0 .concat8 [ 4 4 4 4], LS_0000022379b37ca0_0_0, LS_0000022379b37ca0_0_4, LS_0000022379b37ca0_0_8, LS_0000022379b37ca0_0_12;
L_0000022379b373e0 .reduce/or L_0000022379b2ab90;
L_0000022379b38880 .part L_0000022379b2ab90, 0, 4;
L_0000022379b37d40 .reduce/or L_0000022379b38880;
L_0000022379b36b20 .part L_0000022379b2ab90, 4, 4;
L_0000022379b37200 .reduce/or L_0000022379b36b20;
L_0000022379b37520 .part L_0000022379b2ab90, 8, 4;
L_0000022379b38920 .reduce/or L_0000022379b37520;
L_0000022379b37ac0 .concat8 [ 1 1 1 1], L_0000022379b37d40, L_0000022379b37200, L_0000022379b38920, L_0000022379b37160;
L_0000022379b38a60 .part L_0000022379b2ab90, 12, 4;
L_0000022379b37160 .reduce/or L_0000022379b38a60;
L_0000022379b38380 .part L_0000022379b37ac0, 0, 1;
L_0000022379b377a0 .part L_0000022379b37ac0, 1, 1;
L_0000022379b37b60 .part L_0000022379b37ac0, 2, 1;
L_0000022379b368a0 .functor MUXZ 2, L_0000022379ad4a48, L_0000022379ad4a00, L_0000022379b37b60, C4<>;
L_0000022379b37c00 .functor MUXZ 2, L_0000022379b368a0, L_0000022379ad49b8, L_0000022379b377a0, C4<>;
L_0000022379b36c60 .functor MUXZ 2, L_0000022379b37c00, L_0000022379ad4970, L_0000022379b38380, C4<>;
L_0000022379b36da0 .part v0000022379ac8540_0, 0, 1;
L_0000022379b37660 .part v0000022379ac8540_0, 1, 1;
L_0000022379b36800 .part v0000022379ac8540_0, 2, 1;
L_0000022379b37840 .functor MUXZ 2, L_0000022379ad4b68, L_0000022379ad4b20, L_0000022379b36800, C4<>;
L_0000022379b38b00 .functor MUXZ 2, L_0000022379b37840, L_0000022379ad4ad8, L_0000022379b37660, C4<>;
L_0000022379b38ba0 .functor MUXZ 2, L_0000022379b38b00, L_0000022379ad4a90, L_0000022379b36da0, C4<>;
L_0000022379b38100 .reduce/nor L_0000022379aca840;
L_0000022379b38ce0 .part L_00000223798ee260, 54, 10;
L_0000022379b378e0 .part L_00000223798ee260, 44, 10;
L_0000022379b38740 .part L_00000223798ee260, 12, 32;
L_0000022379b37de0 .part L_00000223798ee260, 2, 10;
L_0000022379b36bc0 .reduce/or L_0000022379b37ca0;
L_0000022379b37700 .part L_0000022379b37ca0, 0, 4;
L_0000022379b36f80 .reduce/or L_0000022379b37700;
L_0000022379b386a0 .part L_0000022379b37ca0, 4, 4;
L_0000022379b38420 .reduce/or L_0000022379b386a0;
L_0000022379b37e80 .part L_0000022379b37ca0, 8, 4;
L_0000022379b36a80 .reduce/or L_0000022379b37e80;
L_0000022379b37020 .concat8 [ 1 1 1 1], L_0000022379b36f80, L_0000022379b38420, L_0000022379b36a80, L_0000022379b36d00;
L_0000022379b36580 .part L_0000022379b37ca0, 12, 4;
L_0000022379b36d00 .reduce/or L_0000022379b36580;
L_0000022379b37f20 .part L_0000022379b37020, 0, 1;
L_0000022379b375c0 .part L_0000022379b37020, 1, 1;
L_0000022379b381a0 .part L_0000022379b37020, 2, 1;
L_0000022379b384c0 .functor MUXZ 2, L_0000022379ad4c88, L_0000022379ad4c40, L_0000022379b381a0, C4<>;
L_0000022379b387e0 .functor MUXZ 2, L_0000022379b384c0, L_0000022379ad4bf8, L_0000022379b375c0, C4<>;
L_0000022379b372a0 .functor MUXZ 2, L_0000022379b387e0, L_0000022379ad4bb0, L_0000022379b37f20, C4<>;
L_0000022379b38560 .part v0000022379ac8720_0, 0, 1;
L_0000022379b39820 .part v0000022379ac8720_0, 1, 1;
L_0000022379b3afe0 .part v0000022379ac8720_0, 2, 1;
L_0000022379b39aa0 .functor MUXZ 2, L_0000022379ad4da8, L_0000022379ad4d60, L_0000022379b3afe0, C4<>;
L_0000022379b3ab80 .functor MUXZ 2, L_0000022379b39aa0, L_0000022379ad4d18, L_0000022379b39820, C4<>;
L_0000022379b39fa0 .functor MUXZ 2, L_0000022379b3ab80, L_0000022379ad4cd0, L_0000022379b38560, C4<>;
S_00000223798e6790 .scope generate, "gen_match[0]" "gen_match[0]" 6 96, 6 96 0, S_00000223798c1560;
 .timescale -9 -12;
P_0000022379a24e70 .param/l "g" 0 6 96, +C4<00>;
L_00000223798ee9d0 .functor AND 1, L_0000022379ac8180, L_0000022379accdc0, C4<1>, C4<1>;
L_0000022379ad20f0 .functor BUFT 1, C4<0000000000>, C4<0>, C4<0>, C4<0>;
v0000022379aa49a0_0 .net/2u *"_ivl_0", 9 0, L_0000022379ad20f0;  1 drivers
v0000022379aa5120_0 .net *"_ivl_11", 0 0, L_00000223798ee9d0;  1 drivers
v0000022379aa4d60_0 .net *"_ivl_12", 0 0, L_0000022379acade0;  1 drivers
v0000022379aa3e60_0 .net *"_ivl_2", 0 0, L_0000022379ac99e0;  1 drivers
L_0000022379ad2138 .functor BUFT 1, C4<0>, C4<0>, C4<0>, C4<0>;
v0000022379aa3d20_0 .net/2u *"_ivl_4", 0 0, L_0000022379ad2138;  1 drivers
v0000022379aa4680_0 .net *"_ivl_6", 0 0, L_0000022379ac8180;  1 drivers
v0000022379aa4a40_0 .net *"_ivl_8", 0 0, L_0000022379accdc0;  1 drivers
L_0000022379ac99e0 .cmp/eq 10, L_0000022379b37de0, L_0000022379ad20f0;
v0000022379ac9c60_0 .array/port v0000022379ac9c60, 0;
L_0000022379accdc0 .cmp/eq 10, v0000022379ac9c60_0, L_0000022379b37de0;
L_0000022379acade0 .functor MUXZ 1, L_00000223798ee9d0, L_0000022379ad2138, L_0000022379ac99e0, C4<>;
S_00000223798e6920 .scope generate, "gen_match[1]" "gen_match[1]" 6 96, 6 96 0, S_00000223798c1560;
 .timescale -9 -12;
P_0000022379a25170 .param/l "g" 0 6 96, +C4<01>;
L_0000022379b2a340 .functor AND 1, L_0000022379acb100, L_0000022379accb40, C4<1>, C4<1>;
L_0000022379ad2180 .functor BUFT 1, C4<0000000000>, C4<0>, C4<0>, C4<0>;
v0000022379aa3aa0_0 .net/2u *"_ivl_0", 9 0, L_0000022379ad2180;  1 drivers
v0000022379aa4ae0_0 .net *"_ivl_11", 0 0, L_0000022379b2a340;  1 drivers
v0000022379aa56c0_0 .net *"_ivl_12", 0 0, L_0000022379accaa0;  1 drivers
v0000022379aa4860_0 .net *"_ivl_2", 0 0, L_0000022379acb060;  1 drivers
L_0000022379ad21c8 .functor BUFT 1, C4<0>, C4<0>, C4<0>, C4<0>;
v0000022379aa58a0_0 .net/2u *"_ivl_4", 0 0, L_0000022379ad21c8;  1 drivers
v0000022379aa4cc0_0 .net *"_ivl_6", 0 0, L_0000022379acb100;  1 drivers
v0000022379aa5580_0 .net *"_ivl_8", 0 0, L_0000022379accb40;  1 drivers
L_0000022379acb060 .cmp/eq 10, L_0000022379b37de0, L_0000022379ad2180;
v0000022379ac9c60_1 .array/port v0000022379ac9c60, 1;
L_0000022379accb40 .cmp/eq 10, v0000022379ac9c60_1, L_0000022379b37de0;
L_0000022379accaa0 .functor MUXZ 1, L_0000022379b2a340, L_0000022379ad21c8, L_0000022379acb060, C4<>;
S_00000223798aadc0 .scope generate, "gen_match[2]" "gen_match[2]" 6 96, 6 96 0, S_00000223798c1560;
 .timescale -9 -12;
P_0000022379a249b0 .param/l "g" 0 6 96, +C4<010>;
L_0000022379b2a3b0 .functor AND 1, L_0000022379acb240, L_0000022379acb1a0, C4<1>, C4<1>;
L_0000022379ad2210 .functor BUFT 1, C4<0000000000>, C4<0>, C4<0>, C4<0>;
v0000022379aa4900_0 .net/2u *"_ivl_0", 9 0, L_0000022379ad2210;  1 drivers
v0000022379aa3f00_0 .net *"_ivl_11", 0 0, L_0000022379b2a3b0;  1 drivers
v0000022379aa4b80_0 .net *"_ivl_12", 0 0, L_0000022379acbce0;  1 drivers
v0000022379aa4c20_0 .net *"_ivl_2", 0 0, L_0000022379acb2e0;  1 drivers
L_0000022379ad2258 .functor BUFT 1, C4<0>, C4<0>, C4<0>, C4<0>;
v0000022379aa42c0_0 .net/2u *"_ivl_4", 0 0, L_0000022379ad2258;  1 drivers
v0000022379aa5760_0 .net *"_ivl_6", 0 0, L_0000022379acb240;  1 drivers
v0000022379aa4e00_0 .net *"_ivl_8", 0 0, L_0000022379acb1a0;  1 drivers
L_0000022379acb2e0 .cmp/eq 10, L_0000022379b37de0, L_0000022379ad2210;
v0000022379ac9c60_2 .array/port v0000022379ac9c60, 2;
L_0000022379acb1a0 .cmp/eq 10, v0000022379ac9c60_2, L_0000022379b37de0;
L_0000022379acbce0 .functor MUXZ 1, L_0000022379b2a3b0, L_0000022379ad2258, L_0000022379acb2e0, C4<>;
S_00000223798aaf50 .scope generate, "gen_match[3]" "gen_match[3]" 6 96, 6 96 0, S_00000223798c1560;
 .timescale -9 -12;
P_0000022379a24bf0 .param/l "g" 0 6 96, +C4<011>;
L_0000022379b2aff0 .functor AND 1, L_0000022379acae80, L_0000022379acbba0, C4<1>, C4<1>;
L_0000022379ad22a0 .functor BUFT 1, C4<0000000000>, C4<0>, C4<0>, C4<0>;
v0000022379aa51c0_0 .net/2u *"_ivl_0", 9 0, L_0000022379ad22a0;  1 drivers
v0000022379aa44a0_0 .net *"_ivl_11", 0 0, L_0000022379b2aff0;  1 drivers
v0000022379aa4180_0 .net *"_ivl_12", 0 0, L_0000022379acc6e0;  1 drivers
v0000022379aa4f40_0 .net *"_ivl_2", 0 0, L_0000022379acc280;  1 drivers
L_0000022379ad22e8 .functor BUFT 1, C4<0>, C4<0>, C4<0>, C4<0>;
v0000022379aa4040_0 .net/2u *"_ivl_4", 0 0, L_0000022379ad22e8;  1 drivers
v0000022379aa4fe0_0 .net *"_ivl_6", 0 0, L_0000022379acae80;  1 drivers
v0000022379aa54e0_0 .net *"_ivl_8", 0 0, L_0000022379acbba0;  1 drivers
L_0000022379acc280 .cmp/eq 10, L_0000022379b37de0, L_0000022379ad22a0;
v0000022379ac9c60_3 .array/port v0000022379ac9c60, 3;
L_0000022379acbba0 .cmp/eq 10, v0000022379ac9c60_3, L_0000022379b37de0;
L_0000022379acc6e0 .functor MUXZ 1, L_0000022379b2aff0, L_0000022379ad22e8, L_0000022379acc280, C4<>;
S_0000022379a067d0 .scope generate, "gen_match[4]" "gen_match[4]" 6 96, 6 96 0, S_00000223798c1560;
 .timescale -9 -12;
P_0000022379a25930 .param/l "g" 0 6 96, +C4<0100>;
L_0000022379b2a9d0 .functor AND 1, L_0000022379acab60, L_0000022379acbd80, C4<1>, C4<1>;
L_0000022379ad2330 .functor BUFT 1, C4<0000000000>, C4<0>, C4<0>, C4<0>;
v0000022379aa5940_0 .net/2u *"_ivl_0", 9 0, L_0000022379ad2330;  1 drivers
v0000022379aa5260_0 .net *"_ivl_11", 0 0, L_0000022379b2a9d0;  1 drivers
v0000022379aa5300_0 .net *"_ivl_12", 0 0, L_0000022379acc000;  1 drivers
v0000022379aa53a0_0 .net *"_ivl_2", 0 0, L_0000022379accfa0;  1 drivers
L_0000022379ad2378 .functor BUFT 1, C4<0>, C4<0>, C4<0>, C4<0>;
v0000022379aa5620_0 .net/2u *"_ivl_4", 0 0, L_0000022379ad2378;  1 drivers
v0000022379aa5800_0 .net *"_ivl_6", 0 0, L_0000022379acab60;  1 drivers
v0000022379aa4220_0 .net *"_ivl_8", 0 0, L_0000022379acbd80;  1 drivers
L_0000022379accfa0 .cmp/eq 10, L_0000022379b37de0, L_0000022379ad2330;
v0000022379ac9c60_4 .array/port v0000022379ac9c60, 4;
L_0000022379acbd80 .cmp/eq 10, v0000022379ac9c60_4, L_0000022379b37de0;
L_0000022379acc000 .functor MUXZ 1, L_0000022379b2a9d0, L_0000022379ad2378, L_0000022379accfa0, C4<>;
S_0000022379a06960 .scope generate, "gen_match[5]" "gen_match[5]" 6 96, 6 96 0, S_00000223798c1560;
 .timescale -9 -12;
P_0000022379a25a30 .param/l "g" 0 6 96, +C4<0101>;
L_0000022379b2adc0 .functor AND 1, L_0000022379acac00, L_0000022379acce60, C4<1>, C4<1>;
L_0000022379ad23c0 .functor BUFT 1, C4<0000000000>, C4<0>, C4<0>, C4<0>;
v0000022379aa4400_0 .net/2u *"_ivl_0", 9 0, L_0000022379ad23c0;  1 drivers
v0000022379aa67e0_0 .net *"_ivl_11", 0 0, L_0000022379b2adc0;  1 drivers
v0000022379aa7640_0 .net *"_ivl_12", 0 0, L_0000022379acc3c0;  1 drivers
v0000022379aa6ba0_0 .net *"_ivl_2", 0 0, L_0000022379acafc0;  1 drivers
L_0000022379ad2408 .functor BUFT 1, C4<0>, C4<0>, C4<0>, C4<0>;
v0000022379aa7460_0 .net/2u *"_ivl_4", 0 0, L_0000022379ad2408;  1 drivers
v0000022379aa5de0_0 .net *"_ivl_6", 0 0, L_0000022379acac00;  1 drivers
v0000022379aa66a0_0 .net *"_ivl_8", 0 0, L_0000022379acce60;  1 drivers
L_0000022379acafc0 .cmp/eq 10, L_0000022379b37de0, L_0000022379ad23c0;
v0000022379ac9c60_5 .array/port v0000022379ac9c60, 5;
L_0000022379acce60 .cmp/eq 10, v0000022379ac9c60_5, L_0000022379b37de0;
L_0000022379acc3c0 .functor MUXZ 1, L_0000022379b2adc0, L_0000022379ad2408, L_0000022379acafc0, C4<>;
S_0000022379aa9a70 .scope generate, "gen_match[6]" "gen_match[6]" 6 96, 6 96 0, S_00000223798c1560;
 .timescale -9 -12;
P_0000022379a25a70 .param/l "g" 0 6 96, +C4<0110>;
L_0000022379b2a960 .functor AND 1, L_0000022379acb6a0, L_0000022379acc960, C4<1>, C4<1>;
L_0000022379ad2450 .functor BUFT 1, C4<0000000000>, C4<0>, C4<0>, C4<0>;
v0000022379aa71e0_0 .net/2u *"_ivl_0", 9 0, L_0000022379ad2450;  1 drivers
v0000022379aa5e80_0 .net *"_ivl_11", 0 0, L_0000022379b2a960;  1 drivers
v0000022379aa62e0_0 .net *"_ivl_12", 0 0, L_0000022379acb600;  1 drivers
v0000022379aa6c40_0 .net *"_ivl_2", 0 0, L_0000022379acaca0;  1 drivers
L_0000022379ad2498 .functor BUFT 1, C4<0>, C4<0>, C4<0>, C4<0>;
v0000022379aa6880_0 .net/2u *"_ivl_4", 0 0, L_0000022379ad2498;  1 drivers
v0000022379aa7be0_0 .net *"_ivl_6", 0 0, L_0000022379acb6a0;  1 drivers
v0000022379aa5fc0_0 .net *"_ivl_8", 0 0, L_0000022379acc960;  1 drivers
L_0000022379acaca0 .cmp/eq 10, L_0000022379b37de0, L_0000022379ad2450;
v0000022379ac9c60_6 .array/port v0000022379ac9c60, 6;
L_0000022379acc960 .cmp/eq 10, v0000022379ac9c60_6, L_0000022379b37de0;
L_0000022379acb600 .functor MUXZ 1, L_0000022379b2a960, L_0000022379ad2498, L_0000022379acaca0, C4<>;
S_0000022379aa9c00 .scope generate, "gen_match[7]" "gen_match[7]" 6 96, 6 96 0, S_00000223798c1560;
 .timescale -9 -12;
P_0000022379a26230 .param/l "g" 0 6 96, +C4<0111>;
L_0000022379b2a260 .functor AND 1, L_0000022379accd20, L_0000022379acaf20, C4<1>, C4<1>;
L_0000022379ad24e0 .functor BUFT 1, C4<0000000000>, C4<0>, C4<0>, C4<0>;
v0000022379aa6240_0 .net/2u *"_ivl_0", 9 0, L_0000022379ad24e0;  1 drivers
v0000022379aa5ac0_0 .net *"_ivl_11", 0 0, L_0000022379b2a260;  1 drivers
v0000022379aa7280_0 .net *"_ivl_12", 0 0, L_0000022379acad40;  1 drivers
v0000022379aa61a0_0 .net *"_ivl_2", 0 0, L_0000022379acaa20;  1 drivers
L_0000022379ad2528 .functor BUFT 1, C4<0>, C4<0>, C4<0>, C4<0>;
v0000022379aa73c0_0 .net/2u *"_ivl_4", 0 0, L_0000022379ad2528;  1 drivers
v0000022379aa78c0_0 .net *"_ivl_6", 0 0, L_0000022379accd20;  1 drivers
v0000022379aa7320_0 .net *"_ivl_8", 0 0, L_0000022379acaf20;  1 drivers
L_0000022379acaa20 .cmp/eq 10, L_0000022379b37de0, L_0000022379ad24e0;
v0000022379ac9c60_7 .array/port v0000022379ac9c60, 7;
L_0000022379acaf20 .cmp/eq 10, v0000022379ac9c60_7, L_0000022379b37de0;
L_0000022379acad40 .functor MUXZ 1, L_0000022379b2a260, L_0000022379ad2528, L_0000022379acaa20, C4<>;
S_0000022379aa9d90 .scope generate, "gen_match[8]" "gen_match[8]" 6 96, 6 96 0, S_00000223798c1560;
 .timescale -9 -12;
P_0000022379a25b30 .param/l "g" 0 6 96, +C4<01000>;
L_0000022379b2a2d0 .functor AND 1, L_0000022379acc0a0, L_0000022379acb560, C4<1>, C4<1>;
L_0000022379ad2570 .functor BUFT 1, C4<0000000000>, C4<0>, C4<0>, C4<0>;
v0000022379aa75a0_0 .net/2u *"_ivl_0", 9 0, L_0000022379ad2570;  1 drivers
v0000022379aa7b40_0 .net *"_ivl_11", 0 0, L_0000022379b2a2d0;  1 drivers
v0000022379aa7780_0 .net *"_ivl_12", 0 0, L_0000022379aca8e0;  1 drivers
v0000022379aa7000_0 .net *"_ivl_2", 0 0, L_0000022379acaac0;  1 drivers
L_0000022379ad25b8 .functor BUFT 1, C4<0>, C4<0>, C4<0>, C4<0>;
v0000022379aa6100_0 .net/2u *"_ivl_4", 0 0, L_0000022379ad25b8;  1 drivers
v0000022379aa69c0_0 .net *"_ivl_6", 0 0, L_0000022379acc0a0;  1 drivers
v0000022379aa6a60_0 .net *"_ivl_8", 0 0, L_0000022379acb560;  1 drivers
L_0000022379acaac0 .cmp/eq 10, L_0000022379b37de0, L_0000022379ad2570;
v0000022379ac9c60_8 .array/port v0000022379ac9c60, 8;
L_0000022379acb560 .cmp/eq 10, v0000022379ac9c60_8, L_0000022379b37de0;
L_0000022379aca8e0 .functor MUXZ 1, L_0000022379b2a2d0, L_0000022379ad25b8, L_0000022379acaac0, C4<>;
S_0000022379aa9f20 .scope generate, "gen_match[9]" "gen_match[9]" 6 96, 6 96 0, S_00000223798c1560;
 .timescale -9 -12;
P_0000022379a25f30 .param/l "g" 0 6 96, +C4<01001>;
L_0000022379b2ae30 .functor AND 1, L_0000022379acca00, L_0000022379acc8c0, C4<1>, C4<1>;
L_0000022379ad2600 .functor BUFT 1, C4<0000000000>, C4<0>, C4<0>, C4<0>;
v0000022379aa7500_0 .net/2u *"_ivl_0", 9 0, L_0000022379ad2600;  1 drivers
v0000022379aa5b60_0 .net *"_ivl_11", 0 0, L_0000022379b2ae30;  1 drivers
v0000022379aa7820_0 .net *"_ivl_12", 0 0, L_0000022379acbc40;  1 drivers
v0000022379aa7960_0 .net *"_ivl_2", 0 0, L_0000022379acb380;  1 drivers
L_0000022379ad2648 .functor BUFT 1, C4<0>, C4<0>, C4<0>, C4<0>;
v0000022379aa76e0_0 .net/2u *"_ivl_4", 0 0, L_0000022379ad2648;  1 drivers
v0000022379aa7c80_0 .net *"_ivl_6", 0 0, L_0000022379acca00;  1 drivers
v0000022379aa7a00_0 .net *"_ivl_8", 0 0, L_0000022379acc8c0;  1 drivers
L_0000022379acb380 .cmp/eq 10, L_0000022379b37de0, L_0000022379ad2600;
v0000022379ac9c60_9 .array/port v0000022379ac9c60, 9;
L_0000022379acc8c0 .cmp/eq 10, v0000022379ac9c60_9, L_0000022379b37de0;
L_0000022379acbc40 .functor MUXZ 1, L_0000022379b2ae30, L_0000022379ad2648, L_0000022379acb380, C4<>;
S_0000022379aaa0b0 .scope generate, "gen_match[10]" "gen_match[10]" 6 96, 6 96 0, S_00000223798c1560;
 .timescale -9 -12;
P_0000022379a262b0 .param/l "g" 0 6 96, +C4<01010>;
L_0000022379b2a650 .functor AND 1, L_0000022379acb4c0, L_0000022379accf00, C4<1>, C4<1>;
L_0000022379ad2690 .functor BUFT 1, C4<0000000000>, C4<0>, C4<0>, C4<0>;
v0000022379aa6ce0_0 .net/2u *"_ivl_0", 9 0, L_0000022379ad2690;  1 drivers
v0000022379aa7aa0_0 .net *"_ivl_11", 0 0, L_0000022379b2a650;  1 drivers
v0000022379aa7d20_0 .net *"_ivl_12", 0 0, L_0000022379acbb00;  1 drivers
v0000022379aa7dc0_0 .net *"_ivl_2", 0 0, L_0000022379acb420;  1 drivers
L_0000022379ad26d8 .functor BUFT 1, C4<0>, C4<0>, C4<0>, C4<0>;
v0000022379aa6600_0 .net/2u *"_ivl_4", 0 0, L_0000022379ad26d8;  1 drivers
v0000022379aa6060_0 .net *"_ivl_6", 0 0, L_0000022379acb4c0;  1 drivers
v0000022379aa7fa0_0 .net *"_ivl_8", 0 0, L_0000022379accf00;  1 drivers
L_0000022379acb420 .cmp/eq 10, L_0000022379b37de0, L_0000022379ad2690;
v0000022379ac9c60_10 .array/port v0000022379ac9c60, 10;
L_0000022379accf00 .cmp/eq 10, v0000022379ac9c60_10, L_0000022379b37de0;
L_0000022379acbb00 .functor MUXZ 1, L_0000022379b2a650, L_0000022379ad26d8, L_0000022379acb420, C4<>;
S_0000022379aaa240 .scope generate, "gen_match[11]" "gen_match[11]" 6 96, 6 96 0, S_00000223798c1560;
 .timescale -9 -12;
P_0000022379a26330 .param/l "g" 0 6 96, +C4<01011>;
L_0000022379b2a490 .functor AND 1, L_0000022379aca980, L_0000022379acc140, C4<1>, C4<1>;
L_0000022379ad2720 .functor BUFT 1, C4<0000000000>, C4<0>, C4<0>, C4<0>;
v0000022379aa6f60_0 .net/2u *"_ivl_0", 9 0, L_0000022379ad2720;  1 drivers
v0000022379aa7e60_0 .net *"_ivl_11", 0 0, L_0000022379b2a490;  1 drivers
v0000022379aa7f00_0 .net *"_ivl_12", 0 0, L_0000022379acd040;  1 drivers
v0000022379aa8040_0 .net *"_ivl_2", 0 0, L_0000022379acc780;  1 drivers
L_0000022379ad2768 .functor BUFT 1, C4<0>, C4<0>, C4<0>, C4<0>;
v0000022379aa6d80_0 .net/2u *"_ivl_4", 0 0, L_0000022379ad2768;  1 drivers
v0000022379aa80e0_0 .net *"_ivl_6", 0 0, L_0000022379aca980;  1 drivers
v0000022379aa5ca0_0 .net *"_ivl_8", 0 0, L_0000022379acc140;  1 drivers
L_0000022379acc780 .cmp/eq 10, L_0000022379b37de0, L_0000022379ad2720;
v0000022379ac9c60_11 .array/port v0000022379ac9c60, 11;
L_0000022379acc140 .cmp/eq 10, v0000022379ac9c60_11, L_0000022379b37de0;
L_0000022379acd040 .functor MUXZ 1, L_0000022379b2a490, L_0000022379ad2768, L_0000022379acc780, C4<>;
S_0000022379aaa8d0 .scope generate, "gen_match[12]" "gen_match[12]" 6 96, 6 96 0, S_00000223798c1560;
 .timescale -9 -12;
P_0000022379a26430 .param/l "g" 0 6 96, +C4<01100>;
L_0000022379b2ad50 .functor AND 1, L_0000022379acb7e0, L_0000022379accbe0, C4<1>, C4<1>;
L_0000022379ad27b0 .functor BUFT 1, C4<0000000000>, C4<0>, C4<0>, C4<0>;
v0000022379aa5f20_0 .net/2u *"_ivl_0", 9 0, L_0000022379ad27b0;  1 drivers
v0000022379aa8180_0 .net *"_ivl_11", 0 0, L_0000022379b2ad50;  1 drivers
v0000022379aa6380_0 .net *"_ivl_12", 0 0, L_0000022379acb880;  1 drivers
v0000022379aa8220_0 .net *"_ivl_2", 0 0, L_0000022379acb740;  1 drivers
L_0000022379ad27f8 .functor BUFT 1, C4<0>, C4<0>, C4<0>, C4<0>;
v0000022379aa6740_0 .net/2u *"_ivl_4", 0 0, L_0000022379ad27f8;  1 drivers
v0000022379aa5c00_0 .net *"_ivl_6", 0 0, L_0000022379acb7e0;  1 drivers
v0000022379aa5d40_0 .net *"_ivl_8", 0 0, L_0000022379accbe0;  1 drivers
L_0000022379acb740 .cmp/eq 10, L_0000022379b37de0, L_0000022379ad27b0;
v0000022379ac9c60_12 .array/port v0000022379ac9c60, 12;
L_0000022379accbe0 .cmp/eq 10, v0000022379ac9c60_12, L_0000022379b37de0;
L_0000022379acb880 .functor MUXZ 1, L_0000022379b2ad50, L_0000022379ad27f8, L_0000022379acb740, C4<>;
S_0000022379aaabf0 .scope generate, "gen_match[13]" "gen_match[13]" 6 96, 6 96 0, S_00000223798c1560;
 .timescale -9 -12;
P_0000022379a274b0 .param/l "g" 0 6 96, +C4<01101>;
L_0000022379b2a880 .functor AND 1, L_0000022379acc320, L_0000022379acb9c0, C4<1>, C4<1>;
L_0000022379ad2840 .functor BUFT 1, C4<0000000000>, C4<0>, C4<0>, C4<0>;
v0000022379aa6420_0 .net/2u *"_ivl_0", 9 0, L_0000022379ad2840;  1 drivers
v0000022379aa64c0_0 .net *"_ivl_11", 0 0, L_0000022379b2a880;  1 drivers
v0000022379aa6560_0 .net *"_ivl_12", 0 0, L_0000022379acc1e0;  1 drivers
v0000022379aa6920_0 .net *"_ivl_2", 0 0, L_0000022379acb920;  1 drivers
L_0000022379ad2888 .functor BUFT 1, C4<0>, C4<0>, C4<0>, C4<0>;
v0000022379aa6b00_0 .net/2u *"_ivl_4", 0 0, L_0000022379ad2888;  1 drivers
v0000022379aa6e20_0 .net *"_ivl_6", 0 0, L_0000022379acc320;  1 drivers
v0000022379aa6ec0_0 .net *"_ivl_8", 0 0, L_0000022379acb9c0;  1 drivers
L_0000022379acb920 .cmp/eq 10, L_0000022379b37de0, L_0000022379ad2840;
v0000022379ac9c60_13 .array/port v0000022379ac9c60, 13;
L_0000022379acb9c0 .cmp/eq 10, v0000022379ac9c60_13, L_0000022379b37de0;
L_0000022379acc1e0 .functor MUXZ 1, L_0000022379b2a880, L_0000022379ad2888, L_0000022379acb920, C4<>;
S_0000022379aaaf10 .scope generate, "gen_match[14]" "gen_match[14]" 6 96, 6 96 0, S_00000223798c1560;
 .timescale -9 -12;
P_0000022379a270b0 .param/l "g" 0 6 96, +C4<01110>;
L_0000022379b2a8f0 .functor AND 1, L_0000022379acbe20, L_0000022379acba60, C4<1>, C4<1>;
L_0000022379ad28d0 .functor BUFT 1, C4<0000000000>, C4<0>, C4<0>, C4<0>;
v0000022379aa70a0_0 .net/2u *"_ivl_0", 9 0, L_0000022379ad28d0;  1 drivers
v0000022379aa7140_0 .net *"_ivl_11", 0 0, L_0000022379b2a8f0;  1 drivers
v0000022379aa8360_0 .net *"_ivl_12", 0 0, L_0000022379acbec0;  1 drivers
v0000022379aa98a0_0 .net *"_ivl_2", 0 0, L_0000022379accc80;  1 drivers
L_0000022379ad2918 .functor BUFT 1, C4<0>, C4<0>, C4<0>, C4<0>;
v0000022379aa9940_0 .net/2u *"_ivl_4", 0 0, L_0000022379ad2918;  1 drivers
v0000022379aa8d60_0 .net *"_ivl_6", 0 0, L_0000022379acbe20;  1 drivers
v0000022379aa8e00_0 .net *"_ivl_8", 0 0, L_0000022379acba60;  1 drivers
L_0000022379accc80 .cmp/eq 10, L_0000022379b37de0, L_0000022379ad28d0;
v0000022379ac9c60_14 .array/port v0000022379ac9c60, 14;
L_0000022379acba60 .cmp/eq 10, v0000022379ac9c60_14, L_0000022379b37de0;
L_0000022379acbec0 .functor MUXZ 1, L_0000022379b2a8f0, L_0000022379ad2918, L_0000022379accc80, C4<>;
S_0000022379aaaa60 .scope generate, "gen_match[15]" "gen_match[15]" 6 96, 6 96 0, S_00000223798c1560;
 .timescale -9 -12;
P_0000022379a272f0 .param/l "g" 0 6 96, +C4<01111>;
L_0000022379b2ab20 .functor AND 1, L_0000022379acc500, L_0000022379acc5a0, C4<1>, C4<1>;
L_0000022379ad2960 .functor BUFT 1, C4<0000000000>, C4<0>, C4<0>, C4<0>;
v0000022379aa87c0_0 .net/2u *"_ivl_0", 9 0, L_0000022379ad2960;  1 drivers
v0000022379aa8400_0 .net *"_ivl_11", 0 0, L_0000022379b2ab20;  1 drivers
v0000022379aa9440_0 .net *"_ivl_12", 0 0, L_0000022379acc640;  1 drivers
v0000022379aa84a0_0 .net *"_ivl_2", 0 0, L_0000022379acc460;  1 drivers
L_0000022379ad29a8 .functor BUFT 1, C4<0>, C4<0>, C4<0>, C4<0>;
v0000022379aa8c20_0 .net/2u *"_ivl_4", 0 0, L_0000022379ad29a8;  1 drivers
v0000022379aa8fe0_0 .net *"_ivl_6", 0 0, L_0000022379acc500;  1 drivers
v0000022379aa93a0_0 .net *"_ivl_8", 0 0, L_0000022379acc5a0;  1 drivers
L_0000022379acc460 .cmp/eq 10, L_0000022379b37de0, L_0000022379ad2960;
v0000022379ac9c60_15 .array/port v0000022379ac9c60, 15;
L_0000022379acc5a0 .cmp/eq 10, v0000022379ac9c60_15, L_0000022379b37de0;
L_0000022379acc640 .functor MUXZ 1, L_0000022379b2ab20, L_0000022379ad29a8, L_0000022379acc460, C4<>;
S_0000022379aab0a0 .scope generate, "gen_ready[0]" "gen_ready[0]" 6 131, 6 131 0, S_00000223798c1560;
 .timescale -9 -12;
P_0000022379a27ab0 .param/l "g" 0 6 131, +C4<00>;
L_0000022379ad44f0 .functor BUFT 1, C4<01>, C4<0>, C4<0>, C4<0>;
v0000022379aa8540_0 .net/2u *"_ivl_1", 1 0, L_0000022379ad44f0;  1 drivers
v0000022379aa82c0_0 .net *"_ivl_3", 0 0, L_0000022379b38c40;  1 drivers
L_0000022379b38c40 .cmp/eq 2, L_0000022379acd9a0, L_0000022379ad44f0;
S_0000022379aab230 .scope generate, "gen_ready[1]" "gen_ready[1]" 6 131, 6 131 0, S_00000223798c1560;
 .timescale -9 -12;
P_0000022379a27f30 .param/l "g" 0 6 131, +C4<01>;
L_0000022379ad4538 .functor BUFT 1, C4<01>, C4<0>, C4<0>, C4<0>;
v0000022379aa94e0_0 .net/2u *"_ivl_1", 1 0, L_0000022379ad4538;  1 drivers
v0000022379aa9580_0 .net *"_ivl_3", 0 0, L_0000022379b389c0;  1 drivers
L_0000022379b389c0 .cmp/eq 2, L_0000022379acdea0, L_0000022379ad4538;
S_0000022379aaa420 .scope generate, "gen_ready[2]" "gen_ready[2]" 6 131, 6 131 0, S_00000223798c1560;
 .timescale -9 -12;
P_0000022379a27f70 .param/l "g" 0 6 131, +C4<010>;
L_0000022379ad4580 .functor BUFT 1, C4<01>, C4<0>, C4<0>, C4<0>;
v0000022379aa9620_0 .net/2u *"_ivl_1", 1 0, L_0000022379ad4580;  1 drivers
v0000022379aa8ea0_0 .net *"_ivl_3", 0 0, L_0000022379b37980;  1 drivers
L_0000022379b37980 .cmp/eq 2, L_0000022379ace120, L_0000022379ad4580;
S_0000022379aaa5b0 .scope generate, "gen_ready[3]" "gen_ready[3]" 6 131, 6 131 0, S_00000223798c1560;
 .timescale -9 -12;
P_0000022379a288b0 .param/l "g" 0 6 131, +C4<011>;
L_0000022379ad45c8 .functor BUFT 1, C4<01>, C4<0>, C4<0>, C4<0>;
v0000022379aa8f40_0 .net/2u *"_ivl_1", 1 0, L_0000022379ad45c8;  1 drivers
v0000022379aa8680_0 .net *"_ivl_3", 0 0, L_0000022379b370c0;  1 drivers
L_0000022379b370c0 .cmp/eq 2, L_0000022379acebc0, L_0000022379ad45c8;
S_0000022379aaa740 .scope generate, "gen_ready[4]" "gen_ready[4]" 6 131, 6 131 0, S_00000223798c1560;
 .timescale -9 -12;
P_0000022379a28b30 .param/l "g" 0 6 131, +C4<0100>;
L_0000022379ad4610 .functor BUFT 1, C4<01>, C4<0>, C4<0>, C4<0>;
v0000022379aa9080_0 .net/2u *"_ivl_1", 1 0, L_0000022379ad4610;  1 drivers
v0000022379aa9300_0 .net *"_ivl_3", 0 0, L_0000022379b37a20;  1 drivers
L_0000022379b37a20 .cmp/eq 2, L_0000022379acdfe0, L_0000022379ad4610;
S_0000022379aaad80 .scope generate, "gen_ready[5]" "gen_ready[5]" 6 131, 6 131 0, S_00000223798c1560;
 .timescale -9 -12;
P_0000022379a28bb0 .param/l "g" 0 6 131, +C4<0101>;
L_0000022379ad4658 .functor BUFT 1, C4<01>, C4<0>, C4<0>, C4<0>;
v0000022379aa91c0_0 .net/2u *"_ivl_1", 1 0, L_0000022379ad4658;  1 drivers
v0000022379aa8a40_0 .net *"_ivl_3", 0 0, L_0000022379b366c0;  1 drivers
L_0000022379b366c0 .cmp/eq 2, L_0000022379acea80, L_0000022379ad4658;
S_0000022379aabd90 .scope generate, "gen_ready[6]" "gen_ready[6]" 6 131, 6 131 0, S_00000223798c1560;
 .timescale -9 -12;
P_0000022379a2a2f0 .param/l "g" 0 6 131, +C4<0110>;
L_0000022379ad46a0 .functor BUFT 1, C4<01>, C4<0>, C4<0>, C4<0>;
v0000022379aa96c0_0 .net/2u *"_ivl_1", 1 0, L_0000022379ad46a0;  1 drivers
v0000022379aa9120_0 .net *"_ivl_3", 0 0, L_0000022379b36e40;  1 drivers
L_0000022379b36e40 .cmp/eq 2, L_0000022379acf840, L_0000022379ad46a0;
S_0000022379aab5c0 .scope generate, "gen_ready[7]" "gen_ready[7]" 6 131, 6 131 0, S_00000223798c1560;
 .timescale -9 -12;
P_0000022379a2a330 .param/l "g" 0 6 131, +C4<0111>;
L_0000022379ad46e8 .functor BUFT 1, C4<01>, C4<0>, C4<0>, C4<0>;
v0000022379aa9800_0 .net/2u *"_ivl_1", 1 0, L_0000022379ad46e8;  1 drivers
v0000022379aa9760_0 .net *"_ivl_3", 0 0, L_0000022379b382e0;  1 drivers
L_0000022379b382e0 .cmp/eq 2, L_0000022379acfac0, L_0000022379ad46e8;
S_0000022379aab750 .scope generate, "gen_ready[8]" "gen_ready[8]" 6 131, 6 131 0, S_00000223798c1560;
 .timescale -9 -12;
P_0000022379a29c30 .param/l "g" 0 6 131, +C4<01000>;
L_0000022379ad4730 .functor BUFT 1, C4<01>, C4<0>, C4<0>, C4<0>;
v0000022379aa85e0_0 .net/2u *"_ivl_1", 1 0, L_0000022379ad4730;  1 drivers
v0000022379aa8720_0 .net *"_ivl_3", 0 0, L_0000022379b36620;  1 drivers
L_0000022379b36620 .cmp/eq 2, L_0000022379b34b40, L_0000022379ad4730;
S_0000022379aab430 .scope generate, "gen_ready[9]" "gen_ready[9]" 6 131, 6 131 0, S_00000223798c1560;
 .timescale -9 -12;
P_0000022379a29e30 .param/l "g" 0 6 131, +C4<01001>;
L_0000022379ad4778 .functor BUFT 1, C4<01>, C4<0>, C4<0>, C4<0>;
v0000022379aa8cc0_0 .net/2u *"_ivl_1", 1 0, L_0000022379ad4778;  1 drivers
v0000022379aa8860_0 .net *"_ivl_3", 0 0, L_0000022379b36760;  1 drivers
L_0000022379b36760 .cmp/eq 2, L_0000022379b35e00, L_0000022379ad4778;
S_0000022379aad050 .scope generate, "gen_ready[10]" "gen_ready[10]" 6 131, 6 131 0, S_00000223798c1560;
 .timescale -9 -12;
P_0000022379a29c70 .param/l "g" 0 6 131, +C4<01010>;
L_0000022379ad47c0 .functor BUFT 1, C4<01>, C4<0>, C4<0>, C4<0>;
v0000022379aa9260_0 .net/2u *"_ivl_1", 1 0, L_0000022379ad47c0;  1 drivers
v0000022379aa8900_0 .net *"_ivl_3", 0 0, L_0000022379b37fc0;  1 drivers
L_0000022379b37fc0 .cmp/eq 2, L_0000022379b33e20, L_0000022379ad47c0;
S_0000022379aabf20 .scope generate, "gen_ready[11]" "gen_ready[11]" 6 131, 6 131 0, S_00000223798c1560;
 .timescale -9 -12;
P_0000022379a29cb0 .param/l "g" 0 6 131, +C4<01011>;
L_0000022379ad4808 .functor BUFT 1, C4<01>, C4<0>, C4<0>, C4<0>;
v0000022379aa89a0_0 .net/2u *"_ivl_1", 1 0, L_0000022379ad4808;  1 drivers
v0000022379aa8ae0_0 .net *"_ivl_3", 0 0, L_0000022379b38600;  1 drivers
L_0000022379b38600 .cmp/eq 2, L_0000022379b36300, L_0000022379ad4808;
S_0000022379aab8e0 .scope generate, "gen_ready[12]" "gen_ready[12]" 6 131, 6 131 0, S_00000223798c1560;
 .timescale -9 -12;
P_0000022379a2a430 .param/l "g" 0 6 131, +C4<01100>;
L_0000022379ad4850 .functor BUFT 1, C4<01>, C4<0>, C4<0>, C4<0>;
v0000022379aa8b80_0 .net/2u *"_ivl_1", 1 0, L_0000022379ad4850;  1 drivers
v0000022379aafbf0_0 .net *"_ivl_3", 0 0, L_0000022379b37340;  1 drivers
L_0000022379b37340 .cmp/eq 2, L_0000022379b34d20, L_0000022379ad4850;
S_0000022379aaba70 .scope generate, "gen_ready[13]" "gen_ready[13]" 6 131, 6 131 0, S_00000223798c1560;
 .timescale -9 -12;
P_0000022379a299f0 .param/l "g" 0 6 131, +C4<01101>;
L_0000022379ad4898 .functor BUFT 1, C4<01>, C4<0>, C4<0>, C4<0>;
v0000022379aadb70_0 .net/2u *"_ivl_1", 1 0, L_0000022379ad4898;  1 drivers
v0000022379aaebb0_0 .net *"_ivl_3", 0 0, L_0000022379b37480;  1 drivers
L_0000022379b37480 .cmp/eq 2, L_0000022379b34dc0, L_0000022379ad4898;
S_0000022379aac0b0 .scope generate, "gen_ready[14]" "gen_ready[14]" 6 131, 6 131 0, S_00000223798c1560;
 .timescale -9 -12;
P_0000022379a2a070 .param/l "g" 0 6 131, +C4<01110>;
L_0000022379ad48e0 .functor BUFT 1, C4<01>, C4<0>, C4<0>, C4<0>;
v0000022379aaddf0_0 .net/2u *"_ivl_1", 1 0, L_0000022379ad48e0;  1 drivers
v0000022379aae070_0 .net *"_ivl_3", 0 0, L_0000022379b36940;  1 drivers
L_0000022379b36940 .cmp/eq 2, L_0000022379b35400, L_0000022379ad48e0;
S_0000022379aabc00 .scope generate, "gen_ready[15]" "gen_ready[15]" 6 131, 6 131 0, S_00000223798c1560;
 .timescale -9 -12;
P_0000022379a29af0 .param/l "g" 0 6 131, +C4<01111>;
L_0000022379ad4928 .functor BUFT 1, C4<01>, C4<0>, C4<0>, C4<0>;
v0000022379aaf970_0 .net/2u *"_ivl_1", 1 0, L_0000022379ad4928;  1 drivers
v0000022379aae2f0_0 .net *"_ivl_3", 0 0, L_0000022379b36ee0;  1 drivers
L_0000022379b36ee0 .cmp/eq 2, L_0000022379b369e0, L_0000022379ad4928;
S_0000022379aac240 .scope generate, "gen_state[0]" "gen_state[0]" 6 116, 6 116 0, S_00000223798c1560;
 .timescale -9 -12;
P_0000022379a2a370 .param/l "g" 0 6 116, +C4<00>;
v0000022379aafc90_0 .net *"_ivl_1", 0 0, L_0000022379acc820;  1 drivers
L_0000022379ad2a38 .functor BUFT 1, C4<11>, C4<0>, C4<0>, C4<0>;
v0000022379aaf010_0 .net/2u *"_ivl_10", 1 0, L_0000022379ad2a38;  1 drivers
v0000022379aadf30_0 .net *"_ivl_14", 0 0, L_0000022379aceda0;  1 drivers
L_0000022379ad2a80 .functor BUFT 1, C4<10>, C4<0>, C4<0>, C4<0>;
v0000022379aaf650_0 .net/2u *"_ivl_16", 1 0, L_0000022379ad2a80;  1 drivers
L_0000022379ad2ac8 .functor BUFT 1, C4<0000000000000000>, C4<0>, C4<0>, C4<0>;
v0000022379aaf6f0_0 .net/2u *"_ivl_19", 15 0, L_0000022379ad2ac8;  1 drivers
v0000022379aaf5b0_0 .net *"_ivl_21", 0 0, L_0000022379acda40;  1 drivers
L_0000022379ad2b10 .functor BUFT 1, C4<01>, C4<0>, C4<0>, C4<0>;
v0000022379aaffb0_0 .net/2u *"_ivl_23", 1 0, L_0000022379ad2b10;  1 drivers
L_0000022379ad2b58 .functor BUFT 1, C4<00>, C4<0>, C4<0>, C4<0>;
v0000022379aaf150_0 .net/2u *"_ivl_25", 1 0, L_0000022379ad2b58;  1 drivers
v0000022379aaf330_0 .net *"_ivl_27", 1 0, L_0000022379acf7a0;  1 drivers
v0000022379aaf8d0_0 .net *"_ivl_29", 1 0, L_0000022379acdc20;  1 drivers
v0000022379aaf510_0 .net *"_ivl_3", 0 0, L_0000022379acd680;  1 drivers
v0000022379aae110_0 .net *"_ivl_31", 1 0, L_0000022379ace080;  1 drivers
L_0000022379ad29f0 .functor BUFT 1, C4<00>, C4<0>, C4<0>, C4<0>;
v0000022379aad8f0_0 .net/2u *"_ivl_4", 1 0, L_0000022379ad29f0;  1 drivers
v0000022379aae1b0_0 .net *"_ivl_8", 0 0, L_0000022379acdae0;  1 drivers
L_0000022379acd680 .reduce/nor L_0000022379acc820;
v0000022379ac9bc0_0 .array/port v0000022379ac9bc0, 0;
v0000022379aca200_0 .array/port v0000022379aca200, 0;
L_0000022379acdae0 .cmp/eq 10, v0000022379ac9bc0_0, v0000022379aca200_0;
v0000022379ac9e40_0 .array/port v0000022379ac9e40, 0;
L_0000022379aceda0 .cmp/ge 10, v0000022379ac9e40_0, v0000022379aca200_0;
v0000022379ac1580_0 .array/port v0000022379ac1580, 0;
L_0000022379acda40 .cmp/eq 16, v0000022379ac1580_0, L_0000022379ad2ac8;
L_0000022379acf7a0 .functor MUXZ 2, L_0000022379ad2b58, L_0000022379ad2b10, L_0000022379acda40, C4<>;
L_0000022379acdc20 .functor MUXZ 2, L_0000022379acf7a0, L_0000022379ad2a80, L_0000022379aceda0, C4<>;
L_0000022379ace080 .functor MUXZ 2, L_0000022379acdc20, L_0000022379ad2a38, L_0000022379acdae0, C4<>;
L_0000022379acd9a0 .functor MUXZ 2, L_0000022379ace080, L_0000022379ad29f0, L_0000022379acd680, C4<>;
S_0000022379aacec0 .scope generate, "gen_state[1]" "gen_state[1]" 6 116, 6 116 0, S_00000223798c1560;
 .timescale -9 -12;
P_0000022379a29d30 .param/l "g" 0 6 116, +C4<01>;
v0000022379aae7f0_0 .net *"_ivl_1", 0 0, L_0000022379ace580;  1 drivers
L_0000022379ad2be8 .functor BUFT 1, C4<11>, C4<0>, C4<0>, C4<0>;
v0000022379aaef70_0 .net/2u *"_ivl_10", 1 0, L_0000022379ad2be8;  1 drivers
v0000022379aad850_0 .net *"_ivl_14", 0 0, L_0000022379acee40;  1 drivers
L_0000022379ad2c30 .functor BUFT 1, C4<10>, C4<0>, C4<0>, C4<0>;
v0000022379aaf790_0 .net/2u *"_ivl_16", 1 0, L_0000022379ad2c30;  1 drivers
L_0000022379ad2c78 .functor BUFT 1, C4<0000000000000000>, C4<0>, C4<0>, C4<0>;
v0000022379aaf830_0 .net/2u *"_ivl_19", 15 0, L_0000022379ad2c78;  1 drivers
v0000022379aaff10_0 .net *"_ivl_21", 0 0, L_0000022379ace6c0;  1 drivers
L_0000022379ad2cc0 .functor BUFT 1, C4<01>, C4<0>, C4<0>, C4<0>;
v0000022379aae250_0 .net/2u *"_ivl_23", 1 0, L_0000022379ad2cc0;  1 drivers
L_0000022379ad2d08 .functor BUFT 1, C4<00>, C4<0>, C4<0>, C4<0>;
v0000022379aadad0_0 .net/2u *"_ivl_25", 1 0, L_0000022379ad2d08;  1 drivers
v0000022379aafa10_0 .net *"_ivl_27", 1 0, L_0000022379aceee0;  1 drivers
v0000022379aadc10_0 .net *"_ivl_29", 1 0, L_0000022379acf3e0;  1 drivers
v0000022379aaeb10_0 .net *"_ivl_3", 0 0, L_0000022379acd2c0;  1 drivers
v0000022379aafd30_0 .net *"_ivl_31", 1 0, L_0000022379acd860;  1 drivers
L_0000022379ad2ba0 .functor BUFT 1, C4<00>, C4<0>, C4<0>, C4<0>;
v0000022379aad990_0 .net/2u *"_ivl_4", 1 0, L_0000022379ad2ba0;  1 drivers
v0000022379aafab0_0 .net *"_ivl_8", 0 0, L_0000022379acdb80;  1 drivers
L_0000022379acd2c0 .reduce/nor L_0000022379ace580;
v0000022379ac9bc0_1 .array/port v0000022379ac9bc0, 1;
v0000022379aca200_1 .array/port v0000022379aca200, 1;
L_0000022379acdb80 .cmp/eq 10, v0000022379ac9bc0_1, v0000022379aca200_1;
v0000022379ac9e40_1 .array/port v0000022379ac9e40, 1;
L_0000022379acee40 .cmp/ge 10, v0000022379ac9e40_1, v0000022379aca200_1;
v0000022379ac1580_1 .array/port v0000022379ac1580, 1;
L_0000022379ace6c0 .cmp/eq 16, v0000022379ac1580_1, L_0000022379ad2c78;
L_0000022379aceee0 .functor MUXZ 2, L_0000022379ad2d08, L_0000022379ad2cc0, L_0000022379ace6c0, C4<>;
L_0000022379acf3e0 .functor MUXZ 2, L_0000022379aceee0, L_0000022379ad2c30, L_0000022379acee40, C4<>;
L_0000022379acd860 .functor MUXZ 2, L_0000022379acf3e0, L_0000022379ad2be8, L_0000022379acdb80, C4<>;
L_0000022379acdea0 .functor MUXZ 2, L_0000022379acd860, L_0000022379ad2ba0, L_0000022379acd2c0, C4<>;
S_0000022379aac3d0 .scope generate, "gen_state[2]" "gen_state[2]" 6 116, 6 116 0, S_00000223798c1560;
 .timescale -9 -12;
P_0000022379a29d70 .param/l "g" 0 6 116, +C4<010>;
v0000022379aadcb0_0 .net *"_ivl_1", 0 0, L_0000022379ace620;  1 drivers
L_0000022379ad2d98 .functor BUFT 1, C4<11>, C4<0>, C4<0>, C4<0>;
v0000022379aafb50_0 .net/2u *"_ivl_10", 1 0, L_0000022379ad2d98;  1 drivers
v0000022379aade90_0 .net *"_ivl_14", 0 0, L_0000022379acd220;  1 drivers
L_0000022379ad2de0 .functor BUFT 1, C4<10>, C4<0>, C4<0>, C4<0>;
v0000022379aafdd0_0 .net/2u *"_ivl_16", 1 0, L_0000022379ad2de0;  1 drivers
L_0000022379ad2e28 .functor BUFT 1, C4<0000000000000000>, C4<0>, C4<0>, C4<0>;
v0000022379aaf470_0 .net/2u *"_ivl_19", 15 0, L_0000022379ad2e28;  1 drivers
v0000022379aaee30_0 .net *"_ivl_21", 0 0, L_0000022379acd720;  1 drivers
L_0000022379ad2e70 .functor BUFT 1, C4<01>, C4<0>, C4<0>, C4<0>;
v0000022379aafe70_0 .net/2u *"_ivl_23", 1 0, L_0000022379ad2e70;  1 drivers
L_0000022379ad2eb8 .functor BUFT 1, C4<00>, C4<0>, C4<0>, C4<0>;
v0000022379aaec50_0 .net/2u *"_ivl_25", 1 0, L_0000022379ad2eb8;  1 drivers
v0000022379aada30_0 .net *"_ivl_27", 1 0, L_0000022379acd400;  1 drivers
v0000022379aadd50_0 .net *"_ivl_29", 1 0, L_0000022379aceb20;  1 drivers
v0000022379aae570_0 .net *"_ivl_3", 0 0, L_0000022379ace800;  1 drivers
v0000022379aaf0b0_0 .net *"_ivl_31", 1 0, L_0000022379acd360;  1 drivers
L_0000022379ad2d50 .functor BUFT 1, C4<00>, C4<0>, C4<0>, C4<0>;
v0000022379aae610_0 .net/2u *"_ivl_4", 1 0, L_0000022379ad2d50;  1 drivers
v0000022379aae6b0_0 .net *"_ivl_8", 0 0, L_0000022379acd540;  1 drivers
L_0000022379ace800 .reduce/nor L_0000022379ace620;
v0000022379ac9bc0_2 .array/port v0000022379ac9bc0, 2;
v0000022379aca200_2 .array/port v0000022379aca200, 2;
L_0000022379acd540 .cmp/eq 10, v0000022379ac9bc0_2, v0000022379aca200_2;
v0000022379ac9e40_2 .array/port v0000022379ac9e40, 2;
L_0000022379acd220 .cmp/ge 10, v0000022379ac9e40_2, v0000022379aca200_2;
v0000022379ac1580_2 .array/port v0000022379ac1580, 2;
L_0000022379acd720 .cmp/eq 16, v0000022379ac1580_2, L_0000022379ad2e28;
L_0000022379acd400 .functor MUXZ 2, L_0000022379ad2eb8, L_0000022379ad2e70, L_0000022379acd720, C4<>;
L_0000022379aceb20 .functor MUXZ 2, L_0000022379acd400, L_0000022379ad2de0, L_0000022379acd220, C4<>;
L_0000022379acd360 .functor MUXZ 2, L_0000022379aceb20, L_0000022379ad2d98, L_0000022379acd540, C4<>;
L_0000022379ace120 .functor MUXZ 2, L_0000022379acd360, L_0000022379ad2d50, L_0000022379ace800, C4<>;
S_0000022379aac880 .scope generate, "gen_state[3]" "gen_state[3]" 6 116, 6 116 0, S_00000223798c1560;
 .timescale -9 -12;
P_0000022379a29630 .param/l "g" 0 6 116, +C4<011>;
v0000022379aae390_0 .net *"_ivl_1", 0 0, L_0000022379ace1c0;  1 drivers
L_0000022379ad2f48 .functor BUFT 1, C4<11>, C4<0>, C4<0>, C4<0>;
v0000022379aae430_0 .net/2u *"_ivl_10", 1 0, L_0000022379ad2f48;  1 drivers
v0000022379aadfd0_0 .net *"_ivl_14", 0 0, L_0000022379ace760;  1 drivers
L_0000022379ad2f90 .functor BUFT 1, C4<10>, C4<0>, C4<0>, C4<0>;
v0000022379aae4d0_0 .net/2u *"_ivl_16", 1 0, L_0000022379ad2f90;  1 drivers
L_0000022379ad2fd8 .functor BUFT 1, C4<0000000000000000>, C4<0>, C4<0>, C4<0>;
v0000022379aae750_0 .net/2u *"_ivl_19", 15 0, L_0000022379ad2fd8;  1 drivers
v0000022379aae890_0 .net *"_ivl_21", 0 0, L_0000022379acd7c0;  1 drivers
L_0000022379ad3020 .functor BUFT 1, C4<01>, C4<0>, C4<0>, C4<0>;
v0000022379aaf1f0_0 .net/2u *"_ivl_23", 1 0, L_0000022379ad3020;  1 drivers
L_0000022379ad3068 .functor BUFT 1, C4<00>, C4<0>, C4<0>, C4<0>;
v0000022379aae930_0 .net/2u *"_ivl_25", 1 0, L_0000022379ad3068;  1 drivers
v0000022379aae9d0_0 .net *"_ivl_27", 1 0, L_0000022379acd5e0;  1 drivers
v0000022379aaea70_0 .net *"_ivl_29", 1 0, L_0000022379acd900;  1 drivers
v0000022379aaecf0_0 .net *"_ivl_3", 0 0, L_0000022379acd4a0;  1 drivers
v0000022379aaf290_0 .net *"_ivl_31", 1 0, L_0000022379acdcc0;  1 drivers
L_0000022379ad2f00 .functor BUFT 1, C4<00>, C4<0>, C4<0>, C4<0>;
v0000022379aaed90_0 .net/2u *"_ivl_4", 1 0, L_0000022379ad2f00;  1 drivers
v0000022379aaeed0_0 .net *"_ivl_8", 0 0, L_0000022379acf480;  1 drivers
L_0000022379acd4a0 .reduce/nor L_0000022379ace1c0;
v0000022379ac9bc0_3 .array/port v0000022379ac9bc0, 3;
v0000022379aca200_3 .array/port v0000022379aca200, 3;
L_0000022379acf480 .cmp/eq 10, v0000022379ac9bc0_3, v0000022379aca200_3;
v0000022379ac9e40_3 .array/port v0000022379ac9e40, 3;
L_0000022379ace760 .cmp/ge 10, v0000022379ac9e40_3, v0000022379aca200_3;
v0000022379ac1580_3 .array/port v0000022379ac1580, 3;
L_0000022379acd7c0 .cmp/eq 16, v0000022379ac1580_3, L_0000022379ad2fd8;
L_0000022379acd5e0 .functor MUXZ 2, L_0000022379ad3068, L_0000022379ad3020, L_0000022379acd7c0, C4<>;
L_0000022379acd900 .functor MUXZ 2, L_0000022379acd5e0, L_0000022379ad2f90, L_0000022379ace760, C4<>;
L_0000022379acdcc0 .functor MUXZ 2, L_0000022379acd900, L_0000022379ad2f48, L_0000022379acf480, C4<>;
L_0000022379acebc0 .functor MUXZ 2, L_0000022379acdcc0, L_0000022379ad2f00, L_0000022379acd4a0, C4<>;
S_0000022379aac6f0 .scope generate, "gen_state[4]" "gen_state[4]" 6 116, 6 116 0, S_00000223798c1560;
 .timescale -9 -12;
P_0000022379a2a3b0 .param/l "g" 0 6 116, +C4<0100>;
v0000022379aaf3d0_0 .net *"_ivl_1", 0 0, L_0000022379acdd60;  1 drivers
L_0000022379ad30f8 .functor BUFT 1, C4<11>, C4<0>, C4<0>, C4<0>;
v0000022379ab1090_0 .net/2u *"_ivl_10", 1 0, L_0000022379ad30f8;  1 drivers
v0000022379ab0a50_0 .net *"_ivl_14", 0 0, L_0000022379ace260;  1 drivers
L_0000022379ad3140 .functor BUFT 1, C4<10>, C4<0>, C4<0>, C4<0>;
v0000022379ab0b90_0 .net/2u *"_ivl_16", 1 0, L_0000022379ad3140;  1 drivers
L_0000022379ad3188 .functor BUFT 1, C4<0000000000000000>, C4<0>, C4<0>, C4<0>;
v0000022379ab13b0_0 .net/2u *"_ivl_19", 15 0, L_0000022379ad3188;  1 drivers
v0000022379ab0c30_0 .net *"_ivl_21", 0 0, L_0000022379acf5c0;  1 drivers
L_0000022379ad31d0 .functor BUFT 1, C4<01>, C4<0>, C4<0>, C4<0>;
v0000022379ab0cd0_0 .net/2u *"_ivl_23", 1 0, L_0000022379ad31d0;  1 drivers
L_0000022379ad3218 .functor BUFT 1, C4<00>, C4<0>, C4<0>, C4<0>;
v0000022379ab0230_0 .net/2u *"_ivl_25", 1 0, L_0000022379ad3218;  1 drivers
v0000022379ab0ff0_0 .net *"_ivl_27", 1 0, L_0000022379acef80;  1 drivers
v0000022379ab0370_0 .net *"_ivl_29", 1 0, L_0000022379ace4e0;  1 drivers
v0000022379ab0410_0 .net *"_ivl_3", 0 0, L_0000022379acde00;  1 drivers
v0000022379ab11d0_0 .net *"_ivl_31", 1 0, L_0000022379ace8a0;  1 drivers
L_0000022379ad30b0 .functor BUFT 1, C4<00>, C4<0>, C4<0>, C4<0>;
v0000022379ab09b0_0 .net/2u *"_ivl_4", 1 0, L_0000022379ad30b0;  1 drivers
v0000022379ab0910_0 .net *"_ivl_8", 0 0, L_0000022379acdf40;  1 drivers
L_0000022379acde00 .reduce/nor L_0000022379acdd60;
v0000022379ac9bc0_4 .array/port v0000022379ac9bc0, 4;
v0000022379aca200_4 .array/port v0000022379aca200, 4;
L_0000022379acdf40 .cmp/eq 10, v0000022379ac9bc0_4, v0000022379aca200_4;
v0000022379ac9e40_4 .array/port v0000022379ac9e40, 4;
L_0000022379ace260 .cmp/ge 10, v0000022379ac9e40_4, v0000022379aca200_4;
v0000022379ac1580_4 .array/port v0000022379ac1580, 4;
L_0000022379acf5c0 .cmp/eq 16, v0000022379ac1580_4, L_0000022379ad3188;
L_0000022379acef80 .functor MUXZ 2, L_0000022379ad3218, L_0000022379ad31d0, L_0000022379acf5c0, C4<>;
L_0000022379ace4e0 .functor MUXZ 2, L_0000022379acef80, L_0000022379ad3140, L_0000022379ace260, C4<>;
L_0000022379ace8a0 .functor MUXZ 2, L_0000022379ace4e0, L_0000022379ad30f8, L_0000022379acdf40, C4<>;
L_0000022379acdfe0 .functor MUXZ 2, L_0000022379ace8a0, L_0000022379ad30b0, L_0000022379acde00, C4<>;
S_0000022379aac560 .scope generate, "gen_state[5]" "gen_state[5]" 6 116, 6 116 0, S_00000223798c1560;
 .timescale -9 -12;
P_0000022379a29db0 .param/l "g" 0 6 116, +C4<0101>;
v0000022379ab1450_0 .net *"_ivl_1", 0 0, L_0000022379acd180;  1 drivers
L_0000022379ad32a8 .functor BUFT 1, C4<11>, C4<0>, C4<0>, C4<0>;
v0000022379ab1270_0 .net/2u *"_ivl_10", 1 0, L_0000022379ad32a8;  1 drivers
v0000022379ab14f0_0 .net *"_ivl_14", 0 0, L_0000022379ace440;  1 drivers
L_0000022379ad32f0 .functor BUFT 1, C4<10>, C4<0>, C4<0>, C4<0>;
v0000022379ab04b0_0 .net/2u *"_ivl_16", 1 0, L_0000022379ad32f0;  1 drivers
L_0000022379ad3338 .functor BUFT 1, C4<0000000000000000>, C4<0>, C4<0>, C4<0>;
v0000022379ab1130_0 .net/2u *"_ivl_19", 15 0, L_0000022379ad3338;  1 drivers
v0000022379ab0eb0_0 .net *"_ivl_21", 0 0, L_0000022379acf520;  1 drivers
L_0000022379ad3380 .functor BUFT 1, C4<01>, C4<0>, C4<0>, C4<0>;
v0000022379ab1630_0 .net/2u *"_ivl_23", 1 0, L_0000022379ad3380;  1 drivers
L_0000022379ad33c8 .functor BUFT 1, C4<00>, C4<0>, C4<0>, C4<0>;
v0000022379ab0050_0 .net/2u *"_ivl_25", 1 0, L_0000022379ad33c8;  1 drivers
v0000022379ab1310_0 .net *"_ivl_27", 1 0, L_0000022379acd0e0;  1 drivers
v0000022379ab0550_0 .net *"_ivl_29", 1 0, L_0000022379ace940;  1 drivers
v0000022379ab0af0_0 .net *"_ivl_3", 0 0, L_0000022379ace300;  1 drivers
v0000022379ab0690_0 .net *"_ivl_31", 1 0, L_0000022379ace9e0;  1 drivers
L_0000022379ad3260 .functor BUFT 1, C4<00>, C4<0>, C4<0>, C4<0>;
v0000022379ab1590_0 .net/2u *"_ivl_4", 1 0, L_0000022379ad3260;  1 drivers
v0000022379ab16d0_0 .net *"_ivl_8", 0 0, L_0000022379ace3a0;  1 drivers
L_0000022379ace300 .reduce/nor L_0000022379acd180;
v0000022379ac9bc0_5 .array/port v0000022379ac9bc0, 5;
v0000022379aca200_5 .array/port v0000022379aca200, 5;
L_0000022379ace3a0 .cmp/eq 10, v0000022379ac9bc0_5, v0000022379aca200_5;
v0000022379ac9e40_5 .array/port v0000022379ac9e40, 5;
L_0000022379ace440 .cmp/ge 10, v0000022379ac9e40_5, v0000022379aca200_5;
v0000022379ac1580_5 .array/port v0000022379ac1580, 5;
L_0000022379acf520 .cmp/eq 16, v0000022379ac1580_5, L_0000022379ad3338;
L_0000022379acd0e0 .functor MUXZ 2, L_0000022379ad33c8, L_0000022379ad3380, L_0000022379acf520, C4<>;
L_0000022379ace940 .functor MUXZ 2, L_0000022379acd0e0, L_0000022379ad32f0, L_0000022379ace440, C4<>;
L_0000022379ace9e0 .functor MUXZ 2, L_0000022379ace940, L_0000022379ad32a8, L_0000022379ace3a0, C4<>;
L_0000022379acea80 .functor MUXZ 2, L_0000022379ace9e0, L_0000022379ad3260, L_0000022379ace300, C4<>;
S_0000022379aad1e0 .scope generate, "gen_state[6]" "gen_state[6]" 6 116, 6 116 0, S_00000223798c1560;
 .timescale -9 -12;
P_0000022379a295b0 .param/l "g" 0 6 116, +C4<0110>;
v0000022379ab0190_0 .net *"_ivl_1", 0 0, L_0000022379acec60;  1 drivers
L_0000022379ad3458 .functor BUFT 1, C4<11>, C4<0>, C4<0>, C4<0>;
v0000022379ab0d70_0 .net/2u *"_ivl_10", 1 0, L_0000022379ad3458;  1 drivers
v0000022379ab0e10_0 .net *"_ivl_14", 0 0, L_0000022379acf0c0;  1 drivers
L_0000022379ad34a0 .functor BUFT 1, C4<10>, C4<0>, C4<0>, C4<0>;
v0000022379ab00f0_0 .net/2u *"_ivl_16", 1 0, L_0000022379ad34a0;  1 drivers
L_0000022379ad34e8 .functor BUFT 1, C4<0000000000000000>, C4<0>, C4<0>, C4<0>;
v0000022379ab05f0_0 .net/2u *"_ivl_19", 15 0, L_0000022379ad34e8;  1 drivers
v0000022379ab0f50_0 .net *"_ivl_21", 0 0, L_0000022379acf160;  1 drivers
L_0000022379ad3530 .functor BUFT 1, C4<01>, C4<0>, C4<0>, C4<0>;
v0000022379ab02d0_0 .net/2u *"_ivl_23", 1 0, L_0000022379ad3530;  1 drivers
L_0000022379ad3578 .functor BUFT 1, C4<00>, C4<0>, C4<0>, C4<0>;
v0000022379ab0730_0 .net/2u *"_ivl_25", 1 0, L_0000022379ad3578;  1 drivers
v0000022379ab07d0_0 .net *"_ivl_27", 1 0, L_0000022379acf200;  1 drivers
v0000022379ab0870_0 .net *"_ivl_29", 1 0, L_0000022379acf2a0;  1 drivers
v0000022379ab30f0_0 .net *"_ivl_3", 0 0, L_0000022379acf020;  1 drivers
v0000022379ab41d0_0 .net *"_ivl_31", 1 0, L_0000022379acf340;  1 drivers
L_0000022379ad3410 .functor BUFT 1, C4<00>, C4<0>, C4<0>, C4<0>;
v0000022379ab2150_0 .net/2u *"_ivl_4", 1 0, L_0000022379ad3410;  1 drivers
v0000022379ab2330_0 .net *"_ivl_8", 0 0, L_0000022379aced00;  1 drivers
L_0000022379acf020 .reduce/nor L_0000022379acec60;
v0000022379ac9bc0_6 .array/port v0000022379ac9bc0, 6;
v0000022379aca200_6 .array/port v0000022379aca200, 6;
L_0000022379aced00 .cmp/eq 10, v0000022379ac9bc0_6, v0000022379aca200_6;
v0000022379ac9e40_6 .array/port v0000022379ac9e40, 6;
L_0000022379acf0c0 .cmp/ge 10, v0000022379ac9e40_6, v0000022379aca200_6;
v0000022379ac1580_6 .array/port v0000022379ac1580, 6;
L_0000022379acf160 .cmp/eq 16, v0000022379ac1580_6, L_0000022379ad34e8;
L_0000022379acf200 .functor MUXZ 2, L_0000022379ad3578, L_0000022379ad3530, L_0000022379acf160, C4<>;
L_0000022379acf2a0 .functor MUXZ 2, L_0000022379acf200, L_0000022379ad34a0, L_0000022379acf0c0, C4<>;
L_0000022379acf340 .functor MUXZ 2, L_0000022379acf2a0, L_0000022379ad3458, L_0000022379aced00, C4<>;
L_0000022379acf840 .functor MUXZ 2, L_0000022379acf340, L_0000022379ad3410, L_0000022379acf020, C4<>;
S_0000022379aaca10 .scope generate, "gen_state[7]" "gen_state[7]" 6 116, 6 116 0, S_00000223798c1560;
 .timescale -9 -12;
P_0000022379a2a3f0 .param/l "g" 0 6 116, +C4<0111>;
v0000022379ab3730_0 .net *"_ivl_1", 0 0, L_0000022379acf660;  1 drivers
L_0000022379ad3608 .functor BUFT 1, C4<11>, C4<0>, C4<0>, C4<0>;
v0000022379ab2650_0 .net/2u *"_ivl_10", 1 0, L_0000022379ad3608;  1 drivers
v0000022379ab2f10_0 .net *"_ivl_14", 0 0, L_0000022379acfca0;  1 drivers
L_0000022379ad3650 .functor BUFT 1, C4<10>, C4<0>, C4<0>, C4<0>;
v0000022379ab3870_0 .net/2u *"_ivl_16", 1 0, L_0000022379ad3650;  1 drivers
L_0000022379ad3698 .functor BUFT 1, C4<0000000000000000>, C4<0>, C4<0>, C4<0>;
v0000022379ab23d0_0 .net/2u *"_ivl_19", 15 0, L_0000022379ad3698;  1 drivers
v0000022379ab39b0_0 .net *"_ivl_21", 0 0, L_0000022379acfe80;  1 drivers
L_0000022379ad36e0 .functor BUFT 1, C4<01>, C4<0>, C4<0>, C4<0>;
v0000022379ab3410_0 .net/2u *"_ivl_23", 1 0, L_0000022379ad36e0;  1 drivers
L_0000022379ad3728 .functor BUFT 1, C4<00>, C4<0>, C4<0>, C4<0>;
v0000022379ab1f70_0 .net/2u *"_ivl_25", 1 0, L_0000022379ad3728;  1 drivers
v0000022379ab2010_0 .net *"_ivl_27", 1 0, L_0000022379acffc0;  1 drivers
v0000022379ab2d30_0 .net *"_ivl_29", 1 0, L_0000022379acfa20;  1 drivers
v0000022379ab3d70_0 .net *"_ivl_3", 0 0, L_0000022379acf700;  1 drivers
v0000022379ab3af0_0 .net *"_ivl_31", 1 0, L_0000022379acfb60;  1 drivers
L_0000022379ad35c0 .functor BUFT 1, C4<00>, C4<0>, C4<0>, C4<0>;
v0000022379ab2970_0 .net/2u *"_ivl_4", 1 0, L_0000022379ad35c0;  1 drivers
v0000022379ab34b0_0 .net *"_ivl_8", 0 0, L_0000022379acff20;  1 drivers
L_0000022379acf700 .reduce/nor L_0000022379acf660;
v0000022379ac9bc0_7 .array/port v0000022379ac9bc0, 7;
v0000022379aca200_7 .array/port v0000022379aca200, 7;
L_0000022379acff20 .cmp/eq 10, v0000022379ac9bc0_7, v0000022379aca200_7;
v0000022379ac9e40_7 .array/port v0000022379ac9e40, 7;
L_0000022379acfca0 .cmp/ge 10, v0000022379ac9e40_7, v0000022379aca200_7;
v0000022379ac1580_7 .array/port v0000022379ac1580, 7;
L_0000022379acfe80 .cmp/eq 16, v0000022379ac1580_7, L_0000022379ad3698;
L_0000022379acffc0 .functor MUXZ 2, L_0000022379ad3728, L_0000022379ad36e0, L_0000022379acfe80, C4<>;
L_0000022379acfa20 .functor MUXZ 2, L_0000022379acffc0, L_0000022379ad3650, L_0000022379acfca0, C4<>;
L_0000022379acfb60 .functor MUXZ 2, L_0000022379acfa20, L_0000022379ad3608, L_0000022379acff20, C4<>;
L_0000022379acfac0 .functor MUXZ 2, L_0000022379acfb60, L_0000022379ad35c0, L_0000022379acf700, C4<>;
S_0000022379aacba0 .scope generate, "gen_state[8]" "gen_state[8]" 6 116, 6 116 0, S_00000223798c1560;
 .timescale -9 -12;
P_0000022379a29ab0 .param/l "g" 0 6 116, +C4<01000>;
v0000022379ab20b0_0 .net *"_ivl_1", 0 0, L_0000022379acfd40;  1 drivers
L_0000022379ad37b8 .functor BUFT 1, C4<11>, C4<0>, C4<0>, C4<0>;
v0000022379ab32d0_0 .net/2u *"_ivl_10", 1 0, L_0000022379ad37b8;  1 drivers
v0000022379ab3b90_0 .net *"_ivl_14", 0 0, L_0000022379acf980;  1 drivers
L_0000022379ad3800 .functor BUFT 1, C4<10>, C4<0>, C4<0>, C4<0>;
v0000022379ab2510_0 .net/2u *"_ivl_16", 1 0, L_0000022379ad3800;  1 drivers
L_0000022379ad3848 .functor BUFT 1, C4<0000000000000000>, C4<0>, C4<0>, C4<0>;
v0000022379ab3c30_0 .net/2u *"_ivl_19", 15 0, L_0000022379ad3848;  1 drivers
v0000022379ab25b0_0 .net *"_ivl_21", 0 0, L_0000022379acfc00;  1 drivers
L_0000022379ad3890 .functor BUFT 1, C4<01>, C4<0>, C4<0>, C4<0>;
v0000022379ab4090_0 .net/2u *"_ivl_23", 1 0, L_0000022379ad3890;  1 drivers
L_0000022379ad38d8 .functor BUFT 1, C4<00>, C4<0>, C4<0>, C4<0>;
v0000022379ab1e30_0 .net/2u *"_ivl_25", 1 0, L_0000022379ad38d8;  1 drivers
v0000022379ab2fb0_0 .net *"_ivl_27", 1 0, L_0000022379b364e0;  1 drivers
v0000022379ab21f0_0 .net *"_ivl_29", 1 0, L_0000022379b36080;  1 drivers
v0000022379ab3e10_0 .net *"_ivl_3", 0 0, L_0000022379acf8e0;  1 drivers
v0000022379ab3eb0_0 .net *"_ivl_31", 1 0, L_0000022379b34500;  1 drivers
L_0000022379ad3770 .functor BUFT 1, C4<00>, C4<0>, C4<0>, C4<0>;
v0000022379ab2290_0 .net/2u *"_ivl_4", 1 0, L_0000022379ad3770;  1 drivers
v0000022379ab3f50_0 .net *"_ivl_8", 0 0, L_0000022379acfde0;  1 drivers
L_0000022379acf8e0 .reduce/nor L_0000022379acfd40;
v0000022379ac9bc0_8 .array/port v0000022379ac9bc0, 8;
v0000022379aca200_8 .array/port v0000022379aca200, 8;
L_0000022379acfde0 .cmp/eq 10, v0000022379ac9bc0_8, v0000022379aca200_8;
v0000022379ac9e40_8 .array/port v0000022379ac9e40, 8;
L_0000022379acf980 .cmp/ge 10, v0000022379ac9e40_8, v0000022379aca200_8;
v0000022379ac1580_8 .array/port v0000022379ac1580, 8;
L_0000022379acfc00 .cmp/eq 16, v0000022379ac1580_8, L_0000022379ad3848;
L_0000022379b364e0 .functor MUXZ 2, L_0000022379ad38d8, L_0000022379ad3890, L_0000022379acfc00, C4<>;
L_0000022379b36080 .functor MUXZ 2, L_0000022379b364e0, L_0000022379ad3800, L_0000022379acf980, C4<>;
L_0000022379b34500 .functor MUXZ 2, L_0000022379b36080, L_0000022379ad37b8, L_0000022379acfde0, C4<>;
L_0000022379b34b40 .functor MUXZ 2, L_0000022379b34500, L_0000022379ad3770, L_0000022379acf8e0, C4<>;
S_0000022379aacd30 .scope generate, "gen_state[9]" "gen_state[9]" 6 116, 6 116 0, S_00000223798c1560;
 .timescale -9 -12;
P_0000022379a2a4b0 .param/l "g" 0 6 116, +C4<01001>;
v0000022379ab2a10_0 .net *"_ivl_1", 0 0, L_0000022379b352c0;  1 drivers
L_0000022379ad3968 .functor BUFT 1, C4<11>, C4<0>, C4<0>, C4<0>;
v0000022379ab3ff0_0 .net/2u *"_ivl_10", 1 0, L_0000022379ad3968;  1 drivers
v0000022379ab3230_0 .net *"_ivl_14", 0 0, L_0000022379b33ec0;  1 drivers
L_0000022379ad39b0 .functor BUFT 1, C4<10>, C4<0>, C4<0>, C4<0>;
v0000022379ab1a70_0 .net/2u *"_ivl_16", 1 0, L_0000022379ad39b0;  1 drivers
L_0000022379ad39f8 .functor BUFT 1, C4<0000000000000000>, C4<0>, C4<0>, C4<0>;
v0000022379ab3370_0 .net/2u *"_ivl_19", 15 0, L_0000022379ad39f8;  1 drivers
v0000022379ab2470_0 .net *"_ivl_21", 0 0, L_0000022379b361c0;  1 drivers
L_0000022379ad3a40 .functor BUFT 1, C4<01>, C4<0>, C4<0>, C4<0>;
v0000022379ab2dd0_0 .net/2u *"_ivl_23", 1 0, L_0000022379ad3a40;  1 drivers
L_0000022379ad3a88 .functor BUFT 1, C4<00>, C4<0>, C4<0>, C4<0>;
v0000022379ab26f0_0 .net/2u *"_ivl_25", 1 0, L_0000022379ad3a88;  1 drivers
v0000022379ab2790_0 .net *"_ivl_27", 1 0, L_0000022379b35540;  1 drivers
v0000022379ab2830_0 .net *"_ivl_29", 1 0, L_0000022379b34140;  1 drivers
v0000022379ab1bb0_0 .net *"_ivl_3", 0 0, L_0000022379b357c0;  1 drivers
v0000022379ab3550_0 .net *"_ivl_31", 1 0, L_0000022379b35c20;  1 drivers
L_0000022379ad3920 .functor BUFT 1, C4<00>, C4<0>, C4<0>, C4<0>;
v0000022379ab1c50_0 .net/2u *"_ivl_4", 1 0, L_0000022379ad3920;  1 drivers
v0000022379ab2ab0_0 .net *"_ivl_8", 0 0, L_0000022379b34460;  1 drivers
L_0000022379b357c0 .reduce/nor L_0000022379b352c0;
v0000022379ac9bc0_9 .array/port v0000022379ac9bc0, 9;
v0000022379aca200_9 .array/port v0000022379aca200, 9;
L_0000022379b34460 .cmp/eq 10, v0000022379ac9bc0_9, v0000022379aca200_9;
v0000022379ac9e40_9 .array/port v0000022379ac9e40, 9;
L_0000022379b33ec0 .cmp/ge 10, v0000022379ac9e40_9, v0000022379aca200_9;
v0000022379ac1580_9 .array/port v0000022379ac1580, 9;
L_0000022379b361c0 .cmp/eq 16, v0000022379ac1580_9, L_0000022379ad39f8;
L_0000022379b35540 .functor MUXZ 2, L_0000022379ad3a88, L_0000022379ad3a40, L_0000022379b361c0, C4<>;
L_0000022379b34140 .functor MUXZ 2, L_0000022379b35540, L_0000022379ad39b0, L_0000022379b33ec0, C4<>;
L_0000022379b35c20 .functor MUXZ 2, L_0000022379b34140, L_0000022379ad3968, L_0000022379b34460, C4<>;
L_0000022379b35e00 .functor MUXZ 2, L_0000022379b35c20, L_0000022379ad3920, L_0000022379b357c0, C4<>;
S_0000022379ab6d30 .scope generate, "gen_state[10]" "gen_state[10]" 6 116, 6 116 0, S_00000223798c1560;
 .timescale -9 -12;
P_0000022379a29b30 .param/l "g" 0 6 116, +C4<01010>;
v0000022379ab2e70_0 .net *"_ivl_1", 0 0, L_0000022379b36120;  1 drivers
L_0000022379ad3b18 .functor BUFT 1, C4<11>, C4<0>, C4<0>, C4<0>;
v0000022379ab3a50_0 .net/2u *"_ivl_10", 1 0, L_0000022379ad3b18;  1 drivers
v0000022379ab4130_0 .net *"_ivl_14", 0 0, L_0000022379b345a0;  1 drivers
L_0000022379ad3b60 .functor BUFT 1, C4<10>, C4<0>, C4<0>, C4<0>;
v0000022379ab3cd0_0 .net/2u *"_ivl_16", 1 0, L_0000022379ad3b60;  1 drivers
L_0000022379ad3ba8 .functor BUFT 1, C4<0000000000000000>, C4<0>, C4<0>, C4<0>;
v0000022379ab3910_0 .net/2u *"_ivl_19", 15 0, L_0000022379ad3ba8;  1 drivers
v0000022379ab1b10_0 .net *"_ivl_21", 0 0, L_0000022379b33f60;  1 drivers
L_0000022379ad3bf0 .functor BUFT 1, C4<01>, C4<0>, C4<0>, C4<0>;
v0000022379ab28d0_0 .net/2u *"_ivl_23", 1 0, L_0000022379ad3bf0;  1 drivers
L_0000022379ad3c38 .functor BUFT 1, C4<00>, C4<0>, C4<0>, C4<0>;
v0000022379ab2b50_0 .net/2u *"_ivl_25", 1 0, L_0000022379ad3c38;  1 drivers
v0000022379ab3190_0 .net *"_ivl_27", 1 0, L_0000022379b340a0;  1 drivers
v0000022379ab37d0_0 .net *"_ivl_29", 1 0, L_0000022379b341e0;  1 drivers
v0000022379ab1cf0_0 .net *"_ivl_3", 0 0, L_0000022379b36260;  1 drivers
v0000022379ab2bf0_0 .net *"_ivl_31", 1 0, L_0000022379b34320;  1 drivers
L_0000022379ad3ad0 .functor BUFT 1, C4<00>, C4<0>, C4<0>, C4<0>;
v0000022379ab2c90_0 .net/2u *"_ivl_4", 1 0, L_0000022379ad3ad0;  1 drivers
v0000022379ab3050_0 .net *"_ivl_8", 0 0, L_0000022379b35f40;  1 drivers
L_0000022379b36260 .reduce/nor L_0000022379b36120;
v0000022379ac9bc0_10 .array/port v0000022379ac9bc0, 10;
v0000022379aca200_10 .array/port v0000022379aca200, 10;
L_0000022379b35f40 .cmp/eq 10, v0000022379ac9bc0_10, v0000022379aca200_10;
v0000022379ac9e40_10 .array/port v0000022379ac9e40, 10;
L_0000022379b345a0 .cmp/ge 10, v0000022379ac9e40_10, v0000022379aca200_10;
v0000022379ac1580_10 .array/port v0000022379ac1580, 10;
L_0000022379b33f60 .cmp/eq 16, v0000022379ac1580_10, L_0000022379ad3ba8;
L_0000022379b340a0 .functor MUXZ 2, L_0000022379ad3c38, L_0000022379ad3bf0, L_0000022379b33f60, C4<>;
L_0000022379b341e0 .functor MUXZ 2, L_0000022379b340a0, L_0000022379ad3b60, L_0000022379b345a0, C4<>;
L_0000022379b34320 .functor MUXZ 2, L_0000022379b341e0, L_0000022379ad3b18, L_0000022379b35f40, C4<>;
L_0000022379b33e20 .functor MUXZ 2, L_0000022379b34320, L_0000022379ad3ad0, L_0000022379b36260, C4<>;
S_0000022379ab7820 .scope generate, "gen_state[11]" "gen_state[11]" 6 116, 6 116 0, S_00000223798c1560;
 .timescale -9 -12;
P_0000022379a296b0 .param/l "g" 0 6 116, +C4<01011>;
v0000022379ab35f0_0 .net *"_ivl_1", 0 0, L_0000022379b35ea0;  1 drivers
L_0000022379ad3cc8 .functor BUFT 1, C4<11>, C4<0>, C4<0>, C4<0>;
v0000022379ab3690_0 .net/2u *"_ivl_10", 1 0, L_0000022379ad3cc8;  1 drivers
v0000022379ab1d90_0 .net *"_ivl_14", 0 0, L_0000022379b35fe0;  1 drivers
L_0000022379ad3d10 .functor BUFT 1, C4<10>, C4<0>, C4<0>, C4<0>;
v0000022379ab1ed0_0 .net/2u *"_ivl_16", 1 0, L_0000022379ad3d10;  1 drivers
L_0000022379ad3d58 .functor BUFT 1, C4<0000000000000000>, C4<0>, C4<0>, C4<0>;
v0000022379ab5670_0 .net/2u *"_ivl_19", 15 0, L_0000022379ad3d58;  1 drivers
v0000022379ab43b0_0 .net *"_ivl_21", 0 0, L_0000022379b35860;  1 drivers
L_0000022379ad3da0 .functor BUFT 1, C4<01>, C4<0>, C4<0>, C4<0>;
v0000022379ab4ef0_0 .net/2u *"_ivl_23", 1 0, L_0000022379ad3da0;  1 drivers
L_0000022379ad3de8 .functor BUFT 1, C4<00>, C4<0>, C4<0>, C4<0>;
v0000022379ab4f90_0 .net/2u *"_ivl_25", 1 0, L_0000022379ad3de8;  1 drivers
v0000022379ab49f0_0 .net *"_ivl_27", 1 0, L_0000022379b343c0;  1 drivers
v0000022379ab5030_0 .net *"_ivl_29", 1 0, L_0000022379b33d80;  1 drivers
v0000022379ab4310_0 .net *"_ivl_3", 0 0, L_0000022379b34fa0;  1 drivers
v0000022379ab50d0_0 .net *"_ivl_31", 1 0, L_0000022379b34780;  1 drivers
L_0000022379ad3c80 .functor BUFT 1, C4<00>, C4<0>, C4<0>, C4<0>;
v0000022379ab4770_0 .net/2u *"_ivl_4", 1 0, L_0000022379ad3c80;  1 drivers
v0000022379ab4590_0 .net *"_ivl_8", 0 0, L_0000022379b35d60;  1 drivers
L_0000022379b34fa0 .reduce/nor L_0000022379b35ea0;
v0000022379ac9bc0_11 .array/port v0000022379ac9bc0, 11;
v0000022379aca200_11 .array/port v0000022379aca200, 11;
L_0000022379b35d60 .cmp/eq 10, v0000022379ac9bc0_11, v0000022379aca200_11;
v0000022379ac9e40_11 .array/port v0000022379ac9e40, 11;
L_0000022379b35fe0 .cmp/ge 10, v0000022379ac9e40_11, v0000022379aca200_11;
v0000022379ac1580_11 .array/port v0000022379ac1580, 11;
L_0000022379b35860 .cmp/eq 16, v0000022379ac1580_11, L_0000022379ad3d58;
L_0000022379b343c0 .functor MUXZ 2, L_0000022379ad3de8, L_0000022379ad3da0, L_0000022379b35860, C4<>;
L_0000022379b33d80 .functor MUXZ 2, L_0000022379b343c0, L_0000022379ad3d10, L_0000022379b35fe0, C4<>;
L_0000022379b34780 .functor MUXZ 2, L_0000022379b33d80, L_0000022379ad3cc8, L_0000022379b35d60, C4<>;
L_0000022379b36300 .functor MUXZ 2, L_0000022379b34780, L_0000022379ad3c80, L_0000022379b34fa0, C4<>;
S_0000022379ab63d0 .scope generate, "gen_state[12]" "gen_state[12]" 6 116, 6 116 0, S_00000223798c1560;
 .timescale -9 -12;
P_0000022379a29730 .param/l "g" 0 6 116, +C4<01100>;
v0000022379ab4810_0 .net *"_ivl_1", 0 0, L_0000022379b346e0;  1 drivers
L_0000022379ad3e78 .functor BUFT 1, C4<11>, C4<0>, C4<0>, C4<0>;
v0000022379ab4450_0 .net/2u *"_ivl_10", 1 0, L_0000022379ad3e78;  1 drivers
v0000022379ab5170_0 .net *"_ivl_14", 0 0, L_0000022379b363a0;  1 drivers
L_0000022379ad3ec0 .functor BUFT 1, C4<10>, C4<0>, C4<0>, C4<0>;
v0000022379ab5210_0 .net/2u *"_ivl_16", 1 0, L_0000022379ad3ec0;  1 drivers
L_0000022379ad3f08 .functor BUFT 1, C4<0000000000000000>, C4<0>, C4<0>, C4<0>;
v0000022379ab44f0_0 .net/2u *"_ivl_19", 15 0, L_0000022379ad3f08;  1 drivers
v0000022379ab5530_0 .net *"_ivl_21", 0 0, L_0000022379b35ae0;  1 drivers
L_0000022379ad3f50 .functor BUFT 1, C4<01>, C4<0>, C4<0>, C4<0>;
v0000022379ab4950_0 .net/2u *"_ivl_23", 1 0, L_0000022379ad3f50;  1 drivers
L_0000022379ad3f98 .functor BUFT 1, C4<00>, C4<0>, C4<0>, C4<0>;
v0000022379ab4b30_0 .net/2u *"_ivl_25", 1 0, L_0000022379ad3f98;  1 drivers
v0000022379ab4bd0_0 .net *"_ivl_27", 1 0, L_0000022379b35cc0;  1 drivers
v0000022379ab4270_0 .net *"_ivl_29", 1 0, L_0000022379b35680;  1 drivers
v0000022379ab4630_0 .net *"_ivl_3", 0 0, L_0000022379b34c80;  1 drivers
v0000022379ab46d0_0 .net *"_ivl_31", 1 0, L_0000022379b34640;  1 drivers
L_0000022379ad3e30 .functor BUFT 1, C4<00>, C4<0>, C4<0>, C4<0>;
v0000022379ab4c70_0 .net/2u *"_ivl_4", 1 0, L_0000022379ad3e30;  1 drivers
v0000022379ab52b0_0 .net *"_ivl_8", 0 0, L_0000022379b36440;  1 drivers
L_0000022379b34c80 .reduce/nor L_0000022379b346e0;
v0000022379ac9bc0_12 .array/port v0000022379ac9bc0, 12;
v0000022379aca200_12 .array/port v0000022379aca200, 12;
L_0000022379b36440 .cmp/eq 10, v0000022379ac9bc0_12, v0000022379aca200_12;
v0000022379ac9e40_12 .array/port v0000022379ac9e40, 12;
L_0000022379b363a0 .cmp/ge 10, v0000022379ac9e40_12, v0000022379aca200_12;
v0000022379ac1580_12 .array/port v0000022379ac1580, 12;
L_0000022379b35ae0 .cmp/eq 16, v0000022379ac1580_12, L_0000022379ad3f08;
L_0000022379b35cc0 .functor MUXZ 2, L_0000022379ad3f98, L_0000022379ad3f50, L_0000022379b35ae0, C4<>;
L_0000022379b35680 .functor MUXZ 2, L_0000022379b35cc0, L_0000022379ad3ec0, L_0000022379b363a0, C4<>;
L_0000022379b34640 .functor MUXZ 2, L_0000022379b35680, L_0000022379ad3e78, L_0000022379b36440, C4<>;
L_0000022379b34d20 .functor MUXZ 2, L_0000022379b34640, L_0000022379ad3e30, L_0000022379b34c80, C4<>;
S_0000022379ab7370 .scope generate, "gen_state[13]" "gen_state[13]" 6 116, 6 116 0, S_00000223798c1560;
 .timescale -9 -12;
P_0000022379a29770 .param/l "g" 0 6 116, +C4<01101>;
v0000022379ab48b0_0 .net *"_ivl_1", 0 0, L_0000022379b34aa0;  1 drivers
L_0000022379ad4028 .functor BUFT 1, C4<11>, C4<0>, C4<0>, C4<0>;
v0000022379ab5710_0 .net/2u *"_ivl_10", 1 0, L_0000022379ad4028;  1 drivers
v0000022379ab55d0_0 .net *"_ivl_14", 0 0, L_0000022379b34820;  1 drivers
L_0000022379ad4070 .functor BUFT 1, C4<10>, C4<0>, C4<0>, C4<0>;
v0000022379ab5350_0 .net/2u *"_ivl_16", 1 0, L_0000022379ad4070;  1 drivers
L_0000022379ad40b8 .functor BUFT 1, C4<0000000000000000>, C4<0>, C4<0>, C4<0>;
v0000022379ab4e50_0 .net/2u *"_ivl_19", 15 0, L_0000022379ad40b8;  1 drivers
v0000022379ab4a90_0 .net *"_ivl_21", 0 0, L_0000022379b348c0;  1 drivers
L_0000022379ad4100 .functor BUFT 1, C4<01>, C4<0>, C4<0>, C4<0>;
v0000022379ab53f0_0 .net/2u *"_ivl_23", 1 0, L_0000022379ad4100;  1 drivers
L_0000022379ad4148 .functor BUFT 1, C4<00>, C4<0>, C4<0>, C4<0>;
v0000022379ab4db0_0 .net/2u *"_ivl_25", 1 0, L_0000022379ad4148;  1 drivers
v0000022379ab5490_0 .net *"_ivl_27", 1 0, L_0000022379b34960;  1 drivers
v0000022379ab57b0_0 .net *"_ivl_29", 1 0, L_0000022379b34a00;  1 drivers
v0000022379ab5850_0 .net *"_ivl_3", 0 0, L_0000022379b34280;  1 drivers
v0000022379ab58f0_0 .net *"_ivl_31", 1 0, L_0000022379b34be0;  1 drivers
L_0000022379ad3fe0 .functor BUFT 1, C4<00>, C4<0>, C4<0>, C4<0>;
v0000022379ab4d10_0 .net/2u *"_ivl_4", 1 0, L_0000022379ad3fe0;  1 drivers
v0000022379ac2480_0 .net *"_ivl_8", 0 0, L_0000022379b34000;  1 drivers
L_0000022379b34280 .reduce/nor L_0000022379b34aa0;
v0000022379ac9bc0_13 .array/port v0000022379ac9bc0, 13;
v0000022379aca200_13 .array/port v0000022379aca200, 13;
L_0000022379b34000 .cmp/eq 10, v0000022379ac9bc0_13, v0000022379aca200_13;
v0000022379ac9e40_13 .array/port v0000022379ac9e40, 13;
L_0000022379b34820 .cmp/ge 10, v0000022379ac9e40_13, v0000022379aca200_13;
v0000022379ac1580_13 .array/port v0000022379ac1580, 13;
L_0000022379b348c0 .cmp/eq 16, v0000022379ac1580_13, L_0000022379ad40b8;
L_0000022379b34960 .functor MUXZ 2, L_0000022379ad4148, L_0000022379ad4100, L_0000022379b348c0, C4<>;
L_0000022379b34a00 .functor MUXZ 2, L_0000022379b34960, L_0000022379ad4070, L_0000022379b34820, C4<>;
L_0000022379b34be0 .functor MUXZ 2, L_0000022379b34a00, L_0000022379ad4028, L_0000022379b34000, C4<>;
L_0000022379b34dc0 .functor MUXZ 2, L_0000022379b34be0, L_0000022379ad3fe0, L_0000022379b34280, C4<>;
S_0000022379ab66f0 .scope generate, "gen_state[14]" "gen_state[14]" 6 116, 6 116 0, S_00000223798c1560;
 .timescale -9 -12;
P_0000022379a29df0 .param/l "g" 0 6 116, +C4<01110>;
v0000022379ac3100_0 .net *"_ivl_1", 0 0, L_0000022379b35900;  1 drivers
L_0000022379ad41d8 .functor BUFT 1, C4<11>, C4<0>, C4<0>, C4<0>;
v0000022379ac2c00_0 .net/2u *"_ivl_10", 1 0, L_0000022379ad41d8;  1 drivers
v0000022379ac3380_0 .net *"_ivl_14", 0 0, L_0000022379b35040;  1 drivers
L_0000022379ad4220 .functor BUFT 1, C4<10>, C4<0>, C4<0>, C4<0>;
v0000022379ac34c0_0 .net/2u *"_ivl_16", 1 0, L_0000022379ad4220;  1 drivers
L_0000022379ad4268 .functor BUFT 1, C4<0000000000000000>, C4<0>, C4<0>, C4<0>;
v0000022379ac3060_0 .net/2u *"_ivl_19", 15 0, L_0000022379ad4268;  1 drivers
v0000022379ac3560_0 .net *"_ivl_21", 0 0, L_0000022379b350e0;  1 drivers
L_0000022379ad42b0 .functor BUFT 1, C4<01>, C4<0>, C4<0>, C4<0>;
v0000022379ac23e0_0 .net/2u *"_ivl_23", 1 0, L_0000022379ad42b0;  1 drivers
L_0000022379ad42f8 .functor BUFT 1, C4<00>, C4<0>, C4<0>, C4<0>;
v0000022379ac2fc0_0 .net/2u *"_ivl_25", 1 0, L_0000022379ad42f8;  1 drivers
v0000022379ac25c0_0 .net *"_ivl_27", 1 0, L_0000022379b35180;  1 drivers
v0000022379ac2660_0 .net *"_ivl_29", 1 0, L_0000022379b35220;  1 drivers
v0000022379ac31a0_0 .net *"_ivl_3", 0 0, L_0000022379b34e60;  1 drivers
v0000022379ac3920_0 .net *"_ivl_31", 1 0, L_0000022379b35360;  1 drivers
L_0000022379ad4190 .functor BUFT 1, C4<00>, C4<0>, C4<0>, C4<0>;
v0000022379ac36a0_0 .net/2u *"_ivl_4", 1 0, L_0000022379ad4190;  1 drivers
v0000022379ac2980_0 .net *"_ivl_8", 0 0, L_0000022379b34f00;  1 drivers
L_0000022379b34e60 .reduce/nor L_0000022379b35900;
v0000022379ac9bc0_14 .array/port v0000022379ac9bc0, 14;
v0000022379aca200_14 .array/port v0000022379aca200, 14;
L_0000022379b34f00 .cmp/eq 10, v0000022379ac9bc0_14, v0000022379aca200_14;
v0000022379ac9e40_14 .array/port v0000022379ac9e40, 14;
L_0000022379b35040 .cmp/ge 10, v0000022379ac9e40_14, v0000022379aca200_14;
v0000022379ac1580_14 .array/port v0000022379ac1580, 14;
L_0000022379b350e0 .cmp/eq 16, v0000022379ac1580_14, L_0000022379ad4268;
L_0000022379b35180 .functor MUXZ 2, L_0000022379ad42f8, L_0000022379ad42b0, L_0000022379b350e0, C4<>;
L_0000022379b35220 .functor MUXZ 2, L_0000022379b35180, L_0000022379ad4220, L_0000022379b35040, C4<>;
L_0000022379b35360 .functor MUXZ 2, L_0000022379b35220, L_0000022379ad41d8, L_0000022379b34f00, C4<>;
L_0000022379b35400 .functor MUXZ 2, L_0000022379b35360, L_0000022379ad4190, L_0000022379b34e60, C4<>;
S_0000022379ab6560 .scope generate, "gen_state[15]" "gen_state[15]" 6 116, 6 116 0, S_00000223798c1560;
 .timescale -9 -12;
P_0000022379a29f70 .param/l "g" 0 6 116, +C4<01111>;
v0000022379ac3880_0 .net *"_ivl_1", 0 0, L_0000022379b354a0;  1 drivers
L_0000022379ad4388 .functor BUFT 1, C4<11>, C4<0>, C4<0>, C4<0>;
v0000022379ac27a0_0 .net/2u *"_ivl_10", 1 0, L_0000022379ad4388;  1 drivers
v0000022379ac3740_0 .net *"_ivl_14", 0 0, L_0000022379b359a0;  1 drivers
L_0000022379ad43d0 .functor BUFT 1, C4<10>, C4<0>, C4<0>, C4<0>;
v0000022379ac2340_0 .net/2u *"_ivl_16", 1 0, L_0000022379ad43d0;  1 drivers
L_0000022379ad4418 .functor BUFT 1, C4<0000000000000000>, C4<0>, C4<0>, C4<0>;
v0000022379ac3240_0 .net/2u *"_ivl_19", 15 0, L_0000022379ad4418;  1 drivers
v0000022379ac3600_0 .net *"_ivl_21", 0 0, L_0000022379b35a40;  1 drivers
L_0000022379ad4460 .functor BUFT 1, C4<01>, C4<0>, C4<0>, C4<0>;
v0000022379ac2d40_0 .net/2u *"_ivl_23", 1 0, L_0000022379ad4460;  1 drivers
L_0000022379ad44a8 .functor BUFT 1, C4<00>, C4<0>, C4<0>, C4<0>;
v0000022379ac37e0_0 .net/2u *"_ivl_25", 1 0, L_0000022379ad44a8;  1 drivers
v0000022379ac2700_0 .net *"_ivl_27", 1 0, L_0000022379b35b80;  1 drivers
v0000022379ac2a20_0 .net *"_ivl_29", 1 0, L_0000022379b38060;  1 drivers
v0000022379ac2b60_0 .net *"_ivl_3", 0 0, L_0000022379b355e0;  1 drivers
v0000022379ac2ac0_0 .net *"_ivl_31", 1 0, L_0000022379b38240;  1 drivers
L_0000022379ad4340 .functor BUFT 1, C4<00>, C4<0>, C4<0>, C4<0>;
v0000022379ac2ca0_0 .net/2u *"_ivl_4", 1 0, L_0000022379ad4340;  1 drivers
v0000022379ac3420_0 .net *"_ivl_8", 0 0, L_0000022379b35720;  1 drivers
L_0000022379b355e0 .reduce/nor L_0000022379b354a0;
v0000022379ac9bc0_15 .array/port v0000022379ac9bc0, 15;
v0000022379aca200_15 .array/port v0000022379aca200, 15;
L_0000022379b35720 .cmp/eq 10, v0000022379ac9bc0_15, v0000022379aca200_15;
v0000022379ac9e40_15 .array/port v0000022379ac9e40, 15;
L_0000022379b359a0 .cmp/ge 10, v0000022379ac9e40_15, v0000022379aca200_15;
v0000022379ac1580_15 .array/port v0000022379ac1580, 15;
L_0000022379b35a40 .cmp/eq 16, v0000022379ac1580_15, L_0000022379ad4418;
L_0000022379b35b80 .functor MUXZ 2, L_0000022379ad44a8, L_0000022379ad4460, L_0000022379b35a40, C4<>;
L_0000022379b38060 .functor MUXZ 2, L_0000022379b35b80, L_0000022379ad43d0, L_0000022379b359a0, C4<>;
L_0000022379b38240 .functor MUXZ 2, L_0000022379b38060, L_0000022379ad4388, L_0000022379b35720, C4<>;
L_0000022379b369e0 .functor MUXZ 2, L_0000022379b38240, L_0000022379ad4340, L_0000022379b355e0, C4<>;
    .scope S_00000223798c13d0;
T_0 ;
    %pushi/vec4 0, 0, 8;
    %store/vec4 v0000022379aa3be0_0, 0, 8;
    %pushi/vec4 0, 0, 8;
    %store/vec4 v0000022379aa3c80_0, 0, 8;
    %pushi/vec4 0, 0, 8;
    %store/vec4 v0000022379aa4540_0, 0, 8;
    %pushi/vec4 0, 0, 8;
    %store/vec4 v0000022379aa40e0_0, 0, 8;
    %end;
    .thread T_0, $init;
    .scope S_00000223798c13d0;
T_1 ;
    %wait E_0000022379a253f0;
    %load/vec4 v0000022379aa4360_0;
    %nor/r;
    %flag_set/vec4 8;
    %jmp/0xz  T_1.0, 8;
    %pushi/vec4 0, 0, 8;
    %assign/vec4 v0000022379aa3be0_0, 0;
    %pushi/vec4 0, 0, 8;
    %assign/vec4 v0000022379aa4540_0, 0;
    %jmp T_1.1;
T_1.0 ;
    %load/vec4 v0000022379aa4720_0;
    %flag_set/vec4 9;
    %flag_get/vec4 9;
    %jmp/0 T_1.4, 9;
    %load/vec4 v0000022379aa3fa0_0;
    %nor/r;
    %and;
T_1.4;
    %flag_set/vec4 8;
    %jmp/0xz  T_1.2, 8;
    %load/vec4 v0000022379aa4ea0_0;
    %load/vec4 v0000022379aa3be0_0;
    %parti/s 7, 0, 2;
    %pad/u 9;
    %ix/vec4 3;
    %ix/load 4, 0, 0; Constant delay
    %assign/vec4/a/d v0000022379a472b0, 0, 4;
    %load/vec4 v0000022379aa3be0_0;
    %addi 1, 0, 8;
    %assign/vec4 v0000022379aa3be0_0, 0;
    %load/vec4 v0000022379aa3be0_0;
    %pad/u 32;
    %addi 1, 0, 32;
    %load/vec4 v0000022379aa3be0_0;
    %pad/u 32;
    %addi 1, 0, 32;
    %ix/load 4, 1, 0;
    %flag_set/imm 4, 0;
    %shiftr 4;
    %xor;
    %pad/u 8;
    %assign/vec4 v0000022379aa4540_0, 0;
T_1.2 ;
T_1.1 ;
    %jmp T_1;
    .thread T_1;
    .scope S_00000223798c13d0;
T_2 ;
    %wait E_0000022379a253f0;
    %load/vec4 v0000022379aa4360_0;
    %nor/r;
    %flag_set/vec4 8;
    %jmp/0xz  T_2.0, 8;
    %pushi/vec4 0, 0, 8;
    %assign/vec4 v0000022379aa3c80_0, 0;
    %pushi/vec4 0, 0, 8;
    %assign/vec4 v0000022379aa40e0_0, 0;
    %jmp T_2.1;
T_2.0 ;
    %load/vec4 v0000022379aa3b40_0;
    %flag_set/vec4 9;
    %flag_get/vec4 9;
    %jmp/0 T_2.4, 9;
    %load/vec4 v0000022379aa3dc0_0;
    %nor/r;
    %and;
T_2.4;
    %flag_set/vec4 8;
    %jmp/0xz  T_2.2, 8;
    %load/vec4 v0000022379aa3c80_0;
    %addi 1, 0, 8;
    %assign/vec4 v0000022379aa3c80_0, 0;
    %load/vec4 v0000022379aa3c80_0;
    %pad/u 32;
    %addi 1, 0, 32;
    %load/vec4 v0000022379aa3c80_0;
    %pad/u 32;
    %addi 1, 0, 32;
    %ix/load 4, 1, 0;
    %flag_set/imm 4, 0;
    %shiftr 4;
    %xor;
    %pad/u 8;
    %assign/vec4 v0000022379aa40e0_0, 0;
T_2.2 ;
T_2.1 ;
    %jmp T_2;
    .thread T_2;
    .scope S_00000223798c1560;
T_3 ;
    %wait E_0000022379a24b70;
    %load/vec4 v0000022379abfd20_0;
    %dup/vec4;
    %pushi/vec4 0, 0, 2;
    %cmp/u;
    %jmp/1 T_3.0, 6;
    %dup/vec4;
    %pushi/vec4 1, 0, 2;
    %cmp/u;
    %jmp/1 T_3.1, 6;
    %dup/vec4;
    %pushi/vec4 2, 0, 2;
    %cmp/u;
    %jmp/1 T_3.2, 6;
    %dup/vec4;
    %pushi/vec4 3, 0, 2;
    %cmp/u;
    %jmp/1 T_3.3, 6;
    %pushi/vec4 0, 0, 4;
    %store/vec4 v0000022379ac8540_0, 0, 4;
    %jmp T_3.5;
T_3.0 ;
    %load/vec4 v0000022379ac2020_0;
    %parti/s 4, 0, 2;
    %store/vec4 v0000022379ac8540_0, 0, 4;
    %jmp T_3.5;
T_3.1 ;
    %load/vec4 v0000022379ac2020_0;
    %parti/s 4, 4, 4;
    %store/vec4 v0000022379ac8540_0, 0, 4;
    %jmp T_3.5;
T_3.2 ;
    %load/vec4 v0000022379ac2020_0;
    %parti/s 4, 8, 5;
    %store/vec4 v0000022379ac8540_0, 0, 4;
    %jmp T_3.5;
T_3.3 ;
    %load/vec4 v0000022379ac2020_0;
    %parti/s 4, 12, 5;
    %store/vec4 v0000022379ac8540_0, 0, 4;
    %jmp T_3.5;
T_3.5 ;
    %pop/vec4 1;
    %jmp T_3;
    .thread T_3, $push;
    .scope S_00000223798c1560;
T_4 ;
    %wait E_0000022379a252b0;
    %load/vec4 v0000022379abfd20_0;
    %load/vec4 v0000022379ac1620_0;
    %concat/vec4; draw_concat_vec4
    %store/vec4 v0000022379ac1080_0, 0, 4;
    %jmp T_4;
    .thread T_4, $push;
    .scope S_00000223798c1560;
T_5 ;
    %wait E_0000022379a246b0;
    %load/vec4 v0000022379aca3e0_0;
    %dup/vec4;
    %pushi/vec4 0, 0, 2;
    %cmp/u;
    %jmp/1 T_5.0, 6;
    %dup/vec4;
    %pushi/vec4 1, 0, 2;
    %cmp/u;
    %jmp/1 T_5.1, 6;
    %dup/vec4;
    %pushi/vec4 2, 0, 2;
    %cmp/u;
    %jmp/1 T_5.2, 6;
    %dup/vec4;
    %pushi/vec4 3, 0, 2;
    %cmp/u;
    %jmp/1 T_5.3, 6;
    %pushi/vec4 0, 0, 4;
    %store/vec4 v0000022379ac8720_0, 0, 4;
    %jmp T_5.5;
T_5.0 ;
    %load/vec4 v0000022379ac9620_0;
    %parti/s 4, 0, 2;
    %store/vec4 v0000022379ac8720_0, 0, 4;
    %jmp T_5.5;
T_5.1 ;
    %load/vec4 v0000022379ac9620_0;
    %parti/s 4, 4, 4;
    %store/vec4 v0000022379ac8720_0, 0, 4;
    %jmp T_5.5;
T_5.2 ;
    %load/vec4 v0000022379ac9620_0;
    %parti/s 4, 8, 5;
    %store/vec4 v0000022379ac8720_0, 0, 4;
    %jmp T_5.5;
T_5.3 ;
    %load/vec4 v0000022379ac9620_0;
    %parti/s 4, 12, 5;
    %store/vec4 v0000022379ac8720_0, 0, 4;
    %jmp T_5.5;
T_5.5 ;
    %pop/vec4 1;
    %jmp T_5;
    .thread T_5, $push;
    .scope S_00000223798c1560;
T_6 ;
    %wait E_0000022379a250b0;
    %load/vec4 v0000022379aca3e0_0;
    %load/vec4 v0000022379ac84a0_0;
    %concat/vec4; draw_concat_vec4
    %store/vec4 v0000022379ac87c0_0, 0, 4;
    %jmp T_6;
    .thread T_6, $push;
    .scope S_00000223798c1560;
T_7 ;
    %wait E_0000022379a253f0;
    %load/vec4 v0000022379ac0ae0_0;
    %nor/r;
    %flag_set/vec4 8;
    %jmp/0xz  T_7.0, 8;
    %pushi/vec4 0, 0, 16;
    %assign/vec4 v0000022379ac82c0_0, 0;
    %pushi/vec4 0, 0, 1;
    %assign/vec4 v0000022379ac8680_0, 0;
    %pushi/vec4 0, 0, 4;
    %assign/vec4 v0000022379ac93a0_0, 0;
    %pushi/vec4 0, 0, 10;
    %assign/vec4 v0000022379ac85e0_0, 0;
    %pushi/vec4 0, 0, 10;
    %assign/vec4 v0000022379ac9b20_0, 0;
    %pushi/vec4 0, 0, 32;
    %assign/vec4 v0000022379ac9ee0_0, 0;
    %pushi/vec4 0, 0, 6;
    %assign/vec4 v0000022379ac89a0_0, 0;
    %pushi/vec4 0, 0, 2;
    %assign/vec4 v0000022379aca0c0_0, 0;
    %pushi/vec4 0, 0, 32;
    %store/vec4 v0000022379ac0a40_0, 0, 32;
T_7.2 ;
    %load/vec4 v0000022379ac0a40_0;
    %cmpi/s 16, 0, 32;
    %jmp/0xz T_7.3, 5;
    %pushi/vec4 0, 0, 10;
    %ix/getv/s 3, v0000022379ac0a40_0;
    %ix/load 4, 0, 0; Constant delay
    %assign/vec4/a/d v0000022379ac9c60, 0, 4;
    %pushi/vec4 0, 0, 10;
    %ix/getv/s 3, v0000022379ac0a40_0;
    %ix/load 4, 0, 0; Constant delay
    %assign/vec4/a/d v0000022379aca200, 0, 4;
    %pushi/vec4 0, 0, 32;
    %ix/getv/s 3, v0000022379ac0a40_0;
    %ix/load 4, 0, 0; Constant delay
    %assign/vec4/a/d v0000022379ac8220, 0, 4;
    %pushi/vec4 0, 0, 10;
    %ix/getv/s 3, v0000022379ac0a40_0;
    %ix/load 4, 0, 0; Constant delay
    %assign/vec4/a/d v0000022379ac9e40, 0, 4;
    %pushi/vec4 0, 0, 10;
    %ix/getv/s 3, v0000022379ac0a40_0;
    %ix/load 4, 0, 0; Constant delay
    %assign/vec4/a/d v0000022379ac9bc0, 0, 4;
    %pushi/vec4 0, 0, 16;
    %ix/getv/s 3, v0000022379ac0a40_0;
    %ix/load 4, 0, 0; Constant delay
    %assign/vec4/a/d v0000022379ac1580, 0, 4;
    %load/vec4 v0000022379ac0a40_0;
    %addi 1, 0, 32;
    %store/vec4 v0000022379ac0a40_0, 0, 32;
    %jmp T_7.2;
T_7.3 ;
    %jmp T_7.1;
T_7.0 ;
    %pushi/vec4 0, 0, 1;
    %assign/vec4 v0000022379ac8680_0, 0;
    %pushi/vec4 0, 0, 2;
    %assign/vec4 v0000022379aca0c0_0, 0;
    %load/vec4 v0000022379aca160_0;
    %flag_set/vec4 8;
    %jmp/0xz  T_7.4, 8;
    %pushi/vec4 1, 0, 1;
    %ix/load 5, 0, 0;
    %ix/getv 4, v0000022379ac1080_0;
    %assign/vec4/off/d v0000022379ac82c0_0, 4, 5;
    %load/vec4 v0000022379ac8c20_0;
    %load/vec4 v0000022379ac1080_0;
    %pad/u 6;
    %ix/vec4 3;
    %ix/load 4, 0, 0; Constant delay
    %assign/vec4/a/d v0000022379ac9c60, 0, 4;
    %load/vec4 v0000022379ac8e00_0;
    %load/vec4 v0000022379ac1080_0;
    %pad/u 6;
    %ix/vec4 3;
    %ix/load 4, 0, 0; Constant delay
    %assign/vec4/a/d v0000022379aca200, 0, 4;
    %load/vec4 v0000022379ac11c0_0;
    %load/vec4 v0000022379ac1080_0;
    %pad/u 6;
    %ix/vec4 3;
    %ix/load 4, 0, 0; Constant delay
    %assign/vec4/a/d v0000022379ac8220, 0, 4;
    %pushi/vec4 0, 0, 10;
    %load/vec4 v0000022379ac1080_0;
    %pad/u 6;
    %ix/vec4 3;
    %ix/load 4, 0, 0; Constant delay
    %assign/vec4/a/d v0000022379ac9e40, 0, 4;
    %pushi/vec4 0, 0, 10;
    %load/vec4 v0000022379ac1080_0;
    %pad/u 6;
    %ix/vec4 3;
    %ix/load 4, 0, 0; Constant delay
    %assign/vec4/a/d v0000022379ac9bc0, 0, 4;
    %load/vec4 v0000022379aca020_0;
    %load/vec4 v0000022379ac1080_0;
    %pad/u 6;
    %ix/vec4 3;
    %ix/load 4, 0, 0; Constant delay
    %assign/vec4/a/d v0000022379ac1580, 0, 4;
T_7.4 ;
    %load/vec4 v0000022379abff00_0;
    %flag_set/vec4 9;
    %flag_get/vec4 9;
    %jmp/0 T_7.8, 9;
    %load/vec4 v0000022379ac9800_0;
    %and;
T_7.8;
    %flag_set/vec4 8;
    %jmp/0xz  T_7.6, 8;
    %pushi/vec4 1, 0, 1;
    %assign/vec4 v0000022379ac8680_0, 0;
    %load/vec4 v0000022379ac87c0_0;
    %assign/vec4 v0000022379ac93a0_0, 0;
    %load/vec4 v0000022379ac87c0_0;
    %pad/u 6;
    %ix/vec4 4;
    %load/vec4a v0000022379ac9c60, 4;
    %assign/vec4 v0000022379ac85e0_0, 0;
    %load/vec4 v0000022379ac87c0_0;
    %pad/u 6;
    %ix/vec4 4;
    %load/vec4a v0000022379ac9e40, 4;
    %assign/vec4 v0000022379ac9b20_0, 0;
    %load/vec4 v0000022379ac87c0_0;
    %pad/u 6;
    %ix/vec4 4;
    %load/vec4a v0000022379ac8220, 4;
    %assign/vec4 v0000022379ac9ee0_0, 0;
    %load/vec4 v0000022379ac20c0_0;
    %assign/vec4 v0000022379ac89a0_0, 0;
    %load/vec4 v0000022379ac87c0_0;
    %pad/u 6;
    %ix/vec4 4;
    %load/vec4a v0000022379ac9e40, 4;
    %addi 1, 0, 10;
    %load/vec4 v0000022379ac87c0_0;
    %pad/u 6;
    %ix/vec4 3;
    %ix/load 4, 0, 0; Constant delay
    %assign/vec4/a/d v0000022379ac9e40, 0, 4;
T_7.6 ;
    %load/vec4 v0000022379ac16c0_0;
    %flag_set/vec4 9;
    %flag_get/vec4 9;
    %jmp/0 T_7.11, 9;
    %load/vec4 v0000022379ac82c0_0;
    %load/vec4 v0000022379ac0e00_0;
    %part/u 1;
    %and;
T_7.11;
    %flag_set/vec4 8;
    %jmp/0xz  T_7.9, 8;
    %load/vec4 v0000022379ac0e00_0;
    %pad/u 6;
    %ix/vec4 4;
    %load/vec4a v0000022379ac9bc0, 4;
    %addi 1, 0, 10;
    %load/vec4 v0000022379ac0e00_0;
    %pad/u 6;
    %ix/vec4 3;
    %ix/load 4, 0, 0; Constant delay
    %assign/vec4/a/d v0000022379ac9bc0, 0, 4;
    %load/vec4 v0000022379ac0e00_0;
    %pad/u 6;
    %ix/vec4 4;
    %load/vec4a v0000022379ac9bc0, 4;
    %addi 1, 0, 10;
    %load/vec4 v0000022379ac0e00_0;
    %pad/u 6;
    %ix/vec4 4;
    %load/vec4a v0000022379aca200, 4;
    %cmp/e;
    %jmp/0xz  T_7.12, 4;
    %pushi/vec4 0, 0, 1;
    %ix/load 5, 0, 0;
    %ix/getv 4, v0000022379ac0e00_0;
    %assign/vec4/off/d v0000022379ac82c0_0, 4, 5;
    %pushi/vec4 0, 0, 32;
    %store/vec4 v0000022379ac9580_0, 0, 32;
T_7.14 ;
    %load/vec4 v0000022379ac9580_0;
    %cmpi/s 16, 0, 32;
    %jmp/0xz T_7.15, 5;
    %pushi/vec4 0, 0, 1;
    %ix/getv/s 4, v0000022379ac9580_0;
    %flag_mov 8, 4;
    %ix/getv 5, v0000022379ac0e00_0;
    %flag_or 8, 4;
    %ix/load 6, 0, 0; Constant delay
    %ix/mov 3, 4;
    %flag_mov 4, 8;
    %assign/vec4/a/d v0000022379ac1580, 5, 6;
    %load/vec4 v0000022379ac9580_0;
    %addi 1, 0, 32;
    %store/vec4 v0000022379ac9580_0, 0, 32;
    %jmp T_7.14;
T_7.15 ;
T_7.12 ;
T_7.9 ;
    %load/vec4 v0000022379ac82c0_0;
    %cmpi/e 65535, 0, 16;
    %flag_get/vec4 4;
    %jmp/0 T_7.18, 4;
    %load/vec4 v0000022379ac9800_0;
    %nor/r;
    %and;
T_7.18;
    %flag_set/vec4 8;
    %jmp/0xz  T_7.16, 8;
    %pushi/vec4 1, 0, 2;
    %assign/vec4 v0000022379aca0c0_0, 0;
T_7.16 ;
T_7.1 ;
    %jmp T_7;
    .thread T_7;
    .scope S_000002237995ece0;
T_8 ;
    %wait E_0000022379a24e30;
    %load/vec4 v0000022379a47030_0;
    %or/r;
    %store/vec4 v0000022379a46770_0, 0, 1;
    %pushi/vec4 0, 0, 6;
    %store/vec4 v0000022379a463b0_0, 0, 6;
    %load/vec4 v0000022379a46810_0;
    %pushi/vec4 2863311530, 0, 32;
    %concati/vec4 2863311530, 0, 32;
    %and;
    %or/r;
    %ix/load 4, 0, 0;
    %flag_set/imm 4, 0;
    %store/vec4 v0000022379a463b0_0, 4, 1;
    %load/vec4 v0000022379a46810_0;
    %pushi/vec4 3435973836, 0, 32;
    %concati/vec4 3435973836, 0, 32;
    %and;
    %or/r;
    %ix/load 4, 1, 0;
    %flag_set/imm 4, 0;
    %store/vec4 v0000022379a463b0_0, 4, 1;
    %load/vec4 v0000022379a46810_0;
    %pushi/vec4 4042322160, 0, 32;
    %concati/vec4 4042322160, 0, 32;
    %and;
    %or/r;
    %ix/load 4, 2, 0;
    %flag_set/imm 4, 0;
    %store/vec4 v0000022379a463b0_0, 4, 1;
    %load/vec4 v0000022379a46810_0;
    %pushi/vec4 4278255360, 0, 32;
    %concati/vec4 4278255360, 0, 32;
    %and;
    %or/r;
    %ix/load 4, 3, 0;
    %flag_set/imm 4, 0;
    %store/vec4 v0000022379a463b0_0, 4, 1;
    %load/vec4 v0000022379a46810_0;
    %pushi/vec4 4294901760, 0, 32;
    %concati/vec4 4294901760, 0, 32;
    %and;
    %or/r;
    %ix/load 4, 4, 0;
    %flag_set/imm 4, 0;
    %store/vec4 v0000022379a463b0_0, 4, 1;
    %load/vec4 v0000022379a46810_0;
    %pushi/vec4 4294967295, 0, 32;
    %concati/vec4 0, 0, 32;
    %and;
    %or/r;
    %ix/load 4, 5, 0;
    %flag_set/imm 4, 0;
    %store/vec4 v0000022379a463b0_0, 4, 1;
    %jmp T_8;
    .thread T_8, $push;
    .scope S_000002237995ece0;
T_9 ;
    %wait E_0000022379a24870;
    %load/vec4 v0000022379a47670_0;
    %or/r;
    %store/vec4 v0000022379a47210_0, 0, 1;
    %pushi/vec4 0, 0, 6;
    %store/vec4 v0000022379a47170_0, 0, 6;
    %load/vec4 v0000022379a47490_0;
    %pushi/vec4 2863311530, 0, 32;
    %concati/vec4 2863311530, 0, 32;
    %and;
    %or/r;
    %ix/load 4, 0, 0;
    %flag_set/imm 4, 0;
    %store/vec4 v0000022379a47170_0, 4, 1;
    %load/vec4 v0000022379a47490_0;
    %pushi/vec4 3435973836, 0, 32;
    %concati/vec4 3435973836, 0, 32;
    %and;
    %or/r;
    %ix/load 4, 1, 0;
    %flag_set/imm 4, 0;
    %store/vec4 v0000022379a47170_0, 4, 1;
    %load/vec4 v0000022379a47490_0;
    %pushi/vec4 4042322160, 0, 32;
    %concati/vec4 4042322160, 0, 32;
    %and;
    %or/r;
    %ix/load 4, 2, 0;
    %flag_set/imm 4, 0;
    %store/vec4 v0000022379a47170_0, 4, 1;
    %load/vec4 v0000022379a47490_0;
    %pushi/vec4 4278255360, 0, 32;
    %concati/vec4 4278255360, 0, 32;
    %and;
    %or/r;
    %ix/load 4, 3, 0;
    %flag_set/imm 4, 0;
    %store/vec4 v0000022379a47170_0, 4, 1;
    %load/vec4 v0000022379a47490_0;
    %pushi/vec4 4294901760, 0, 32;
    %concati/vec4 4294901760, 0, 32;
    %and;
    %or/r;
    %ix/load 4, 4, 0;
    %flag_set/imm 4, 0;
    %store/vec4 v0000022379a47170_0, 4, 1;
    %load/vec4 v0000022379a47490_0;
    %pushi/vec4 4294967295, 0, 32;
    %concati/vec4 0, 0, 32;
    %and;
    %or/r;
    %ix/load 4, 5, 0;
    %flag_set/imm 4, 0;
    %store/vec4 v0000022379a47170_0, 4, 1;
    %jmp T_9;
    .thread T_9, $push;
    .scope S_000002237995ece0;
T_10 ;
    %wait E_0000022379a253f0;
    %load/vec4 v0000022379a45ff0_0;
    %nor/r;
    %flag_set/vec4 8;
    %jmp/0xz  T_10.0, 8;
    %pushi/vec4 0, 0, 64;
    %assign/vec4 v0000022379a46310_0, 0;
    %pushi/vec4 0, 0, 1;
    %assign/vec4 v0000022379a46ef0_0, 0;
    %pushi/vec4 0, 0, 4;
    %assign/vec4 v0000022379a46f90_0, 0;
    %pushi/vec4 0, 0, 1;
    %assign/vec4 v0000022379a46bd0_0, 0;
    %pushi/vec4 0, 0, 6;
    %assign/vec4 v0000022379a46b30_0, 0;
    %pushi/vec4 0, 0, 2;
    %assign/vec4 v0000022379a46e50_0, 0;
    %pushi/vec4 0, 0, 32;
    %store/vec4 v0000022379a46450_0, 0, 32;
T_10.2 ;
    %load/vec4 v0000022379a46450_0;
    %cmpi/s 64, 0, 32;
    %jmp/0xz T_10.3, 5;
    %pushi/vec4 0, 0, 4;
    %ix/getv/s 3, v0000022379a46450_0;
    %ix/load 4, 0, 0; Constant delay
    %assign/vec4/a/d v0000022379a45f50, 0, 4;
    %pushi/vec4 0, 0, 10;
    %ix/getv/s 3, v0000022379a46450_0;
    %ix/load 4, 0, 0; Constant delay
    %assign/vec4/a/d v0000022379a46630, 0, 4;
    %pushi/vec4 0, 0, 10;
    %ix/getv/s 3, v0000022379a46450_0;
    %ix/load 4, 0, 0; Constant delay
    %assign/vec4/a/d v0000022379a470d0, 0, 4;
    %load/vec4 v0000022379a46450_0;
    %addi 1, 0, 32;
    %store/vec4 v0000022379a46450_0, 0, 32;
    %jmp T_10.2;
T_10.3 ;
    %jmp T_10.1;
T_10.0 ;
    %pushi/vec4 0, 0, 1;
    %assign/vec4 v0000022379a46ef0_0, 0;
    %pushi/vec4 0, 0, 1;
    %assign/vec4 v0000022379a46bd0_0, 0;
    %pushi/vec4 0, 0, 2;
    %assign/vec4 v0000022379a46e50_0, 0;
    %load/vec4 v0000022379a46db0_0;
    %flag_set/vec4 9;
    %flag_get/vec4 9;
    %jmp/0 T_10.6, 9;
    %load/vec4 v0000022379a464f0_0;
    %and;
T_10.6;
    %flag_set/vec4 8;
    %jmp/0xz  T_10.4, 8;
    %pushi/vec4 1, 0, 1;
    %ix/load 5, 0, 0;
    %ix/getv 4, v0000022379a47530_0;
    %assign/vec4/off/d v0000022379a46310_0, 4, 5;
    %load/vec4 v0000022379a45d70_0;
    %load/vec4 v0000022379a47530_0;
    %pad/u 8;
    %ix/vec4 3;
    %ix/load 4, 0, 0; Constant delay
    %assign/vec4/a/d v0000022379a45f50, 0, 4;
    %load/vec4 v0000022379a46a90_0;
    %load/vec4 v0000022379a47530_0;
    %pad/u 8;
    %ix/vec4 3;
    %ix/load 4, 0, 0; Constant delay
    %assign/vec4/a/d v0000022379a46630, 0, 4;
    %load/vec4 v0000022379a469f0_0;
    %load/vec4 v0000022379a47530_0;
    %pad/u 8;
    %ix/vec4 3;
    %ix/load 4, 0, 0; Constant delay
    %assign/vec4/a/d v0000022379a470d0, 0, 4;
T_10.4 ;
    %load/vec4 v0000022379a47210_0;
    %flag_set/vec4 8;
    %jmp/0xz  T_10.7, 8;
    %pushi/vec4 1, 0, 1;
    %assign/vec4 v0000022379a46ef0_0, 0;
    %load/vec4 v0000022379a47170_0;
    %pad/u 8;
    %ix/vec4 4;
    %load/vec4a v0000022379a45f50, 4;
    %assign/vec4 v0000022379a46f90_0, 0;
    %pushi/vec4 1, 0, 1;
    %assign/vec4 v0000022379a46bd0_0, 0;
    %load/vec4 v0000022379a47170_0;
    %assign/vec4 v0000022379a46b30_0, 0;
    %pushi/vec4 0, 0, 1;
    %ix/load 5, 0, 0;
    %ix/getv 4, v0000022379a47170_0;
    %assign/vec4/off/d v0000022379a46310_0, 4, 5;
    %load/vec4 v0000022379a46310_0;
    %load/vec4 v0000022379a47170_0;
    %part/u 1;
    %nor/r;
    %flag_set/vec4 8;
    %jmp/0xz  T_10.9, 8;
    %pushi/vec4 2, 0, 2;
    %assign/vec4 v0000022379a46e50_0, 0;
T_10.9 ;
T_10.7 ;
T_10.1 ;
    %jmp T_10;
    .thread T_10;
# The file index is used to find the file name in the following table.
:file_names 7;
    "N/A";
    "<interactive>";
    "-";
    "src\controller.v";
    "src/modules/cmt.v";
    "src/modules/fifo.v";
    "src/modules/tmt.v";
