#! /c/Source/iverilog-install/bin/vvp
:ivl_version "12.0 (devel)" "(s20150603-1539-g2693dd32b)";
:ivl_delay_selection "TYPICAL";
:vpi_time_precision - 12;
:vpi_module "C:\iverilog\lib\ivl\system.vpi";
:vpi_module "C:\iverilog\lib\ivl\vhdl_sys.vpi";
:vpi_module "C:\iverilog\lib\ivl\vhdl_textio.vpi";
:vpi_module "C:\iverilog\lib\ivl\v2005_math.vpi";
:vpi_module "C:\iverilog\lib\ivl\va_math.vpi";
:vpi_module "C:\iverilog\lib\ivl\v2009.vpi";
S_000001b1ef6392f0 .scope package, "$unit" "$unit" 2 1;
 .timescale 0 0;
S_000001b1ef7087b0 .scope module, "controller_tb" "controller_tb" 3 4;
 .timescale -9 -12;
P_000001b1ef5a97d0 .param/l "FIFO_DEPTH" 0 3 9, +C4<00000000000000000000000010000000>;
P_000001b1ef5a9808 .param/l "FIFO_WIDTH" 0 3 10, +C4<00000000000000000000000001000000>;
v000001b1ef786ed0_0 .var "cfg_data", 63 0;
v000001b1ef786f70_0 .var "cfg_en", 0 0;
v000001b1ef786a70_0 .var "clk", 0 0;
v000001b1ef786bb0_0 .var "core_done_vec", 63 0;
v000001b1ef780e90_0 .net "core_id_cmt_core", 5 0, v000001b1ef75d020_0;  1 drivers
v000001b1ef780350_0 .net "dispatch_addr", 31 0, v000001b1ef785ad0_0;  1 drivers
v000001b1ef77fef0_0 .net "dispatch_core_id", 5 0, v000001b1ef785e90_0;  1 drivers
v000001b1ef780990_0 .net "done_ack", 0 0, v000001b1ef75da20_0;  1 drivers
v000001b1ef7812f0_0 .net "err_bus", 3 0, L_000001b1ef7800d0;  1 drivers
v000001b1ef7802b0_0 .net "full", 0 0, L_000001b1ef77ff90;  1 drivers
v000001b1ef77f1d0_0 .var "rst_n", 0 0;
E_000001b1ef6ebca0 .event negedge, v000001b1ef6ce860_0;
S_000001b1ef70bd70 .scope begin, "$ivl_for_loop2" "$ivl_for_loop2" 3 170, 3 170 0, S_000001b1ef7087b0;
 .timescale -9 -12;
v000001b1ef6cf120_0 .var/2s "i", 31 0;
S_000001b1ef6439b0 .scope begin, "$ivl_for_loop3" "$ivl_for_loop3" 3 176, 3 176 0, S_000001b1ef7087b0;
 .timescale -9 -12;
v000001b1ef6cf1c0_0 .var/2s "b", 31 0;
S_000001b1ef706450 .scope begin, "$ivl_for_loop4" "$ivl_for_loop4" 3 223, 3 223 0, S_000001b1ef7087b0;
 .timescale -9 -12;
v000001b1ef6cf6c0_0 .var/2s "i", 31 0;
S_000001b1ef6f2870 .scope begin, "$ivl_for_loop5" "$ivl_for_loop5" 3 228, 3 228 0, S_000001b1ef7087b0;
 .timescale -9 -12;
v000001b1ef6cecc0_0 .var/2s "i", 31 0;
S_000001b1ef5d13b0 .scope begin, "$ivl_for_loop6" "$ivl_for_loop6" 3 245, 3 245 0, S_000001b1ef7087b0;
 .timescale -9 -12;
v000001b1ef6cfd00_0 .var/2s "i", 31 0;
S_000001b1ef5d1540 .scope begin, "$ivl_for_loop7" "$ivl_for_loop7" 3 311, 3 311 0, S_000001b1ef7087b0;
 .timescale -9 -12;
v000001b1ef6d0160_0 .var/2s "i", 31 0;
S_000001b1ef566610 .scope task, "finish_active_cores" "finish_active_cores" 3 100, 3 100 0, S_000001b1ef7087b0;
 .timescale -9 -12;
v000001b1ef6ceea0_0 .var "mask", 63 0;
E_000001b1ef6ebd60 .event posedge, v000001b1ef6ce860_0;
TD_controller_tb.finish_active_cores ;
    %wait E_000001b1ef6ebd60;
    ; show_stmt_assign_vector: Get l-value for compressed |= operand
    %load/vec4 v000001b1ef786bb0_0;
    %load/vec4 v000001b1ef6ceea0_0;
    %load/vec4 v000001b1ef6cf080_0;
    %and;
    %or;
    %store/vec4 v000001b1ef786bb0_0, 0, 64;
    %end;
S_000001b1ef5667a0 .scope task, "host_send_task" "host_send_task" 3 78, 3 78 0, S_000001b1ef7087b0;
 .timescale -9 -12;
v000001b1ef6cf940_0 .var "addr", 31 0;
v000001b1ef6d02a0_0 .var "dep", 9 0;
v000001b1ef6cfda0_0 .var "id", 9 0;
v000001b1ef6ce9a0_0 .var "quota", 9 0;
E_000001b1ef6ebce0 .event negedge, v000001b1ef75d520_0;
TD_controller_tb.host_send_task ;
    %load/vec4 v000001b1ef7802b0_0;
    %flag_set/vec4 8;
    %jmp/0xz  T_1.0, 8;
    %vpi_call/w 3 80 "$display", "[WARN] FIFO Full. Waiting for system to drain..." {0 0 0};
    %wait E_000001b1ef6ebce0;
T_1.0 ;
    %wait E_000001b1ef6ebd60;
    %load/vec4 v000001b1ef6cfda0_0;
    %load/vec4 v000001b1ef6ce9a0_0;
    %concat/vec4; draw_concat_vec4
    %load/vec4 v000001b1ef6cf940_0;
    %concat/vec4; draw_concat_vec4
    %load/vec4 v000001b1ef6d02a0_0;
    %concat/vec4; draw_concat_vec4
    %concati/vec4 0, 0, 2;
    %store/vec4 v000001b1ef786ed0_0, 0, 64;
    %pushi/vec4 1, 0, 1;
    %store/vec4 v000001b1ef786f70_0, 0, 1;
    %wait E_000001b1ef6ebd60;
    %pushi/vec4 0, 0, 1;
    %store/vec4 v000001b1ef786f70_0, 0, 1;
    %pushi/vec4 0, 0, 64;
    %store/vec4 v000001b1ef786ed0_0, 0, 64;
    %end;
S_000001b1ef602260 .scope task, "print_tmt_snapshot" "print_tmt_snapshot" 3 120, 3 120 0, S_000001b1ef7087b0;
 .timescale -9 -12;
TD_controller_tb.print_tmt_snapshot ;
    %vpi_call/w 3 121 "$display", "\012=====================================================================" {0 0 0};
    %vpi_call/w 3 122 "$display", "=                  TMT SNAPSHOT @ TIME %0t                   =", $time {0 0 0};
    %vpi_call/w 3 123 "$display", "=====================================================================" {0 0 0};
    %vpi_call/w 3 124 "$display", "IDX | VALID | TASK_ID | QUOTA | DISP_CNT | FINISHED_CNT | STATE" {0 0 0};
    %fork t_1, S_000001b1ef6023f0;
    %jmp t_0;
    .scope S_000001b1ef6023f0;
t_1 ;
    %pushi/vec4 0, 0, 32;
    %store/vec4 v000001b1ef6cf4e0_0, 0, 32;
T_2.2 ;
    %load/vec4 v000001b1ef6cf4e0_0;
    %cmpi/s 16, 0, 32;
    %jmp/0xz T_2.3, 5;
    %load/vec4 v000001b1ef785fd0_0;
    %load/vec4 v000001b1ef6cf4e0_0;
    %part/s 1;
    %flag_set/vec4 8;
    %jmp/0xz  T_2.4, 8;
    %vpi_call/w 3 127 "$display", "%3d |   1   |   %4d  |  %4d |    %4d  |      %4d    |   %2b", v000001b1ef6cf4e0_0, &A<v000001b1ef784090, v000001b1ef6cf4e0_0 >, &A<v000001b1ef784a90, v000001b1ef6cf4e0_0 >, &A<v000001b1ef785df0, v000001b1ef6cf4e0_0 >, &A<v000001b1ef785a30, v000001b1ef6cf4e0_0 >, &A<v000001b1ef785030, v000001b1ef6cf4e0_0 > {0 0 0};
T_2.4 ;
    ; show_stmt_assign_vector: Get l-value for compressed += operand
    %load/vec4 v000001b1ef6cf4e0_0;
    %pushi/vec4 1, 0, 32;
    %add;
    %cast2;
    %store/vec4 v000001b1ef6cf4e0_0, 0, 32;
    %jmp T_2.2;
T_2.3 ;
    %end;
    .scope S_000001b1ef602260;
t_0 %join;
    %vpi_call/w 3 133 "$display", "=====================================================================\012" {0 0 0};
    %end;
S_000001b1ef6023f0 .scope begin, "$ivl_for_loop1" "$ivl_for_loop1" 3 125, 3 125 0, S_000001b1ef602260;
 .timescale -9 -12;
v000001b1ef6cf4e0_0 .var/2s "i", 31 0;
S_000001b1ef5f6770 .scope task, "run_random_completions" "run_random_completions" 3 106, 3 106 0, S_000001b1ef7087b0;
 .timescale -9 -12;
v000001b1ef6ce680_0 .var/2s "cycles", 31 0;
TD_controller_tb.run_random_completions ;
    %load/vec4 v000001b1ef6ce680_0;
T_3.6 %dup/vec4;
    %pushi/vec4 0, 0, 32;
    %cmp/s;
    %jmp/1xz T_3.7, 5;
    %jmp/1 T_3.7, 4;
    %pushi/vec4 1, 0, 32;
    %sub;
    %wait E_000001b1ef6ebd60;
    %fork t_3, S_000001b1ef5f6900;
    %jmp t_2;
    .scope S_000001b1ef5f6900;
t_3 ;
    %pushi/vec4 0, 0, 32;
    %store/vec4 v000001b1ef6cfe40_0, 0, 32;
T_3.8 ;
    %load/vec4 v000001b1ef6cfe40_0;
    %cmpi/s 64, 0, 32;
    %jmp/0xz T_3.9, 5;
    %load/vec4 v000001b1ef6cf080_0;
    %load/vec4 v000001b1ef6cfe40_0;
    %part/s 1;
    %cmpi/e 1, 0, 1;
    %flag_get/vec4 4;
    %jmp/0 T_3.12, 4;
    %load/vec4 v000001b1ef786bb0_0;
    %load/vec4 v000001b1ef6cfe40_0;
    %part/s 1;
    %pushi/vec4 0, 0, 1;
    %cmp/e;
    %flag_get/vec4 4;
    %and;
T_3.12;
    %flag_set/vec4 8;
    %jmp/0xz  T_3.10, 8;
    %vpi_func 3 112 "$urandom" 32 {0 0 0};
    %pushi/vec4 100, 0, 32;
    %mod;
    %cmpi/u 2, 0, 32;
    %jmp/0xz  T_3.13, 5;
    %pushi/vec4 1, 0, 1;
    %ix/load 5, 0, 0;
    %ix/getv/s 4, v000001b1ef6cfe40_0;
    %assign/vec4/off/d v000001b1ef786bb0_0, 4, 5;
T_3.13 ;
T_3.10 ;
    ; show_stmt_assign_vector: Get l-value for compressed += operand
    %load/vec4 v000001b1ef6cfe40_0;
    %pushi/vec4 1, 0, 32;
    %add;
    %cast2;
    %store/vec4 v000001b1ef6cfe40_0, 0, 32;
    %jmp T_3.8;
T_3.9 ;
    %end;
    .scope S_000001b1ef5f6770;
t_2 %join;
    %jmp T_3.6;
T_3.7 ;
    %pop/vec4 1;
    %end;
S_000001b1ef5f6900 .scope begin, "$ivl_for_loop0" "$ivl_for_loop0" 3 110, 3 110 0, S_000001b1ef5f6770;
 .timescale -9 -12;
v000001b1ef6cfe40_0 .var/2s "i", 31 0;
S_000001b1ef5bada0 .scope module, "uut" "controller" 3 38, 4 7 0, S_000001b1ef7087b0;
 .timescale -9 -12;
    .port_info 0 /INPUT 1 "i_clk";
    .port_info 1 /INPUT 1 "i_rst_n";
    .port_info 2 /INPUT 1 "i_cfg_en";
    .port_info 3 /INPUT 64 "i_cfg_data";
    .port_info 4 /OUTPUT 1 "o_full";
    .port_info 5 /OUTPUT 32 "o_dispatch_addr";
    .port_info 6 /OUTPUT 6 "o_dispatch_core_id";
    .port_info 7 /INPUT 64 "i_core_done_vec";
    .port_info 8 /OUTPUT 6 "o_core_id_cmt_core";
    .port_info 9 /OUTPUT 1 "o_done_ack";
    .port_info 10 /OUTPUT 4 "o_err_bus";
P_000001b1ef5a8ed0 .param/l "FIFO_DEPTH" 0 4 8, +C4<00000000000000000000000010000000>;
P_000001b1ef5a8f08 .param/l "FIFO_WIDTH" 0 4 9, +C4<00000000000000000000000001000000>;
v000001b1ef784d10_0 .net "ava_core_id_wire", 5 0, L_000001b1ef6f3aa0;  1 drivers
v000001b1ef7844f0_0 .net "ava_core_valid_wire", 0 0, L_000001b1ef6f3cd0;  1 drivers
v000001b1ef786070_0 .net "cmt_err_wire", 1 0, v000001b1ef75c9e0_0;  1 drivers
v000001b1ef7862f0_0 .net "empty_wire", 0 0, L_000001b1ef77fa90;  1 drivers
v000001b1ef7861b0_0 .net "fifo_tmt_data_wire", 63 0, L_000001b1ef6f3870;  1 drivers
v000001b1ef7841d0_0 .net "i_cfg_data", 63 0, v000001b1ef786ed0_0;  1 drivers
v000001b1ef786390_0 .net "i_cfg_en", 0 0, v000001b1ef786f70_0;  1 drivers
v000001b1ef786430_0 .net "i_clk", 0 0, v000001b1ef786a70_0;  1 drivers
v000001b1ef7866b0_0 .net "i_core_done_vec", 63 0, v000001b1ef786bb0_0;  1 drivers
v000001b1ef784590_0 .net "i_rst_n", 0 0, v000001b1ef77f1d0_0;  1 drivers
v000001b1ef784270_0 .net "instance_id_tmt_cmt_wire", 9 0, v000001b1ef785350_0;  1 drivers
v000001b1ef784810_0 .net "o_core_id_cmt_core", 5 0, v000001b1ef75d020_0;  alias, 1 drivers
v000001b1ef784310_0 .net "o_dispatch_addr", 31 0, v000001b1ef785ad0_0;  alias, 1 drivers
v000001b1ef784770_0 .net "o_dispatch_core_id", 5 0, v000001b1ef785e90_0;  alias, 1 drivers
v000001b1ef7843b0_0 .net "o_done_ack", 0 0, v000001b1ef75da20_0;  alias, 1 drivers
v000001b1ef7848b0_0 .net "o_err_bus", 3 0, L_000001b1ef7800d0;  alias, 1 drivers
v000001b1ef784db0_0 .net "o_full", 0 0, L_000001b1ef77ff90;  alias, 1 drivers
v000001b1ef784950_0 .net "task_done_pulse_wire", 0 0, v000001b1ef75ca80_0;  1 drivers
v000001b1ef786c50_0 .net "task_id_tmt_cmt_wire", 9 0, v000001b1ef785cb0_0;  1 drivers
v000001b1ef786e30_0 .net "terminated_tmt_idx_wire", 3 0, v000001b1ef75cb20_0;  1 drivers
v000001b1ef786890_0 .net "tmt_cmt_ack_wire", 0 0, v000001b1ef785170_0;  1 drivers
v000001b1ef786cf0_0 .net "tmt_err_wire", 1 0, v000001b1ef785210_0;  1 drivers
v000001b1ef786930_0 .net "tmt_fifo_ack_wire", 0 0, L_000001b1ef6f34f0;  1 drivers
v000001b1ef786d90_0 .net "tmt_idx_tmt_cmt_wire", 3 0, v000001b1ef785f30_0;  1 drivers
L_000001b1ef7800d0 .concat [ 2 2 0 0], v000001b1ef75c9e0_0, v000001b1ef785210_0;
S_000001b1ef5baf30 .scope module, "inst_cmt" "cmt" 4 132, 5 3 0, S_000001b1ef5bada0;
 .timescale -9 -12;
    .port_info 0 /INPUT 1 "i_clk";
    .port_info 1 /INPUT 1 "i_rst_n";
    .port_info 2 /OUTPUT 1 "o_ava_core_valid";
    .port_info 3 /OUTPUT 6 "o_ava_core_id";
    .port_info 4 /INPUT 10 "i_task_id_tmt_cmt";
    .port_info 5 /INPUT 4 "i_tmt_idx_tmt_cmt";
    .port_info 6 /INPUT 10 "i_instance_num_tmt_cmt";
    .port_info 7 /INPUT 1 "i_tmt_cmt_ack";
    .port_info 8 /OUTPUT 1 "o_task_done_pulse";
    .port_info 9 /OUTPUT 4 "o_terminated_tmt_idx";
    .port_info 10 /INPUT 64 "i_core_done_vec";
    .port_info 11 /OUTPUT 6 "o_core_id_cmt_core";
    .port_info 12 /OUTPUT 1 "o_done_ack";
    .port_info 13 /OUTPUT 2 "o_err";
L_000001b1ef6f3950 .functor NOT 64, v000001b1ef6cf080_0, C4<0000000000000000000000000000000000000000000000000000000000000000>, C4<0000000000000000000000000000000000000000000000000000000000000000>, C4<0000000000000000000000000000000000000000000000000000000000000000>;
L_000001b1ef6f3fe0 .functor NOT 64, L_000001b1ef6f3950, C4<0000000000000000000000000000000000000000000000000000000000000000>, C4<0000000000000000000000000000000000000000000000000000000000000000>, C4<0000000000000000000000000000000000000000000000000000000000000000>;
L_000001b1ef6f3640 .functor AND 64, L_000001b1ef6f3950, L_000001b1ef7eb5c0, C4<1111111111111111111111111111111111111111111111111111111111111111>, C4<1111111111111111111111111111111111111111111111111111111111111111>;
L_000001b1ef6f3cd0 .functor BUFZ 1, v000001b1ef75c080_0, C4<0>, C4<0>, C4<0>;
L_000001b1ef6f3aa0 .functor BUFZ 6, v000001b1ef6cf580_0, C4<000000>, C4<000000>, C4<000000>;
L_000001b1ef6f36b0 .functor NOT 64, v000001b1ef786bb0_0, C4<0000000000000000000000000000000000000000000000000000000000000000>, C4<0000000000000000000000000000000000000000000000000000000000000000>, C4<0000000000000000000000000000000000000000000000000000000000000000>;
L_000001b1ef6f3a30 .functor AND 64, v000001b1ef786bb0_0, L_000001b1ef7ec9c0, C4<1111111111111111111111111111111111111111111111111111111111111111>, C4<1111111111111111111111111111111111111111111111111111111111111111>;
v000001b1ef6cfee0_0 .net *"_ivl_14", 63 0, L_000001b1ef6f36b0;  1 drivers
L_000001b1ef78a1e8 .functor BUFT 1, C4<0000000000000000000000000000000000000000000000000000000000000001>, C4<0>, C4<0>, C4<0>;
v000001b1ef6d0340_0 .net/2u *"_ivl_16", 63 0, L_000001b1ef78a1e8;  1 drivers
v000001b1ef6d0480_0 .net *"_ivl_18", 63 0, L_000001b1ef7ec9c0;  1 drivers
v000001b1ef6d0520_0 .net *"_ivl_2", 63 0, L_000001b1ef6f3fe0;  1 drivers
L_000001b1ef78a1a0 .functor BUFT 1, C4<0000000000000000000000000000000000000000000000000000000000000001>, C4<0>, C4<0>, C4<0>;
v000001b1ef6ce7c0_0 .net/2u *"_ivl_4", 63 0, L_000001b1ef78a1a0;  1 drivers
v000001b1ef6cf760_0 .net *"_ivl_6", 63 0, L_000001b1ef7eb5c0;  1 drivers
v000001b1ef6cf080_0 .var "core_busy", 63 0;
v000001b1ef6cf800_0 .net "core_idle", 63 0, L_000001b1ef6f3950;  1 drivers
v000001b1ef6cf260 .array "core_instance_number", 63 0, 9 0;
v000001b1ef6cf8a0 .array "core_task_id", 63 0, 9 0;
v000001b1ef6ce720 .array "core_tmt_idx", 63 0, 3 0;
v000001b1ef6ce860_0 .net "i_clk", 0 0, v000001b1ef786a70_0;  alias, 1 drivers
v000001b1ef6ce900_0 .net "i_core_done_vec", 63 0, v000001b1ef786bb0_0;  alias, 1 drivers
v000001b1ef6cea40_0 .net "i_instance_num_tmt_cmt", 9 0, v000001b1ef785350_0;  alias, 1 drivers
v000001b1ef6ceae0_0 .net "i_rst_n", 0 0, v000001b1ef77f1d0_0;  alias, 1 drivers
v000001b1ef6cee00_0 .net "i_task_id_tmt_cmt", 9 0, v000001b1ef785cb0_0;  alias, 1 drivers
v000001b1ef6cef40_0 .net "i_tmt_cmt_ack", 0 0, v000001b1ef785170_0;  alias, 1 drivers
v000001b1ef6cf440_0 .net "i_tmt_idx_tmt_cmt", 3 0, v000001b1ef785f30_0;  alias, 1 drivers
v000001b1ef6cf580_0 .var "idle_core_id_comb", 5 0;
v000001b1ef75c080_0 .var "idle_valid_comb", 0 0;
v000001b1ef75d7a0_0 .var/i "k", 31 0;
v000001b1ef75d840_0 .net "lowest_done_bit", 63 0, L_000001b1ef6f3a30;  1 drivers
v000001b1ef75c120_0 .net "lowest_idle_bit", 63 0, L_000001b1ef6f3640;  1 drivers
v000001b1ef75c620_0 .net "o_ava_core_id", 5 0, L_000001b1ef6f3aa0;  alias, 1 drivers
v000001b1ef75d8e0_0 .net "o_ava_core_valid", 0 0, L_000001b1ef6f3cd0;  alias, 1 drivers
v000001b1ef75d020_0 .var "o_core_id_cmt_core", 5 0;
v000001b1ef75da20_0 .var "o_done_ack", 0 0;
v000001b1ef75c9e0_0 .var "o_err", 1 0;
v000001b1ef75ca80_0 .var "o_task_done_pulse", 0 0;
v000001b1ef75cb20_0 .var "o_terminated_tmt_idx", 3 0;
v000001b1ef75d340_0 .var "term_core_id_comb", 5 0;
v000001b1ef75cf80_0 .var "term_valid_comb", 0 0;
E_000001b1ef6ebf20/0 .event negedge, v000001b1ef6ceae0_0;
E_000001b1ef6ebf20/1 .event posedge, v000001b1ef6ce860_0;
E_000001b1ef6ebf20 .event/or E_000001b1ef6ebf20/0, E_000001b1ef6ebf20/1;
E_000001b1ef6ebf60 .event anyedge, v000001b1ef6ce900_0, v000001b1ef75d840_0;
E_000001b1ef6ebfa0 .event anyedge, v000001b1ef6cf800_0, v000001b1ef75c120_0;
L_000001b1ef7eb5c0 .arith/sum 64, L_000001b1ef6f3fe0, L_000001b1ef78a1a0;
L_000001b1ef7ec9c0 .arith/sum 64, L_000001b1ef6f36b0, L_000001b1ef78a1e8;
S_000001b1ef702610 .scope module, "inst_fifo" "fifo" 4 82, 6 3 0, S_000001b1ef5bada0;
 .timescale -9 -12;
    .port_info 0 /INPUT 1 "i_clk";
    .port_info 1 /INPUT 1 "i_rst_n";
    .port_info 2 /INPUT 1 "i_cfg_en";
    .port_info 3 /INPUT 64 "i_cfg_data";
    .port_info 4 /OUTPUT 1 "o_full";
    .port_info 5 /INPUT 1 "i_tmt_fifo_ack";
    .port_info 6 /OUTPUT 1 "o_empty";
    .port_info 7 /OUTPUT 64 "o_fifo_tmt_data";
P_000001b1ef5dbb60 .param/l "FIFO_DEPTH" 0 6 4, +C4<00000000000000000000000010000000>;
P_000001b1ef5dbb98 .param/l "FIFO_WIDTH" 0 6 5, +C4<00000000000000000000000001000000>;
P_000001b1ef5dbbd0 .param/l "PTR_WIDTH" 1 6 22, +C4<00000000000000000000000000000111>;
L_000001b1ef6f3870 .functor BUFZ 64, L_000001b1ef780f30, C4<0000000000000000000000000000000000000000000000000000000000000000>, C4<0000000000000000000000000000000000000000000000000000000000000000>, C4<0000000000000000000000000000000000000000000000000000000000000000>;
L_000001b1ef6f3b10 .functor NOT 2, L_000001b1ef77f090, C4<00>, C4<00>, C4<00>;
v000001b1ef75dde0 .array "FIFO_mem_array", 127 0, 63 0;
v000001b1ef75c4e0_0 .net *"_ivl_0", 63 0, L_000001b1ef780f30;  1 drivers
v000001b1ef75d2a0_0 .net *"_ivl_13", 1 0, L_000001b1ef77f090;  1 drivers
v000001b1ef75dca0_0 .net *"_ivl_14", 1 0, L_000001b1ef6f3b10;  1 drivers
v000001b1ef75d3e0_0 .net *"_ivl_17", 5 0, L_000001b1ef780490;  1 drivers
v000001b1ef75de80_0 .net *"_ivl_18", 7 0, L_000001b1ef77fbd0;  1 drivers
v000001b1ef75d980_0 .net *"_ivl_3", 6 0, L_000001b1ef780fd0;  1 drivers
v000001b1ef75d5c0_0 .net *"_ivl_4", 8 0, L_000001b1ef77f8b0;  1 drivers
L_000001b1ef787458 .functor BUFT 1, C4<00>, C4<0>, C4<0>, C4<0>;
v000001b1ef75dac0_0 .net *"_ivl_7", 1 0, L_000001b1ef787458;  1 drivers
v000001b1ef75dd40_0 .net "i_cfg_data", 63 0, v000001b1ef786ed0_0;  alias, 1 drivers
v000001b1ef75db60_0 .net "i_cfg_en", 0 0, v000001b1ef786f70_0;  alias, 1 drivers
v000001b1ef75c8a0_0 .net "i_clk", 0 0, v000001b1ef786a70_0;  alias, 1 drivers
v000001b1ef75dc00_0 .net "i_rst_n", 0 0, v000001b1ef77f1d0_0;  alias, 1 drivers
v000001b1ef75c260_0 .net "i_tmt_fifo_ack", 0 0, L_000001b1ef6f34f0;  alias, 1 drivers
v000001b1ef75d480_0 .net "o_empty", 0 0, L_000001b1ef77fa90;  alias, 1 drivers
v000001b1ef75d200_0 .net "o_fifo_tmt_data", 63 0, L_000001b1ef6f3870;  alias, 1 drivers
v000001b1ef75d520_0 .net "o_full", 0 0, L_000001b1ef77ff90;  alias, 1 drivers
v000001b1ef75d660_0 .var "rd_ptr_bin", 7 0;
v000001b1ef75c300_0 .var "rd_ptr_gray", 7 0;
v000001b1ef75d0c0_0 .var "wr_ptr_bin", 7 0;
v000001b1ef75d700_0 .var "wr_ptr_gray", 7 0;
L_000001b1ef780f30 .array/port v000001b1ef75dde0, L_000001b1ef77f8b0;
L_000001b1ef780fd0 .part v000001b1ef75d660_0, 0, 7;
L_000001b1ef77f8b0 .concat [ 7 2 0 0], L_000001b1ef780fd0, L_000001b1ef787458;
L_000001b1ef77fa90 .cmp/eq 8, v000001b1ef75d700_0, v000001b1ef75c300_0;
L_000001b1ef77f090 .part v000001b1ef75c300_0, 6, 2;
L_000001b1ef780490 .part v000001b1ef75c300_0, 0, 6;
L_000001b1ef77fbd0 .concat [ 6 2 0 0], L_000001b1ef780490, L_000001b1ef6f3b10;
L_000001b1ef77ff90 .cmp/eq 8, v000001b1ef75d700_0, L_000001b1ef77fbd0;
S_000001b1ef75ec70 .scope module, "inst_tmt" "tmt" 4 100, 7 3 0, S_000001b1ef5bada0;
 .timescale -9 -12;
    .port_info 0 /INPUT 1 "i_clk";
    .port_info 1 /INPUT 1 "i_rst_n";
    .port_info 2 /INPUT 64 "i_fifo_tmt_data";
    .port_info 3 /INPUT 1 "i_empty";
    .port_info 4 /OUTPUT 1 "o_tmt_fifo_ack";
    .port_info 5 /INPUT 1 "i_ava_core_valid";
    .port_info 6 /INPUT 6 "i_ava_core_id";
    .port_info 7 /OUTPUT 1 "o_tmt_cmt_ack";
    .port_info 8 /OUTPUT 4 "o_tmt_idx_tmt_cmt";
    .port_info 9 /OUTPUT 10 "o_task_id_tmt_cmt";
    .port_info 10 /OUTPUT 10 "o_instance_id_tmt_cmt";
    .port_info 11 /INPUT 1 "i_task_done_pulse";
    .port_info 12 /INPUT 4 "i_terminated_tmt_idx";
    .port_info 13 /OUTPUT 32 "o_dispatch_addr";
    .port_info 14 /OUTPUT 6 "o_dispatch_core_id";
    .port_info 15 /OUTPUT 2 "o_err";
P_000001b1ef5b4e70 .param/l "STATE_ALLOCATED" 1 7 106, C4<10>;
P_000001b1ef5b4ea8 .param/l "STATE_PENDING" 1 7 104, C4<00>;
P_000001b1ef5b4ee0 .param/l "STATE_READY" 1 7 105, C4<01>;
P_000001b1ef5b4f18 .param/l "STATE_TERMINATED" 1 7 107, C4<11>;
L_000001b1ef6f3c60 .functor NOT 16, v000001b1ef785fd0_0, C4<0000000000000000>, C4<0000000000000000>, C4<0000000000000000>;
L_000001b1ef6f34f0 .functor AND 1, L_000001b1ef7e8b40, L_000001b1ef7e9c20, C4<1>, C4<1>;
v000001b1ef77b300_0 .net *"_ivl_105", 3 0, L_000001b1ef7e8280;  1 drivers
v000001b1ef77b3a0_0 .net *"_ivl_107", 0 0, L_000001b1ef7e97c0;  1 drivers
v000001b1ef77b440_0 .net *"_ivl_111", 3 0, L_000001b1ef7e81e0;  1 drivers
v000001b1ef77b4e0_0 .net *"_ivl_113", 0 0, L_000001b1ef7e9ae0;  1 drivers
v000001b1ef77b8a0_0 .net *"_ivl_117", 3 0, L_000001b1ef7e9b80;  1 drivers
v000001b1ef77bd00_0 .net *"_ivl_119", 0 0, L_000001b1ef7e9d60;  1 drivers
v000001b1ef77b940_0 .net *"_ivl_124", 3 0, L_000001b1ef7e9ea0;  1 drivers
v000001b1ef77ba80_0 .net *"_ivl_126", 0 0, L_000001b1ef7e9f40;  1 drivers
v000001b1ef77bda0_0 .net *"_ivl_128", 0 0, L_000001b1ef7e8500;  1 drivers
L_000001b1ef789d20 .functor BUFT 1, C4<00>, C4<0>, C4<0>, C4<0>;
v000001b1ef77c020_0 .net/2u *"_ivl_129", 1 0, L_000001b1ef789d20;  1 drivers
v000001b1ef77c0c0_0 .net *"_ivl_132", 0 0, L_000001b1ef7e9fe0;  1 drivers
L_000001b1ef789d68 .functor BUFT 1, C4<01>, C4<0>, C4<0>, C4<0>;
v000001b1ef77c2a0_0 .net/2u *"_ivl_133", 1 0, L_000001b1ef789d68;  1 drivers
v000001b1ef77c340_0 .net *"_ivl_136", 0 0, L_000001b1ef7ea260;  1 drivers
L_000001b1ef789db0 .functor BUFT 1, C4<10>, C4<0>, C4<0>, C4<0>;
v000001b1ef77c520_0 .net/2u *"_ivl_137", 1 0, L_000001b1ef789db0;  1 drivers
L_000001b1ef789df8 .functor BUFT 1, C4<11>, C4<0>, C4<0>, C4<0>;
v000001b1ef77c660_0 .net/2u *"_ivl_139", 1 0, L_000001b1ef789df8;  1 drivers
v000001b1ef77ebe0_0 .net *"_ivl_141", 1 0, L_000001b1ef7e8780;  1 drivers
v000001b1ef77e3c0_0 .net *"_ivl_143", 1 0, L_000001b1ef7e7f60;  1 drivers
v000001b1ef77e460_0 .net *"_ivl_148", 0 0, L_000001b1ef7e8640;  1 drivers
L_000001b1ef789e40 .functor BUFT 1, C4<00>, C4<0>, C4<0>, C4<0>;
v000001b1ef77e280_0 .net/2u *"_ivl_149", 1 0, L_000001b1ef789e40;  1 drivers
v000001b1ef77dce0_0 .net *"_ivl_152", 0 0, L_000001b1ef7e86e0;  1 drivers
L_000001b1ef789e88 .functor BUFT 1, C4<01>, C4<0>, C4<0>, C4<0>;
v000001b1ef77eaa0_0 .net/2u *"_ivl_153", 1 0, L_000001b1ef789e88;  1 drivers
v000001b1ef77d920_0 .net *"_ivl_156", 0 0, L_000001b1ef7e8820;  1 drivers
L_000001b1ef789ed0 .functor BUFT 1, C4<10>, C4<0>, C4<0>, C4<0>;
v000001b1ef77e820_0 .net/2u *"_ivl_157", 1 0, L_000001b1ef789ed0;  1 drivers
L_000001b1ef789f18 .functor BUFT 1, C4<11>, C4<0>, C4<0>, C4<0>;
v000001b1ef77ed20_0 .net/2u *"_ivl_159", 1 0, L_000001b1ef789f18;  1 drivers
v000001b1ef77dd80_0 .net *"_ivl_161", 1 0, L_000001b1ef7e8960;  1 drivers
v000001b1ef77d880_0 .net *"_ivl_163", 1 0, L_000001b1ef7e8a00;  1 drivers
v000001b1ef77ee60_0 .net *"_ivl_168", 0 0, L_000001b1ef7e8b40;  1 drivers
v000001b1ef77e0a0_0 .net *"_ivl_184", 3 0, L_000001b1ef7ebe80;  1 drivers
v000001b1ef77e140_0 .net *"_ivl_186", 0 0, L_000001b1ef7ec920;  1 drivers
v000001b1ef77e1e0_0 .net *"_ivl_190", 3 0, L_000001b1ef7eb660;  1 drivers
v000001b1ef77d9c0_0 .net *"_ivl_192", 0 0, L_000001b1ef7ea760;  1 drivers
v000001b1ef77dec0_0 .net *"_ivl_196", 3 0, L_000001b1ef7eb160;  1 drivers
v000001b1ef77da60_0 .net *"_ivl_198", 0 0, L_000001b1ef7ebf20;  1 drivers
v000001b1ef77e780_0 .net *"_ivl_203", 3 0, L_000001b1ef7eca60;  1 drivers
v000001b1ef77e8c0_0 .net *"_ivl_205", 0 0, L_000001b1ef7eb0c0;  1 drivers
v000001b1ef77e320_0 .net *"_ivl_207", 0 0, L_000001b1ef7ec060;  1 drivers
L_000001b1ef789f60 .functor BUFT 1, C4<00>, C4<0>, C4<0>, C4<0>;
v000001b1ef77e640_0 .net/2u *"_ivl_208", 1 0, L_000001b1ef789f60;  1 drivers
v000001b1ef77e500_0 .net *"_ivl_211", 0 0, L_000001b1ef7ead00;  1 drivers
L_000001b1ef789fa8 .functor BUFT 1, C4<01>, C4<0>, C4<0>, C4<0>;
v000001b1ef77e6e0_0 .net/2u *"_ivl_212", 1 0, L_000001b1ef789fa8;  1 drivers
v000001b1ef77ef00_0 .net *"_ivl_215", 0 0, L_000001b1ef7eb200;  1 drivers
L_000001b1ef789ff0 .functor BUFT 1, C4<10>, C4<0>, C4<0>, C4<0>;
v000001b1ef77eb40_0 .net/2u *"_ivl_216", 1 0, L_000001b1ef789ff0;  1 drivers
L_000001b1ef78a038 .functor BUFT 1, C4<11>, C4<0>, C4<0>, C4<0>;
v000001b1ef77db00_0 .net/2u *"_ivl_218", 1 0, L_000001b1ef78a038;  1 drivers
v000001b1ef77e960_0 .net *"_ivl_220", 1 0, L_000001b1ef7ec100;  1 drivers
v000001b1ef77ea00_0 .net *"_ivl_222", 1 0, L_000001b1ef7ea940;  1 drivers
v000001b1ef77e5a0_0 .net *"_ivl_227", 0 0, L_000001b1ef7ebd40;  1 drivers
L_000001b1ef78a080 .functor BUFT 1, C4<00>, C4<0>, C4<0>, C4<0>;
v000001b1ef77de20_0 .net/2u *"_ivl_228", 1 0, L_000001b1ef78a080;  1 drivers
v000001b1ef77ec80_0 .net *"_ivl_231", 0 0, L_000001b1ef7ec600;  1 drivers
L_000001b1ef78a0c8 .functor BUFT 1, C4<01>, C4<0>, C4<0>, C4<0>;
v000001b1ef77edc0_0 .net/2u *"_ivl_232", 1 0, L_000001b1ef78a0c8;  1 drivers
v000001b1ef77dba0_0 .net *"_ivl_235", 0 0, L_000001b1ef7eb480;  1 drivers
L_000001b1ef78a110 .functor BUFT 1, C4<10>, C4<0>, C4<0>, C4<0>;
v000001b1ef77dc40_0 .net/2u *"_ivl_236", 1 0, L_000001b1ef78a110;  1 drivers
L_000001b1ef78a158 .functor BUFT 1, C4<11>, C4<0>, C4<0>, C4<0>;
v000001b1ef77df60_0 .net/2u *"_ivl_238", 1 0, L_000001b1ef78a158;  1 drivers
v000001b1ef77e000_0 .net *"_ivl_240", 1 0, L_000001b1ef7ec2e0;  1 drivers
v000001b1ef7858f0_0 .net *"_ivl_242", 1 0, L_000001b1ef7ec7e0;  1 drivers
v000001b1ef785490 .array "dep_matrix", 15 0, 15 0;
v000001b1ef784450_0 .net "free_group_enc", 1 0, L_000001b1ef7e8000;  1 drivers
v000001b1ef7852b0_0 .var "free_idx_comb", 3 0;
v000001b1ef785670_0 .net "free_slot_valid_comb", 0 0, L_000001b1ef7e9c20;  1 drivers
v000001b1ef785530_0 .net "free_slots", 15 0, L_000001b1ef6f3c60;  1 drivers
v000001b1ef784bd0_0 .net "free_within_group_enc", 1 0, L_000001b1ef7e8aa0;  1 drivers
v000001b1ef7853f0_0 .net "group_free_valid", 3 0, L_000001b1ef7e9e00;  1 drivers
v000001b1ef784f90_0 .net "group_ready_valid", 3 0, L_000001b1ef7ec560;  1 drivers
v000001b1ef7855d0_0 .var/i "i", 31 0;
v000001b1ef786250_0 .net "i_ava_core_id", 5 0, L_000001b1ef6f3aa0;  alias, 1 drivers
v000001b1ef785b70_0 .net "i_ava_core_valid", 0 0, L_000001b1ef6f3cd0;  alias, 1 drivers
v000001b1ef784e50_0 .net "i_clk", 0 0, v000001b1ef786a70_0;  alias, 1 drivers
v000001b1ef784ef0_0 .net "i_empty", 0 0, L_000001b1ef77fa90;  alias, 1 drivers
v000001b1ef785710_0 .net "i_fifo_tmt_data", 63 0, L_000001b1ef6f3870;  alias, 1 drivers
v000001b1ef7857b0_0 .net "i_rst_n", 0 0, v000001b1ef77f1d0_0;  alias, 1 drivers
v000001b1ef7849f0_0 .net "i_task_done_pulse", 0 0, v000001b1ef75ca80_0;  alias, 1 drivers
v000001b1ef785c10_0 .net "i_terminated_tmt_idx", 3 0, v000001b1ef75cb20_0;  alias, 1 drivers
v000001b1ef785850_0 .net "incoming_addr", 31 0, L_000001b1ef7e8e60;  1 drivers
v000001b1ef7864d0_0 .net "incoming_dep_id", 9 0, L_000001b1ef7ec240;  1 drivers
v000001b1ef784630_0 .net "incoming_dep_match", 15 0, L_000001b1ef783b90;  1 drivers
v000001b1ef786570_0 .net "incoming_quota", 9 0, L_000001b1ef7e8d20;  1 drivers
v000001b1ef784130_0 .net "incoming_task_id", 9 0, L_000001b1ef7e8c80;  1 drivers
v000001b1ef785990_0 .var/i "j", 31 0;
v000001b1ef785ad0_0 .var "o_dispatch_addr", 31 0;
v000001b1ef785e90_0 .var "o_dispatch_core_id", 5 0;
v000001b1ef785210_0 .var "o_err", 1 0;
v000001b1ef785350_0 .var "o_instance_id_tmt_cmt", 9 0;
v000001b1ef785cb0_0 .var "o_task_id_tmt_cmt", 9 0;
v000001b1ef785170_0 .var "o_tmt_cmt_ack", 0 0;
v000001b1ef784b30_0 .net "o_tmt_fifo_ack", 0 0, L_000001b1ef6f34f0;  alias, 1 drivers
v000001b1ef785f30_0 .var "o_tmt_idx_tmt_cmt", 3 0;
v000001b1ef786610_0 .net "ready_group_enc", 1 0, L_000001b1ef7ec1a0;  1 drivers
v000001b1ef786750_0 .var "ready_idx_comb", 3 0;
v000001b1ef786110_0 .net "ready_slots", 15 0, L_000001b1ef7e9720;  1 drivers
v000001b1ef785d50_0 .net "ready_valid_comb", 0 0, L_000001b1ef7ebca0;  1 drivers
v000001b1ef7850d0_0 .net "ready_within_group_enc", 1 0, L_000001b1ef7eb980;  1 drivers
v000001b1ef7846d0_0 .var "selected_free_group", 3 0;
v000001b1ef784c70_0 .var "selected_ready_group", 3 0;
v000001b1ef7867f0 .array "trf_addr", 15 0, 31 0;
v000001b1ef785df0 .array "trf_dispatched_count", 15 0, 9 0;
v000001b1ef785a30 .array "trf_finished_count", 15 0, 9 0;
v000001b1ef785030 .array "trf_fsm_state", 15 0;
v000001b1ef785030_0 .net v000001b1ef785030 0, 1 0, L_000001b1ef783050; 1 drivers
v000001b1ef785030_1 .net v000001b1ef785030 1, 1 0, L_000001b1ef7837d0; 1 drivers
v000001b1ef785030_2 .net v000001b1ef785030 2, 1 0, L_000001b1ef782970; 1 drivers
v000001b1ef785030_3 .net v000001b1ef785030 3, 1 0, L_000001b1ef782290; 1 drivers
v000001b1ef785030_4 .net v000001b1ef785030 4, 1 0, L_000001b1ef783910; 1 drivers
v000001b1ef785030_5 .net v000001b1ef785030 5, 1 0, L_000001b1ef7ef120; 1 drivers
v000001b1ef785030_6 .net v000001b1ef785030 6, 1 0, L_000001b1ef7ed1e0; 1 drivers
v000001b1ef785030_7 .net v000001b1ef785030 7, 1 0, L_000001b1ef7ee220; 1 drivers
v000001b1ef785030_8 .net v000001b1ef785030 8, 1 0, L_000001b1ef7ed780; 1 drivers
v000001b1ef785030_9 .net v000001b1ef785030 9, 1 0, L_000001b1ef7eddc0; 1 drivers
v000001b1ef785030_10 .net v000001b1ef785030 10, 1 0, L_000001b1ef7ee040; 1 drivers
v000001b1ef785030_11 .net v000001b1ef785030 11, 1 0, L_000001b1ef7eeb80; 1 drivers
v000001b1ef785030_12 .net v000001b1ef785030 12, 1 0, L_000001b1ef7ef440; 1 drivers
v000001b1ef785030_13 .net v000001b1ef785030 13, 1 0, L_000001b1ef7e9220; 1 drivers
v000001b1ef785030_14 .net v000001b1ef785030 14, 1 0, L_000001b1ef7e8dc0; 1 drivers
v000001b1ef785030_15 .net v000001b1ef785030 15, 1 0, L_000001b1ef7ea120; 1 drivers
v000001b1ef784a90 .array "trf_quota", 15 0, 9 0;
v000001b1ef784090 .array "trf_task_id", 15 0, 9 0;
v000001b1ef785fd0_0 .var "trf_valid", 15 0;
E_000001b1ef6ec020 .event anyedge, v000001b1ef786610_0, v000001b1ef7850d0_0;
E_000001b1ef6ec060 .event anyedge, v000001b1ef786610_0, v000001b1ef786110_0;
E_000001b1ef6e4ee0 .event anyedge, v000001b1ef784450_0, v000001b1ef784bd0_0;
E_000001b1ef6e56a0 .event anyedge, v000001b1ef784450_0, v000001b1ef785530_0;
L_000001b1ef780710 .part v000001b1ef785fd0_0, 0, 1;
L_000001b1ef780ad0 .part v000001b1ef785fd0_0, 1, 1;
L_000001b1ef781110 .part v000001b1ef785fd0_0, 2, 1;
L_000001b1ef780a30 .part v000001b1ef785fd0_0, 3, 1;
L_000001b1ef7811b0 .part v000001b1ef785fd0_0, 4, 1;
L_000001b1ef780530 .part v000001b1ef785fd0_0, 5, 1;
L_000001b1ef781250 .part v000001b1ef785fd0_0, 6, 1;
L_000001b1ef7817f0 .part v000001b1ef785fd0_0, 7, 1;
L_000001b1ef781390 .part v000001b1ef785fd0_0, 8, 1;
L_000001b1ef77f310 .part v000001b1ef785fd0_0, 9, 1;
L_000001b1ef77f6d0 .part v000001b1ef785fd0_0, 10, 1;
L_000001b1ef77fd10 .part v000001b1ef785fd0_0, 11, 1;
L_000001b1ef7830f0 .part v000001b1ef785fd0_0, 12, 1;
L_000001b1ef781d90 .part v000001b1ef785fd0_0, 13, 1;
L_000001b1ef783af0 .part v000001b1ef785fd0_0, 14, 1;
LS_000001b1ef783b90_0_0 .concat8 [ 1 1 1 1], L_000001b1ef77f950, L_000001b1ef780170, L_000001b1ef781070, L_000001b1ef77f630;
LS_000001b1ef783b90_0_4 .concat8 [ 1 1 1 1], L_000001b1ef7808f0, L_000001b1ef780670, L_000001b1ef780b70, L_000001b1ef780d50;
LS_000001b1ef783b90_0_8 .concat8 [ 1 1 1 1], L_000001b1ef77f270, L_000001b1ef77f4f0, L_000001b1ef77f810, L_000001b1ef77fe50;
LS_000001b1ef783b90_0_12 .concat8 [ 1 1 1 1], L_000001b1ef782dd0, L_000001b1ef782bf0, L_000001b1ef7828d0, L_000001b1ef781c50;
L_000001b1ef783b90 .concat8 [ 4 4 4 4], LS_000001b1ef783b90_0_0, LS_000001b1ef783b90_0_4, LS_000001b1ef783b90_0_8, LS_000001b1ef783b90_0_12;
L_000001b1ef781bb0 .part v000001b1ef785fd0_0, 15, 1;
L_000001b1ef783a50 .part v000001b1ef785fd0_0, 0, 1;
L_000001b1ef782790 .part v000001b1ef785fd0_0, 1, 1;
L_000001b1ef781cf0 .part v000001b1ef785fd0_0, 2, 1;
L_000001b1ef783370 .part v000001b1ef785fd0_0, 3, 1;
L_000001b1ef7821f0 .part v000001b1ef785fd0_0, 4, 1;
L_000001b1ef783cd0 .part v000001b1ef785fd0_0, 5, 1;
L_000001b1ef7ed640 .part v000001b1ef785fd0_0, 6, 1;
L_000001b1ef7edc80 .part v000001b1ef785fd0_0, 7, 1;
L_000001b1ef7eed60 .part v000001b1ef785fd0_0, 8, 1;
L_000001b1ef7ed960 .part v000001b1ef785fd0_0, 9, 1;
L_000001b1ef7ecd80 .part v000001b1ef785fd0_0, 10, 1;
L_000001b1ef7ee4a0 .part v000001b1ef785fd0_0, 11, 1;
L_000001b1ef7eee00 .part v000001b1ef785fd0_0, 12, 1;
L_000001b1ef7ef9e0 .part v000001b1ef785fd0_0, 13, 1;
L_000001b1ef7e9900 .part v000001b1ef785fd0_0, 14, 1;
L_000001b1ef7e9860 .part v000001b1ef785fd0_0, 15, 1;
LS_000001b1ef7e9720_0_0 .concat8 [ 1 1 1 1], L_000001b1ef7e85a0, L_000001b1ef7e80a0, L_000001b1ef7ea1c0, L_000001b1ef7e7ec0;
LS_000001b1ef7e9720_0_4 .concat8 [ 1 1 1 1], L_000001b1ef7e94a0, L_000001b1ef7e9680, L_000001b1ef7e8460, L_000001b1ef7e9360;
LS_000001b1ef7e9720_0_8 .concat8 [ 1 1 1 1], L_000001b1ef7e9540, L_000001b1ef7e95e0, L_000001b1ef7e9a40, L_000001b1ef7e9cc0;
LS_000001b1ef7e9720_0_12 .concat8 [ 1 1 1 1], L_000001b1ef7e7ce0, L_000001b1ef7e7e20, L_000001b1ef7e9400, L_000001b1ef7e88c0;
L_000001b1ef7e9720 .concat8 [ 4 4 4 4], LS_000001b1ef7e9720_0_0, LS_000001b1ef7e9720_0_4, LS_000001b1ef7e9720_0_8, LS_000001b1ef7e9720_0_12;
L_000001b1ef7e9c20 .reduce/or L_000001b1ef6f3c60;
L_000001b1ef7e8280 .part L_000001b1ef6f3c60, 0, 4;
L_000001b1ef7e97c0 .reduce/or L_000001b1ef7e8280;
L_000001b1ef7e81e0 .part L_000001b1ef6f3c60, 4, 4;
L_000001b1ef7e9ae0 .reduce/or L_000001b1ef7e81e0;
L_000001b1ef7e9b80 .part L_000001b1ef6f3c60, 8, 4;
L_000001b1ef7e9d60 .reduce/or L_000001b1ef7e9b80;
L_000001b1ef7e9e00 .concat8 [ 1 1 1 1], L_000001b1ef7e97c0, L_000001b1ef7e9ae0, L_000001b1ef7e9d60, L_000001b1ef7e9f40;
L_000001b1ef7e9ea0 .part L_000001b1ef6f3c60, 12, 4;
L_000001b1ef7e9f40 .reduce/or L_000001b1ef7e9ea0;
L_000001b1ef7e8500 .part L_000001b1ef7e9e00, 0, 1;
L_000001b1ef7e9fe0 .part L_000001b1ef7e9e00, 1, 1;
L_000001b1ef7ea260 .part L_000001b1ef7e9e00, 2, 1;
L_000001b1ef7e8780 .functor MUXZ 2, L_000001b1ef789df8, L_000001b1ef789db0, L_000001b1ef7ea260, C4<>;
L_000001b1ef7e7f60 .functor MUXZ 2, L_000001b1ef7e8780, L_000001b1ef789d68, L_000001b1ef7e9fe0, C4<>;
L_000001b1ef7e8000 .functor MUXZ 2, L_000001b1ef7e7f60, L_000001b1ef789d20, L_000001b1ef7e8500, C4<>;
L_000001b1ef7e8640 .part v000001b1ef7846d0_0, 0, 1;
L_000001b1ef7e86e0 .part v000001b1ef7846d0_0, 1, 1;
L_000001b1ef7e8820 .part v000001b1ef7846d0_0, 2, 1;
L_000001b1ef7e8960 .functor MUXZ 2, L_000001b1ef789f18, L_000001b1ef789ed0, L_000001b1ef7e8820, C4<>;
L_000001b1ef7e8a00 .functor MUXZ 2, L_000001b1ef7e8960, L_000001b1ef789e88, L_000001b1ef7e86e0, C4<>;
L_000001b1ef7e8aa0 .functor MUXZ 2, L_000001b1ef7e8a00, L_000001b1ef789e40, L_000001b1ef7e8640, C4<>;
L_000001b1ef7e8b40 .reduce/nor L_000001b1ef77fa90;
L_000001b1ef7e8c80 .part L_000001b1ef6f3870, 54, 10;
L_000001b1ef7e8d20 .part L_000001b1ef6f3870, 44, 10;
L_000001b1ef7e8e60 .part L_000001b1ef6f3870, 12, 32;
L_000001b1ef7ec240 .part L_000001b1ef6f3870, 2, 10;
L_000001b1ef7ebca0 .reduce/or L_000001b1ef7e9720;
L_000001b1ef7ebe80 .part L_000001b1ef7e9720, 0, 4;
L_000001b1ef7ec920 .reduce/or L_000001b1ef7ebe80;
L_000001b1ef7eb660 .part L_000001b1ef7e9720, 4, 4;
L_000001b1ef7ea760 .reduce/or L_000001b1ef7eb660;
L_000001b1ef7eb160 .part L_000001b1ef7e9720, 8, 4;
L_000001b1ef7ebf20 .reduce/or L_000001b1ef7eb160;
L_000001b1ef7ec560 .concat8 [ 1 1 1 1], L_000001b1ef7ec920, L_000001b1ef7ea760, L_000001b1ef7ebf20, L_000001b1ef7eb0c0;
L_000001b1ef7eca60 .part L_000001b1ef7e9720, 12, 4;
L_000001b1ef7eb0c0 .reduce/or L_000001b1ef7eca60;
L_000001b1ef7ec060 .part L_000001b1ef7ec560, 0, 1;
L_000001b1ef7ead00 .part L_000001b1ef7ec560, 1, 1;
L_000001b1ef7eb200 .part L_000001b1ef7ec560, 2, 1;
L_000001b1ef7ec100 .functor MUXZ 2, L_000001b1ef78a038, L_000001b1ef789ff0, L_000001b1ef7eb200, C4<>;
L_000001b1ef7ea940 .functor MUXZ 2, L_000001b1ef7ec100, L_000001b1ef789fa8, L_000001b1ef7ead00, C4<>;
L_000001b1ef7ec1a0 .functor MUXZ 2, L_000001b1ef7ea940, L_000001b1ef789f60, L_000001b1ef7ec060, C4<>;
L_000001b1ef7ebd40 .part v000001b1ef784c70_0, 0, 1;
L_000001b1ef7ec600 .part v000001b1ef784c70_0, 1, 1;
L_000001b1ef7eb480 .part v000001b1ef784c70_0, 2, 1;
L_000001b1ef7ec2e0 .functor MUXZ 2, L_000001b1ef78a158, L_000001b1ef78a110, L_000001b1ef7eb480, C4<>;
L_000001b1ef7ec7e0 .functor MUXZ 2, L_000001b1ef7ec2e0, L_000001b1ef78a0c8, L_000001b1ef7ec600, C4<>;
L_000001b1ef7eb980 .functor MUXZ 2, L_000001b1ef7ec7e0, L_000001b1ef78a080, L_000001b1ef7ebd40, C4<>;
S_000001b1ef75e630 .scope generate, "gen_match[0]" "gen_match[0]" 7 95, 7 95 0, S_000001b1ef75ec70;
 .timescale -9 -12;
P_000001b1ef6e4720 .param/l "g" 0 7 95, +C4<00>;
L_000001b1ef6f3410 .functor AND 1, L_000001b1ef780710, L_000001b1ef7805d0, C4<1>, C4<1>;
L_000001b1ef7874a0 .functor BUFT 1, C4<0000000000>, C4<0>, C4<0>, C4<0>;
v000001b1ef75bfe0_0 .net/2u *"_ivl_0", 9 0, L_000001b1ef7874a0;  1 drivers
v000001b1ef75c1c0_0 .net *"_ivl_11", 0 0, L_000001b1ef6f3410;  1 drivers
v000001b1ef75c3a0_0 .net *"_ivl_12", 0 0, L_000001b1ef77f950;  1 drivers
v000001b1ef75cc60_0 .net *"_ivl_2", 0 0, L_000001b1ef781610;  1 drivers
L_000001b1ef7874e8 .functor BUFT 1, C4<0>, C4<0>, C4<0>, C4<0>;
v000001b1ef75c440_0 .net/2u *"_ivl_4", 0 0, L_000001b1ef7874e8;  1 drivers
v000001b1ef75c580_0 .net *"_ivl_6", 0 0, L_000001b1ef780710;  1 drivers
v000001b1ef75c6c0_0 .net *"_ivl_8", 0 0, L_000001b1ef7805d0;  1 drivers
L_000001b1ef781610 .cmp/eq 10, L_000001b1ef7ec240, L_000001b1ef7874a0;
v000001b1ef784090_0 .array/port v000001b1ef784090, 0;
L_000001b1ef7805d0 .cmp/eq 10, v000001b1ef784090_0, L_000001b1ef7ec240;
L_000001b1ef77f950 .functor MUXZ 1, L_000001b1ef6f3410, L_000001b1ef7874e8, L_000001b1ef781610, C4<>;
S_000001b1ef75e950 .scope generate, "gen_match[1]" "gen_match[1]" 7 95, 7 95 0, S_000001b1ef75ec70;
 .timescale -9 -12;
P_000001b1ef6e55a0 .param/l "g" 0 7 95, +C4<01>;
L_000001b1ef6f3b80 .functor AND 1, L_000001b1ef780ad0, L_000001b1ef780030, C4<1>, C4<1>;
L_000001b1ef787530 .functor BUFT 1, C4<0000000000>, C4<0>, C4<0>, C4<0>;
v000001b1ef75c760_0 .net/2u *"_ivl_0", 9 0, L_000001b1ef787530;  1 drivers
v000001b1ef75c800_0 .net *"_ivl_11", 0 0, L_000001b1ef6f3b80;  1 drivers
v000001b1ef75c940_0 .net *"_ivl_12", 0 0, L_000001b1ef780170;  1 drivers
v000001b1ef75cbc0_0 .net *"_ivl_2", 0 0, L_000001b1ef77f130;  1 drivers
L_000001b1ef787578 .functor BUFT 1, C4<0>, C4<0>, C4<0>, C4<0>;
v000001b1ef75cd00_0 .net/2u *"_ivl_4", 0 0, L_000001b1ef787578;  1 drivers
v000001b1ef75cda0_0 .net *"_ivl_6", 0 0, L_000001b1ef780ad0;  1 drivers
v000001b1ef75ce40_0 .net *"_ivl_8", 0 0, L_000001b1ef780030;  1 drivers
L_000001b1ef77f130 .cmp/eq 10, L_000001b1ef7ec240, L_000001b1ef787530;
v000001b1ef784090_1 .array/port v000001b1ef784090, 1;
L_000001b1ef780030 .cmp/eq 10, v000001b1ef784090_1, L_000001b1ef7ec240;
L_000001b1ef780170 .functor MUXZ 1, L_000001b1ef6f3b80, L_000001b1ef787578, L_000001b1ef77f130, C4<>;
S_000001b1ef75e7c0 .scope generate, "gen_match[2]" "gen_match[2]" 7 95, 7 95 0, S_000001b1ef75ec70;
 .timescale -9 -12;
P_000001b1ef6e51e0 .param/l "g" 0 7 95, +C4<010>;
L_000001b1ef6f4130 .functor AND 1, L_000001b1ef781110, L_000001b1ef780cb0, C4<1>, C4<1>;
L_000001b1ef7875c0 .functor BUFT 1, C4<0000000000>, C4<0>, C4<0>, C4<0>;
v000001b1ef75cee0_0 .net/2u *"_ivl_0", 9 0, L_000001b1ef7875c0;  1 drivers
v000001b1ef75d160_0 .net *"_ivl_11", 0 0, L_000001b1ef6f4130;  1 drivers
v000001b1ef768ba0_0 .net *"_ivl_12", 0 0, L_000001b1ef781070;  1 drivers
v000001b1ef7687e0_0 .net *"_ivl_2", 0 0, L_000001b1ef780850;  1 drivers
L_000001b1ef787608 .functor BUFT 1, C4<0>, C4<0>, C4<0>, C4<0>;
v000001b1ef767a20_0 .net/2u *"_ivl_4", 0 0, L_000001b1ef787608;  1 drivers
v000001b1ef7686a0_0 .net *"_ivl_6", 0 0, L_000001b1ef781110;  1 drivers
v000001b1ef768c40_0 .net *"_ivl_8", 0 0, L_000001b1ef780cb0;  1 drivers
L_000001b1ef780850 .cmp/eq 10, L_000001b1ef7ec240, L_000001b1ef7875c0;
v000001b1ef784090_2 .array/port v000001b1ef784090, 2;
L_000001b1ef780cb0 .cmp/eq 10, v000001b1ef784090_2, L_000001b1ef7ec240;
L_000001b1ef781070 .functor MUXZ 1, L_000001b1ef6f4130, L_000001b1ef787608, L_000001b1ef780850, C4<>;
S_000001b1ef75dff0 .scope generate, "gen_match[3]" "gen_match[3]" 7 95, 7 95 0, S_000001b1ef75ec70;
 .timescale -9 -12;
P_000001b1ef6e5460 .param/l "g" 0 7 95, +C4<011>;
L_000001b1ef6f3db0 .functor AND 1, L_000001b1ef780a30, L_000001b1ef77f9f0, C4<1>, C4<1>;
L_000001b1ef787650 .functor BUFT 1, C4<0000000000>, C4<0>, C4<0>, C4<0>;
v000001b1ef767b60_0 .net/2u *"_ivl_0", 9 0, L_000001b1ef787650;  1 drivers
v000001b1ef7675c0_0 .net *"_ivl_11", 0 0, L_000001b1ef6f3db0;  1 drivers
v000001b1ef768ce0_0 .net *"_ivl_12", 0 0, L_000001b1ef77f630;  1 drivers
v000001b1ef767c00_0 .net *"_ivl_2", 0 0, L_000001b1ef7803f0;  1 drivers
L_000001b1ef787698 .functor BUFT 1, C4<0>, C4<0>, C4<0>, C4<0>;
v000001b1ef769000_0 .net/2u *"_ivl_4", 0 0, L_000001b1ef787698;  1 drivers
v000001b1ef768f60_0 .net *"_ivl_6", 0 0, L_000001b1ef780a30;  1 drivers
v000001b1ef7678e0_0 .net *"_ivl_8", 0 0, L_000001b1ef77f9f0;  1 drivers
L_000001b1ef7803f0 .cmp/eq 10, L_000001b1ef7ec240, L_000001b1ef787650;
v000001b1ef784090_3 .array/port v000001b1ef784090, 3;
L_000001b1ef77f9f0 .cmp/eq 10, v000001b1ef784090_3, L_000001b1ef7ec240;
L_000001b1ef77f630 .functor MUXZ 1, L_000001b1ef6f3db0, L_000001b1ef787698, L_000001b1ef7803f0, C4<>;
S_000001b1ef75e310 .scope generate, "gen_match[4]" "gen_match[4]" 7 95, 7 95 0, S_000001b1ef75ec70;
 .timescale -9 -12;
P_000001b1ef6e5160 .param/l "g" 0 7 95, +C4<0100>;
L_000001b1ef6f3800 .functor AND 1, L_000001b1ef7811b0, L_000001b1ef780210, C4<1>, C4<1>;
L_000001b1ef7876e0 .functor BUFT 1, C4<0000000000>, C4<0>, C4<0>, C4<0>;
v000001b1ef7690a0_0 .net/2u *"_ivl_0", 9 0, L_000001b1ef7876e0;  1 drivers
v000001b1ef768380_0 .net *"_ivl_11", 0 0, L_000001b1ef6f3800;  1 drivers
v000001b1ef767480_0 .net *"_ivl_12", 0 0, L_000001b1ef7808f0;  1 drivers
v000001b1ef7673e0_0 .net *"_ivl_2", 0 0, L_000001b1ef7814d0;  1 drivers
L_000001b1ef787728 .functor BUFT 1, C4<0>, C4<0>, C4<0>, C4<0>;
v000001b1ef767520_0 .net/2u *"_ivl_4", 0 0, L_000001b1ef787728;  1 drivers
v000001b1ef7677a0_0 .net *"_ivl_6", 0 0, L_000001b1ef7811b0;  1 drivers
v000001b1ef7693c0_0 .net *"_ivl_8", 0 0, L_000001b1ef780210;  1 drivers
L_000001b1ef7814d0 .cmp/eq 10, L_000001b1ef7ec240, L_000001b1ef7876e0;
v000001b1ef784090_4 .array/port v000001b1ef784090, 4;
L_000001b1ef780210 .cmp/eq 10, v000001b1ef784090_4, L_000001b1ef7ec240;
L_000001b1ef7808f0 .functor MUXZ 1, L_000001b1ef6f3800, L_000001b1ef787728, L_000001b1ef7814d0, C4<>;
S_000001b1ef75e180 .scope generate, "gen_match[5]" "gen_match[5]" 7 95, 7 95 0, S_000001b1ef75ec70;
 .timescale -9 -12;
P_000001b1ef6e5320 .param/l "g" 0 7 95, +C4<0101>;
L_000001b1ef6f41a0 .functor AND 1, L_000001b1ef780530, L_000001b1ef77fb30, C4<1>, C4<1>;
L_000001b1ef787770 .functor BUFT 1, C4<0000000000>, C4<0>, C4<0>, C4<0>;
v000001b1ef768d80_0 .net/2u *"_ivl_0", 9 0, L_000001b1ef787770;  1 drivers
v000001b1ef7695a0_0 .net *"_ivl_11", 0 0, L_000001b1ef6f41a0;  1 drivers
v000001b1ef768420_0 .net *"_ivl_12", 0 0, L_000001b1ef780670;  1 drivers
v000001b1ef768560_0 .net *"_ivl_2", 0 0, L_000001b1ef7816b0;  1 drivers
L_000001b1ef7877b8 .functor BUFT 1, C4<0>, C4<0>, C4<0>, C4<0>;
v000001b1ef7670c0_0 .net/2u *"_ivl_4", 0 0, L_000001b1ef7877b8;  1 drivers
v000001b1ef767660_0 .net *"_ivl_6", 0 0, L_000001b1ef780530;  1 drivers
v000001b1ef7684c0_0 .net *"_ivl_8", 0 0, L_000001b1ef77fb30;  1 drivers
L_000001b1ef7816b0 .cmp/eq 10, L_000001b1ef7ec240, L_000001b1ef787770;
v000001b1ef784090_5 .array/port v000001b1ef784090, 5;
L_000001b1ef77fb30 .cmp/eq 10, v000001b1ef784090_5, L_000001b1ef7ec240;
L_000001b1ef780670 .functor MUXZ 1, L_000001b1ef6f41a0, L_000001b1ef7877b8, L_000001b1ef7816b0, C4<>;
S_000001b1ef75e4a0 .scope generate, "gen_match[6]" "gen_match[6]" 7 95, 7 95 0, S_000001b1ef75ec70;
 .timescale -9 -12;
P_000001b1ef6e4760 .param/l "g" 0 7 95, +C4<0110>;
L_000001b1ef6f35d0 .functor AND 1, L_000001b1ef781250, L_000001b1ef7807b0, C4<1>, C4<1>;
L_000001b1ef787800 .functor BUFT 1, C4<0000000000>, C4<0>, C4<0>, C4<0>;
v000001b1ef768e20_0 .net/2u *"_ivl_0", 9 0, L_000001b1ef787800;  1 drivers
v000001b1ef769780_0 .net *"_ivl_11", 0 0, L_000001b1ef6f35d0;  1 drivers
v000001b1ef767700_0 .net *"_ivl_12", 0 0, L_000001b1ef780b70;  1 drivers
v000001b1ef767840_0 .net *"_ivl_2", 0 0, L_000001b1ef77f450;  1 drivers
L_000001b1ef787848 .functor BUFT 1, C4<0>, C4<0>, C4<0>, C4<0>;
v000001b1ef769280_0 .net/2u *"_ivl_4", 0 0, L_000001b1ef787848;  1 drivers
v000001b1ef768060_0 .net *"_ivl_6", 0 0, L_000001b1ef781250;  1 drivers
v000001b1ef768880_0 .net *"_ivl_8", 0 0, L_000001b1ef7807b0;  1 drivers
L_000001b1ef77f450 .cmp/eq 10, L_000001b1ef7ec240, L_000001b1ef787800;
v000001b1ef784090_6 .array/port v000001b1ef784090, 6;
L_000001b1ef7807b0 .cmp/eq 10, v000001b1ef784090_6, L_000001b1ef7ec240;
L_000001b1ef780b70 .functor MUXZ 1, L_000001b1ef6f35d0, L_000001b1ef787848, L_000001b1ef77f450, C4<>;
S_000001b1ef75eae0 .scope generate, "gen_match[7]" "gen_match[7]" 7 95, 7 95 0, S_000001b1ef75ec70;
 .timescale -9 -12;
P_000001b1ef6e4e20 .param/l "g" 0 7 95, +C4<0111>;
L_000001b1ef6f3f00 .functor AND 1, L_000001b1ef7817f0, L_000001b1ef780c10, C4<1>, C4<1>;
L_000001b1ef787890 .functor BUFT 1, C4<0000000000>, C4<0>, C4<0>, C4<0>;
v000001b1ef768ec0_0 .net/2u *"_ivl_0", 9 0, L_000001b1ef787890;  1 drivers
v000001b1ef7682e0_0 .net *"_ivl_11", 0 0, L_000001b1ef6f3f00;  1 drivers
v000001b1ef767e80_0 .net *"_ivl_12", 0 0, L_000001b1ef780d50;  1 drivers
v000001b1ef7689c0_0 .net *"_ivl_2", 0 0, L_000001b1ef781750;  1 drivers
L_000001b1ef7878d8 .functor BUFT 1, C4<0>, C4<0>, C4<0>, C4<0>;
v000001b1ef768600_0 .net/2u *"_ivl_4", 0 0, L_000001b1ef7878d8;  1 drivers
v000001b1ef767ca0_0 .net *"_ivl_6", 0 0, L_000001b1ef7817f0;  1 drivers
v000001b1ef768100_0 .net *"_ivl_8", 0 0, L_000001b1ef780c10;  1 drivers
L_000001b1ef781750 .cmp/eq 10, L_000001b1ef7ec240, L_000001b1ef787890;
v000001b1ef784090_7 .array/port v000001b1ef784090, 7;
L_000001b1ef780c10 .cmp/eq 10, v000001b1ef784090_7, L_000001b1ef7ec240;
L_000001b1ef780d50 .functor MUXZ 1, L_000001b1ef6f3f00, L_000001b1ef7878d8, L_000001b1ef781750, C4<>;
S_000001b1ef75ee00 .scope generate, "gen_match[8]" "gen_match[8]" 7 95, 7 95 0, S_000001b1ef75ec70;
 .timescale -9 -12;
P_000001b1ef6e49e0 .param/l "g" 0 7 95, +C4<01000>;
L_000001b1ef6f4210 .functor AND 1, L_000001b1ef781390, L_000001b1ef781430, C4<1>, C4<1>;
L_000001b1ef787920 .functor BUFT 1, C4<0000000000>, C4<0>, C4<0>, C4<0>;
v000001b1ef768740_0 .net/2u *"_ivl_0", 9 0, L_000001b1ef787920;  1 drivers
v000001b1ef7672a0_0 .net *"_ivl_11", 0 0, L_000001b1ef6f4210;  1 drivers
v000001b1ef767980_0 .net *"_ivl_12", 0 0, L_000001b1ef77f270;  1 drivers
v000001b1ef767160_0 .net *"_ivl_2", 0 0, L_000001b1ef780df0;  1 drivers
L_000001b1ef787968 .functor BUFT 1, C4<0>, C4<0>, C4<0>, C4<0>;
v000001b1ef767ac0_0 .net/2u *"_ivl_4", 0 0, L_000001b1ef787968;  1 drivers
v000001b1ef767de0_0 .net *"_ivl_6", 0 0, L_000001b1ef781390;  1 drivers
v000001b1ef768920_0 .net *"_ivl_8", 0 0, L_000001b1ef781430;  1 drivers
L_000001b1ef780df0 .cmp/eq 10, L_000001b1ef7ec240, L_000001b1ef787920;
v000001b1ef784090_8 .array/port v000001b1ef784090, 8;
L_000001b1ef781430 .cmp/eq 10, v000001b1ef784090_8, L_000001b1ef7ec240;
L_000001b1ef77f270 .functor MUXZ 1, L_000001b1ef6f4210, L_000001b1ef787968, L_000001b1ef780df0, C4<>;
S_000001b1ef76b020 .scope generate, "gen_match[9]" "gen_match[9]" 7 95, 7 95 0, S_000001b1ef75ec70;
 .timescale -9 -12;
P_000001b1ef6e4ce0 .param/l "g" 0 7 95, +C4<01001>;
L_000001b1ef6f3bf0 .functor AND 1, L_000001b1ef77f310, L_000001b1ef77f3b0, C4<1>, C4<1>;
L_000001b1ef7879b0 .functor BUFT 1, C4<0000000000>, C4<0>, C4<0>, C4<0>;
v000001b1ef768a60_0 .net/2u *"_ivl_0", 9 0, L_000001b1ef7879b0;  1 drivers
v000001b1ef767d40_0 .net *"_ivl_11", 0 0, L_000001b1ef6f3bf0;  1 drivers
v000001b1ef768b00_0 .net *"_ivl_12", 0 0, L_000001b1ef77f4f0;  1 drivers
v000001b1ef769140_0 .net *"_ivl_2", 0 0, L_000001b1ef781570;  1 drivers
L_000001b1ef7879f8 .functor BUFT 1, C4<0>, C4<0>, C4<0>, C4<0>;
v000001b1ef7691e0_0 .net/2u *"_ivl_4", 0 0, L_000001b1ef7879f8;  1 drivers
v000001b1ef769320_0 .net *"_ivl_6", 0 0, L_000001b1ef77f310;  1 drivers
v000001b1ef767200_0 .net *"_ivl_8", 0 0, L_000001b1ef77f3b0;  1 drivers
L_000001b1ef781570 .cmp/eq 10, L_000001b1ef7ec240, L_000001b1ef7879b0;
v000001b1ef784090_9 .array/port v000001b1ef784090, 9;
L_000001b1ef77f3b0 .cmp/eq 10, v000001b1ef784090_9, L_000001b1ef7ec240;
L_000001b1ef77f4f0 .functor MUXZ 1, L_000001b1ef6f3bf0, L_000001b1ef7879f8, L_000001b1ef781570, C4<>;
S_000001b1ef76c2e0 .scope generate, "gen_match[10]" "gen_match[10]" 7 95, 7 95 0, S_000001b1ef75ec70;
 .timescale -9 -12;
P_000001b1ef6e52e0 .param/l "g" 0 7 95, +C4<01010>;
L_000001b1ef6f4050 .functor AND 1, L_000001b1ef77f6d0, L_000001b1ef77f770, C4<1>, C4<1>;
L_000001b1ef787a40 .functor BUFT 1, C4<0000000000>, C4<0>, C4<0>, C4<0>;
v000001b1ef767f20_0 .net/2u *"_ivl_0", 9 0, L_000001b1ef787a40;  1 drivers
v000001b1ef767fc0_0 .net *"_ivl_11", 0 0, L_000001b1ef6f4050;  1 drivers
v000001b1ef767340_0 .net *"_ivl_12", 0 0, L_000001b1ef77f810;  1 drivers
v000001b1ef769460_0 .net *"_ivl_2", 0 0, L_000001b1ef77f590;  1 drivers
L_000001b1ef787a88 .functor BUFT 1, C4<0>, C4<0>, C4<0>, C4<0>;
v000001b1ef7681a0_0 .net/2u *"_ivl_4", 0 0, L_000001b1ef787a88;  1 drivers
v000001b1ef768240_0 .net *"_ivl_6", 0 0, L_000001b1ef77f6d0;  1 drivers
v000001b1ef769500_0 .net *"_ivl_8", 0 0, L_000001b1ef77f770;  1 drivers
L_000001b1ef77f590 .cmp/eq 10, L_000001b1ef7ec240, L_000001b1ef787a40;
v000001b1ef784090_10 .array/port v000001b1ef784090, 10;
L_000001b1ef77f770 .cmp/eq 10, v000001b1ef784090_10, L_000001b1ef7ec240;
L_000001b1ef77f810 .functor MUXZ 1, L_000001b1ef6f4050, L_000001b1ef787a88, L_000001b1ef77f590, C4<>;
S_000001b1ef76c600 .scope generate, "gen_match[11]" "gen_match[11]" 7 95, 7 95 0, S_000001b1ef75ec70;
 .timescale -9 -12;
P_000001b1ef6e5360 .param/l "g" 0 7 95, +C4<01011>;
L_000001b1ef6f3f70 .functor AND 1, L_000001b1ef77fd10, L_000001b1ef77fdb0, C4<1>, C4<1>;
L_000001b1ef787ad0 .functor BUFT 1, C4<0000000000>, C4<0>, C4<0>, C4<0>;
v000001b1ef7696e0_0 .net/2u *"_ivl_0", 9 0, L_000001b1ef787ad0;  1 drivers
v000001b1ef769640_0 .net *"_ivl_11", 0 0, L_000001b1ef6f3f70;  1 drivers
v000001b1ef767020_0 .net *"_ivl_12", 0 0, L_000001b1ef77fe50;  1 drivers
v000001b1ef76ad60_0 .net *"_ivl_2", 0 0, L_000001b1ef77fc70;  1 drivers
L_000001b1ef787b18 .functor BUFT 1, C4<0>, C4<0>, C4<0>, C4<0>;
v000001b1ef769be0_0 .net/2u *"_ivl_4", 0 0, L_000001b1ef787b18;  1 drivers
v000001b1ef769d20_0 .net *"_ivl_6", 0 0, L_000001b1ef77fd10;  1 drivers
v000001b1ef76a0e0_0 .net *"_ivl_8", 0 0, L_000001b1ef77fdb0;  1 drivers
L_000001b1ef77fc70 .cmp/eq 10, L_000001b1ef7ec240, L_000001b1ef787ad0;
v000001b1ef784090_11 .array/port v000001b1ef784090, 11;
L_000001b1ef77fdb0 .cmp/eq 10, v000001b1ef784090_11, L_000001b1ef7ec240;
L_000001b1ef77fe50 .functor MUXZ 1, L_000001b1ef6f3f70, L_000001b1ef787b18, L_000001b1ef77fc70, C4<>;
S_000001b1ef76c790 .scope generate, "gen_match[12]" "gen_match[12]" 7 95, 7 95 0, S_000001b1ef75ec70;
 .timescale -9 -12;
P_000001b1ef6e4b60 .param/l "g" 0 7 95, +C4<01100>;
L_000001b1ef6f4280 .functor AND 1, L_000001b1ef7830f0, L_000001b1ef782d30, C4<1>, C4<1>;
L_000001b1ef787b60 .functor BUFT 1, C4<0000000000>, C4<0>, C4<0>, C4<0>;
v000001b1ef76ac20_0 .net/2u *"_ivl_0", 9 0, L_000001b1ef787b60;  1 drivers
v000001b1ef769dc0_0 .net *"_ivl_11", 0 0, L_000001b1ef6f4280;  1 drivers
v000001b1ef76a4a0_0 .net *"_ivl_12", 0 0, L_000001b1ef782dd0;  1 drivers
v000001b1ef76a360_0 .net *"_ivl_2", 0 0, L_000001b1ef7823d0;  1 drivers
L_000001b1ef787ba8 .functor BUFT 1, C4<0>, C4<0>, C4<0>, C4<0>;
v000001b1ef769b40_0 .net/2u *"_ivl_4", 0 0, L_000001b1ef787ba8;  1 drivers
v000001b1ef76a9a0_0 .net *"_ivl_6", 0 0, L_000001b1ef7830f0;  1 drivers
v000001b1ef76a220_0 .net *"_ivl_8", 0 0, L_000001b1ef782d30;  1 drivers
L_000001b1ef7823d0 .cmp/eq 10, L_000001b1ef7ec240, L_000001b1ef787b60;
v000001b1ef784090_12 .array/port v000001b1ef784090, 12;
L_000001b1ef782d30 .cmp/eq 10, v000001b1ef784090_12, L_000001b1ef7ec240;
L_000001b1ef782dd0 .functor MUXZ 1, L_000001b1ef6f4280, L_000001b1ef787ba8, L_000001b1ef7823d0, C4<>;
S_000001b1ef76b7f0 .scope generate, "gen_match[13]" "gen_match[13]" 7 95, 7 95 0, S_000001b1ef75ec70;
 .timescale -9 -12;
P_000001b1ef6e5260 .param/l "g" 0 7 95, +C4<01101>;
L_000001b1ef6f3480 .functor AND 1, L_000001b1ef781d90, L_000001b1ef7839b0, C4<1>, C4<1>;
L_000001b1ef787bf0 .functor BUFT 1, C4<0000000000>, C4<0>, C4<0>, C4<0>;
v000001b1ef76a2c0_0 .net/2u *"_ivl_0", 9 0, L_000001b1ef787bf0;  1 drivers
v000001b1ef76aa40_0 .net *"_ivl_11", 0 0, L_000001b1ef6f3480;  1 drivers
v000001b1ef76ae00_0 .net *"_ivl_12", 0 0, L_000001b1ef782bf0;  1 drivers
v000001b1ef76aea0_0 .net *"_ivl_2", 0 0, L_000001b1ef782b50;  1 drivers
L_000001b1ef787c38 .functor BUFT 1, C4<0>, C4<0>, C4<0>, C4<0>;
v000001b1ef76aae0_0 .net/2u *"_ivl_4", 0 0, L_000001b1ef787c38;  1 drivers
v000001b1ef769e60_0 .net *"_ivl_6", 0 0, L_000001b1ef781d90;  1 drivers
v000001b1ef76ab80_0 .net *"_ivl_8", 0 0, L_000001b1ef7839b0;  1 drivers
L_000001b1ef782b50 .cmp/eq 10, L_000001b1ef7ec240, L_000001b1ef787bf0;
v000001b1ef784090_13 .array/port v000001b1ef784090, 13;
L_000001b1ef7839b0 .cmp/eq 10, v000001b1ef784090_13, L_000001b1ef7ec240;
L_000001b1ef782bf0 .functor MUXZ 1, L_000001b1ef6f3480, L_000001b1ef787c38, L_000001b1ef782b50, C4<>;
S_000001b1ef76c150 .scope generate, "gen_match[14]" "gen_match[14]" 7 95, 7 95 0, S_000001b1ef75ec70;
 .timescale -9 -12;
P_000001b1ef6e4ea0 .param/l "g" 0 7 95, +C4<01110>;
L_000001b1ef6f40c0 .functor AND 1, L_000001b1ef783af0, L_000001b1ef782f10, C4<1>, C4<1>;
L_000001b1ef787c80 .functor BUFT 1, C4<0000000000>, C4<0>, C4<0>, C4<0>;
v000001b1ef76a040_0 .net/2u *"_ivl_0", 9 0, L_000001b1ef787c80;  1 drivers
v000001b1ef769f00_0 .net *"_ivl_11", 0 0, L_000001b1ef6f40c0;  1 drivers
v000001b1ef76a540_0 .net *"_ivl_12", 0 0, L_000001b1ef7828d0;  1 drivers
v000001b1ef76acc0_0 .net *"_ivl_2", 0 0, L_000001b1ef782330;  1 drivers
L_000001b1ef787cc8 .functor BUFT 1, C4<0>, C4<0>, C4<0>, C4<0>;
v000001b1ef76a7c0_0 .net/2u *"_ivl_4", 0 0, L_000001b1ef787cc8;  1 drivers
v000001b1ef769820_0 .net *"_ivl_6", 0 0, L_000001b1ef783af0;  1 drivers
v000001b1ef76a720_0 .net *"_ivl_8", 0 0, L_000001b1ef782f10;  1 drivers
L_000001b1ef782330 .cmp/eq 10, L_000001b1ef7ec240, L_000001b1ef787c80;
v000001b1ef784090_14 .array/port v000001b1ef784090, 14;
L_000001b1ef782f10 .cmp/eq 10, v000001b1ef784090_14, L_000001b1ef7ec240;
L_000001b1ef7828d0 .functor MUXZ 1, L_000001b1ef6f40c0, L_000001b1ef787cc8, L_000001b1ef782330, C4<>;
S_000001b1ef76c470 .scope generate, "gen_match[15]" "gen_match[15]" 7 95, 7 95 0, S_000001b1ef75ec70;
 .timescale -9 -12;
P_000001b1ef6e48a0 .param/l "g" 0 7 95, +C4<01111>;
L_000001b1ef6f39c0 .functor AND 1, L_000001b1ef781bb0, L_000001b1ef782e70, C4<1>, C4<1>;
L_000001b1ef787d10 .functor BUFT 1, C4<0000000000>, C4<0>, C4<0>, C4<0>;
v000001b1ef7698c0_0 .net/2u *"_ivl_0", 9 0, L_000001b1ef787d10;  1 drivers
v000001b1ef76a400_0 .net *"_ivl_11", 0 0, L_000001b1ef6f39c0;  1 drivers
v000001b1ef769960_0 .net *"_ivl_12", 0 0, L_000001b1ef781c50;  1 drivers
v000001b1ef76a860_0 .net *"_ivl_2", 0 0, L_000001b1ef781b10;  1 drivers
L_000001b1ef787d58 .functor BUFT 1, C4<0>, C4<0>, C4<0>, C4<0>;
v000001b1ef769a00_0 .net/2u *"_ivl_4", 0 0, L_000001b1ef787d58;  1 drivers
v000001b1ef769aa0_0 .net *"_ivl_6", 0 0, L_000001b1ef781bb0;  1 drivers
v000001b1ef76a5e0_0 .net *"_ivl_8", 0 0, L_000001b1ef782e70;  1 drivers
L_000001b1ef781b10 .cmp/eq 10, L_000001b1ef7ec240, L_000001b1ef787d10;
v000001b1ef784090_15 .array/port v000001b1ef784090, 15;
L_000001b1ef782e70 .cmp/eq 10, v000001b1ef784090_15, L_000001b1ef7ec240;
L_000001b1ef781c50 .functor MUXZ 1, L_000001b1ef6f39c0, L_000001b1ef787d58, L_000001b1ef781b10, C4<>;
S_000001b1ef76be30 .scope generate, "gen_ready[0]" "gen_ready[0]" 7 130, 7 130 0, S_000001b1ef75ec70;
 .timescale -9 -12;
P_000001b1ef6e4960 .param/l "g" 0 7 130, +C4<00>;
L_000001b1ef7898a0 .functor BUFT 1, C4<01>, C4<0>, C4<0>, C4<0>;
v000001b1ef76a180_0 .net/2u *"_ivl_1", 1 0, L_000001b1ef7898a0;  1 drivers
v000001b1ef76a900_0 .net *"_ivl_3", 0 0, L_000001b1ef7e85a0;  1 drivers
L_000001b1ef7e85a0 .cmp/eq 2, L_000001b1ef783050, L_000001b1ef7898a0;
S_000001b1ef76bfc0 .scope generate, "gen_ready[1]" "gen_ready[1]" 7 130, 7 130 0, S_000001b1ef75ec70;
 .timescale -9 -12;
P_000001b1ef6e49a0 .param/l "g" 0 7 130, +C4<01>;
L_000001b1ef7898e8 .functor BUFT 1, C4<01>, C4<0>, C4<0>, C4<0>;
v000001b1ef76a680_0 .net/2u *"_ivl_1", 1 0, L_000001b1ef7898e8;  1 drivers
v000001b1ef769c80_0 .net *"_ivl_3", 0 0, L_000001b1ef7e80a0;  1 drivers
L_000001b1ef7e80a0 .cmp/eq 2, L_000001b1ef7837d0, L_000001b1ef7898e8;
S_000001b1ef76b980 .scope generate, "gen_ready[2]" "gen_ready[2]" 7 130, 7 130 0, S_000001b1ef75ec70;
 .timescale -9 -12;
P_000001b1ef6e48e0 .param/l "g" 0 7 130, +C4<010>;
L_000001b1ef789930 .functor BUFT 1, C4<01>, C4<0>, C4<0>, C4<0>;
v000001b1ef769fa0_0 .net/2u *"_ivl_1", 1 0, L_000001b1ef789930;  1 drivers
v000001b1ef76dc20_0 .net *"_ivl_3", 0 0, L_000001b1ef7ea1c0;  1 drivers
L_000001b1ef7ea1c0 .cmp/eq 2, L_000001b1ef782970, L_000001b1ef789930;
S_000001b1ef76c920 .scope generate, "gen_ready[3]" "gen_ready[3]" 7 130, 7 130 0, S_000001b1ef75ec70;
 .timescale -9 -12;
P_000001b1ef6e4920 .param/l "g" 0 7 130, +C4<011>;
L_000001b1ef789978 .functor BUFT 1, C4<01>, C4<0>, C4<0>, C4<0>;
v000001b1ef76e760_0 .net/2u *"_ivl_1", 1 0, L_000001b1ef789978;  1 drivers
v000001b1ef76e080_0 .net *"_ivl_3", 0 0, L_000001b1ef7e7ec0;  1 drivers
L_000001b1ef7e7ec0 .cmp/eq 2, L_000001b1ef782290, L_000001b1ef789978;
S_000001b1ef76b340 .scope generate, "gen_ready[4]" "gen_ready[4]" 7 130, 7 130 0, S_000001b1ef75ec70;
 .timescale -9 -12;
P_000001b1ef6e51a0 .param/l "g" 0 7 130, +C4<0100>;
L_000001b1ef7899c0 .functor BUFT 1, C4<01>, C4<0>, C4<0>, C4<0>;
v000001b1ef76d0e0_0 .net/2u *"_ivl_1", 1 0, L_000001b1ef7899c0;  1 drivers
v000001b1ef76d860_0 .net *"_ivl_3", 0 0, L_000001b1ef7e94a0;  1 drivers
L_000001b1ef7e94a0 .cmp/eq 2, L_000001b1ef783910, L_000001b1ef7899c0;
S_000001b1ef76cab0 .scope generate, "gen_ready[5]" "gen_ready[5]" 7 130, 7 130 0, S_000001b1ef75ec70;
 .timescale -9 -12;
P_000001b1ef6e47a0 .param/l "g" 0 7 130, +C4<0101>;
L_000001b1ef789a08 .functor BUFT 1, C4<01>, C4<0>, C4<0>, C4<0>;
v000001b1ef76dfe0_0 .net/2u *"_ivl_1", 1 0, L_000001b1ef789a08;  1 drivers
v000001b1ef76f520_0 .net *"_ivl_3", 0 0, L_000001b1ef7e9680;  1 drivers
L_000001b1ef7e9680 .cmp/eq 2, L_000001b1ef7ef120, L_000001b1ef789a08;
S_000001b1ef76cc40 .scope generate, "gen_ready[6]" "gen_ready[6]" 7 130, 7 130 0, S_000001b1ef75ec70;
 .timescale -9 -12;
P_000001b1ef6e5620 .param/l "g" 0 7 130, +C4<0110>;
L_000001b1ef789a50 .functor BUFT 1, C4<01>, C4<0>, C4<0>, C4<0>;
v000001b1ef76d900_0 .net/2u *"_ivl_1", 1 0, L_000001b1ef789a50;  1 drivers
v000001b1ef76de00_0 .net *"_ivl_3", 0 0, L_000001b1ef7e8460;  1 drivers
L_000001b1ef7e8460 .cmp/eq 2, L_000001b1ef7ed1e0, L_000001b1ef789a50;
S_000001b1ef76b1b0 .scope generate, "gen_ready[7]" "gen_ready[7]" 7 130, 7 130 0, S_000001b1ef75ec70;
 .timescale -9 -12;
P_000001b1ef6e47e0 .param/l "g" 0 7 130, +C4<0111>;
L_000001b1ef789a98 .functor BUFT 1, C4<01>, C4<0>, C4<0>, C4<0>;
v000001b1ef76e620_0 .net/2u *"_ivl_1", 1 0, L_000001b1ef789a98;  1 drivers
v000001b1ef76d7c0_0 .net *"_ivl_3", 0 0, L_000001b1ef7e9360;  1 drivers
L_000001b1ef7e9360 .cmp/eq 2, L_000001b1ef7ee220, L_000001b1ef789a98;
S_000001b1ef76bb10 .scope generate, "gen_ready[8]" "gen_ready[8]" 7 130, 7 130 0, S_000001b1ef75ec70;
 .timescale -9 -12;
P_000001b1ef6e50e0 .param/l "g" 0 7 130, +C4<01000>;
L_000001b1ef789ae0 .functor BUFT 1, C4<01>, C4<0>, C4<0>, C4<0>;
v000001b1ef76e4e0_0 .net/2u *"_ivl_1", 1 0, L_000001b1ef789ae0;  1 drivers
v000001b1ef76f5c0_0 .net *"_ivl_3", 0 0, L_000001b1ef7e9540;  1 drivers
L_000001b1ef7e9540 .cmp/eq 2, L_000001b1ef7ed780, L_000001b1ef789ae0;
S_000001b1ef76cdd0 .scope generate, "gen_ready[9]" "gen_ready[9]" 7 130, 7 130 0, S_000001b1ef75ec70;
 .timescale -9 -12;
P_000001b1ef6e4ca0 .param/l "g" 0 7 130, +C4<01001>;
L_000001b1ef789b28 .functor BUFT 1, C4<01>, C4<0>, C4<0>, C4<0>;
v000001b1ef76eda0_0 .net/2u *"_ivl_1", 1 0, L_000001b1ef789b28;  1 drivers
v000001b1ef76da40_0 .net *"_ivl_3", 0 0, L_000001b1ef7e95e0;  1 drivers
L_000001b1ef7e95e0 .cmp/eq 2, L_000001b1ef7eddc0, L_000001b1ef789b28;
S_000001b1ef76b4d0 .scope generate, "gen_ready[10]" "gen_ready[10]" 7 130, 7 130 0, S_000001b1ef75ec70;
 .timescale -9 -12;
P_000001b1ef6e5020 .param/l "g" 0 7 130, +C4<01010>;
L_000001b1ef789b70 .functor BUFT 1, C4<01>, C4<0>, C4<0>, C4<0>;
v000001b1ef76e6c0_0 .net/2u *"_ivl_1", 1 0, L_000001b1ef789b70;  1 drivers
v000001b1ef76d680_0 .net *"_ivl_3", 0 0, L_000001b1ef7e9a40;  1 drivers
L_000001b1ef7e9a40 .cmp/eq 2, L_000001b1ef7ee040, L_000001b1ef789b70;
S_000001b1ef76b660 .scope generate, "gen_ready[11]" "gen_ready[11]" 7 130, 7 130 0, S_000001b1ef75ec70;
 .timescale -9 -12;
P_000001b1ef6e4f60 .param/l "g" 0 7 130, +C4<01011>;
L_000001b1ef789bb8 .functor BUFT 1, C4<01>, C4<0>, C4<0>, C4<0>;
v000001b1ef76f200_0 .net/2u *"_ivl_1", 1 0, L_000001b1ef789bb8;  1 drivers
v000001b1ef76e300_0 .net *"_ivl_3", 0 0, L_000001b1ef7e9cc0;  1 drivers
L_000001b1ef7e9cc0 .cmp/eq 2, L_000001b1ef7eeb80, L_000001b1ef789bb8;
S_000001b1ef76bca0 .scope generate, "gen_ready[12]" "gen_ready[12]" 7 130, 7 130 0, S_000001b1ef75ec70;
 .timescale -9 -12;
P_000001b1ef6e5120 .param/l "g" 0 7 130, +C4<01100>;
L_000001b1ef789c00 .functor BUFT 1, C4<01>, C4<0>, C4<0>, C4<0>;
v000001b1ef76d9a0_0 .net/2u *"_ivl_1", 1 0, L_000001b1ef789c00;  1 drivers
v000001b1ef76e580_0 .net *"_ivl_3", 0 0, L_000001b1ef7e7ce0;  1 drivers
L_000001b1ef7e7ce0 .cmp/eq 2, L_000001b1ef7ef440, L_000001b1ef789c00;
S_000001b1ef772c60 .scope generate, "gen_ready[13]" "gen_ready[13]" 7 130, 7 130 0, S_000001b1ef75ec70;
 .timescale -9 -12;
P_000001b1ef6e56e0 .param/l "g" 0 7 130, +C4<01101>;
L_000001b1ef789c48 .functor BUFT 1, C4<01>, C4<0>, C4<0>, C4<0>;
v000001b1ef76eee0_0 .net/2u *"_ivl_1", 1 0, L_000001b1ef789c48;  1 drivers
v000001b1ef76f480_0 .net *"_ivl_3", 0 0, L_000001b1ef7e7e20;  1 drivers
L_000001b1ef7e7e20 .cmp/eq 2, L_000001b1ef7e9220, L_000001b1ef789c48;
S_000001b1ef7714f0 .scope generate, "gen_ready[14]" "gen_ready[14]" 7 130, 7 130 0, S_000001b1ef75ec70;
 .timescale -9 -12;
P_000001b1ef6e53e0 .param/l "g" 0 7 130, +C4<01110>;
L_000001b1ef789c90 .functor BUFT 1, C4<01>, C4<0>, C4<0>, C4<0>;
v000001b1ef76e1c0_0 .net/2u *"_ivl_1", 1 0, L_000001b1ef789c90;  1 drivers
v000001b1ef76d720_0 .net *"_ivl_3", 0 0, L_000001b1ef7e9400;  1 drivers
L_000001b1ef7e9400 .cmp/eq 2, L_000001b1ef7e8dc0, L_000001b1ef789c90;
S_000001b1ef7711d0 .scope generate, "gen_ready[15]" "gen_ready[15]" 7 130, 7 130 0, S_000001b1ef75ec70;
 .timescale -9 -12;
P_000001b1ef6e50a0 .param/l "g" 0 7 130, +C4<01111>;
L_000001b1ef789cd8 .functor BUFT 1, C4<01>, C4<0>, C4<0>, C4<0>;
v000001b1ef76dae0_0 .net/2u *"_ivl_1", 1 0, L_000001b1ef789cd8;  1 drivers
v000001b1ef76db80_0 .net *"_ivl_3", 0 0, L_000001b1ef7e88c0;  1 drivers
L_000001b1ef7e88c0 .cmp/eq 2, L_000001b1ef7ea120, L_000001b1ef789cd8;
S_000001b1ef771b30 .scope generate, "gen_state[0]" "gen_state[0]" 7 115, 7 115 0, S_000001b1ef75ec70;
 .timescale -9 -12;
P_000001b1ef6e4ba0 .param/l "g" 0 7 115, +C4<00>;
v000001b1ef76f2a0_0 .net *"_ivl_1", 0 0, L_000001b1ef783a50;  1 drivers
L_000001b1ef787de8 .functor BUFT 1, C4<11>, C4<0>, C4<0>, C4<0>;
v000001b1ef76f660_0 .net/2u *"_ivl_10", 1 0, L_000001b1ef787de8;  1 drivers
v000001b1ef76f700_0 .net *"_ivl_14", 0 0, L_000001b1ef783190;  1 drivers
L_000001b1ef787e30 .functor BUFT 1, C4<10>, C4<0>, C4<0>, C4<0>;
v000001b1ef76ef80_0 .net/2u *"_ivl_16", 1 0, L_000001b1ef787e30;  1 drivers
L_000001b1ef787e78 .functor BUFT 1, C4<0000000000000000>, C4<0>, C4<0>, C4<0>;
v000001b1ef76dcc0_0 .net/2u *"_ivl_19", 15 0, L_000001b1ef787e78;  1 drivers
v000001b1ef76dd60_0 .net *"_ivl_21", 0 0, L_000001b1ef781930;  1 drivers
L_000001b1ef787ec0 .functor BUFT 1, C4<01>, C4<0>, C4<0>, C4<0>;
v000001b1ef76e9e0_0 .net/2u *"_ivl_23", 1 0, L_000001b1ef787ec0;  1 drivers
L_000001b1ef787f08 .functor BUFT 1, C4<00>, C4<0>, C4<0>, C4<0>;
v000001b1ef76ebc0_0 .net/2u *"_ivl_25", 1 0, L_000001b1ef787f08;  1 drivers
v000001b1ef76d4a0_0 .net *"_ivl_27", 1 0, L_000001b1ef782c90;  1 drivers
v000001b1ef76ea80_0 .net *"_ivl_29", 1 0, L_000001b1ef7825b0;  1 drivers
v000001b1ef76e120_0 .net *"_ivl_3", 0 0, L_000001b1ef782010;  1 drivers
v000001b1ef76d400_0 .net *"_ivl_31", 1 0, L_000001b1ef782510;  1 drivers
L_000001b1ef787da0 .functor BUFT 1, C4<00>, C4<0>, C4<0>, C4<0>;
v000001b1ef76e940_0 .net/2u *"_ivl_4", 1 0, L_000001b1ef787da0;  1 drivers
v000001b1ef76dea0_0 .net *"_ivl_8", 0 0, L_000001b1ef781e30;  1 drivers
L_000001b1ef782010 .reduce/nor L_000001b1ef783a50;
v000001b1ef785a30_0 .array/port v000001b1ef785a30, 0;
v000001b1ef784a90_0 .array/port v000001b1ef784a90, 0;
L_000001b1ef781e30 .cmp/eq 10, v000001b1ef785a30_0, v000001b1ef784a90_0;
v000001b1ef785df0_0 .array/port v000001b1ef785df0, 0;
L_000001b1ef783190 .cmp/eq 10, v000001b1ef785df0_0, v000001b1ef784a90_0;
v000001b1ef785490_0 .array/port v000001b1ef785490, 0;
L_000001b1ef781930 .cmp/eq 16, v000001b1ef785490_0, L_000001b1ef787e78;
L_000001b1ef782c90 .functor MUXZ 2, L_000001b1ef787f08, L_000001b1ef787ec0, L_000001b1ef781930, C4<>;
L_000001b1ef7825b0 .functor MUXZ 2, L_000001b1ef782c90, L_000001b1ef787e30, L_000001b1ef783190, C4<>;
L_000001b1ef782510 .functor MUXZ 2, L_000001b1ef7825b0, L_000001b1ef787de8, L_000001b1ef781e30, C4<>;
L_000001b1ef783050 .functor MUXZ 2, L_000001b1ef782510, L_000001b1ef787da0, L_000001b1ef782010, C4<>;
S_000001b1ef771cc0 .scope generate, "gen_state[1]" "gen_state[1]" 7 115, 7 115 0, S_000001b1ef75ec70;
 .timescale -9 -12;
P_000001b1ef6e4820 .param/l "g" 0 7 115, +C4<01>;
v000001b1ef76e800_0 .net *"_ivl_1", 0 0, L_000001b1ef782790;  1 drivers
L_000001b1ef787f98 .functor BUFT 1, C4<11>, C4<0>, C4<0>, C4<0>;
v000001b1ef76ec60_0 .net/2u *"_ivl_10", 1 0, L_000001b1ef787f98;  1 drivers
v000001b1ef76df40_0 .net *"_ivl_14", 0 0, L_000001b1ef783d70;  1 drivers
L_000001b1ef787fe0 .functor BUFT 1, C4<10>, C4<0>, C4<0>, C4<0>;
v000001b1ef76e260_0 .net/2u *"_ivl_16", 1 0, L_000001b1ef787fe0;  1 drivers
L_000001b1ef788028 .functor BUFT 1, C4<0000000000000000>, C4<0>, C4<0>, C4<0>;
v000001b1ef76e8a0_0 .net/2u *"_ivl_19", 15 0, L_000001b1ef788028;  1 drivers
v000001b1ef76e3a0_0 .net *"_ivl_21", 0 0, L_000001b1ef783ff0;  1 drivers
L_000001b1ef788070 .functor BUFT 1, C4<01>, C4<0>, C4<0>, C4<0>;
v000001b1ef76d540_0 .net/2u *"_ivl_23", 1 0, L_000001b1ef788070;  1 drivers
L_000001b1ef7880b8 .functor BUFT 1, C4<00>, C4<0>, C4<0>, C4<0>;
v000001b1ef76e440_0 .net/2u *"_ivl_25", 1 0, L_000001b1ef7880b8;  1 drivers
v000001b1ef76eb20_0 .net *"_ivl_27", 1 0, L_000001b1ef782470;  1 drivers
v000001b1ef76f160_0 .net *"_ivl_29", 1 0, L_000001b1ef782650;  1 drivers
v000001b1ef76ed00_0 .net *"_ivl_3", 0 0, L_000001b1ef783f50;  1 drivers
v000001b1ef76d180_0 .net *"_ivl_31", 1 0, L_000001b1ef783230;  1 drivers
L_000001b1ef787f50 .functor BUFT 1, C4<00>, C4<0>, C4<0>, C4<0>;
v000001b1ef76ee40_0 .net/2u *"_ivl_4", 1 0, L_000001b1ef787f50;  1 drivers
v000001b1ef76f020_0 .net *"_ivl_8", 0 0, L_000001b1ef7832d0;  1 drivers
L_000001b1ef783f50 .reduce/nor L_000001b1ef782790;
v000001b1ef785a30_1 .array/port v000001b1ef785a30, 1;
v000001b1ef784a90_1 .array/port v000001b1ef784a90, 1;
L_000001b1ef7832d0 .cmp/eq 10, v000001b1ef785a30_1, v000001b1ef784a90_1;
v000001b1ef785df0_1 .array/port v000001b1ef785df0, 1;
L_000001b1ef783d70 .cmp/eq 10, v000001b1ef785df0_1, v000001b1ef784a90_1;
v000001b1ef785490_1 .array/port v000001b1ef785490, 1;
L_000001b1ef783ff0 .cmp/eq 16, v000001b1ef785490_1, L_000001b1ef788028;
L_000001b1ef782470 .functor MUXZ 2, L_000001b1ef7880b8, L_000001b1ef788070, L_000001b1ef783ff0, C4<>;
L_000001b1ef782650 .functor MUXZ 2, L_000001b1ef782470, L_000001b1ef787fe0, L_000001b1ef783d70, C4<>;
L_000001b1ef783230 .functor MUXZ 2, L_000001b1ef782650, L_000001b1ef787f98, L_000001b1ef7832d0, C4<>;
L_000001b1ef7837d0 .functor MUXZ 2, L_000001b1ef783230, L_000001b1ef787f50, L_000001b1ef783f50, C4<>;
S_000001b1ef771360 .scope generate, "gen_state[2]" "gen_state[2]" 7 115, 7 115 0, S_000001b1ef75ec70;
 .timescale -9 -12;
P_000001b1ef6e5220 .param/l "g" 0 7 115, +C4<010>;
v000001b1ef76f7a0_0 .net *"_ivl_1", 0 0, L_000001b1ef781cf0;  1 drivers
L_000001b1ef788148 .functor BUFT 1, C4<11>, C4<0>, C4<0>, C4<0>;
v000001b1ef76f0c0_0 .net/2u *"_ivl_10", 1 0, L_000001b1ef788148;  1 drivers
v000001b1ef76d5e0_0 .net *"_ivl_14", 0 0, L_000001b1ef783e10;  1 drivers
L_000001b1ef788190 .functor BUFT 1, C4<10>, C4<0>, C4<0>, C4<0>;
v000001b1ef76f340_0 .net/2u *"_ivl_16", 1 0, L_000001b1ef788190;  1 drivers
L_000001b1ef7881d8 .functor BUFT 1, C4<0000000000000000>, C4<0>, C4<0>, C4<0>;
v000001b1ef76f3e0_0 .net/2u *"_ivl_19", 15 0, L_000001b1ef7881d8;  1 drivers
v000001b1ef76d040_0 .net *"_ivl_21", 0 0, L_000001b1ef781f70;  1 drivers
L_000001b1ef788220 .functor BUFT 1, C4<01>, C4<0>, C4<0>, C4<0>;
v000001b1ef76d220_0 .net/2u *"_ivl_23", 1 0, L_000001b1ef788220;  1 drivers
L_000001b1ef788268 .functor BUFT 1, C4<00>, C4<0>, C4<0>, C4<0>;
v000001b1ef76d2c0_0 .net/2u *"_ivl_25", 1 0, L_000001b1ef788268;  1 drivers
v000001b1ef76d360_0 .net *"_ivl_27", 1 0, L_000001b1ef7834b0;  1 drivers
v000001b1ef76fca0_0 .net *"_ivl_29", 1 0, L_000001b1ef783730;  1 drivers
v000001b1ef770a60_0 .net *"_ivl_3", 0 0, L_000001b1ef782fb0;  1 drivers
v000001b1ef770560_0 .net *"_ivl_31", 1 0, L_000001b1ef783eb0;  1 drivers
L_000001b1ef788100 .functor BUFT 1, C4<00>, C4<0>, C4<0>, C4<0>;
v000001b1ef770b00_0 .net/2u *"_ivl_4", 1 0, L_000001b1ef788100;  1 drivers
v000001b1ef7704c0_0 .net *"_ivl_8", 0 0, L_000001b1ef7826f0;  1 drivers
L_000001b1ef782fb0 .reduce/nor L_000001b1ef781cf0;
v000001b1ef785a30_2 .array/port v000001b1ef785a30, 2;
v000001b1ef784a90_2 .array/port v000001b1ef784a90, 2;
L_000001b1ef7826f0 .cmp/eq 10, v000001b1ef785a30_2, v000001b1ef784a90_2;
v000001b1ef785df0_2 .array/port v000001b1ef785df0, 2;
L_000001b1ef783e10 .cmp/eq 10, v000001b1ef785df0_2, v000001b1ef784a90_2;
v000001b1ef785490_2 .array/port v000001b1ef785490, 2;
L_000001b1ef781f70 .cmp/eq 16, v000001b1ef785490_2, L_000001b1ef7881d8;
L_000001b1ef7834b0 .functor MUXZ 2, L_000001b1ef788268, L_000001b1ef788220, L_000001b1ef781f70, C4<>;
L_000001b1ef783730 .functor MUXZ 2, L_000001b1ef7834b0, L_000001b1ef788190, L_000001b1ef783e10, C4<>;
L_000001b1ef783eb0 .functor MUXZ 2, L_000001b1ef783730, L_000001b1ef788148, L_000001b1ef7826f0, C4<>;
L_000001b1ef782970 .functor MUXZ 2, L_000001b1ef783eb0, L_000001b1ef788100, L_000001b1ef782fb0, C4<>;
S_000001b1ef771680 .scope generate, "gen_state[3]" "gen_state[3]" 7 115, 7 115 0, S_000001b1ef75ec70;
 .timescale -9 -12;
P_000001b1ef6e52a0 .param/l "g" 0 7 115, +C4<011>;
v000001b1ef770d80_0 .net *"_ivl_1", 0 0, L_000001b1ef783370;  1 drivers
L_000001b1ef7882f8 .functor BUFT 1, C4<11>, C4<0>, C4<0>, C4<0>;
v000001b1ef76fd40_0 .net/2u *"_ivl_10", 1 0, L_000001b1ef7882f8;  1 drivers
v000001b1ef76ffc0_0 .net *"_ivl_14", 0 0, L_000001b1ef783410;  1 drivers
L_000001b1ef788340 .functor BUFT 1, C4<10>, C4<0>, C4<0>, C4<0>;
v000001b1ef76f840_0 .net/2u *"_ivl_16", 1 0, L_000001b1ef788340;  1 drivers
L_000001b1ef788388 .functor BUFT 1, C4<0000000000000000>, C4<0>, C4<0>, C4<0>;
v000001b1ef76f8e0_0 .net/2u *"_ivl_19", 15 0, L_000001b1ef788388;  1 drivers
v000001b1ef770600_0 .net *"_ivl_21", 0 0, L_000001b1ef781890;  1 drivers
L_000001b1ef7883d0 .functor BUFT 1, C4<01>, C4<0>, C4<0>, C4<0>;
v000001b1ef7709c0_0 .net/2u *"_ivl_23", 1 0, L_000001b1ef7883d0;  1 drivers
L_000001b1ef788418 .functor BUFT 1, C4<00>, C4<0>, C4<0>, C4<0>;
v000001b1ef76f980_0 .net/2u *"_ivl_25", 1 0, L_000001b1ef788418;  1 drivers
v000001b1ef7706a0_0 .net *"_ivl_27", 1 0, L_000001b1ef782a10;  1 drivers
v000001b1ef770740_0 .net *"_ivl_29", 1 0, L_000001b1ef7820b0;  1 drivers
v000001b1ef770060_0 .net *"_ivl_3", 0 0, L_000001b1ef782830;  1 drivers
v000001b1ef76fde0_0 .net *"_ivl_31", 1 0, L_000001b1ef782ab0;  1 drivers
L_000001b1ef7882b0 .functor BUFT 1, C4<00>, C4<0>, C4<0>, C4<0>;
v000001b1ef7707e0_0 .net/2u *"_ivl_4", 1 0, L_000001b1ef7882b0;  1 drivers
v000001b1ef770ba0_0 .net *"_ivl_8", 0 0, L_000001b1ef781ed0;  1 drivers
L_000001b1ef782830 .reduce/nor L_000001b1ef783370;
v000001b1ef785a30_3 .array/port v000001b1ef785a30, 3;
v000001b1ef784a90_3 .array/port v000001b1ef784a90, 3;
L_000001b1ef781ed0 .cmp/eq 10, v000001b1ef785a30_3, v000001b1ef784a90_3;
v000001b1ef785df0_3 .array/port v000001b1ef785df0, 3;
L_000001b1ef783410 .cmp/eq 10, v000001b1ef785df0_3, v000001b1ef784a90_3;
v000001b1ef785490_3 .array/port v000001b1ef785490, 3;
L_000001b1ef781890 .cmp/eq 16, v000001b1ef785490_3, L_000001b1ef788388;
L_000001b1ef782a10 .functor MUXZ 2, L_000001b1ef788418, L_000001b1ef7883d0, L_000001b1ef781890, C4<>;
L_000001b1ef7820b0 .functor MUXZ 2, L_000001b1ef782a10, L_000001b1ef788340, L_000001b1ef783410, C4<>;
L_000001b1ef782ab0 .functor MUXZ 2, L_000001b1ef7820b0, L_000001b1ef7882f8, L_000001b1ef781ed0, C4<>;
L_000001b1ef782290 .functor MUXZ 2, L_000001b1ef782ab0, L_000001b1ef7882b0, L_000001b1ef782830, C4<>;
S_000001b1ef771810 .scope generate, "gen_state[4]" "gen_state[4]" 7 115, 7 115 0, S_000001b1ef75ec70;
 .timescale -9 -12;
P_000001b1ef6e54a0 .param/l "g" 0 7 115, +C4<0100>;
v000001b1ef76fa20_0 .net *"_ivl_1", 0 0, L_000001b1ef7821f0;  1 drivers
L_000001b1ef7884a8 .functor BUFT 1, C4<11>, C4<0>, C4<0>, C4<0>;
v000001b1ef770100_0 .net/2u *"_ivl_10", 1 0, L_000001b1ef7884a8;  1 drivers
v000001b1ef770880_0 .net *"_ivl_14", 0 0, L_000001b1ef7835f0;  1 drivers
L_000001b1ef7884f0 .functor BUFT 1, C4<10>, C4<0>, C4<0>, C4<0>;
v000001b1ef770ec0_0 .net/2u *"_ivl_16", 1 0, L_000001b1ef7884f0;  1 drivers
L_000001b1ef788538 .functor BUFT 1, C4<0000000000000000>, C4<0>, C4<0>, C4<0>;
v000001b1ef7701a0_0 .net/2u *"_ivl_19", 15 0, L_000001b1ef788538;  1 drivers
v000001b1ef770240_0 .net *"_ivl_21", 0 0, L_000001b1ef783690;  1 drivers
L_000001b1ef788580 .functor BUFT 1, C4<01>, C4<0>, C4<0>, C4<0>;
v000001b1ef770e20_0 .net/2u *"_ivl_23", 1 0, L_000001b1ef788580;  1 drivers
L_000001b1ef7885c8 .functor BUFT 1, C4<00>, C4<0>, C4<0>, C4<0>;
v000001b1ef770920_0 .net/2u *"_ivl_25", 1 0, L_000001b1ef7885c8;  1 drivers
v000001b1ef770ce0_0 .net *"_ivl_27", 1 0, L_000001b1ef7819d0;  1 drivers
v000001b1ef7702e0_0 .net *"_ivl_29", 1 0, L_000001b1ef783870;  1 drivers
v000001b1ef76fac0_0 .net *"_ivl_3", 0 0, L_000001b1ef783550;  1 drivers
v000001b1ef76fe80_0 .net *"_ivl_31", 1 0, L_000001b1ef783c30;  1 drivers
L_000001b1ef788460 .functor BUFT 1, C4<00>, C4<0>, C4<0>, C4<0>;
v000001b1ef770c40_0 .net/2u *"_ivl_4", 1 0, L_000001b1ef788460;  1 drivers
v000001b1ef770380_0 .net *"_ivl_8", 0 0, L_000001b1ef782150;  1 drivers
L_000001b1ef783550 .reduce/nor L_000001b1ef7821f0;
v000001b1ef785a30_4 .array/port v000001b1ef785a30, 4;
v000001b1ef784a90_4 .array/port v000001b1ef784a90, 4;
L_000001b1ef782150 .cmp/eq 10, v000001b1ef785a30_4, v000001b1ef784a90_4;
v000001b1ef785df0_4 .array/port v000001b1ef785df0, 4;
L_000001b1ef7835f0 .cmp/eq 10, v000001b1ef785df0_4, v000001b1ef784a90_4;
v000001b1ef785490_4 .array/port v000001b1ef785490, 4;
L_000001b1ef783690 .cmp/eq 16, v000001b1ef785490_4, L_000001b1ef788538;
L_000001b1ef7819d0 .functor MUXZ 2, L_000001b1ef7885c8, L_000001b1ef788580, L_000001b1ef783690, C4<>;
L_000001b1ef783870 .functor MUXZ 2, L_000001b1ef7819d0, L_000001b1ef7884f0, L_000001b1ef7835f0, C4<>;
L_000001b1ef783c30 .functor MUXZ 2, L_000001b1ef783870, L_000001b1ef7884a8, L_000001b1ef782150, C4<>;
L_000001b1ef783910 .functor MUXZ 2, L_000001b1ef783c30, L_000001b1ef788460, L_000001b1ef783550, C4<>;
S_000001b1ef771e50 .scope generate, "gen_state[5]" "gen_state[5]" 7 115, 7 115 0, S_000001b1ef75ec70;
 .timescale -9 -12;
P_000001b1ef6e4a60 .param/l "g" 0 7 115, +C4<0101>;
v000001b1ef76fb60_0 .net *"_ivl_1", 0 0, L_000001b1ef783cd0;  1 drivers
L_000001b1ef788658 .functor BUFT 1, C4<11>, C4<0>, C4<0>, C4<0>;
v000001b1ef76fc00_0 .net/2u *"_ivl_10", 1 0, L_000001b1ef788658;  1 drivers
v000001b1ef76ff20_0 .net *"_ivl_14", 0 0, L_000001b1ef7edb40;  1 drivers
L_000001b1ef7886a0 .functor BUFT 1, C4<10>, C4<0>, C4<0>, C4<0>;
v000001b1ef770420_0 .net/2u *"_ivl_16", 1 0, L_000001b1ef7886a0;  1 drivers
L_000001b1ef7886e8 .functor BUFT 1, C4<0000000000000000>, C4<0>, C4<0>, C4<0>;
v000001b1ef7732e0_0 .net/2u *"_ivl_19", 15 0, L_000001b1ef7886e8;  1 drivers
v000001b1ef773c40_0 .net *"_ivl_21", 0 0, L_000001b1ef7ed5a0;  1 drivers
L_000001b1ef788730 .functor BUFT 1, C4<01>, C4<0>, C4<0>, C4<0>;
v000001b1ef774820_0 .net/2u *"_ivl_23", 1 0, L_000001b1ef788730;  1 drivers
L_000001b1ef788778 .functor BUFT 1, C4<00>, C4<0>, C4<0>, C4<0>;
v000001b1ef773e20_0 .net/2u *"_ivl_25", 1 0, L_000001b1ef788778;  1 drivers
v000001b1ef773060_0 .net *"_ivl_27", 1 0, L_000001b1ef7ed320;  1 drivers
v000001b1ef774280_0 .net *"_ivl_29", 1 0, L_000001b1ef7edfa0;  1 drivers
v000001b1ef774640_0 .net *"_ivl_3", 0 0, L_000001b1ef781a70;  1 drivers
v000001b1ef774460_0 .net *"_ivl_31", 1 0, L_000001b1ef7ee680;  1 drivers
L_000001b1ef788610 .functor BUFT 1, C4<00>, C4<0>, C4<0>, C4<0>;
v000001b1ef773ba0_0 .net/2u *"_ivl_4", 1 0, L_000001b1ef788610;  1 drivers
v000001b1ef7743c0_0 .net *"_ivl_8", 0 0, L_000001b1ef7ed460;  1 drivers
L_000001b1ef781a70 .reduce/nor L_000001b1ef783cd0;
v000001b1ef785a30_5 .array/port v000001b1ef785a30, 5;
v000001b1ef784a90_5 .array/port v000001b1ef784a90, 5;
L_000001b1ef7ed460 .cmp/eq 10, v000001b1ef785a30_5, v000001b1ef784a90_5;
v000001b1ef785df0_5 .array/port v000001b1ef785df0, 5;
L_000001b1ef7edb40 .cmp/eq 10, v000001b1ef785df0_5, v000001b1ef784a90_5;
v000001b1ef785490_5 .array/port v000001b1ef785490, 5;
L_000001b1ef7ed5a0 .cmp/eq 16, v000001b1ef785490_5, L_000001b1ef7886e8;
L_000001b1ef7ed320 .functor MUXZ 2, L_000001b1ef788778, L_000001b1ef788730, L_000001b1ef7ed5a0, C4<>;
L_000001b1ef7edfa0 .functor MUXZ 2, L_000001b1ef7ed320, L_000001b1ef7886a0, L_000001b1ef7edb40, C4<>;
L_000001b1ef7ee680 .functor MUXZ 2, L_000001b1ef7edfa0, L_000001b1ef788658, L_000001b1ef7ed460, C4<>;
L_000001b1ef7ef120 .functor MUXZ 2, L_000001b1ef7ee680, L_000001b1ef788610, L_000001b1ef781a70, C4<>;
S_000001b1ef772300 .scope generate, "gen_state[6]" "gen_state[6]" 7 115, 7 115 0, S_000001b1ef75ec70;
 .timescale -9 -12;
P_000001b1ef6e4fa0 .param/l "g" 0 7 115, +C4<0110>;
v000001b1ef775220_0 .net *"_ivl_1", 0 0, L_000001b1ef7ed640;  1 drivers
L_000001b1ef788808 .functor BUFT 1, C4<11>, C4<0>, C4<0>, C4<0>;
v000001b1ef774320_0 .net/2u *"_ivl_10", 1 0, L_000001b1ef788808;  1 drivers
v000001b1ef7746e0_0 .net *"_ivl_14", 0 0, L_000001b1ef7ef080;  1 drivers
L_000001b1ef788850 .functor BUFT 1, C4<10>, C4<0>, C4<0>, C4<0>;
v000001b1ef774dc0_0 .net/2u *"_ivl_16", 1 0, L_000001b1ef788850;  1 drivers
L_000001b1ef788898 .functor BUFT 1, C4<0000000000000000>, C4<0>, C4<0>, C4<0>;
v000001b1ef7739c0_0 .net/2u *"_ivl_19", 15 0, L_000001b1ef788898;  1 drivers
v000001b1ef773380_0 .net *"_ivl_21", 0 0, L_000001b1ef7ee180;  1 drivers
L_000001b1ef7888e0 .functor BUFT 1, C4<01>, C4<0>, C4<0>, C4<0>;
v000001b1ef773d80_0 .net/2u *"_ivl_23", 1 0, L_000001b1ef7888e0;  1 drivers
L_000001b1ef788928 .functor BUFT 1, C4<00>, C4<0>, C4<0>, C4<0>;
v000001b1ef773920_0 .net/2u *"_ivl_25", 1 0, L_000001b1ef788928;  1 drivers
v000001b1ef774e60_0 .net *"_ivl_27", 1 0, L_000001b1ef7ed500;  1 drivers
v000001b1ef773100_0 .net *"_ivl_29", 1 0, L_000001b1ef7eef40;  1 drivers
v000001b1ef774500_0 .net *"_ivl_3", 0 0, L_000001b1ef7ed140;  1 drivers
v000001b1ef7736a0_0 .net *"_ivl_31", 1 0, L_000001b1ef7ed000;  1 drivers
L_000001b1ef7887c0 .functor BUFT 1, C4<00>, C4<0>, C4<0>, C4<0>;
v000001b1ef775040_0 .net/2u *"_ivl_4", 1 0, L_000001b1ef7887c0;  1 drivers
v000001b1ef7752c0_0 .net *"_ivl_8", 0 0, L_000001b1ef7ee720;  1 drivers
L_000001b1ef7ed140 .reduce/nor L_000001b1ef7ed640;
v000001b1ef785a30_6 .array/port v000001b1ef785a30, 6;
v000001b1ef784a90_6 .array/port v000001b1ef784a90, 6;
L_000001b1ef7ee720 .cmp/eq 10, v000001b1ef785a30_6, v000001b1ef784a90_6;
v000001b1ef785df0_6 .array/port v000001b1ef785df0, 6;
L_000001b1ef7ef080 .cmp/eq 10, v000001b1ef785df0_6, v000001b1ef784a90_6;
v000001b1ef785490_6 .array/port v000001b1ef785490, 6;
L_000001b1ef7ee180 .cmp/eq 16, v000001b1ef785490_6, L_000001b1ef788898;
L_000001b1ef7ed500 .functor MUXZ 2, L_000001b1ef788928, L_000001b1ef7888e0, L_000001b1ef7ee180, C4<>;
L_000001b1ef7eef40 .functor MUXZ 2, L_000001b1ef7ed500, L_000001b1ef788850, L_000001b1ef7ef080, C4<>;
L_000001b1ef7ed000 .functor MUXZ 2, L_000001b1ef7eef40, L_000001b1ef788808, L_000001b1ef7ee720, C4<>;
L_000001b1ef7ed1e0 .functor MUXZ 2, L_000001b1ef7ed000, L_000001b1ef7887c0, L_000001b1ef7ed140, C4<>;
S_000001b1ef772df0 .scope generate, "gen_state[7]" "gen_state[7]" 7 115, 7 115 0, S_000001b1ef75ec70;
 .timescale -9 -12;
P_000001b1ef6e4a20 .param/l "g" 0 7 115, +C4<0111>;
v000001b1ef7748c0_0 .net *"_ivl_1", 0 0, L_000001b1ef7edc80;  1 drivers
L_000001b1ef7889b8 .functor BUFT 1, C4<11>, C4<0>, C4<0>, C4<0>;
v000001b1ef775540_0 .net/2u *"_ivl_10", 1 0, L_000001b1ef7889b8;  1 drivers
v000001b1ef7755e0_0 .net *"_ivl_14", 0 0, L_000001b1ef7ee7c0;  1 drivers
L_000001b1ef788a00 .functor BUFT 1, C4<10>, C4<0>, C4<0>, C4<0>;
v000001b1ef775720_0 .net/2u *"_ivl_16", 1 0, L_000001b1ef788a00;  1 drivers
L_000001b1ef788a48 .functor BUFT 1, C4<0000000000000000>, C4<0>, C4<0>, C4<0>;
v000001b1ef7750e0_0 .net/2u *"_ivl_19", 15 0, L_000001b1ef788a48;  1 drivers
v000001b1ef773b00_0 .net *"_ivl_21", 0 0, L_000001b1ef7eefe0;  1 drivers
L_000001b1ef788a90 .functor BUFT 1, C4<01>, C4<0>, C4<0>, C4<0>;
v000001b1ef775360_0 .net/2u *"_ivl_23", 1 0, L_000001b1ef788a90;  1 drivers
L_000001b1ef788ad8 .functor BUFT 1, C4<00>, C4<0>, C4<0>, C4<0>;
v000001b1ef7745a0_0 .net/2u *"_ivl_25", 1 0, L_000001b1ef788ad8;  1 drivers
v000001b1ef774780_0 .net *"_ivl_27", 1 0, L_000001b1ef7ee860;  1 drivers
v000001b1ef773ec0_0 .net *"_ivl_29", 1 0, L_000001b1ef7ed6e0;  1 drivers
v000001b1ef773420_0 .net *"_ivl_3", 0 0, L_000001b1ef7ed3c0;  1 drivers
v000001b1ef774aa0_0 .net *"_ivl_31", 1 0, L_000001b1ef7ef1c0;  1 drivers
L_000001b1ef788970 .functor BUFT 1, C4<00>, C4<0>, C4<0>, C4<0>;
v000001b1ef773a60_0 .net/2u *"_ivl_4", 1 0, L_000001b1ef788970;  1 drivers
v000001b1ef775400_0 .net *"_ivl_8", 0 0, L_000001b1ef7ecec0;  1 drivers
L_000001b1ef7ed3c0 .reduce/nor L_000001b1ef7edc80;
v000001b1ef785a30_7 .array/port v000001b1ef785a30, 7;
v000001b1ef784a90_7 .array/port v000001b1ef784a90, 7;
L_000001b1ef7ecec0 .cmp/eq 10, v000001b1ef785a30_7, v000001b1ef784a90_7;
v000001b1ef785df0_7 .array/port v000001b1ef785df0, 7;
L_000001b1ef7ee7c0 .cmp/eq 10, v000001b1ef785df0_7, v000001b1ef784a90_7;
v000001b1ef785490_7 .array/port v000001b1ef785490, 7;
L_000001b1ef7eefe0 .cmp/eq 16, v000001b1ef785490_7, L_000001b1ef788a48;
L_000001b1ef7ee860 .functor MUXZ 2, L_000001b1ef788ad8, L_000001b1ef788a90, L_000001b1ef7eefe0, C4<>;
L_000001b1ef7ed6e0 .functor MUXZ 2, L_000001b1ef7ee860, L_000001b1ef788a00, L_000001b1ef7ee7c0, C4<>;
L_000001b1ef7ef1c0 .functor MUXZ 2, L_000001b1ef7ed6e0, L_000001b1ef7889b8, L_000001b1ef7ecec0, C4<>;
L_000001b1ef7ee220 .functor MUXZ 2, L_000001b1ef7ef1c0, L_000001b1ef788970, L_000001b1ef7ed3c0, C4<>;
S_000001b1ef772490 .scope generate, "gen_state[8]" "gen_state[8]" 7 115, 7 115 0, S_000001b1ef75ec70;
 .timescale -9 -12;
P_000001b1ef6e4aa0 .param/l "g" 0 7 115, +C4<01000>;
v000001b1ef774a00_0 .net *"_ivl_1", 0 0, L_000001b1ef7eed60;  1 drivers
L_000001b1ef788b68 .functor BUFT 1, C4<11>, C4<0>, C4<0>, C4<0>;
v000001b1ef773f60_0 .net/2u *"_ivl_10", 1 0, L_000001b1ef788b68;  1 drivers
v000001b1ef774960_0 .net *"_ivl_14", 0 0, L_000001b1ef7ecb00;  1 drivers
L_000001b1ef788bb0 .functor BUFT 1, C4<10>, C4<0>, C4<0>, C4<0>;
v000001b1ef7737e0_0 .net/2u *"_ivl_16", 1 0, L_000001b1ef788bb0;  1 drivers
L_000001b1ef788bf8 .functor BUFT 1, C4<0000000000000000>, C4<0>, C4<0>, C4<0>;
v000001b1ef7754a0_0 .net/2u *"_ivl_19", 15 0, L_000001b1ef788bf8;  1 drivers
v000001b1ef774000_0 .net *"_ivl_21", 0 0, L_000001b1ef7ed8c0;  1 drivers
L_000001b1ef788c40 .functor BUFT 1, C4<01>, C4<0>, C4<0>, C4<0>;
v000001b1ef774b40_0 .net/2u *"_ivl_23", 1 0, L_000001b1ef788c40;  1 drivers
L_000001b1ef788c88 .functor BUFT 1, C4<00>, C4<0>, C4<0>, C4<0>;
v000001b1ef773ce0_0 .net/2u *"_ivl_25", 1 0, L_000001b1ef788c88;  1 drivers
v000001b1ef7734c0_0 .net *"_ivl_27", 1 0, L_000001b1ef7ecba0;  1 drivers
v000001b1ef7741e0_0 .net *"_ivl_29", 1 0, L_000001b1ef7ede60;  1 drivers
v000001b1ef773560_0 .net *"_ivl_3", 0 0, L_000001b1ef7ed280;  1 drivers
v000001b1ef773740_0 .net *"_ivl_31", 1 0, L_000001b1ef7eec20;  1 drivers
L_000001b1ef788b20 .functor BUFT 1, C4<00>, C4<0>, C4<0>, C4<0>;
v000001b1ef774d20_0 .net/2u *"_ivl_4", 1 0, L_000001b1ef788b20;  1 drivers
v000001b1ef7731a0_0 .net *"_ivl_8", 0 0, L_000001b1ef7ef260;  1 drivers
L_000001b1ef7ed280 .reduce/nor L_000001b1ef7eed60;
v000001b1ef785a30_8 .array/port v000001b1ef785a30, 8;
v000001b1ef784a90_8 .array/port v000001b1ef784a90, 8;
L_000001b1ef7ef260 .cmp/eq 10, v000001b1ef785a30_8, v000001b1ef784a90_8;
v000001b1ef785df0_8 .array/port v000001b1ef785df0, 8;
L_000001b1ef7ecb00 .cmp/eq 10, v000001b1ef785df0_8, v000001b1ef784a90_8;
v000001b1ef785490_8 .array/port v000001b1ef785490, 8;
L_000001b1ef7ed8c0 .cmp/eq 16, v000001b1ef785490_8, L_000001b1ef788bf8;
L_000001b1ef7ecba0 .functor MUXZ 2, L_000001b1ef788c88, L_000001b1ef788c40, L_000001b1ef7ed8c0, C4<>;
L_000001b1ef7ede60 .functor MUXZ 2, L_000001b1ef7ecba0, L_000001b1ef788bb0, L_000001b1ef7ecb00, C4<>;
L_000001b1ef7eec20 .functor MUXZ 2, L_000001b1ef7ede60, L_000001b1ef788b68, L_000001b1ef7ef260, C4<>;
L_000001b1ef7ed780 .functor MUXZ 2, L_000001b1ef7eec20, L_000001b1ef788b20, L_000001b1ef7ed280, C4<>;
S_000001b1ef7719a0 .scope generate, "gen_state[9]" "gen_state[9]" 7 115, 7 115 0, S_000001b1ef75ec70;
 .timescale -9 -12;
P_000001b1ef6e4ae0 .param/l "g" 0 7 115, +C4<01001>;
v000001b1ef7757c0_0 .net *"_ivl_1", 0 0, L_000001b1ef7ed960;  1 drivers
L_000001b1ef788d18 .functor BUFT 1, C4<11>, C4<0>, C4<0>, C4<0>;
v000001b1ef7740a0_0 .net/2u *"_ivl_10", 1 0, L_000001b1ef788d18;  1 drivers
v000001b1ef774140_0 .net *"_ivl_14", 0 0, L_000001b1ef7edd20;  1 drivers
L_000001b1ef788d60 .functor BUFT 1, C4<10>, C4<0>, C4<0>, C4<0>;
v000001b1ef774be0_0 .net/2u *"_ivl_16", 1 0, L_000001b1ef788d60;  1 drivers
L_000001b1ef788da8 .functor BUFT 1, C4<0000000000000000>, C4<0>, C4<0>, C4<0>;
v000001b1ef773600_0 .net/2u *"_ivl_19", 15 0, L_000001b1ef788da8;  1 drivers
v000001b1ef774c80_0 .net *"_ivl_21", 0 0, L_000001b1ef7ed820;  1 drivers
L_000001b1ef788df0 .functor BUFT 1, C4<01>, C4<0>, C4<0>, C4<0>;
v000001b1ef774f00_0 .net/2u *"_ivl_23", 1 0, L_000001b1ef788df0;  1 drivers
L_000001b1ef788e38 .functor BUFT 1, C4<00>, C4<0>, C4<0>, C4<0>;
v000001b1ef775680_0 .net/2u *"_ivl_25", 1 0, L_000001b1ef788e38;  1 drivers
v000001b1ef774fa0_0 .net *"_ivl_27", 1 0, L_000001b1ef7ee2c0;  1 drivers
v000001b1ef775180_0 .net *"_ivl_29", 1 0, L_000001b1ef7eda00;  1 drivers
v000001b1ef773240_0 .net *"_ivl_3", 0 0, L_000001b1ef7ee900;  1 drivers
v000001b1ef773880_0 .net *"_ivl_31", 1 0, L_000001b1ef7ee360;  1 drivers
L_000001b1ef788cd0 .functor BUFT 1, C4<00>, C4<0>, C4<0>, C4<0>;
v000001b1ef775fe0_0 .net/2u *"_ivl_4", 1 0, L_000001b1ef788cd0;  1 drivers
v000001b1ef776580_0 .net *"_ivl_8", 0 0, L_000001b1ef7ed0a0;  1 drivers
L_000001b1ef7ee900 .reduce/nor L_000001b1ef7ed960;
v000001b1ef785a30_9 .array/port v000001b1ef785a30, 9;
v000001b1ef784a90_9 .array/port v000001b1ef784a90, 9;
L_000001b1ef7ed0a0 .cmp/eq 10, v000001b1ef785a30_9, v000001b1ef784a90_9;
v000001b1ef785df0_9 .array/port v000001b1ef785df0, 9;
L_000001b1ef7edd20 .cmp/eq 10, v000001b1ef785df0_9, v000001b1ef784a90_9;
v000001b1ef785490_9 .array/port v000001b1ef785490, 9;
L_000001b1ef7ed820 .cmp/eq 16, v000001b1ef785490_9, L_000001b1ef788da8;
L_000001b1ef7ee2c0 .functor MUXZ 2, L_000001b1ef788e38, L_000001b1ef788df0, L_000001b1ef7ed820, C4<>;
L_000001b1ef7eda00 .functor MUXZ 2, L_000001b1ef7ee2c0, L_000001b1ef788d60, L_000001b1ef7edd20, C4<>;
L_000001b1ef7ee360 .functor MUXZ 2, L_000001b1ef7eda00, L_000001b1ef788d18, L_000001b1ef7ed0a0, C4<>;
L_000001b1ef7eddc0 .functor MUXZ 2, L_000001b1ef7ee360, L_000001b1ef788cd0, L_000001b1ef7ee900, C4<>;
S_000001b1ef771fe0 .scope generate, "gen_state[10]" "gen_state[10]" 7 115, 7 115 0, S_000001b1ef75ec70;
 .timescale -9 -12;
P_000001b1ef6e4d60 .param/l "g" 0 7 115, +C4<01010>;
v000001b1ef776da0_0 .net *"_ivl_1", 0 0, L_000001b1ef7ecd80;  1 drivers
L_000001b1ef788ec8 .functor BUFT 1, C4<11>, C4<0>, C4<0>, C4<0>;
v000001b1ef775860_0 .net/2u *"_ivl_10", 1 0, L_000001b1ef788ec8;  1 drivers
v000001b1ef7764e0_0 .net *"_ivl_14", 0 0, L_000001b1ef7ecf60;  1 drivers
L_000001b1ef788f10 .functor BUFT 1, C4<10>, C4<0>, C4<0>, C4<0>;
v000001b1ef7766c0_0 .net/2u *"_ivl_16", 1 0, L_000001b1ef788f10;  1 drivers
L_000001b1ef788f58 .functor BUFT 1, C4<0000000000000000>, C4<0>, C4<0>, C4<0>;
v000001b1ef776080_0 .net/2u *"_ivl_19", 15 0, L_000001b1ef788f58;  1 drivers
v000001b1ef775ae0_0 .net *"_ivl_21", 0 0, L_000001b1ef7eecc0;  1 drivers
L_000001b1ef788fa0 .functor BUFT 1, C4<01>, C4<0>, C4<0>, C4<0>;
v000001b1ef775900_0 .net/2u *"_ivl_23", 1 0, L_000001b1ef788fa0;  1 drivers
L_000001b1ef788fe8 .functor BUFT 1, C4<00>, C4<0>, C4<0>, C4<0>;
v000001b1ef7761c0_0 .net/2u *"_ivl_25", 1 0, L_000001b1ef788fe8;  1 drivers
v000001b1ef776620_0 .net *"_ivl_27", 1 0, L_000001b1ef7edf00;  1 drivers
v000001b1ef7769e0_0 .net *"_ivl_29", 1 0, L_000001b1ef7ee400;  1 drivers
v000001b1ef775cc0_0 .net *"_ivl_3", 0 0, L_000001b1ef7eeea0;  1 drivers
v000001b1ef776260_0 .net *"_ivl_31", 1 0, L_000001b1ef7edbe0;  1 drivers
L_000001b1ef788e80 .functor BUFT 1, C4<00>, C4<0>, C4<0>, C4<0>;
v000001b1ef776760_0 .net/2u *"_ivl_4", 1 0, L_000001b1ef788e80;  1 drivers
v000001b1ef776d00_0 .net *"_ivl_8", 0 0, L_000001b1ef7edaa0;  1 drivers
L_000001b1ef7eeea0 .reduce/nor L_000001b1ef7ecd80;
v000001b1ef785a30_10 .array/port v000001b1ef785a30, 10;
v000001b1ef784a90_10 .array/port v000001b1ef784a90, 10;
L_000001b1ef7edaa0 .cmp/eq 10, v000001b1ef785a30_10, v000001b1ef784a90_10;
v000001b1ef785df0_10 .array/port v000001b1ef785df0, 10;
L_000001b1ef7ecf60 .cmp/eq 10, v000001b1ef785df0_10, v000001b1ef784a90_10;
v000001b1ef785490_10 .array/port v000001b1ef785490, 10;
L_000001b1ef7eecc0 .cmp/eq 16, v000001b1ef785490_10, L_000001b1ef788f58;
L_000001b1ef7edf00 .functor MUXZ 2, L_000001b1ef788fe8, L_000001b1ef788fa0, L_000001b1ef7eecc0, C4<>;
L_000001b1ef7ee400 .functor MUXZ 2, L_000001b1ef7edf00, L_000001b1ef788f10, L_000001b1ef7ecf60, C4<>;
L_000001b1ef7edbe0 .functor MUXZ 2, L_000001b1ef7ee400, L_000001b1ef788ec8, L_000001b1ef7edaa0, C4<>;
L_000001b1ef7ee040 .functor MUXZ 2, L_000001b1ef7edbe0, L_000001b1ef788e80, L_000001b1ef7eeea0, C4<>;
S_000001b1ef772170 .scope generate, "gen_state[11]" "gen_state[11]" 7 115, 7 115 0, S_000001b1ef75ec70;
 .timescale -9 -12;
P_000001b1ef6e4d20 .param/l "g" 0 7 115, +C4<01011>;
v000001b1ef776800_0 .net *"_ivl_1", 0 0, L_000001b1ef7ee4a0;  1 drivers
L_000001b1ef789078 .functor BUFT 1, C4<11>, C4<0>, C4<0>, C4<0>;
v000001b1ef7768a0_0 .net/2u *"_ivl_10", 1 0, L_000001b1ef789078;  1 drivers
v000001b1ef7759a0_0 .net *"_ivl_14", 0 0, L_000001b1ef7ecc40;  1 drivers
L_000001b1ef7890c0 .functor BUFT 1, C4<10>, C4<0>, C4<0>, C4<0>;
v000001b1ef776300_0 .net/2u *"_ivl_16", 1 0, L_000001b1ef7890c0;  1 drivers
L_000001b1ef789108 .functor BUFT 1, C4<0000000000000000>, C4<0>, C4<0>, C4<0>;
v000001b1ef775f40_0 .net/2u *"_ivl_19", 15 0, L_000001b1ef789108;  1 drivers
v000001b1ef776120_0 .net *"_ivl_21", 0 0, L_000001b1ef7eeae0;  1 drivers
L_000001b1ef789150 .functor BUFT 1, C4<01>, C4<0>, C4<0>, C4<0>;
v000001b1ef775d60_0 .net/2u *"_ivl_23", 1 0, L_000001b1ef789150;  1 drivers
L_000001b1ef789198 .functor BUFT 1, C4<00>, C4<0>, C4<0>, C4<0>;
v000001b1ef775b80_0 .net/2u *"_ivl_25", 1 0, L_000001b1ef789198;  1 drivers
v000001b1ef775ea0_0 .net *"_ivl_27", 1 0, L_000001b1ef7ee5e0;  1 drivers
v000001b1ef776c60_0 .net *"_ivl_29", 1 0, L_000001b1ef7ee9a0;  1 drivers
v000001b1ef776e40_0 .net *"_ivl_3", 0 0, L_000001b1ef7ee0e0;  1 drivers
v000001b1ef775a40_0 .net *"_ivl_31", 1 0, L_000001b1ef7eea40;  1 drivers
L_000001b1ef789030 .functor BUFT 1, C4<00>, C4<0>, C4<0>, C4<0>;
v000001b1ef7763a0_0 .net/2u *"_ivl_4", 1 0, L_000001b1ef789030;  1 drivers
v000001b1ef775e00_0 .net *"_ivl_8", 0 0, L_000001b1ef7ee540;  1 drivers
L_000001b1ef7ee0e0 .reduce/nor L_000001b1ef7ee4a0;
v000001b1ef785a30_11 .array/port v000001b1ef785a30, 11;
v000001b1ef784a90_11 .array/port v000001b1ef784a90, 11;
L_000001b1ef7ee540 .cmp/eq 10, v000001b1ef785a30_11, v000001b1ef784a90_11;
v000001b1ef785df0_11 .array/port v000001b1ef785df0, 11;
L_000001b1ef7ecc40 .cmp/eq 10, v000001b1ef785df0_11, v000001b1ef784a90_11;
v000001b1ef785490_11 .array/port v000001b1ef785490, 11;
L_000001b1ef7eeae0 .cmp/eq 16, v000001b1ef785490_11, L_000001b1ef789108;
L_000001b1ef7ee5e0 .functor MUXZ 2, L_000001b1ef789198, L_000001b1ef789150, L_000001b1ef7eeae0, C4<>;
L_000001b1ef7ee9a0 .functor MUXZ 2, L_000001b1ef7ee5e0, L_000001b1ef7890c0, L_000001b1ef7ecc40, C4<>;
L_000001b1ef7eea40 .functor MUXZ 2, L_000001b1ef7ee9a0, L_000001b1ef789078, L_000001b1ef7ee540, C4<>;
L_000001b1ef7eeb80 .functor MUXZ 2, L_000001b1ef7eea40, L_000001b1ef789030, L_000001b1ef7ee0e0, C4<>;
S_000001b1ef772620 .scope generate, "gen_state[12]" "gen_state[12]" 7 115, 7 115 0, S_000001b1ef75ec70;
 .timescale -9 -12;
P_000001b1ef6e55e0 .param/l "g" 0 7 115, +C4<01100>;
v000001b1ef775c20_0 .net *"_ivl_1", 0 0, L_000001b1ef7eee00;  1 drivers
L_000001b1ef789228 .functor BUFT 1, C4<11>, C4<0>, C4<0>, C4<0>;
v000001b1ef776440_0 .net/2u *"_ivl_10", 1 0, L_000001b1ef789228;  1 drivers
v000001b1ef776ee0_0 .net *"_ivl_14", 0 0, L_000001b1ef7ef940;  1 drivers
L_000001b1ef789270 .functor BUFT 1, C4<10>, C4<0>, C4<0>, C4<0>;
v000001b1ef776940_0 .net/2u *"_ivl_16", 1 0, L_000001b1ef789270;  1 drivers
L_000001b1ef7892b8 .functor BUFT 1, C4<0000000000000000>, C4<0>, C4<0>, C4<0>;
v000001b1ef776a80_0 .net/2u *"_ivl_19", 15 0, L_000001b1ef7892b8;  1 drivers
v000001b1ef776b20_0 .net *"_ivl_21", 0 0, L_000001b1ef7ef800;  1 drivers
L_000001b1ef789300 .functor BUFT 1, C4<01>, C4<0>, C4<0>, C4<0>;
v000001b1ef776bc0_0 .net/2u *"_ivl_23", 1 0, L_000001b1ef789300;  1 drivers
L_000001b1ef789348 .functor BUFT 1, C4<00>, C4<0>, C4<0>, C4<0>;
v000001b1ef77c8e0_0 .net/2u *"_ivl_25", 1 0, L_000001b1ef789348;  1 drivers
v000001b1ef77bc60_0 .net *"_ivl_27", 1 0, L_000001b1ef7ef580;  1 drivers
v000001b1ef77cfc0_0 .net *"_ivl_29", 1 0, L_000001b1ef7ef3a0;  1 drivers
v000001b1ef77c5c0_0 .net *"_ivl_3", 0 0, L_000001b1ef7ecce0;  1 drivers
v000001b1ef77d100_0 .net *"_ivl_31", 1 0, L_000001b1ef7ef620;  1 drivers
L_000001b1ef7891e0 .functor BUFT 1, C4<00>, C4<0>, C4<0>, C4<0>;
v000001b1ef77d740_0 .net/2u *"_ivl_4", 1 0, L_000001b1ef7891e0;  1 drivers
v000001b1ef77ca20_0 .net *"_ivl_8", 0 0, L_000001b1ef7ece20;  1 drivers
L_000001b1ef7ecce0 .reduce/nor L_000001b1ef7eee00;
v000001b1ef785a30_12 .array/port v000001b1ef785a30, 12;
v000001b1ef784a90_12 .array/port v000001b1ef784a90, 12;
L_000001b1ef7ece20 .cmp/eq 10, v000001b1ef785a30_12, v000001b1ef784a90_12;
v000001b1ef785df0_12 .array/port v000001b1ef785df0, 12;
L_000001b1ef7ef940 .cmp/eq 10, v000001b1ef785df0_12, v000001b1ef784a90_12;
v000001b1ef785490_12 .array/port v000001b1ef785490, 12;
L_000001b1ef7ef800 .cmp/eq 16, v000001b1ef785490_12, L_000001b1ef7892b8;
L_000001b1ef7ef580 .functor MUXZ 2, L_000001b1ef789348, L_000001b1ef789300, L_000001b1ef7ef800, C4<>;
L_000001b1ef7ef3a0 .functor MUXZ 2, L_000001b1ef7ef580, L_000001b1ef789270, L_000001b1ef7ef940, C4<>;
L_000001b1ef7ef620 .functor MUXZ 2, L_000001b1ef7ef3a0, L_000001b1ef789228, L_000001b1ef7ece20, C4<>;
L_000001b1ef7ef440 .functor MUXZ 2, L_000001b1ef7ef620, L_000001b1ef7891e0, L_000001b1ef7ecce0, C4<>;
S_000001b1ef7727b0 .scope generate, "gen_state[13]" "gen_state[13]" 7 115, 7 115 0, S_000001b1ef75ec70;
 .timescale -9 -12;
P_000001b1ef6e4b20 .param/l "g" 0 7 115, +C4<01101>;
v000001b1ef77d2e0_0 .net *"_ivl_1", 0 0, L_000001b1ef7ef9e0;  1 drivers
L_000001b1ef7893d8 .functor BUFT 1, C4<11>, C4<0>, C4<0>, C4<0>;
v000001b1ef77c200_0 .net/2u *"_ivl_10", 1 0, L_000001b1ef7893d8;  1 drivers
v000001b1ef77b760_0 .net *"_ivl_14", 0 0, L_000001b1ef7ef760;  1 drivers
L_000001b1ef789420 .functor BUFT 1, C4<10>, C4<0>, C4<0>, C4<0>;
v000001b1ef77c7a0_0 .net/2u *"_ivl_16", 1 0, L_000001b1ef789420;  1 drivers
L_000001b1ef789468 .functor BUFT 1, C4<0000000000000000>, C4<0>, C4<0>, C4<0>;
v000001b1ef77cde0_0 .net/2u *"_ivl_19", 15 0, L_000001b1ef789468;  1 drivers
v000001b1ef77d600_0 .net *"_ivl_21", 0 0, L_000001b1ef7ef8a0;  1 drivers
L_000001b1ef7894b0 .functor BUFT 1, C4<01>, C4<0>, C4<0>, C4<0>;
v000001b1ef77be40_0 .net/2u *"_ivl_23", 1 0, L_000001b1ef7894b0;  1 drivers
L_000001b1ef7894f8 .functor BUFT 1, C4<00>, C4<0>, C4<0>, C4<0>;
v000001b1ef77b9e0_0 .net/2u *"_ivl_25", 1 0, L_000001b1ef7894f8;  1 drivers
v000001b1ef77b620_0 .net *"_ivl_27", 1 0, L_000001b1ef7ef300;  1 drivers
v000001b1ef77b580_0 .net *"_ivl_29", 1 0, L_000001b1ef7e8f00;  1 drivers
v000001b1ef77b1c0_0 .net *"_ivl_3", 0 0, L_000001b1ef7ef4e0;  1 drivers
v000001b1ef77c3e0_0 .net *"_ivl_31", 1 0, L_000001b1ef7ea080;  1 drivers
L_000001b1ef789390 .functor BUFT 1, C4<00>, C4<0>, C4<0>, C4<0>;
v000001b1ef77cac0_0 .net/2u *"_ivl_4", 1 0, L_000001b1ef789390;  1 drivers
v000001b1ef77ce80_0 .net *"_ivl_8", 0 0, L_000001b1ef7ef6c0;  1 drivers
L_000001b1ef7ef4e0 .reduce/nor L_000001b1ef7ef9e0;
v000001b1ef785a30_13 .array/port v000001b1ef785a30, 13;
v000001b1ef784a90_13 .array/port v000001b1ef784a90, 13;
L_000001b1ef7ef6c0 .cmp/eq 10, v000001b1ef785a30_13, v000001b1ef784a90_13;
v000001b1ef785df0_13 .array/port v000001b1ef785df0, 13;
L_000001b1ef7ef760 .cmp/eq 10, v000001b1ef785df0_13, v000001b1ef784a90_13;
v000001b1ef785490_13 .array/port v000001b1ef785490, 13;
L_000001b1ef7ef8a0 .cmp/eq 16, v000001b1ef785490_13, L_000001b1ef789468;
L_000001b1ef7ef300 .functor MUXZ 2, L_000001b1ef7894f8, L_000001b1ef7894b0, L_000001b1ef7ef8a0, C4<>;
L_000001b1ef7e8f00 .functor MUXZ 2, L_000001b1ef7ef300, L_000001b1ef789420, L_000001b1ef7ef760, C4<>;
L_000001b1ef7ea080 .functor MUXZ 2, L_000001b1ef7e8f00, L_000001b1ef7893d8, L_000001b1ef7ef6c0, C4<>;
L_000001b1ef7e9220 .functor MUXZ 2, L_000001b1ef7ea080, L_000001b1ef789390, L_000001b1ef7ef4e0, C4<>;
S_000001b1ef772ad0 .scope generate, "gen_state[14]" "gen_state[14]" 7 115, 7 115 0, S_000001b1ef75ec70;
 .timescale -9 -12;
P_000001b1ef6e4be0 .param/l "g" 0 7 115, +C4<01110>;
v000001b1ef77cb60_0 .net *"_ivl_1", 0 0, L_000001b1ef7e9900;  1 drivers
L_000001b1ef789588 .functor BUFT 1, C4<11>, C4<0>, C4<0>, C4<0>;
v000001b1ef77c840_0 .net/2u *"_ivl_10", 1 0, L_000001b1ef789588;  1 drivers
v000001b1ef77b800_0 .net *"_ivl_14", 0 0, L_000001b1ef7e8320;  1 drivers
L_000001b1ef7895d0 .functor BUFT 1, C4<10>, C4<0>, C4<0>, C4<0>;
v000001b1ef77c980_0 .net/2u *"_ivl_16", 1 0, L_000001b1ef7895d0;  1 drivers
L_000001b1ef789618 .functor BUFT 1, C4<0000000000000000>, C4<0>, C4<0>, C4<0>;
v000001b1ef77d560_0 .net/2u *"_ivl_19", 15 0, L_000001b1ef789618;  1 drivers
v000001b1ef77bb20_0 .net *"_ivl_21", 0 0, L_000001b1ef7e7ba0;  1 drivers
L_000001b1ef789660 .functor BUFT 1, C4<01>, C4<0>, C4<0>, C4<0>;
v000001b1ef77bbc0_0 .net/2u *"_ivl_23", 1 0, L_000001b1ef789660;  1 drivers
L_000001b1ef7896a8 .functor BUFT 1, C4<00>, C4<0>, C4<0>, C4<0>;
v000001b1ef77d1a0_0 .net/2u *"_ivl_25", 1 0, L_000001b1ef7896a8;  1 drivers
v000001b1ef77d6a0_0 .net *"_ivl_27", 1 0, L_000001b1ef7e90e0;  1 drivers
v000001b1ef77d7e0_0 .net *"_ivl_29", 1 0, L_000001b1ef7e8140;  1 drivers
v000001b1ef77cf20_0 .net *"_ivl_3", 0 0, L_000001b1ef7e8fa0;  1 drivers
v000001b1ef77c700_0 .net *"_ivl_31", 1 0, L_000001b1ef7e9040;  1 drivers
L_000001b1ef789540 .functor BUFT 1, C4<00>, C4<0>, C4<0>, C4<0>;
v000001b1ef77b120_0 .net/2u *"_ivl_4", 1 0, L_000001b1ef789540;  1 drivers
v000001b1ef77d060_0 .net *"_ivl_8", 0 0, L_000001b1ef7e7b00;  1 drivers
L_000001b1ef7e8fa0 .reduce/nor L_000001b1ef7e9900;
v000001b1ef785a30_14 .array/port v000001b1ef785a30, 14;
v000001b1ef784a90_14 .array/port v000001b1ef784a90, 14;
L_000001b1ef7e7b00 .cmp/eq 10, v000001b1ef785a30_14, v000001b1ef784a90_14;
v000001b1ef785df0_14 .array/port v000001b1ef785df0, 14;
L_000001b1ef7e8320 .cmp/eq 10, v000001b1ef785df0_14, v000001b1ef784a90_14;
v000001b1ef785490_14 .array/port v000001b1ef785490, 14;
L_000001b1ef7e7ba0 .cmp/eq 16, v000001b1ef785490_14, L_000001b1ef789618;
L_000001b1ef7e90e0 .functor MUXZ 2, L_000001b1ef7896a8, L_000001b1ef789660, L_000001b1ef7e7ba0, C4<>;
L_000001b1ef7e8140 .functor MUXZ 2, L_000001b1ef7e90e0, L_000001b1ef7895d0, L_000001b1ef7e8320, C4<>;
L_000001b1ef7e9040 .functor MUXZ 2, L_000001b1ef7e8140, L_000001b1ef789588, L_000001b1ef7e7b00, C4<>;
L_000001b1ef7e8dc0 .functor MUXZ 2, L_000001b1ef7e9040, L_000001b1ef789540, L_000001b1ef7e8fa0, C4<>;
S_000001b1ef771040 .scope generate, "gen_state[15]" "gen_state[15]" 7 115, 7 115 0, S_000001b1ef75ec70;
 .timescale -9 -12;
P_000001b1ef6e5420 .param/l "g" 0 7 115, +C4<01111>;
v000001b1ef77c480_0 .net *"_ivl_1", 0 0, L_000001b1ef7e9860;  1 drivers
L_000001b1ef789738 .functor BUFT 1, C4<11>, C4<0>, C4<0>, C4<0>;
v000001b1ef77cc00_0 .net/2u *"_ivl_10", 1 0, L_000001b1ef789738;  1 drivers
v000001b1ef77cca0_0 .net *"_ivl_14", 0 0, L_000001b1ef7e92c0;  1 drivers
L_000001b1ef789780 .functor BUFT 1, C4<10>, C4<0>, C4<0>, C4<0>;
v000001b1ef77d380_0 .net/2u *"_ivl_16", 1 0, L_000001b1ef789780;  1 drivers
L_000001b1ef7897c8 .functor BUFT 1, C4<0000000000000000>, C4<0>, C4<0>, C4<0>;
v000001b1ef77d240_0 .net/2u *"_ivl_19", 15 0, L_000001b1ef7897c8;  1 drivers
v000001b1ef77b080_0 .net *"_ivl_21", 0 0, L_000001b1ef7e7c40;  1 drivers
L_000001b1ef789810 .functor BUFT 1, C4<01>, C4<0>, C4<0>, C4<0>;
v000001b1ef77bee0_0 .net/2u *"_ivl_23", 1 0, L_000001b1ef789810;  1 drivers
L_000001b1ef789858 .functor BUFT 1, C4<00>, C4<0>, C4<0>, C4<0>;
v000001b1ef77d420_0 .net/2u *"_ivl_25", 1 0, L_000001b1ef789858;  1 drivers
v000001b1ef77cd40_0 .net *"_ivl_27", 1 0, L_000001b1ef7e99a0;  1 drivers
v000001b1ef77bf80_0 .net *"_ivl_29", 1 0, L_000001b1ef7e83c0;  1 drivers
v000001b1ef77c160_0 .net *"_ivl_3", 0 0, L_000001b1ef7e9180;  1 drivers
v000001b1ef77d4c0_0 .net *"_ivl_31", 1 0, L_000001b1ef7e8be0;  1 drivers
L_000001b1ef7896f0 .functor BUFT 1, C4<00>, C4<0>, C4<0>, C4<0>;
v000001b1ef77b260_0 .net/2u *"_ivl_4", 1 0, L_000001b1ef7896f0;  1 drivers
v000001b1ef77b6c0_0 .net *"_ivl_8", 0 0, L_000001b1ef7e7d80;  1 drivers
L_000001b1ef7e9180 .reduce/nor L_000001b1ef7e9860;
v000001b1ef785a30_15 .array/port v000001b1ef785a30, 15;
v000001b1ef784a90_15 .array/port v000001b1ef784a90, 15;
L_000001b1ef7e7d80 .cmp/eq 10, v000001b1ef785a30_15, v000001b1ef784a90_15;
v000001b1ef785df0_15 .array/port v000001b1ef785df0, 15;
L_000001b1ef7e92c0 .cmp/eq 10, v000001b1ef785df0_15, v000001b1ef784a90_15;
v000001b1ef785490_15 .array/port v000001b1ef785490, 15;
L_000001b1ef7e7c40 .cmp/eq 16, v000001b1ef785490_15, L_000001b1ef7897c8;
L_000001b1ef7e99a0 .functor MUXZ 2, L_000001b1ef789858, L_000001b1ef789810, L_000001b1ef7e7c40, C4<>;
L_000001b1ef7e83c0 .functor MUXZ 2, L_000001b1ef7e99a0, L_000001b1ef789780, L_000001b1ef7e92c0, C4<>;
L_000001b1ef7e8be0 .functor MUXZ 2, L_000001b1ef7e83c0, L_000001b1ef789738, L_000001b1ef7e7d80, C4<>;
L_000001b1ef7ea120 .functor MUXZ 2, L_000001b1ef7e8be0, L_000001b1ef7896f0, L_000001b1ef7e9180, C4<>;
S_000001b1ef772940 .scope task, "wait_for_cores" "wait_for_cores" 3 92, 3 92 0, S_000001b1ef7087b0;
 .timescale -9 -12;
v000001b1ef786b10_0 .var/2s "current_cores", 31 0;
v000001b1ef7869d0_0 .var/2s "target_cores", 31 0;
TD_controller_tb.wait_for_cores ;
T_4.15 ;
    %wait E_000001b1ef6ebd60;
    %vpi_func 3 96 "$countones" 32, v000001b1ef6cf080_0 {0 0 0};
    %cast2;
    %store/vec4 v000001b1ef786b10_0, 0, 32;
    %load/vec4 v000001b1ef786b10_0;
    %load/vec4 v000001b1ef7869d0_0;
    %cmp/ne;
    %jmp/1 T_4.15, 4;
    %end;
    .scope S_000001b1ef702610;
T_5 ;
    %pushi/vec4 0, 0, 8;
    %store/vec4 v000001b1ef75d0c0_0, 0, 8;
    %pushi/vec4 0, 0, 8;
    %store/vec4 v000001b1ef75d660_0, 0, 8;
    %pushi/vec4 0, 0, 8;
    %store/vec4 v000001b1ef75d700_0, 0, 8;
    %pushi/vec4 0, 0, 8;
    %store/vec4 v000001b1ef75c300_0, 0, 8;
    %end;
    .thread T_5, $init;
    .scope S_000001b1ef702610;
T_6 ;
    %wait E_000001b1ef6ebf20;
    %load/vec4 v000001b1ef75dc00_0;
    %nor/r;
    %flag_set/vec4 8;
    %jmp/0xz  T_6.0, 8;
    %pushi/vec4 0, 0, 8;
    %assign/vec4 v000001b1ef75d0c0_0, 0;
    %pushi/vec4 0, 0, 8;
    %assign/vec4 v000001b1ef75d700_0, 0;
    %jmp T_6.1;
T_6.0 ;
    %load/vec4 v000001b1ef75db60_0;
    %flag_set/vec4 9;
    %flag_get/vec4 9;
    %jmp/0 T_6.4, 9;
    %load/vec4 v000001b1ef75d520_0;
    %nor/r;
    %and;
T_6.4;
    %flag_set/vec4 8;
    %jmp/0xz  T_6.2, 8;
    %load/vec4 v000001b1ef75dd40_0;
    %load/vec4 v000001b1ef75d0c0_0;
    %parti/s 7, 0, 2;
    %pad/u 9;
    %ix/vec4 3;
    %ix/load 4, 0, 0; Constant delay
    %assign/vec4/a/d v000001b1ef75dde0, 0, 4;
    %load/vec4 v000001b1ef75d0c0_0;
    %addi 1, 0, 8;
    %assign/vec4 v000001b1ef75d0c0_0, 0;
    %load/vec4 v000001b1ef75d0c0_0;
    %pad/u 32;
    %addi 1, 0, 32;
    %load/vec4 v000001b1ef75d0c0_0;
    %pad/u 32;
    %addi 1, 0, 32;
    %ix/load 4, 1, 0;
    %flag_set/imm 4, 0;
    %shiftr 4;
    %xor;
    %pad/u 8;
    %assign/vec4 v000001b1ef75d700_0, 0;
T_6.2 ;
T_6.1 ;
    %jmp T_6;
    .thread T_6;
    .scope S_000001b1ef702610;
T_7 ;
    %wait E_000001b1ef6ebf20;
    %load/vec4 v000001b1ef75dc00_0;
    %nor/r;
    %flag_set/vec4 8;
    %jmp/0xz  T_7.0, 8;
    %pushi/vec4 0, 0, 8;
    %assign/vec4 v000001b1ef75d660_0, 0;
    %pushi/vec4 0, 0, 8;
    %assign/vec4 v000001b1ef75c300_0, 0;
    %jmp T_7.1;
T_7.0 ;
    %load/vec4 v000001b1ef75c260_0;
    %flag_set/vec4 9;
    %flag_get/vec4 9;
    %jmp/0 T_7.4, 9;
    %load/vec4 v000001b1ef75d480_0;
    %nor/r;
    %and;
T_7.4;
    %flag_set/vec4 8;
    %jmp/0xz  T_7.2, 8;
    %load/vec4 v000001b1ef75d660_0;
    %addi 1, 0, 8;
    %assign/vec4 v000001b1ef75d660_0, 0;
    %load/vec4 v000001b1ef75d660_0;
    %pad/u 32;
    %addi 1, 0, 32;
    %load/vec4 v000001b1ef75d660_0;
    %pad/u 32;
    %addi 1, 0, 32;
    %ix/load 4, 1, 0;
    %flag_set/imm 4, 0;
    %shiftr 4;
    %xor;
    %pad/u 8;
    %assign/vec4 v000001b1ef75c300_0, 0;
T_7.2 ;
T_7.1 ;
    %jmp T_7;
    .thread T_7;
    .scope S_000001b1ef75ec70;
T_8 ;
    %wait E_000001b1ef6e56a0;
    %load/vec4 v000001b1ef784450_0;
    %dup/vec4;
    %pushi/vec4 0, 0, 2;
    %cmp/u;
    %jmp/1 T_8.0, 6;
    %dup/vec4;
    %pushi/vec4 1, 0, 2;
    %cmp/u;
    %jmp/1 T_8.1, 6;
    %dup/vec4;
    %pushi/vec4 2, 0, 2;
    %cmp/u;
    %jmp/1 T_8.2, 6;
    %dup/vec4;
    %pushi/vec4 3, 0, 2;
    %cmp/u;
    %jmp/1 T_8.3, 6;
    %jmp T_8.4;
T_8.0 ;
    %load/vec4 v000001b1ef785530_0;
    %parti/s 4, 0, 2;
    %store/vec4 v000001b1ef7846d0_0, 0, 4;
    %jmp T_8.4;
T_8.1 ;
    %load/vec4 v000001b1ef785530_0;
    %parti/s 4, 4, 4;
    %store/vec4 v000001b1ef7846d0_0, 0, 4;
    %jmp T_8.4;
T_8.2 ;
    %load/vec4 v000001b1ef785530_0;
    %parti/s 4, 8, 5;
    %store/vec4 v000001b1ef7846d0_0, 0, 4;
    %jmp T_8.4;
T_8.3 ;
    %load/vec4 v000001b1ef785530_0;
    %parti/s 4, 12, 5;
    %store/vec4 v000001b1ef7846d0_0, 0, 4;
    %jmp T_8.4;
T_8.4 ;
    %pop/vec4 1;
    %jmp T_8;
    .thread T_8, $push;
    .scope S_000001b1ef75ec70;
T_9 ;
    %wait E_000001b1ef6e4ee0;
    %load/vec4 v000001b1ef784450_0;
    %load/vec4 v000001b1ef784bd0_0;
    %concat/vec4; draw_concat_vec4
    %store/vec4 v000001b1ef7852b0_0, 0, 4;
    %jmp T_9;
    .thread T_9, $push;
    .scope S_000001b1ef75ec70;
T_10 ;
    %wait E_000001b1ef6ec060;
    %load/vec4 v000001b1ef786610_0;
    %dup/vec4;
    %pushi/vec4 0, 0, 2;
    %cmp/u;
    %jmp/1 T_10.0, 6;
    %dup/vec4;
    %pushi/vec4 1, 0, 2;
    %cmp/u;
    %jmp/1 T_10.1, 6;
    %dup/vec4;
    %pushi/vec4 2, 0, 2;
    %cmp/u;
    %jmp/1 T_10.2, 6;
    %dup/vec4;
    %pushi/vec4 3, 0, 2;
    %cmp/u;
    %jmp/1 T_10.3, 6;
    %jmp T_10.4;
T_10.0 ;
    %load/vec4 v000001b1ef786110_0;
    %parti/s 4, 0, 2;
    %store/vec4 v000001b1ef784c70_0, 0, 4;
    %jmp T_10.4;
T_10.1 ;
    %load/vec4 v000001b1ef786110_0;
    %parti/s 4, 4, 4;
    %store/vec4 v000001b1ef784c70_0, 0, 4;
    %jmp T_10.4;
T_10.2 ;
    %load/vec4 v000001b1ef786110_0;
    %parti/s 4, 8, 5;
    %store/vec4 v000001b1ef784c70_0, 0, 4;
    %jmp T_10.4;
T_10.3 ;
    %load/vec4 v000001b1ef786110_0;
    %parti/s 4, 12, 5;
    %store/vec4 v000001b1ef784c70_0, 0, 4;
    %jmp T_10.4;
T_10.4 ;
    %pop/vec4 1;
    %jmp T_10;
    .thread T_10, $push;
    .scope S_000001b1ef75ec70;
T_11 ;
    %wait E_000001b1ef6ec020;
    %load/vec4 v000001b1ef786610_0;
    %load/vec4 v000001b1ef7850d0_0;
    %concat/vec4; draw_concat_vec4
    %store/vec4 v000001b1ef786750_0, 0, 4;
    %jmp T_11;
    .thread T_11, $push;
    .scope S_000001b1ef75ec70;
T_12 ;
    %wait E_000001b1ef6ebf20;
    %load/vec4 v000001b1ef7857b0_0;
    %nor/r;
    %flag_set/vec4 8;
    %jmp/0xz  T_12.0, 8;
    %pushi/vec4 0, 0, 16;
    %assign/vec4 v000001b1ef785fd0_0, 0;
    %pushi/vec4 0, 0, 1;
    %assign/vec4 v000001b1ef785170_0, 0;
    %pushi/vec4 0, 0, 4;
    %assign/vec4 v000001b1ef785f30_0, 0;
    %pushi/vec4 0, 0, 10;
    %assign/vec4 v000001b1ef785cb0_0, 0;
    %pushi/vec4 0, 0, 10;
    %assign/vec4 v000001b1ef785350_0, 0;
    %pushi/vec4 0, 0, 32;
    %assign/vec4 v000001b1ef785ad0_0, 0;
    %pushi/vec4 0, 0, 6;
    %assign/vec4 v000001b1ef785e90_0, 0;
    %pushi/vec4 0, 0, 2;
    %assign/vec4 v000001b1ef785210_0, 0;
    %pushi/vec4 0, 0, 32;
    %store/vec4 v000001b1ef7855d0_0, 0, 32;
T_12.2 ;
    %load/vec4 v000001b1ef7855d0_0;
    %cmpi/s 16, 0, 32;
    %jmp/0xz T_12.3, 5;
    %pushi/vec4 0, 0, 10;
    %ix/getv/s 3, v000001b1ef7855d0_0;
    %ix/load 4, 0, 0; Constant delay
    %assign/vec4/a/d v000001b1ef784090, 0, 4;
    %pushi/vec4 0, 0, 10;
    %ix/getv/s 3, v000001b1ef7855d0_0;
    %ix/load 4, 0, 0; Constant delay
    %assign/vec4/a/d v000001b1ef784a90, 0, 4;
    %pushi/vec4 0, 0, 32;
    %ix/getv/s 3, v000001b1ef7855d0_0;
    %ix/load 4, 0, 0; Constant delay
    %assign/vec4/a/d v000001b1ef7867f0, 0, 4;
    %pushi/vec4 0, 0, 10;
    %ix/getv/s 3, v000001b1ef7855d0_0;
    %ix/load 4, 0, 0; Constant delay
    %assign/vec4/a/d v000001b1ef785df0, 0, 4;
    %pushi/vec4 0, 0, 10;
    %ix/getv/s 3, v000001b1ef7855d0_0;
    %ix/load 4, 0, 0; Constant delay
    %assign/vec4/a/d v000001b1ef785a30, 0, 4;
    %pushi/vec4 0, 0, 16;
    %ix/getv/s 3, v000001b1ef7855d0_0;
    %ix/load 4, 0, 0; Constant delay
    %assign/vec4/a/d v000001b1ef785490, 0, 4;
    %load/vec4 v000001b1ef7855d0_0;
    %addi 1, 0, 32;
    %store/vec4 v000001b1ef7855d0_0, 0, 32;
    %jmp T_12.2;
T_12.3 ;
    %jmp T_12.1;
T_12.0 ;
    %pushi/vec4 0, 0, 1;
    %assign/vec4 v000001b1ef785170_0, 0;
    %pushi/vec4 0, 0, 2;
    %assign/vec4 v000001b1ef785210_0, 0;
    %load/vec4 v000001b1ef784b30_0;
    %flag_set/vec4 8;
    %jmp/0xz  T_12.4, 8;
    %pushi/vec4 1, 0, 1;
    %ix/load 5, 0, 0;
    %ix/getv 4, v000001b1ef7852b0_0;
    %assign/vec4/off/d v000001b1ef785fd0_0, 4, 5;
    %load/vec4 v000001b1ef784130_0;
    %load/vec4 v000001b1ef7852b0_0;
    %pad/u 6;
    %ix/vec4 3;
    %ix/load 4, 0, 0; Constant delay
    %assign/vec4/a/d v000001b1ef784090, 0, 4;
    %load/vec4 v000001b1ef786570_0;
    %load/vec4 v000001b1ef7852b0_0;
    %pad/u 6;
    %ix/vec4 3;
    %ix/load 4, 0, 0; Constant delay
    %assign/vec4/a/d v000001b1ef784a90, 0, 4;
    %load/vec4 v000001b1ef785850_0;
    %load/vec4 v000001b1ef7852b0_0;
    %pad/u 6;
    %ix/vec4 3;
    %ix/load 4, 0, 0; Constant delay
    %assign/vec4/a/d v000001b1ef7867f0, 0, 4;
    %pushi/vec4 0, 0, 10;
    %load/vec4 v000001b1ef7852b0_0;
    %pad/u 6;
    %ix/vec4 3;
    %ix/load 4, 0, 0; Constant delay
    %assign/vec4/a/d v000001b1ef785df0, 0, 4;
    %pushi/vec4 0, 0, 10;
    %load/vec4 v000001b1ef7852b0_0;
    %pad/u 6;
    %ix/vec4 3;
    %ix/load 4, 0, 0; Constant delay
    %assign/vec4/a/d v000001b1ef785a30, 0, 4;
    %load/vec4 v000001b1ef784630_0;
    %load/vec4 v000001b1ef7852b0_0;
    %pad/u 6;
    %ix/vec4 3;
    %ix/load 4, 0, 0; Constant delay
    %assign/vec4/a/d v000001b1ef785490, 0, 4;
T_12.4 ;
    %load/vec4 v000001b1ef785b70_0;
    %flag_set/vec4 9;
    %flag_get/vec4 9;
    %jmp/0 T_12.8, 9;
    %load/vec4 v000001b1ef785d50_0;
    %and;
T_12.8;
    %flag_set/vec4 8;
    %jmp/0xz  T_12.6, 8;
    %pushi/vec4 1, 0, 1;
    %assign/vec4 v000001b1ef785170_0, 0;
    %load/vec4 v000001b1ef786750_0;
    %assign/vec4 v000001b1ef785f30_0, 0;
    %load/vec4 v000001b1ef786750_0;
    %pad/u 6;
    %ix/vec4 4;
    %load/vec4a v000001b1ef784090, 4;
    %assign/vec4 v000001b1ef785cb0_0, 0;
    %load/vec4 v000001b1ef786750_0;
    %pad/u 6;
    %ix/vec4 4;
    %load/vec4a v000001b1ef785df0, 4;
    %assign/vec4 v000001b1ef785350_0, 0;
    %load/vec4 v000001b1ef786750_0;
    %pad/u 6;
    %ix/vec4 4;
    %load/vec4a v000001b1ef7867f0, 4;
    %assign/vec4 v000001b1ef785ad0_0, 0;
    %load/vec4 v000001b1ef786250_0;
    %assign/vec4 v000001b1ef785e90_0, 0;
    %load/vec4 v000001b1ef786750_0;
    %pad/u 6;
    %ix/vec4 4;
    %load/vec4a v000001b1ef785df0, 4;
    %addi 1, 0, 10;
    %load/vec4 v000001b1ef786750_0;
    %pad/u 6;
    %ix/vec4 3;
    %ix/load 4, 0, 0; Constant delay
    %assign/vec4/a/d v000001b1ef785df0, 0, 4;
T_12.6 ;
    %load/vec4 v000001b1ef7849f0_0;
    %flag_set/vec4 9;
    %flag_get/vec4 9;
    %jmp/0 T_12.11, 9;
    %load/vec4 v000001b1ef785fd0_0;
    %load/vec4 v000001b1ef785c10_0;
    %part/u 1;
    %and;
T_12.11;
    %flag_set/vec4 8;
    %jmp/0xz  T_12.9, 8;
    %load/vec4 v000001b1ef785c10_0;
    %pad/u 6;
    %ix/vec4 4;
    %load/vec4a v000001b1ef785a30, 4;
    %addi 1, 0, 10;
    %load/vec4 v000001b1ef785c10_0;
    %pad/u 6;
    %ix/vec4 3;
    %ix/load 4, 0, 0; Constant delay
    %assign/vec4/a/d v000001b1ef785a30, 0, 4;
    %load/vec4 v000001b1ef785c10_0;
    %pad/u 6;
    %ix/vec4 4;
    %load/vec4a v000001b1ef785a30, 4;
    %addi 1, 0, 10;
    %load/vec4 v000001b1ef785c10_0;
    %pad/u 6;
    %ix/vec4 4;
    %load/vec4a v000001b1ef784a90, 4;
    %cmp/e;
    %jmp/0xz  T_12.12, 4;
    %pushi/vec4 0, 0, 1;
    %ix/load 5, 0, 0;
    %ix/getv 4, v000001b1ef785c10_0;
    %assign/vec4/off/d v000001b1ef785fd0_0, 4, 5;
    %pushi/vec4 0, 0, 32;
    %store/vec4 v000001b1ef785990_0, 0, 32;
T_12.14 ;
    %load/vec4 v000001b1ef785990_0;
    %cmpi/s 16, 0, 32;
    %jmp/0xz T_12.15, 5;
    %pushi/vec4 0, 0, 1;
    %ix/getv/s 4, v000001b1ef785990_0;
    %flag_mov 8, 4;
    %ix/getv 5, v000001b1ef785c10_0;
    %flag_or 8, 4;
    %ix/load 6, 0, 0; Constant delay
    %ix/mov 3, 4;
    %flag_mov 4, 8;
    %assign/vec4/a/d v000001b1ef785490, 5, 6;
    %load/vec4 v000001b1ef785990_0;
    %addi 1, 0, 32;
    %store/vec4 v000001b1ef785990_0, 0, 32;
    %jmp T_12.14;
T_12.15 ;
T_12.12 ;
T_12.9 ;
    %load/vec4 v000001b1ef785fd0_0;
    %cmpi/e 65535, 0, 16;
    %flag_get/vec4 4;
    %jmp/0 T_12.18, 4;
    %load/vec4 v000001b1ef785d50_0;
    %nor/r;
    %and;
T_12.18;
    %flag_set/vec4 8;
    %jmp/0xz  T_12.16, 8;
    %pushi/vec4 1, 0, 2;
    %assign/vec4 v000001b1ef785210_0, 0;
T_12.16 ;
T_12.1 ;
    %jmp T_12;
    .thread T_12;
    .scope S_000001b1ef5baf30;
T_13 ;
    %wait E_000001b1ef6ebfa0;
    %load/vec4 v000001b1ef6cf800_0;
    %or/r;
    %store/vec4 v000001b1ef75c080_0, 0, 1;
    %pushi/vec4 0, 0, 6;
    %store/vec4 v000001b1ef6cf580_0, 0, 6;
    %load/vec4 v000001b1ef75c120_0;
    %pushi/vec4 2863311530, 0, 32;
    %concati/vec4 2863311530, 0, 32;
    %and;
    %or/r;
    %ix/load 4, 0, 0;
    %flag_set/imm 4, 0;
    %store/vec4 v000001b1ef6cf580_0, 4, 1;
    %load/vec4 v000001b1ef75c120_0;
    %pushi/vec4 3435973836, 0, 32;
    %concati/vec4 3435973836, 0, 32;
    %and;
    %or/r;
    %ix/load 4, 1, 0;
    %flag_set/imm 4, 0;
    %store/vec4 v000001b1ef6cf580_0, 4, 1;
    %load/vec4 v000001b1ef75c120_0;
    %pushi/vec4 4042322160, 0, 32;
    %concati/vec4 4042322160, 0, 32;
    %and;
    %or/r;
    %ix/load 4, 2, 0;
    %flag_set/imm 4, 0;
    %store/vec4 v000001b1ef6cf580_0, 4, 1;
    %load/vec4 v000001b1ef75c120_0;
    %pushi/vec4 4278255360, 0, 32;
    %concati/vec4 4278255360, 0, 32;
    %and;
    %or/r;
    %ix/load 4, 3, 0;
    %flag_set/imm 4, 0;
    %store/vec4 v000001b1ef6cf580_0, 4, 1;
    %load/vec4 v000001b1ef75c120_0;
    %pushi/vec4 4294901760, 0, 32;
    %concati/vec4 4294901760, 0, 32;
    %and;
    %or/r;
    %ix/load 4, 4, 0;
    %flag_set/imm 4, 0;
    %store/vec4 v000001b1ef6cf580_0, 4, 1;
    %load/vec4 v000001b1ef75c120_0;
    %pushi/vec4 4294967295, 0, 32;
    %concati/vec4 0, 0, 32;
    %and;
    %or/r;
    %ix/load 4, 5, 0;
    %flag_set/imm 4, 0;
    %store/vec4 v000001b1ef6cf580_0, 4, 1;
    %jmp T_13;
    .thread T_13, $push;
    .scope S_000001b1ef5baf30;
T_14 ;
    %wait E_000001b1ef6ebf60;
    %load/vec4 v000001b1ef6ce900_0;
    %or/r;
    %store/vec4 v000001b1ef75cf80_0, 0, 1;
    %pushi/vec4 0, 0, 6;
    %store/vec4 v000001b1ef75d340_0, 0, 6;
    %load/vec4 v000001b1ef75d840_0;
    %pushi/vec4 2863311530, 0, 32;
    %concati/vec4 2863311530, 0, 32;
    %and;
    %or/r;
    %ix/load 4, 0, 0;
    %flag_set/imm 4, 0;
    %store/vec4 v000001b1ef75d340_0, 4, 1;
    %load/vec4 v000001b1ef75d840_0;
    %pushi/vec4 3435973836, 0, 32;
    %concati/vec4 3435973836, 0, 32;
    %and;
    %or/r;
    %ix/load 4, 1, 0;
    %flag_set/imm 4, 0;
    %store/vec4 v000001b1ef75d340_0, 4, 1;
    %load/vec4 v000001b1ef75d840_0;
    %pushi/vec4 4042322160, 0, 32;
    %concati/vec4 4042322160, 0, 32;
    %and;
    %or/r;
    %ix/load 4, 2, 0;
    %flag_set/imm 4, 0;
    %store/vec4 v000001b1ef75d340_0, 4, 1;
    %load/vec4 v000001b1ef75d840_0;
    %pushi/vec4 4278255360, 0, 32;
    %concati/vec4 4278255360, 0, 32;
    %and;
    %or/r;
    %ix/load 4, 3, 0;
    %flag_set/imm 4, 0;
    %store/vec4 v000001b1ef75d340_0, 4, 1;
    %load/vec4 v000001b1ef75d840_0;
    %pushi/vec4 4294901760, 0, 32;
    %concati/vec4 4294901760, 0, 32;
    %and;
    %or/r;
    %ix/load 4, 4, 0;
    %flag_set/imm 4, 0;
    %store/vec4 v000001b1ef75d340_0, 4, 1;
    %load/vec4 v000001b1ef75d840_0;
    %pushi/vec4 4294967295, 0, 32;
    %concati/vec4 0, 0, 32;
    %and;
    %or/r;
    %ix/load 4, 5, 0;
    %flag_set/imm 4, 0;
    %store/vec4 v000001b1ef75d340_0, 4, 1;
    %jmp T_14;
    .thread T_14, $push;
    .scope S_000001b1ef5baf30;
T_15 ;
    %wait E_000001b1ef6ebf20;
    %load/vec4 v000001b1ef6ceae0_0;
    %nor/r;
    %flag_set/vec4 8;
    %jmp/0xz  T_15.0, 8;
    %pushi/vec4 0, 0, 64;
    %assign/vec4 v000001b1ef6cf080_0, 0;
    %pushi/vec4 0, 0, 1;
    %assign/vec4 v000001b1ef75ca80_0, 0;
    %pushi/vec4 0, 0, 4;
    %assign/vec4 v000001b1ef75cb20_0, 0;
    %pushi/vec4 0, 0, 1;
    %assign/vec4 v000001b1ef75da20_0, 0;
    %pushi/vec4 0, 0, 6;
    %assign/vec4 v000001b1ef75d020_0, 0;
    %pushi/vec4 0, 0, 2;
    %assign/vec4 v000001b1ef75c9e0_0, 0;
    %pushi/vec4 0, 0, 32;
    %store/vec4 v000001b1ef75d7a0_0, 0, 32;
T_15.2 ;
    %load/vec4 v000001b1ef75d7a0_0;
    %cmpi/s 64, 0, 32;
    %jmp/0xz T_15.3, 5;
    %pushi/vec4 0, 0, 4;
    %ix/getv/s 3, v000001b1ef75d7a0_0;
    %ix/load 4, 0, 0; Constant delay
    %assign/vec4/a/d v000001b1ef6ce720, 0, 4;
    %pushi/vec4 0, 0, 10;
    %ix/getv/s 3, v000001b1ef75d7a0_0;
    %ix/load 4, 0, 0; Constant delay
    %assign/vec4/a/d v000001b1ef6cf8a0, 0, 4;
    %pushi/vec4 0, 0, 10;
    %ix/getv/s 3, v000001b1ef75d7a0_0;
    %ix/load 4, 0, 0; Constant delay
    %assign/vec4/a/d v000001b1ef6cf260, 0, 4;
    %load/vec4 v000001b1ef75d7a0_0;
    %addi 1, 0, 32;
    %store/vec4 v000001b1ef75d7a0_0, 0, 32;
    %jmp T_15.2;
T_15.3 ;
    %jmp T_15.1;
T_15.0 ;
    %pushi/vec4 0, 0, 1;
    %assign/vec4 v000001b1ef75ca80_0, 0;
    %pushi/vec4 0, 0, 1;
    %assign/vec4 v000001b1ef75da20_0, 0;
    %pushi/vec4 0, 0, 2;
    %assign/vec4 v000001b1ef75c9e0_0, 0;
    %load/vec4 v000001b1ef6cef40_0;
    %flag_set/vec4 9;
    %flag_get/vec4 9;
    %jmp/0 T_15.6, 9;
    %load/vec4 v000001b1ef75d8e0_0;
    %and;
T_15.6;
    %flag_set/vec4 8;
    %jmp/0xz  T_15.4, 8;
    %pushi/vec4 1, 0, 1;
    %ix/load 5, 0, 0;
    %ix/getv 4, v000001b1ef75c620_0;
    %assign/vec4/off/d v000001b1ef6cf080_0, 4, 5;
    %load/vec4 v000001b1ef6cf440_0;
    %load/vec4 v000001b1ef75c620_0;
    %pad/u 8;
    %ix/vec4 3;
    %ix/load 4, 0, 0; Constant delay
    %assign/vec4/a/d v000001b1ef6ce720, 0, 4;
    %load/vec4 v000001b1ef6cee00_0;
    %load/vec4 v000001b1ef75c620_0;
    %pad/u 8;
    %ix/vec4 3;
    %ix/load 4, 0, 0; Constant delay
    %assign/vec4/a/d v000001b1ef6cf8a0, 0, 4;
    %load/vec4 v000001b1ef6cea40_0;
    %load/vec4 v000001b1ef75c620_0;
    %pad/u 8;
    %ix/vec4 3;
    %ix/load 4, 0, 0; Constant delay
    %assign/vec4/a/d v000001b1ef6cf260, 0, 4;
T_15.4 ;
    %load/vec4 v000001b1ef75cf80_0;
    %flag_set/vec4 8;
    %jmp/0xz  T_15.7, 8;
    %pushi/vec4 1, 0, 1;
    %assign/vec4 v000001b1ef75ca80_0, 0;
    %load/vec4 v000001b1ef75d340_0;
    %pad/u 8;
    %ix/vec4 4;
    %load/vec4a v000001b1ef6ce720, 4;
    %assign/vec4 v000001b1ef75cb20_0, 0;
    %pushi/vec4 1, 0, 1;
    %assign/vec4 v000001b1ef75da20_0, 0;
    %load/vec4 v000001b1ef75d340_0;
    %assign/vec4 v000001b1ef75d020_0, 0;
    %pushi/vec4 0, 0, 1;
    %ix/load 5, 0, 0;
    %ix/getv 4, v000001b1ef75d340_0;
    %assign/vec4/off/d v000001b1ef6cf080_0, 4, 5;
    %load/vec4 v000001b1ef6cf080_0;
    %load/vec4 v000001b1ef75d340_0;
    %part/u 1;
    %nor/r;
    %flag_set/vec4 8;
    %jmp/0xz  T_15.9, 8;
    %pushi/vec4 2, 0, 2;
    %assign/vec4 v000001b1ef75c9e0_0, 0;
T_15.9 ;
T_15.7 ;
T_15.1 ;
    %jmp T_15;
    .thread T_15;
    .scope S_000001b1ef7087b0;
T_16 ;
    %pushi/vec4 0, 0, 1;
    %store/vec4 v000001b1ef786a70_0, 0, 1;
T_16.0 ;
    %delay 1666, 0;
    %load/vec4 v000001b1ef786a70_0;
    %inv;
    %store/vec4 v000001b1ef786a70_0, 0, 1;
    %jmp T_16.0;
    %end;
    .thread T_16;
    .scope S_000001b1ef7087b0;
T_17 ;
    %delay 2000000000, 0;
    %vpi_call/w 3 62 "$display", "\012\033[0;31m[FATAL] Watchdog Timer Expired!\033[0m" {0 0 0};
    %vpi_call/w 3 63 "$finish" {0 0 0};
    %end;
    .thread T_17;
    .scope S_000001b1ef7087b0;
T_18 ;
    %wait E_000001b1ef6ebca0;
    %load/vec4 v000001b1ef77f1d0_0;
    %flag_set/vec4 9;
    %flag_get/vec4 9;
    %jmp/0 T_18.2, 9;
    %load/vec4 v000001b1ef780990_0;
    %and;
T_18.2;
    %flag_set/vec4 8;
    %jmp/0xz  T_18.0, 8;
    %pushi/vec4 0, 0, 1;
    %ix/getv 4, v000001b1ef780e90_0;
    %store/vec4 v000001b1ef786bb0_0, 4, 1;
T_18.0 ;
    %jmp T_18;
    .thread T_18;
    .scope S_000001b1ef7087b0;
T_19 ;
    %pushi/vec4 0, 0, 1;
    %store/vec4 v000001b1ef77f1d0_0, 0, 1;
    %pushi/vec4 0, 0, 1;
    %store/vec4 v000001b1ef786f70_0, 0, 1;
    %pushi/vec4 0, 0, 64;
    %store/vec4 v000001b1ef786ed0_0, 0, 64;
    %pushi/vec4 0, 0, 64;
    %store/vec4 v000001b1ef786bb0_0, 0, 64;
    %delay 30000, 0;
    %pushi/vec4 1, 0, 1;
    %store/vec4 v000001b1ef77f1d0_0, 0, 1;
    %delay 30000, 0;
    %vpi_call/w 3 150 "$display", "\012[TC1] Generating Data for Project Book Screenshots..." {0 0 0};
    %pushi/vec4 500, 0, 10;
    %store/vec4 v000001b1ef6cfda0_0, 0, 10;
    %pushi/vec4 5, 0, 10;
    %store/vec4 v000001b1ef6ce9a0_0, 0, 10;
    %pushi/vec4 268435456, 0, 32;
    %store/vec4 v000001b1ef6cf940_0, 0, 32;
    %pushi/vec4 0, 0, 10;
    %store/vec4 v000001b1ef6d02a0_0, 0, 10;
    %fork TD_controller_tb.host_send_task, S_000001b1ef5667a0;
    %join;
    %pushi/vec4 501, 0, 10;
    %store/vec4 v000001b1ef6cfda0_0, 0, 10;
    %pushi/vec4 2, 0, 10;
    %store/vec4 v000001b1ef6ce9a0_0, 0, 10;
    %pushi/vec4 536870912, 0, 32;
    %store/vec4 v000001b1ef6cf940_0, 0, 32;
    %pushi/vec4 500, 0, 10;
    %store/vec4 v000001b1ef6d02a0_0, 0, 10;
    %fork TD_controller_tb.host_send_task, S_000001b1ef5667a0;
    %join;
    %pushi/vec4 5, 0, 32;
    %store/vec4 v000001b1ef7869d0_0, 0, 32;
    %fork TD_controller_tb.wait_for_cores, S_000001b1ef772940;
    %join;
    %delay 20000, 0;
    %fork TD_controller_tb.print_tmt_snapshot, S_000001b1ef602260;
    %join;
    %pushi/vec4 31, 0, 64;
    %store/vec4 v000001b1ef6ceea0_0, 0, 64;
    %fork TD_controller_tb.finish_active_cores, S_000001b1ef566610;
    %join;
    %delay 100000, 0;
    %pushi/vec4 2, 0, 32;
    %store/vec4 v000001b1ef7869d0_0, 0, 32;
    %fork TD_controller_tb.wait_for_cores, S_000001b1ef772940;
    %join;
    %pushi/vec4 4294967295, 0, 32;
    %concati/vec4 4294967295, 0, 32;
    %store/vec4 v000001b1ef6ceea0_0, 0, 64;
    %fork TD_controller_tb.finish_active_cores, S_000001b1ef566610;
    %join;
    %pushi/vec4 0, 0, 32;
    %store/vec4 v000001b1ef7869d0_0, 0, 32;
    %fork TD_controller_tb.wait_for_cores, S_000001b1ef772940;
    %join;
    %vpi_call/w 3 169 "$display", "\012[TC2] System Stress Test - Saturating all 64 cores..." {0 0 0};
    %fork t_5, S_000001b1ef70bd70;
    %jmp t_4;
    .scope S_000001b1ef70bd70;
t_5 ;
    %pushi/vec4 0, 0, 32;
    %store/vec4 v000001b1ef6cf120_0, 0, 32;
T_19.0 ;
    %load/vec4 v000001b1ef6cf120_0;
    %cmpi/s 8, 0, 32;
    %jmp/0xz T_19.1, 5;
    %pushi/vec4 10, 0, 32;
    %load/vec4 v000001b1ef6cf120_0;
    %add;
    %pad/u 10;
    %store/vec4 v000001b1ef6cfda0_0, 0, 10;
    %pushi/vec4 8, 0, 10;
    %store/vec4 v000001b1ef6ce9a0_0, 0, 10;
    %pushi/vec4 2863267840, 0, 32;
    %load/vec4 v000001b1ef6cf120_0;
    %add;
    %store/vec4 v000001b1ef6cf940_0, 0, 32;
    %pushi/vec4 0, 0, 10;
    %store/vec4 v000001b1ef6d02a0_0, 0, 10;
    %fork TD_controller_tb.host_send_task, S_000001b1ef5667a0;
    %join;
    ; show_stmt_assign_vector: Get l-value for compressed += operand
    %load/vec4 v000001b1ef6cf120_0;
    %pushi/vec4 1, 0, 32;
    %add;
    %cast2;
    %store/vec4 v000001b1ef6cf120_0, 0, 32;
    %jmp T_19.0;
T_19.1 ;
    %end;
    .scope S_000001b1ef7087b0;
t_4 %join;
    %pushi/vec4 64, 0, 32;
    %store/vec4 v000001b1ef7869d0_0, 0, 32;
    %fork TD_controller_tb.wait_for_cores, S_000001b1ef772940;
    %join;
    %delay 20000, 0;
    %fork t_7, S_000001b1ef6439b0;
    %jmp t_6;
    .scope S_000001b1ef6439b0;
t_7 ;
    %pushi/vec4 0, 0, 32;
    %store/vec4 v000001b1ef6cf1c0_0, 0, 32;
T_19.2 ;
    %load/vec4 v000001b1ef6cf1c0_0;
    %cmpi/s 4, 0, 32;
    %jmp/0xz T_19.3, 5;
    %pushi/vec4 65535, 0, 64;
    %load/vec4 v000001b1ef6cf1c0_0;
    %muli 16, 0, 32;
    %ix/vec4 4;
    %shiftl 4;
    %store/vec4 v000001b1ef6ceea0_0, 0, 64;
    %fork TD_controller_tb.finish_active_cores, S_000001b1ef566610;
    %join;
    %delay 200000, 0;
    ; show_stmt_assign_vector: Get l-value for compressed += operand
    %load/vec4 v000001b1ef6cf1c0_0;
    %pushi/vec4 1, 0, 32;
    %add;
    %cast2;
    %store/vec4 v000001b1ef6cf1c0_0, 0, 32;
    %jmp T_19.2;
T_19.3 ;
    %end;
    .scope S_000001b1ef7087b0;
t_6 %join;
    %pushi/vec4 0, 0, 32;
    %store/vec4 v000001b1ef7869d0_0, 0, 32;
    %fork TD_controller_tb.wait_for_cores, S_000001b1ef772940;
    %join;
    %vpi_call/w 3 185 "$display", "\012[TC3] Injecting Fault: Idle core sending termination..." {0 0 0};
    %wait E_000001b1ef6ebd60;
    %pushi/vec4 1, 0, 1;
    %ix/load 4, 63, 0;
    %flag_set/imm 4, 0;
    %store/vec4 v000001b1ef786bb0_0, 4, 1;
    %delay 50000, 0;
    %pushi/vec4 0, 0, 1;
    %ix/load 4, 63, 0;
    %flag_set/imm 4, 0;
    %store/vec4 v000001b1ef786bb0_0, 4, 1;
    %vpi_call/w 3 194 "$display", "\012[TC4] Dependency Waterfall (A -> B -> C -> D)..." {0 0 0};
    %pushi/vec4 800, 0, 10;
    %store/vec4 v000001b1ef6cfda0_0, 0, 10;
    %pushi/vec4 2, 0, 10;
    %store/vec4 v000001b1ef6ce9a0_0, 0, 10;
    %pushi/vec4 2147483648, 0, 32;
    %store/vec4 v000001b1ef6cf940_0, 0, 32;
    %pushi/vec4 0, 0, 10;
    %store/vec4 v000001b1ef6d02a0_0, 0, 10;
    %fork TD_controller_tb.host_send_task, S_000001b1ef5667a0;
    %join;
    %pushi/vec4 801, 0, 10;
    %store/vec4 v000001b1ef6cfda0_0, 0, 10;
    %pushi/vec4 3, 0, 10;
    %store/vec4 v000001b1ef6ce9a0_0, 0, 10;
    %pushi/vec4 2164260864, 0, 32;
    %store/vec4 v000001b1ef6cf940_0, 0, 32;
    %pushi/vec4 800, 0, 10;
    %store/vec4 v000001b1ef6d02a0_0, 0, 10;
    %fork TD_controller_tb.host_send_task, S_000001b1ef5667a0;
    %join;
    %pushi/vec4 802, 0, 10;
    %store/vec4 v000001b1ef6cfda0_0, 0, 10;
    %pushi/vec4 4, 0, 10;
    %store/vec4 v000001b1ef6ce9a0_0, 0, 10;
    %pushi/vec4 2181038080, 0, 32;
    %store/vec4 v000001b1ef6cf940_0, 0, 32;
    %pushi/vec4 801, 0, 10;
    %store/vec4 v000001b1ef6d02a0_0, 0, 10;
    %fork TD_controller_tb.host_send_task, S_000001b1ef5667a0;
    %join;
    %pushi/vec4 803, 0, 10;
    %store/vec4 v000001b1ef6cfda0_0, 0, 10;
    %pushi/vec4 5, 0, 10;
    %store/vec4 v000001b1ef6ce9a0_0, 0, 10;
    %pushi/vec4 2197815296, 0, 32;
    %store/vec4 v000001b1ef6cf940_0, 0, 32;
    %pushi/vec4 802, 0, 10;
    %store/vec4 v000001b1ef6d02a0_0, 0, 10;
    %fork TD_controller_tb.host_send_task, S_000001b1ef5667a0;
    %join;
    %pushi/vec4 2, 0, 32;
    %store/vec4 v000001b1ef7869d0_0, 0, 32;
    %fork TD_controller_tb.wait_for_cores, S_000001b1ef772940;
    %join;
    %pushi/vec4 3, 0, 64;
    %store/vec4 v000001b1ef6ceea0_0, 0, 64;
    %fork TD_controller_tb.finish_active_cores, S_000001b1ef566610;
    %join;
    %pushi/vec4 3, 0, 32;
    %store/vec4 v000001b1ef7869d0_0, 0, 32;
    %fork TD_controller_tb.wait_for_cores, S_000001b1ef772940;
    %join;
    %pushi/vec4 7, 0, 64;
    %store/vec4 v000001b1ef6ceea0_0, 0, 64;
    %fork TD_controller_tb.finish_active_cores, S_000001b1ef566610;
    %join;
    %pushi/vec4 4, 0, 32;
    %store/vec4 v000001b1ef7869d0_0, 0, 32;
    %fork TD_controller_tb.wait_for_cores, S_000001b1ef772940;
    %join;
    %pushi/vec4 15, 0, 64;
    %store/vec4 v000001b1ef6ceea0_0, 0, 64;
    %fork TD_controller_tb.finish_active_cores, S_000001b1ef566610;
    %join;
    %pushi/vec4 5, 0, 32;
    %store/vec4 v000001b1ef7869d0_0, 0, 32;
    %fork TD_controller_tb.wait_for_cores, S_000001b1ef772940;
    %join;
    %pushi/vec4 4294967295, 0, 32;
    %concati/vec4 4294967295, 0, 32;
    %store/vec4 v000001b1ef6ceea0_0, 0, 64;
    %fork TD_controller_tb.finish_active_cores, S_000001b1ef566610;
    %join;
    %pushi/vec4 0, 0, 32;
    %store/vec4 v000001b1ef7869d0_0, 0, 32;
    %fork TD_controller_tb.wait_for_cores, S_000001b1ef772940;
    %join;
    %vpi_call/w 3 220 "$display", "\012[TC5] TRF Overload & FIFO Backpressure..." {0 0 0};
    %pushi/vec4 900, 0, 10;
    %store/vec4 v000001b1ef6cfda0_0, 0, 10;
    %pushi/vec4 2, 0, 10;
    %store/vec4 v000001b1ef6ce9a0_0, 0, 10;
    %pushi/vec4 2415919104, 0, 32;
    %store/vec4 v000001b1ef6cf940_0, 0, 32;
    %pushi/vec4 0, 0, 10;
    %store/vec4 v000001b1ef6d02a0_0, 0, 10;
    %fork TD_controller_tb.host_send_task, S_000001b1ef5667a0;
    %join;
    %fork t_9, S_000001b1ef706450;
    %jmp t_8;
    .scope S_000001b1ef706450;
t_9 ;
    %pushi/vec4 1, 0, 32;
    %store/vec4 v000001b1ef6cf6c0_0, 0, 32;
T_19.4 ;
    %load/vec4 v000001b1ef6cf6c0_0;
    %cmpi/s 15, 0, 32;
    %flag_or 5, 4;
    %jmp/0xz T_19.5, 5;
    %pushi/vec4 900, 0, 32;
    %load/vec4 v000001b1ef6cf6c0_0;
    %add;
    %pad/u 10;
    %store/vec4 v000001b1ef6cfda0_0, 0, 10;
    %pushi/vec4 1, 0, 10;
    %store/vec4 v000001b1ef6ce9a0_0, 0, 10;
    %pushi/vec4 2432696320, 0, 32;
    %store/vec4 v000001b1ef6cf940_0, 0, 32;
    %pushi/vec4 900, 0, 10;
    %store/vec4 v000001b1ef6d02a0_0, 0, 10;
    %fork TD_controller_tb.host_send_task, S_000001b1ef5667a0;
    %join;
    ; show_stmt_assign_vector: Get l-value for compressed += operand
    %load/vec4 v000001b1ef6cf6c0_0;
    %pushi/vec4 1, 0, 32;
    %add;
    %cast2;
    %store/vec4 v000001b1ef6cf6c0_0, 0, 32;
    %jmp T_19.4;
T_19.5 ;
    %end;
    .scope S_000001b1ef7087b0;
t_8 %join;
    %vpi_call/w 3 227 "$display", "[TC5] Injecting 5 more tasks. These should buffer in the FIFO..." {0 0 0};
    %fork t_11, S_000001b1ef6f2870;
    %jmp t_10;
    .scope S_000001b1ef6f2870;
t_11 ;
    %pushi/vec4 16, 0, 32;
    %store/vec4 v000001b1ef6cecc0_0, 0, 32;
T_19.6 ;
    %load/vec4 v000001b1ef6cecc0_0;
    %cmpi/s 20, 0, 32;
    %flag_or 5, 4;
    %jmp/0xz T_19.7, 5;
    %pushi/vec4 900, 0, 32;
    %load/vec4 v000001b1ef6cecc0_0;
    %add;
    %pad/u 10;
    %store/vec4 v000001b1ef6cfda0_0, 0, 10;
    %pushi/vec4 1, 0, 10;
    %store/vec4 v000001b1ef6ce9a0_0, 0, 10;
    %pushi/vec4 2449473536, 0, 32;
    %store/vec4 v000001b1ef6cf940_0, 0, 32;
    %pushi/vec4 900, 0, 10;
    %store/vec4 v000001b1ef6d02a0_0, 0, 10;
    %fork TD_controller_tb.host_send_task, S_000001b1ef5667a0;
    %join;
    ; show_stmt_assign_vector: Get l-value for compressed += operand
    %load/vec4 v000001b1ef6cecc0_0;
    %pushi/vec4 1, 0, 32;
    %add;
    %cast2;
    %store/vec4 v000001b1ef6cecc0_0, 0, 32;
    %jmp T_19.6;
T_19.7 ;
    %end;
    .scope S_000001b1ef7087b0;
t_10 %join;
    %wait E_000001b1ef6ebd60;
    %delay 1000, 0;
    %load/vec4 v000001b1ef7862f0_0;
    %nor/r;
    %flag_set/vec4 8;
    %jmp/0xz  T_19.8, 8;
    %vpi_call/w 3 233 "$display", "[TC5] SUCCESS: FIFO is correctly holding backpressure data!" {0 0 0};
T_19.8 ;
    %vpi_call/w 3 235 "$display", "[TC5] Releasing bottleneck (Task 900 completes)..." {0 0 0};
    %pushi/vec4 3, 0, 64;
    %store/vec4 v000001b1ef6ceea0_0, 0, 64;
    %fork TD_controller_tb.finish_active_cores, S_000001b1ef566610;
    %join;
    %vpi_call/w 3 242 "$display", "\012[TC6] Random Execution Chaos (Stress Testing Arbiter)..." {0 0 0};
    %fork t_13, S_000001b1ef7087b0;
    %fork t_14, S_000001b1ef7087b0;
    %join;
    %join;
    %jmp t_12;
t_13 ;
    %fork t_16, S_000001b1ef5d13b0;
    %jmp t_15;
    .scope S_000001b1ef5d13b0;
t_16 ;
    %pushi/vec4 0, 0, 32;
    %store/vec4 v000001b1ef6cfd00_0, 0, 32;
T_19.10 ;
    %load/vec4 v000001b1ef6cfd00_0;
    %cmpi/s 30, 0, 32;
    %jmp/0xz T_19.11, 5;
    %pushi/vec4 200, 0, 32;
    %load/vec4 v000001b1ef6cfd00_0;
    %add;
    %pad/u 10;
    %store/vec4 v000001b1ef6cfda0_0, 0, 10;
    %vpi_func 3 246 "$urandom" 32 {0 0 0};
    %pushi/vec4 6, 0, 32;
    %mod;
    %addi 1, 0, 32;
    %pad/u 10;
    %store/vec4 v000001b1ef6ce9a0_0, 0, 10;
    %pushi/vec4 3735879680, 0, 32;
    %store/vec4 v000001b1ef6cf940_0, 0, 32;
    %vpi_func 3 246 "$urandom" 32 {0 0 0};
    %pushi/vec4 2, 0, 32;
    %mod;
    %cmpi/e 0, 0, 32;
    %flag_mov 8, 4;
    %jmp/0 T_19.12, 8;
    %pushi/vec4 0, 0, 32;
    %jmp/1 T_19.13, 8;
T_19.12 ; End of true expr.
    %pushi/vec4 200, 0, 32;
    %load/vec4 v000001b1ef6cfd00_0;
    %add;
    %subi 1, 0, 32;
    %jmp/0 T_19.13, 8;
 ; End of false expr.
    %blend;
T_19.13;
    %pad/u 10;
    %store/vec4 v000001b1ef6d02a0_0, 0, 10;
    %fork TD_controller_tb.host_send_task, S_000001b1ef5667a0;
    %join;
    ; show_stmt_assign_vector: Get l-value for compressed += operand
    %load/vec4 v000001b1ef6cfd00_0;
    %pushi/vec4 1, 0, 32;
    %add;
    %cast2;
    %store/vec4 v000001b1ef6cfd00_0, 0, 32;
    %jmp T_19.10;
T_19.11 ;
    %end;
    .scope S_000001b1ef7087b0;
t_15 %join;
    %end;
t_14 ;
    %pushi/vec4 10000, 0, 32;
    %store/vec4 v000001b1ef6ce680_0, 0, 32;
    %fork TD_controller_tb.run_random_completions, S_000001b1ef5f6770;
    %join;
    %end;
    .scope S_000001b1ef7087b0;
t_12 ;
    %pushi/vec4 4294967295, 0, 32;
    %concati/vec4 4294967295, 0, 32;
    %store/vec4 v000001b1ef6ceea0_0, 0, 64;
    %fork TD_controller_tb.finish_active_cores, S_000001b1ef566610;
    %join;
    %pushi/vec4 0, 0, 32;
    %store/vec4 v000001b1ef7869d0_0, 0, 32;
    %fork TD_controller_tb.wait_for_cores, S_000001b1ef772940;
    %join;
    %vpi_call/w 3 260 "$display", "\012[TC7] Ghost Dependency (Task depends on a task that already finished)..." {0 0 0};
    %pushi/vec4 300, 0, 10;
    %store/vec4 v000001b1ef6cfda0_0, 0, 10;
    %pushi/vec4 2, 0, 10;
    %store/vec4 v000001b1ef6ce9a0_0, 0, 10;
    %pushi/vec4 3203334144, 0, 32;
    %store/vec4 v000001b1ef6cf940_0, 0, 32;
    %pushi/vec4 0, 0, 10;
    %store/vec4 v000001b1ef6d02a0_0, 0, 10;
    %fork TD_controller_tb.host_send_task, S_000001b1ef5667a0;
    %join;
    %pushi/vec4 2, 0, 32;
    %store/vec4 v000001b1ef7869d0_0, 0, 32;
    %fork TD_controller_tb.wait_for_cores, S_000001b1ef772940;
    %join;
    %pushi/vec4 4294967295, 0, 32;
    %concati/vec4 4294967295, 0, 32;
    %store/vec4 v000001b1ef6ceea0_0, 0, 64;
    %fork TD_controller_tb.finish_active_cores, S_000001b1ef566610;
    %join;
    %pushi/vec4 0, 0, 32;
    %store/vec4 v000001b1ef7869d0_0, 0, 32;
    %fork TD_controller_tb.wait_for_cores, S_000001b1ef772940;
    %join;
    %pushi/vec4 10, 0, 32;
T_19.14 %dup/vec4;
    %pushi/vec4 0, 0, 32;
    %cmp/s;
    %jmp/1xz T_19.15, 5;
    %jmp/1 T_19.15, 4;
    %pushi/vec4 1, 0, 32;
    %sub;
    %wait E_000001b1ef6ebd60;
    %jmp T_19.14;
T_19.15 ;
    %pop/vec4 1;
    %vpi_call/w 3 268 "$display", "[TC7] Injecting Task 301 depending on Task 300 (which is gone)." {0 0 0};
    %pushi/vec4 301, 0, 10;
    %store/vec4 v000001b1ef6cfda0_0, 0, 10;
    %pushi/vec4 4, 0, 10;
    %store/vec4 v000001b1ef6ce9a0_0, 0, 10;
    %pushi/vec4 3203334145, 0, 32;
    %store/vec4 v000001b1ef6cf940_0, 0, 32;
    %pushi/vec4 300, 0, 10;
    %store/vec4 v000001b1ef6d02a0_0, 0, 10;
    %fork TD_controller_tb.host_send_task, S_000001b1ef5667a0;
    %join;
    %pushi/vec4 4, 0, 32;
    %store/vec4 v000001b1ef7869d0_0, 0, 32;
    %fork TD_controller_tb.wait_for_cores, S_000001b1ef772940;
    %join;
    %vpi_call/w 3 272 "$display", "[TC7] SUCCESS: Task 301 correctly ignored the ghost dependency and started!" {0 0 0};
    %pushi/vec4 4294967295, 0, 32;
    %concati/vec4 4294967295, 0, 32;
    %store/vec4 v000001b1ef6ceea0_0, 0, 64;
    %fork TD_controller_tb.finish_active_cores, S_000001b1ef566610;
    %join;
    %pushi/vec4 0, 0, 32;
    %store/vec4 v000001b1ef7869d0_0, 0, 32;
    %fork TD_controller_tb.wait_for_cores, S_000001b1ef772940;
    %join;
    %vpi_call/w 3 280 "$display", "\012[TC8] Warm Reset Test: Yanking the reset line during heavy load..." {0 0 0};
    %pushi/vec4 400, 0, 10;
    %store/vec4 v000001b1ef6cfda0_0, 0, 10;
    %pushi/vec4 30, 0, 10;
    %store/vec4 v000001b1ef6ce9a0_0, 0, 10;
    %pushi/vec4 3221225472, 0, 32;
    %store/vec4 v000001b1ef6cf940_0, 0, 32;
    %pushi/vec4 0, 0, 10;
    %store/vec4 v000001b1ef6d02a0_0, 0, 10;
    %fork TD_controller_tb.host_send_task, S_000001b1ef5667a0;
    %join;
    %pushi/vec4 30, 0, 32;
    %store/vec4 v000001b1ef7869d0_0, 0, 32;
    %fork TD_controller_tb.wait_for_cores, S_000001b1ef772940;
    %join;
    %wait E_000001b1ef6ebd60;
    %vpi_call/w 3 285 "$display", "[TC8] ASSERTING RESET!" {0 0 0};
    %pushi/vec4 0, 0, 1;
    %store/vec4 v000001b1ef77f1d0_0, 0, 1;
    %pushi/vec4 0, 0, 64;
    %store/vec4 v000001b1ef786bb0_0, 0, 64;
    %pushi/vec4 5, 0, 32;
T_19.16 %dup/vec4;
    %pushi/vec4 0, 0, 32;
    %cmp/s;
    %jmp/1xz T_19.17, 5;
    %jmp/1 T_19.17, 4;
    %pushi/vec4 1, 0, 32;
    %sub;
    %wait E_000001b1ef6ebd60;
    %jmp T_19.16;
T_19.17 ;
    %pop/vec4 1;
    %pushi/vec4 1, 0, 1;
    %store/vec4 v000001b1ef77f1d0_0, 0, 1;
    %vpi_call/w 3 291 "$display", "[TC8] RESET RELEASED." {0 0 0};
    %pushi/vec4 5, 0, 32;
T_19.18 %dup/vec4;
    %pushi/vec4 0, 0, 32;
    %cmp/s;
    %jmp/1xz T_19.19, 5;
    %jmp/1 T_19.19, 4;
    %pushi/vec4 1, 0, 32;
    %sub;
    %wait E_000001b1ef6ebd60;
    %jmp T_19.18;
T_19.19 ;
    %pop/vec4 1;
    %vpi_func 3 294 "$countones" 32, v000001b1ef6cf080_0 {0 0 0};
    %cmpi/e 0, 0, 32;
    %flag_get/vec4 4;
    %jmp/0 T_19.22, 4;
    %load/vec4 v000001b1ef7862f0_0;
    %pushi/vec4 1, 0, 1;
    %cmp/e;
    %flag_get/vec4 4;
    %and;
T_19.22;
    %flag_set/vec4 8;
    %jmp/0xz  T_19.20, 8;
    %vpi_call/w 3 295 "$display", "[TC8] SUCCESS: System is totally idle and recovered from Warm Reset." {0 0 0};
    %jmp T_19.21;
T_19.20 ;
    %vpi_call/w 3 297 "$display", "[TC8] FAIL: System did not clear properly after reset!" {0 0 0};
T_19.21 ;
    %pushi/vec4 401, 0, 10;
    %store/vec4 v000001b1ef6cfda0_0, 0, 10;
    %pushi/vec4 5, 0, 10;
    %store/vec4 v000001b1ef6ce9a0_0, 0, 10;
    %pushi/vec4 3221225473, 0, 32;
    %store/vec4 v000001b1ef6cf940_0, 0, 32;
    %pushi/vec4 0, 0, 10;
    %store/vec4 v000001b1ef6d02a0_0, 0, 10;
    %fork TD_controller_tb.host_send_task, S_000001b1ef5667a0;
    %join;
    %pushi/vec4 5, 0, 32;
    %store/vec4 v000001b1ef7869d0_0, 0, 32;
    %fork TD_controller_tb.wait_for_cores, S_000001b1ef772940;
    %join;
    %vpi_call/w 3 302 "$display", "[TC8] SUCCESS: System successfully processed a new task post-reset." {0 0 0};
    %pushi/vec4 4294967295, 0, 32;
    %concati/vec4 4294967295, 0, 32;
    %store/vec4 v000001b1ef6ceea0_0, 0, 64;
    %fork TD_controller_tb.finish_active_cores, S_000001b1ef566610;
    %join;
    %pushi/vec4 0, 0, 32;
    %store/vec4 v000001b1ef7869d0_0, 0, 32;
    %fork TD_controller_tb.wait_for_cores, S_000001b1ef772940;
    %join;
    %vpi_call/w 3 310 "$display", "\012[TC9] Circular Deadlock Injection (FDIR Check)..." {0 0 0};
    %fork t_18, S_000001b1ef5d1540;
    %jmp t_17;
    .scope S_000001b1ef5d1540;
t_18 ;
    %pushi/vec4 0, 0, 32;
    %store/vec4 v000001b1ef6d0160_0, 0, 32;
T_19.23 ;
    %load/vec4 v000001b1ef6d0160_0;
    %cmpi/s 16, 0, 32;
    %jmp/0xz T_19.24, 5;
    %pushi/vec4 600, 0, 32;
    %load/vec4 v000001b1ef6d0160_0;
    %add;
    %pad/u 10;
    %store/vec4 v000001b1ef6cfda0_0, 0, 10;
    %pushi/vec4 1, 0, 10;
    %store/vec4 v000001b1ef6ce9a0_0, 0, 10;
    %pushi/vec4 3735936685, 0, 32;
    %store/vec4 v000001b1ef6cf940_0, 0, 32;
    %pushi/vec4 600, 0, 32;
    %load/vec4 v000001b1ef6d0160_0;
    %addi 1, 0, 32;
    %pushi/vec4 16, 0, 32;
    %mod;
    %add;
    %pad/u 10;
    %store/vec4 v000001b1ef6d02a0_0, 0, 10;
    %fork TD_controller_tb.host_send_task, S_000001b1ef5667a0;
    %join;
    ; show_stmt_assign_vector: Get l-value for compressed += operand
    %load/vec4 v000001b1ef6d0160_0;
    %pushi/vec4 1, 0, 32;
    %add;
    %cast2;
    %store/vec4 v000001b1ef6d0160_0, 0, 32;
    %jmp T_19.23;
T_19.24 ;
    %end;
    .scope S_000001b1ef7087b0;
t_17 %join;
    %pushi/vec4 20, 0, 32;
T_19.25 %dup/vec4;
    %pushi/vec4 0, 0, 32;
    %cmp/s;
    %jmp/1xz T_19.26, 5;
    %jmp/1 T_19.26, 4;
    %pushi/vec4 1, 0, 32;
    %sub;
    %wait E_000001b1ef6ebd60;
    %jmp T_19.25;
T_19.26 ;
    %pop/vec4 1;
    %load/vec4 v000001b1ef7812f0_0;
    %parti/s 2, 2, 3;
    %cmpi/e 1, 0, 2;
    %jmp/0xz  T_19.27, 4;
    %vpi_call/w 3 318 "$display", "\033[0;32m[TC9] SUCCESS: TMT FDIR correctly detected the Circular Deadlock! (err_bus = %b)\033[0m", v000001b1ef7812f0_0 {0 0 0};
    %jmp T_19.28;
T_19.27 ;
    %vpi_call/w 3 320 "$display", "\033[0;31m[TC9] FAIL: TMT did not flag the deadlock! (err_bus = %b)\033[0m", v000001b1ef7812f0_0 {0 0 0};
T_19.28 ;
    %vpi_call/w 3 323 "$display", "\012=========================================================" {0 0 0};
    %vpi_call/w 3 324 "$display", "   TESTBENCH COMPLETED SUCCESSFULLY" {0 0 0};
    %vpi_call/w 3 325 "$display", "=========================================================\012" {0 0 0};
    %vpi_call/w 3 326 "$finish" {0 0 0};
    %end;
    .thread T_19;
# The file index is used to find the file name in the following table.
:file_names 8;
    "N/A";
    "<interactive>";
    "-";
    "tb\controller_tb.sv";
    "tb/../src/controller.v";
    "tb/../src/modules/cmt.v";
    "tb/../src/modules/fifo.v";
    "tb/../src/modules/tmt.v";
