#! /c/Source/iverilog-install/bin/vvp
:ivl_version "12.0 (devel)" "(s20150603-1539-g2693dd32b)";
:ivl_delay_selection "TYPICAL";
:vpi_time_precision - 12;
:vpi_module "C:\iverilog\lib\ivl\system.vpi";
:vpi_module "C:\iverilog\lib\ivl\vhdl_sys.vpi";
:vpi_module "C:\iverilog\lib\ivl\vhdl_textio.vpi";
:vpi_module "C:\iverilog\lib\ivl\v2005_math.vpi";
:vpi_module "C:\iverilog\lib\ivl\va_math.vpi";
:vpi_module "C:\iverilog\lib\ivl\v2009.vpi";
S_0000017cf4aa5910 .scope package, "$unit" "$unit" 2 1;
 .timescale 0 0;
S_0000017cf4b46ea0 .scope module, "performance_tb" "performance_tb" 3 4;
 .timescale -9 -12;
P_0000017cf4a33a20 .param/l "FIFO_DEPTH" 0 3 9, +C4<00000000000000000000000010000000>;
P_0000017cf4a33a58 .param/l "FIFO_WIDTH" 0 3 10, +C4<00000000000000000000000001000000>;
v0000017cf4bc9860_0 .var "cfg_data", 63 0;
v0000017cf4bc9fe0_0 .var "cfg_en", 0 0;
v0000017cf4bc9900_0 .var "clk", 0 0;
v0000017cf4bc9a40_0 .var "core_done_vec", 63 0;
v0000017cf4bc9e00_0 .net "core_id_cmt_core", 5 0, v0000017cf4b37420_0;  1 drivers
v0000017cf4bcc4c0_0 .net "dispatch_addr", 31 0, v0000017cf4bcab20_0;  1 drivers
v0000017cf4bcc060_0 .net "dispatch_core_id", 5 0, v0000017cf4bca080_0;  1 drivers
v0000017cf4bcc380_0 .net "done_ack", 0 0, v0000017cf4b36de0_0;  1 drivers
v0000017cf4bcc420_0 .net "err_bus", 3 0, L_0000017cf4bcc6a0;  1 drivers
v0000017cf4bcc600_0 .net "full", 0 0, L_0000017cf4bc5940;  1 drivers
v0000017cf4bcc240_0 .var/i "log_file", 31 0;
v0000017cf4bcc560_0 .var "rst_n", 0 0;
E_0000017cf4b2c8c0 .event negedge, v0000017cf4b37600_0;
S_0000017cf4b47a70 .scope begin, "$ivl_for_loop0" "$ivl_for_loop0" 3 81, 3 81 0, S_0000017cf4b46ea0;
 .timescale -9 -12;
v0000017cf4b38000_0 .var/2s "i", 31 0;
S_0000017cf4a82260 .scope begin, "$unm_blk_42" "$unm_blk_42" 3 93, 3 93 0, S_0000017cf4b46ea0;
 .timescale -9 -12;
v0000017cf4b37f60_0 .var "t_dep", 9 0;
v0000017cf4b37240_0 .var "t_id", 9 0;
v0000017cf4b37a60_0 .var "t_quota", 9 0;
E_0000017cf4b2c900 .event anyedge, v0000017cf4ba49d0_0, v0000017cf4b37ba0_0;
S_0000017cf4a823f0 .scope begin, "$ivl_for_loop1" "$ivl_for_loop1" 3 103, 3 103 0, S_0000017cf4a82260;
 .timescale -9 -12;
v0000017cf4b38460_0 .var/2s "i", 31 0;
E_0000017cf4b2cd80 .event posedge, v0000017cf4b37600_0;
E_0000017cf4b2d100 .event negedge, v0000017cf4ba4d90_0;
S_0000017cf4976610 .scope module, "uut" "controller" 3 32, 4 7 0, S_0000017cf4b46ea0;
 .timescale -9 -12;
    .port_info 0 /INPUT 1 "i_clk";
    .port_info 1 /INPUT 1 "i_rst_n";
    .port_info 2 /INPUT 1 "i_cfg_en";
    .port_info 3 /INPUT 64 "i_cfg_data";
    .port_info 4 /OUTPUT 1 "o_full";
    .port_info 5 /OUTPUT 32 "o_dispatch_addr";
    .port_info 6 /OUTPUT 6 "o_dispatch_core_id";
    .port_info 7 /INPUT 64 "i_core_done_vec";
    .port_info 8 /OUTPUT 6 "o_core_id_cmt_core";
    .port_info 9 /OUTPUT 1 "o_done_ack";
    .port_info 10 /OUTPUT 4 "o_err_bus";
P_0000017cf4a33420 .param/l "FIFO_DEPTH" 0 4 8, +C4<00000000000000000000000010000000>;
P_0000017cf4a33458 .param/l "FIFO_WIDTH" 0 4 9, +C4<00000000000000000000000001000000>;
v0000017cf4bcb200_0 .net "ava_core_id_wire", 5 0, L_0000017cf4b4daf0;  1 drivers
v0000017cf4bca800_0 .net "ava_core_valid_wire", 0 0, L_0000017cf4b4d770;  1 drivers
v0000017cf4bca260_0 .net "cmt_err_wire", 1 0, v0000017cf4b36e80_0;  1 drivers
v0000017cf4bcac60_0 .net "empty_wire", 0 0, L_0000017cf4bcc2e0;  1 drivers
v0000017cf4bcb2a0_0 .net "fifo_tmt_data_wire", 63 0, L_0000017cf4b4dd20;  1 drivers
v0000017cf4bcb520_0 .net "i_cfg_data", 63 0, v0000017cf4bc9860_0;  1 drivers
v0000017cf4bca580_0 .net "i_cfg_en", 0 0, v0000017cf4bc9fe0_0;  1 drivers
v0000017cf4bcb980_0 .net "i_clk", 0 0, v0000017cf4bc9900_0;  1 drivers
v0000017cf4bca300_0 .net "i_core_done_vec", 63 0, v0000017cf4bc9a40_0;  1 drivers
v0000017cf4bcbde0_0 .net "i_rst_n", 0 0, v0000017cf4bcc560_0;  1 drivers
v0000017cf4bcb340_0 .net "instance_id_tmt_cmt_wire", 9 0, v0000017cf4bc9ea0_0;  1 drivers
v0000017cf4bcada0_0 .net "o_core_id_cmt_core", 5 0, v0000017cf4b37420_0;  alias, 1 drivers
v0000017cf4bcba20_0 .net "o_dispatch_addr", 31 0, v0000017cf4bcab20_0;  alias, 1 drivers
v0000017cf4bcae40_0 .net "o_dispatch_core_id", 5 0, v0000017cf4bca080_0;  alias, 1 drivers
v0000017cf4bc9c20_0 .net "o_done_ack", 0 0, v0000017cf4b36de0_0;  alias, 1 drivers
v0000017cf4bcaee0_0 .net "o_err_bus", 3 0, L_0000017cf4bcc6a0;  alias, 1 drivers
v0000017cf4bcaf80_0 .net "o_full", 0 0, L_0000017cf4bc5940;  alias, 1 drivers
v0000017cf4bcb020_0 .net "task_done_pulse_wire", 0 0, v0000017cf4b36f20_0;  1 drivers
v0000017cf4bcb660_0 .net "task_id_tmt_cmt_wire", 9 0, v0000017cf4bcbca0_0;  1 drivers
v0000017cf4bcb700_0 .net "terminated_tmt_idx_wire", 3 0, v0000017cf4b37560_0;  1 drivers
v0000017cf4bcbb60_0 .net "tmt_cmt_ack_wire", 0 0, v0000017cf4bca620_0;  1 drivers
v0000017cf4bcbe80_0 .net "tmt_err_wire", 1 0, v0000017cf4bca4e0_0;  1 drivers
v0000017cf4bcbf20_0 .net "tmt_fifo_ack_wire", 0 0, L_0000017cf4b4da80;  1 drivers
v0000017cf4bca120_0 .net "tmt_idx_tmt_cmt_wire", 3 0, v0000017cf4bcbc00_0;  1 drivers
L_0000017cf4bcc6a0 .concat [ 2 2 0 0], v0000017cf4b36e80_0, v0000017cf4bca4e0_0;
S_0000017cf49767a0 .scope module, "inst_cmt" "cmt" 4 132, 5 3 0, S_0000017cf4976610;
 .timescale -9 -12;
    .port_info 0 /INPUT 1 "i_clk";
    .port_info 1 /INPUT 1 "i_rst_n";
    .port_info 2 /OUTPUT 1 "o_ava_core_valid";
    .port_info 3 /OUTPUT 6 "o_ava_core_id";
    .port_info 4 /INPUT 10 "i_task_id_tmt_cmt";
    .port_info 5 /INPUT 4 "i_tmt_idx_tmt_cmt";
    .port_info 6 /INPUT 10 "i_instance_num_tmt_cmt";
    .port_info 7 /INPUT 1 "i_tmt_cmt_ack";
    .port_info 8 /OUTPUT 1 "o_task_done_pulse";
    .port_info 9 /OUTPUT 4 "o_terminated_tmt_idx";
    .port_info 10 /INPUT 64 "i_core_done_vec";
    .port_info 11 /OUTPUT 6 "o_core_id_cmt_core";
    .port_info 12 /OUTPUT 1 "o_done_ack";
    .port_info 13 /OUTPUT 2 "o_err";
L_0000017cf4b4d850 .functor NOT 64, v0000017cf4b37ba0_0, C4<0000000000000000000000000000000000000000000000000000000000000000>, C4<0000000000000000000000000000000000000000000000000000000000000000>, C4<0000000000000000000000000000000000000000000000000000000000000000>;
L_0000017cf4b4d380 .functor NOT 64, L_0000017cf4b4d850, C4<0000000000000000000000000000000000000000000000000000000000000000>, C4<0000000000000000000000000000000000000000000000000000000000000000>, C4<0000000000000000000000000000000000000000000000000000000000000000>;
L_0000017cf4b4dfc0 .functor AND 64, L_0000017cf4b4d850, L_0000017cf4c31ca0, C4<1111111111111111111111111111111111111111111111111111111111111111>, C4<1111111111111111111111111111111111111111111111111111111111111111>;
L_0000017cf4b4d770 .functor BUFZ 1, v0000017cf4b36a20_0, C4<0>, C4<0>, C4<0>;
L_0000017cf4b4daf0 .functor BUFZ 6, v0000017cf4b36fc0_0, C4<000000>, C4<000000>, C4<000000>;
L_0000017cf4b4d7e0 .functor NOT 64, v0000017cf4bc9a40_0, C4<0000000000000000000000000000000000000000000000000000000000000000>, C4<0000000000000000000000000000000000000000000000000000000000000000>, C4<0000000000000000000000000000000000000000000000000000000000000000>;
L_0000017cf4b4d310 .functor AND 64, v0000017cf4bc9a40_0, L_0000017cf4c2fd60, C4<1111111111111111111111111111111111111111111111111111111111111111>, C4<1111111111111111111111111111111111111111111111111111111111111111>;
v0000017cf4b380a0_0 .net *"_ivl_14", 63 0, L_0000017cf4b4d7e0;  1 drivers
L_0000017cf4bcf9b8 .functor BUFT 1, C4<0000000000000000000000000000000000000000000000000000000000000001>, C4<0>, C4<0>, C4<0>;
v0000017cf4b386e0_0 .net/2u *"_ivl_16", 63 0, L_0000017cf4bcf9b8;  1 drivers
v0000017cf4b381e0_0 .net *"_ivl_18", 63 0, L_0000017cf4c2fd60;  1 drivers
v0000017cf4b37060_0 .net *"_ivl_2", 63 0, L_0000017cf4b4d380;  1 drivers
L_0000017cf4bcf970 .functor BUFT 1, C4<0000000000000000000000000000000000000000000000000000000000000001>, C4<0>, C4<0>, C4<0>;
v0000017cf4b37380_0 .net/2u *"_ivl_4", 63 0, L_0000017cf4bcf970;  1 drivers
v0000017cf4b37b00_0 .net *"_ivl_6", 63 0, L_0000017cf4c31ca0;  1 drivers
v0000017cf4b37ba0_0 .var "core_busy", 63 0;
v0000017cf4b376a0_0 .net "core_idle", 63 0, L_0000017cf4b4d850;  1 drivers
v0000017cf4b385a0 .array "core_instance_number", 63 0, 9 0;
v0000017cf4b37880 .array "core_task_id", 63 0, 9 0;
v0000017cf4b38500 .array "core_tmt_idx", 63 0, 3 0;
v0000017cf4b37600_0 .net "i_clk", 0 0, v0000017cf4bc9900_0;  alias, 1 drivers
v0000017cf4b38140_0 .net "i_core_done_vec", 63 0, v0000017cf4bc9a40_0;  alias, 1 drivers
v0000017cf4b37c40_0 .net "i_instance_num_tmt_cmt", 9 0, v0000017cf4bc9ea0_0;  alias, 1 drivers
v0000017cf4b38280_0 .net "i_rst_n", 0 0, v0000017cf4bcc560_0;  alias, 1 drivers
v0000017cf4b38820_0 .net "i_task_id_tmt_cmt", 9 0, v0000017cf4bcbca0_0;  alias, 1 drivers
v0000017cf4b38640_0 .net "i_tmt_cmt_ack", 0 0, v0000017cf4bca620_0;  alias, 1 drivers
v0000017cf4b36c00_0 .net "i_tmt_idx_tmt_cmt", 3 0, v0000017cf4bcbc00_0;  alias, 1 drivers
v0000017cf4b36fc0_0 .var "idle_core_id_comb", 5 0;
v0000017cf4b36a20_0 .var "idle_valid_comb", 0 0;
v0000017cf4b36ac0_0 .var/i "k", 31 0;
v0000017cf4b372e0_0 .net "lowest_done_bit", 63 0, L_0000017cf4b4d310;  1 drivers
v0000017cf4b38780_0 .net "lowest_idle_bit", 63 0, L_0000017cf4b4dfc0;  1 drivers
v0000017cf4b36ca0_0 .net "o_ava_core_id", 5 0, L_0000017cf4b4daf0;  alias, 1 drivers
v0000017cf4b36d40_0 .net "o_ava_core_valid", 0 0, L_0000017cf4b4d770;  alias, 1 drivers
v0000017cf4b37420_0 .var "o_core_id_cmt_core", 5 0;
v0000017cf4b36de0_0 .var "o_done_ack", 0 0;
v0000017cf4b36e80_0 .var "o_err", 1 0;
v0000017cf4b36f20_0 .var "o_task_done_pulse", 0 0;
v0000017cf4b37560_0 .var "o_terminated_tmt_idx", 3 0;
v0000017cf4ba3a30_0 .var "term_core_id_comb", 5 0;
v0000017cf4ba4610_0 .var "term_valid_comb", 0 0;
E_0000017cf4b2d980/0 .event negedge, v0000017cf4b38280_0;
E_0000017cf4b2d980/1 .event posedge, v0000017cf4b37600_0;
E_0000017cf4b2d980 .event/or E_0000017cf4b2d980/0, E_0000017cf4b2d980/1;
E_0000017cf4b2d200 .event anyedge, v0000017cf4b38140_0, v0000017cf4b372e0_0;
E_0000017cf4b2d400 .event anyedge, v0000017cf4b376a0_0, v0000017cf4b38780_0;
L_0000017cf4c31ca0 .arith/sum 64, L_0000017cf4b4d380, L_0000017cf4bcf970;
L_0000017cf4c2fd60 .arith/sum 64, L_0000017cf4b4d7e0, L_0000017cf4bcf9b8;
S_0000017cf4a76770 .scope module, "inst_fifo" "fifo" 4 82, 6 3 0, S_0000017cf4976610;
 .timescale -9 -12;
    .port_info 0 /INPUT 1 "i_clk";
    .port_info 1 /INPUT 1 "i_rst_n";
    .port_info 2 /INPUT 1 "i_cfg_en";
    .port_info 3 /INPUT 64 "i_cfg_data";
    .port_info 4 /OUTPUT 1 "o_full";
    .port_info 5 /INPUT 1 "i_tmt_fifo_ack";
    .port_info 6 /OUTPUT 1 "o_empty";
    .port_info 7 /OUTPUT 64 "o_fifo_tmt_data";
P_0000017cf4a5ba00 .param/l "FIFO_DEPTH" 0 6 4, +C4<00000000000000000000000010000000>;
P_0000017cf4a5ba38 .param/l "FIFO_WIDTH" 0 6 5, +C4<00000000000000000000000001000000>;
P_0000017cf4a5ba70 .param/l "PTR_WIDTH" 1 6 22, +C4<00000000000000000000000000000111>;
L_0000017cf4b4dd20 .functor BUFZ 64, L_0000017cf4bcc740, C4<0000000000000000000000000000000000000000000000000000000000000000>, C4<0000000000000000000000000000000000000000000000000000000000000000>, C4<0000000000000000000000000000000000000000000000000000000000000000>;
L_0000017cf4b4d9a0 .functor NOT 2, L_0000017cf4bc4ea0, C4<00>, C4<00>, C4<00>;
v0000017cf4ba4750 .array "FIFO_mem_array", 127 0, 63 0;
v0000017cf4ba4570_0 .net *"_ivl_0", 63 0, L_0000017cf4bcc740;  1 drivers
v0000017cf4ba4890_0 .net *"_ivl_13", 1 0, L_0000017cf4bc4ea0;  1 drivers
v0000017cf4ba4bb0_0 .net *"_ivl_14", 1 0, L_0000017cf4b4d9a0;  1 drivers
v0000017cf4ba3ad0_0 .net *"_ivl_17", 5 0, L_0000017cf4bc5080;  1 drivers
v0000017cf4ba4b10_0 .net *"_ivl_18", 7 0, L_0000017cf4bc62a0;  1 drivers
v0000017cf4ba3cb0_0 .net *"_ivl_3", 6 0, L_0000017cf4bcc100;  1 drivers
v0000017cf4ba3b70_0 .net *"_ivl_4", 8 0, L_0000017cf4bcc1a0;  1 drivers
L_0000017cf4bccc28 .functor BUFT 1, C4<00>, C4<0>, C4<0>, C4<0>;
v0000017cf4ba4430_0 .net *"_ivl_7", 1 0, L_0000017cf4bccc28;  1 drivers
v0000017cf4ba4390_0 .net "i_cfg_data", 63 0, v0000017cf4bc9860_0;  alias, 1 drivers
v0000017cf4ba37b0_0 .net "i_cfg_en", 0 0, v0000017cf4bc9fe0_0;  alias, 1 drivers
v0000017cf4ba3d50_0 .net "i_clk", 0 0, v0000017cf4bc9900_0;  alias, 1 drivers
v0000017cf4ba47f0_0 .net "i_rst_n", 0 0, v0000017cf4bcc560_0;  alias, 1 drivers
v0000017cf4ba3490_0 .net "i_tmt_fifo_ack", 0 0, L_0000017cf4b4da80;  alias, 1 drivers
v0000017cf4ba49d0_0 .net "o_empty", 0 0, L_0000017cf4bcc2e0;  alias, 1 drivers
v0000017cf4ba3530_0 .net "o_fifo_tmt_data", 63 0, L_0000017cf4b4dd20;  alias, 1 drivers
v0000017cf4ba4d90_0 .net "o_full", 0 0, L_0000017cf4bc5940;  alias, 1 drivers
v0000017cf4ba35d0_0 .var "rd_ptr_bin", 7 0;
v0000017cf4ba4c50_0 .var "rd_ptr_gray", 7 0;
v0000017cf4ba3c10_0 .var "wr_ptr_bin", 7 0;
v0000017cf4ba44d0_0 .var "wr_ptr_gray", 7 0;
L_0000017cf4bcc740 .array/port v0000017cf4ba4750, L_0000017cf4bcc1a0;
L_0000017cf4bcc100 .part v0000017cf4ba35d0_0, 0, 7;
L_0000017cf4bcc1a0 .concat [ 7 2 0 0], L_0000017cf4bcc100, L_0000017cf4bccc28;
L_0000017cf4bcc2e0 .cmp/eq 8, v0000017cf4ba44d0_0, v0000017cf4ba4c50_0;
L_0000017cf4bc4ea0 .part v0000017cf4ba4c50_0, 6, 2;
L_0000017cf4bc5080 .part v0000017cf4ba4c50_0, 0, 6;
L_0000017cf4bc62a0 .concat [ 6 2 0 0], L_0000017cf4bc5080, L_0000017cf4b4d9a0;
L_0000017cf4bc5940 .cmp/eq 8, v0000017cf4ba44d0_0, L_0000017cf4bc62a0;
S_0000017cf4a76900 .scope module, "inst_tmt" "tmt" 4 100, 7 3 0, S_0000017cf4976610;
 .timescale -9 -12;
    .port_info 0 /INPUT 1 "i_clk";
    .port_info 1 /INPUT 1 "i_rst_n";
    .port_info 2 /INPUT 64 "i_fifo_tmt_data";
    .port_info 3 /INPUT 1 "i_empty";
    .port_info 4 /OUTPUT 1 "o_tmt_fifo_ack";
    .port_info 5 /INPUT 1 "i_ava_core_valid";
    .port_info 6 /INPUT 6 "i_ava_core_id";
    .port_info 7 /OUTPUT 1 "o_tmt_cmt_ack";
    .port_info 8 /OUTPUT 4 "o_tmt_idx_tmt_cmt";
    .port_info 9 /OUTPUT 10 "o_task_id_tmt_cmt";
    .port_info 10 /OUTPUT 10 "o_instance_id_tmt_cmt";
    .port_info 11 /INPUT 1 "i_task_done_pulse";
    .port_info 12 /INPUT 4 "i_terminated_tmt_idx";
    .port_info 13 /OUTPUT 32 "o_dispatch_addr";
    .port_info 14 /OUTPUT 6 "o_dispatch_core_id";
    .port_info 15 /OUTPUT 2 "o_err";
P_0000017cf4aa47c0 .param/l "STATE_ALLOCATED" 1 7 106, C4<10>;
P_0000017cf4aa47f8 .param/l "STATE_PENDING" 1 7 104, C4<00>;
P_0000017cf4aa4830 .param/l "STATE_READY" 1 7 105, C4<01>;
P_0000017cf4aa4868 .param/l "STATE_TERMINATED" 1 7 107, C4<11>;
L_0000017cf4b4dee0 .functor NOT 16, v0000017cf4bcb160_0, C4<0000000000000000>, C4<0000000000000000>, C4<0000000000000000>;
L_0000017cf4b4da80 .functor AND 1, L_0000017cf4c356c0, L_0000017cf4c353a0, C4<1>, C4<1>;
v0000017cf4bc1a40_0 .net *"_ivl_105", 3 0, L_0000017cf4c36200;  1 drivers
v0000017cf4bc15e0_0 .net *"_ivl_107", 0 0, L_0000017cf4c35b20;  1 drivers
v0000017cf4bc1b80_0 .net *"_ivl_111", 3 0, L_0000017cf4c34b80;  1 drivers
v0000017cf4bc1ea0_0 .net *"_ivl_113", 0 0, L_0000017cf4c34c20;  1 drivers
v0000017cf4bc1680_0 .net *"_ivl_117", 3 0, L_0000017cf4c35a80;  1 drivers
v0000017cf4bc2580_0 .net *"_ivl_119", 0 0, L_0000017cf4c358a0;  1 drivers
v0000017cf4bc0aa0_0 .net *"_ivl_124", 3 0, L_0000017cf4c35ee0;  1 drivers
v0000017cf4bc1fe0_0 .net *"_ivl_126", 0 0, L_0000017cf4c34e00;  1 drivers
v0000017cf4bc1f40_0 .net *"_ivl_128", 0 0, L_0000017cf4c35f80;  1 drivers
L_0000017cf4bcf4f0 .functor BUFT 1, C4<00>, C4<0>, C4<0>, C4<0>;
v0000017cf4bc1cc0_0 .net/2u *"_ivl_129", 1 0, L_0000017cf4bcf4f0;  1 drivers
v0000017cf4bc1e00_0 .net *"_ivl_132", 0 0, L_0000017cf4c34ea0;  1 drivers
L_0000017cf4bcf538 .functor BUFT 1, C4<01>, C4<0>, C4<0>, C4<0>;
v0000017cf4bc2bc0_0 .net/2u *"_ivl_133", 1 0, L_0000017cf4bcf538;  1 drivers
v0000017cf4bc2760_0 .net *"_ivl_136", 0 0, L_0000017cf4c35120;  1 drivers
L_0000017cf4bcf580 .functor BUFT 1, C4<10>, C4<0>, C4<0>, C4<0>;
v0000017cf4bc10e0_0 .net/2u *"_ivl_137", 1 0, L_0000017cf4bcf580;  1 drivers
L_0000017cf4bcf5c8 .functor BUFT 1, C4<11>, C4<0>, C4<0>, C4<0>;
v0000017cf4bc2080_0 .net/2u *"_ivl_139", 1 0, L_0000017cf4bcf5c8;  1 drivers
v0000017cf4bc0f00_0 .net *"_ivl_141", 1 0, L_0000017cf4c35580;  1 drivers
v0000017cf4bc2c60_0 .net *"_ivl_143", 1 0, L_0000017cf4c35300;  1 drivers
v0000017cf4bc2300_0 .net *"_ivl_148", 0 0, L_0000017cf4c36340;  1 drivers
L_0000017cf4bcf610 .functor BUFT 1, C4<00>, C4<0>, C4<0>, C4<0>;
v0000017cf4bc23a0_0 .net/2u *"_ivl_149", 1 0, L_0000017cf4bcf610;  1 drivers
v0000017cf4bc2620_0 .net *"_ivl_152", 0 0, L_0000017cf4c35260;  1 drivers
L_0000017cf4bcf658 .functor BUFT 1, C4<01>, C4<0>, C4<0>, C4<0>;
v0000017cf4bc1040_0 .net/2u *"_ivl_153", 1 0, L_0000017cf4bcf658;  1 drivers
v0000017cf4bc06e0_0 .net *"_ivl_156", 0 0, L_0000017cf4c360c0;  1 drivers
L_0000017cf4bcf6a0 .functor BUFT 1, C4<10>, C4<0>, C4<0>, C4<0>;
v0000017cf4bc08c0_0 .net/2u *"_ivl_157", 1 0, L_0000017cf4bcf6a0;  1 drivers
L_0000017cf4bcf6e8 .functor BUFT 1, C4<11>, C4<0>, C4<0>, C4<0>;
v0000017cf4bc0a00_0 .net/2u *"_ivl_159", 1 0, L_0000017cf4bcf6e8;  1 drivers
v0000017cf4bc0b40_0 .net *"_ivl_161", 1 0, L_0000017cf4c35440;  1 drivers
v0000017cf4bc0be0_0 .net *"_ivl_163", 1 0, L_0000017cf4c35620;  1 drivers
v0000017cf4bc3660_0 .net *"_ivl_168", 0 0, L_0000017cf4c356c0;  1 drivers
v0000017cf4bc42e0_0 .net *"_ivl_184", 3 0, L_0000017cf4c37380;  1 drivers
v0000017cf4bc4380_0 .net *"_ivl_186", 0 0, L_0000017cf4c37100;  1 drivers
v0000017cf4bc4420_0 .net *"_ivl_190", 3 0, L_0000017cf4c37240;  1 drivers
v0000017cf4bc3ac0_0 .net *"_ivl_192", 0 0, L_0000017cf4c37420;  1 drivers
v0000017cf4bc3a20_0 .net *"_ivl_196", 3 0, L_0000017cf4c37740;  1 drivers
v0000017cf4bc3020_0 .net *"_ivl_198", 0 0, L_0000017cf4c374c0;  1 drivers
v0000017cf4bc3700_0 .net *"_ivl_203", 3 0, L_0000017cf4c371a0;  1 drivers
v0000017cf4bc3340_0 .net *"_ivl_205", 0 0, L_0000017cf4c37600;  1 drivers
v0000017cf4bc4100_0 .net *"_ivl_207", 0 0, L_0000017cf4c372e0;  1 drivers
L_0000017cf4bcf730 .functor BUFT 1, C4<00>, C4<0>, C4<0>, C4<0>;
v0000017cf4bc3de0_0 .net/2u *"_ivl_208", 1 0, L_0000017cf4bcf730;  1 drivers
v0000017cf4bc3f20_0 .net *"_ivl_211", 0 0, L_0000017cf4c301c0;  1 drivers
L_0000017cf4bcf778 .functor BUFT 1, C4<01>, C4<0>, C4<0>, C4<0>;
v0000017cf4bc41a0_0 .net/2u *"_ivl_212", 1 0, L_0000017cf4bcf778;  1 drivers
v0000017cf4bc32a0_0 .net *"_ivl_215", 0 0, L_0000017cf4c30da0;  1 drivers
L_0000017cf4bcf7c0 .functor BUFT 1, C4<10>, C4<0>, C4<0>, C4<0>;
v0000017cf4bc3c00_0 .net/2u *"_ivl_216", 1 0, L_0000017cf4bcf7c0;  1 drivers
L_0000017cf4bcf808 .functor BUFT 1, C4<11>, C4<0>, C4<0>, C4<0>;
v0000017cf4bc4240_0 .net/2u *"_ivl_218", 1 0, L_0000017cf4bcf808;  1 drivers
v0000017cf4bc37a0_0 .net *"_ivl_220", 1 0, L_0000017cf4c31de0;  1 drivers
v0000017cf4bc2ee0_0 .net *"_ivl_222", 1 0, L_0000017cf4c2fe00;  1 drivers
v0000017cf4bc44c0_0 .net *"_ivl_227", 0 0, L_0000017cf4c30bc0;  1 drivers
L_0000017cf4bcf850 .functor BUFT 1, C4<00>, C4<0>, C4<0>, C4<0>;
v0000017cf4bc3840_0 .net/2u *"_ivl_228", 1 0, L_0000017cf4bcf850;  1 drivers
v0000017cf4bc2e40_0 .net *"_ivl_231", 0 0, L_0000017cf4c31520;  1 drivers
L_0000017cf4bcf898 .functor BUFT 1, C4<01>, C4<0>, C4<0>, C4<0>;
v0000017cf4bc38e0_0 .net/2u *"_ivl_232", 1 0, L_0000017cf4bcf898;  1 drivers
v0000017cf4bc35c0_0 .net *"_ivl_235", 0 0, L_0000017cf4c31980;  1 drivers
L_0000017cf4bcf8e0 .functor BUFT 1, C4<10>, C4<0>, C4<0>, C4<0>;
v0000017cf4bc33e0_0 .net/2u *"_ivl_236", 1 0, L_0000017cf4bcf8e0;  1 drivers
L_0000017cf4bcf928 .functor BUFT 1, C4<11>, C4<0>, C4<0>, C4<0>;
v0000017cf4bc3fc0_0 .net/2u *"_ivl_238", 1 0, L_0000017cf4bcf928;  1 drivers
v0000017cf4bc2f80_0 .net *"_ivl_240", 1 0, L_0000017cf4c31d40;  1 drivers
v0000017cf4bc3480_0 .net *"_ivl_242", 1 0, L_0000017cf4c30c60;  1 drivers
v0000017cf4bc30c0 .array "dep_matrix", 15 0, 15 0;
v0000017cf4bc3160_0 .net "free_group_enc", 1 0, L_0000017cf4c36020;  1 drivers
v0000017cf4bc3b60_0 .var "free_idx_comb", 3 0;
v0000017cf4bc3200_0 .net "free_slot_valid_comb", 0 0, L_0000017cf4c353a0;  1 drivers
v0000017cf4bc3980_0 .net "free_slots", 15 0, L_0000017cf4b4dee0;  1 drivers
v0000017cf4bc3e80_0 .net "free_within_group_enc", 1 0, L_0000017cf4c354e0;  1 drivers
v0000017cf4bc3520_0 .net "group_free_valid", 3 0, L_0000017cf4c34d60;  1 drivers
v0000017cf4bc3ca0_0 .net "group_ready_valid", 3 0, L_0000017cf4c37560;  1 drivers
v0000017cf4bc3d40_0 .var/i "i", 31 0;
v0000017cf4bc4060_0 .net "i_ava_core_id", 5 0, L_0000017cf4b4daf0;  alias, 1 drivers
v0000017cf4bca760_0 .net "i_ava_core_valid", 0 0, L_0000017cf4b4d770;  alias, 1 drivers
v0000017cf4bca8a0_0 .net "i_clk", 0 0, v0000017cf4bc9900_0;  alias, 1 drivers
v0000017cf4bca3a0_0 .net "i_empty", 0 0, L_0000017cf4bcc2e0;  alias, 1 drivers
v0000017cf4bcb5c0_0 .net "i_fifo_tmt_data", 63 0, L_0000017cf4b4dd20;  alias, 1 drivers
v0000017cf4bca1c0_0 .net "i_rst_n", 0 0, v0000017cf4bcc560_0;  alias, 1 drivers
v0000017cf4bcad00_0 .net "i_task_done_pulse", 0 0, v0000017cf4b36f20_0;  alias, 1 drivers
v0000017cf4bcb840_0 .net "i_terminated_tmt_idx", 3 0, v0000017cf4b37560_0;  alias, 1 drivers
v0000017cf4bcbd40_0 .net "incoming_addr", 31 0, L_0000017cf4c36480;  1 drivers
v0000017cf4bca6c0_0 .net "incoming_dep_id", 9 0, L_0000017cf4c376a0;  1 drivers
v0000017cf4bc9d60_0 .net "incoming_dep_match", 15 0, L_0000017cf4bc9180;  1 drivers
v0000017cf4bcb3e0_0 .net "incoming_quota", 9 0, L_0000017cf4c363e0;  1 drivers
v0000017cf4bca940_0 .net "incoming_task_id", 9 0, L_0000017cf4c35760;  1 drivers
v0000017cf4bcaa80_0 .var/i "j", 31 0;
v0000017cf4bcab20_0 .var "o_dispatch_addr", 31 0;
v0000017cf4bca080_0 .var "o_dispatch_core_id", 5 0;
v0000017cf4bca4e0_0 .var "o_err", 1 0;
v0000017cf4bc9ea0_0 .var "o_instance_id_tmt_cmt", 9 0;
v0000017cf4bcbca0_0 .var "o_task_id_tmt_cmt", 9 0;
v0000017cf4bca620_0 .var "o_tmt_cmt_ack", 0 0;
v0000017cf4bcb0c0_0 .net "o_tmt_fifo_ack", 0 0, L_0000017cf4b4da80;  alias, 1 drivers
v0000017cf4bcbc00_0 .var "o_tmt_idx_tmt_cmt", 3 0;
v0000017cf4bca9e0_0 .net "ready_group_enc", 1 0, L_0000017cf4c30940;  1 drivers
v0000017cf4bcb480_0 .var "ready_idx_comb", 3 0;
v0000017cf4bc9b80_0 .net "ready_slots", 15 0, L_0000017cf4c34ae0;  1 drivers
v0000017cf4bc99a0_0 .net "ready_valid_comb", 0 0, L_0000017cf4c377e0;  1 drivers
v0000017cf4bcb8e0_0 .net "ready_within_group_enc", 1 0, L_0000017cf4c318e0;  1 drivers
v0000017cf4bcbfc0_0 .var "selected_free_group", 3 0;
v0000017cf4bcabc0_0 .var "selected_ready_group", 3 0;
v0000017cf4bc9ae0 .array "trf_addr", 15 0, 31 0;
v0000017cf4bcbac0 .array "trf_dispatched_count", 15 0, 9 0;
v0000017cf4bc9f40 .array "trf_finished_count", 15 0, 9 0;
v0000017cf4bc9cc0 .array "trf_fsm_state", 15 0;
v0000017cf4bc9cc0_0 .net v0000017cf4bc9cc0 0, 1 0, L_0000017cf4bc7600; 1 drivers
v0000017cf4bc9cc0_1 .net v0000017cf4bc9cc0 1, 1 0, L_0000017cf4bc8320; 1 drivers
v0000017cf4bc9cc0_2 .net v0000017cf4bc9cc0 2, 1 0, L_0000017cf4bc95e0; 1 drivers
v0000017cf4bc9cc0_3 .net v0000017cf4bc9cc0 3, 1 0, L_0000017cf4bc8a00; 1 drivers
v0000017cf4bc9cc0_4 .net v0000017cf4bc9cc0 4, 1 0, L_0000017cf4bc8140; 1 drivers
v0000017cf4bc9cc0_5 .net v0000017cf4bc9cc0 5, 1 0, L_0000017cf4bc8820; 1 drivers
v0000017cf4bc9cc0_6 .net v0000017cf4bc9cc0 6, 1 0, L_0000017cf4c345e0; 1 drivers
v0000017cf4bc9cc0_7 .net v0000017cf4bc9cc0 7, 1 0, L_0000017cf4c32880; 1 drivers
v0000017cf4bc9cc0_8 .net v0000017cf4bc9cc0 8, 1 0, L_0000017cf4c32e20; 1 drivers
v0000017cf4bc9cc0_9 .net v0000017cf4bc9cc0 9, 1 0, L_0000017cf4c330a0; 1 drivers
v0000017cf4bc9cc0_10 .net v0000017cf4bc9cc0 10, 1 0, L_0000017cf4c33b40; 1 drivers
v0000017cf4bc9cc0_11 .net v0000017cf4bc9cc0 11, 1 0, L_0000017cf4c33780; 1 drivers
v0000017cf4bc9cc0_12 .net v0000017cf4bc9cc0 12, 1 0, L_0000017cf4c33820; 1 drivers
v0000017cf4bc9cc0_13 .net v0000017cf4bc9cc0 13, 1 0, L_0000017cf4c36c00; 1 drivers
v0000017cf4bc9cc0_14 .net v0000017cf4bc9cc0 14, 1 0, L_0000017cf4c34cc0; 1 drivers
v0000017cf4bc9cc0_15 .net v0000017cf4bc9cc0 15, 1 0, L_0000017cf4c36f20; 1 drivers
v0000017cf4bcb7a0 .array "trf_quota", 15 0, 9 0;
v0000017cf4bca440 .array "trf_task_id", 15 0, 9 0;
v0000017cf4bcb160_0 .var "trf_valid", 15 0;
E_0000017cf4b2d700 .event anyedge, v0000017cf4bca9e0_0, v0000017cf4bcb8e0_0;
E_0000017cf4b2e540 .event anyedge, v0000017cf4bca9e0_0, v0000017cf4bc9b80_0;
E_0000017cf4b2ebc0 .event anyedge, v0000017cf4bc3160_0, v0000017cf4bc3e80_0;
E_0000017cf4b2ff40 .event anyedge, v0000017cf4bc3160_0, v0000017cf4bc3980_0;
L_0000017cf4bc4f40 .part v0000017cf4bcb160_0, 0, 1;
L_0000017cf4bc5580 .part v0000017cf4bcb160_0, 1, 1;
L_0000017cf4bc6660 .part v0000017cf4bcb160_0, 2, 1;
L_0000017cf4bc4e00 .part v0000017cf4bcb160_0, 3, 1;
L_0000017cf4bc4860 .part v0000017cf4bcb160_0, 4, 1;
L_0000017cf4bc4cc0 .part v0000017cf4bcb160_0, 5, 1;
L_0000017cf4bc5f80 .part v0000017cf4bcb160_0, 6, 1;
L_0000017cf4bc6520 .part v0000017cf4bcb160_0, 7, 1;
L_0000017cf4bc5260 .part v0000017cf4bcb160_0, 8, 1;
L_0000017cf4bc4a40 .part v0000017cf4bcb160_0, 9, 1;
L_0000017cf4bc5a80 .part v0000017cf4bcb160_0, 10, 1;
L_0000017cf4bc4d60 .part v0000017cf4bcb160_0, 11, 1;
L_0000017cf4bc4ae0 .part v0000017cf4bcb160_0, 12, 1;
L_0000017cf4bc6c00 .part v0000017cf4bcb160_0, 13, 1;
L_0000017cf4bc6ca0 .part v0000017cf4bcb160_0, 14, 1;
LS_0000017cf4bc9180_0_0 .concat8 [ 1 1 1 1], L_0000017cf4bc63e0, L_0000017cf4bc5120, L_0000017cf4bc51c0, L_0000017cf4bc56c0;
LS_0000017cf4bc9180_0_4 .concat8 [ 1 1 1 1], L_0000017cf4bc6980, L_0000017cf4bc6700, L_0000017cf4bc4900, L_0000017cf4bc6e80;
LS_0000017cf4bc9180_0_8 .concat8 [ 1 1 1 1], L_0000017cf4bc68e0, L_0000017cf4bc6b60, L_0000017cf4bc5b20, L_0000017cf4bc6840;
LS_0000017cf4bc9180_0_12 .concat8 [ 1 1 1 1], L_0000017cf4bc5d00, L_0000017cf4bc6160, L_0000017cf4bc4c20, L_0000017cf4bc9540;
L_0000017cf4bc9180 .concat8 [ 4 4 4 4], LS_0000017cf4bc9180_0_0, LS_0000017cf4bc9180_0_4, LS_0000017cf4bc9180_0_8, LS_0000017cf4bc9180_0_12;
L_0000017cf4bc8be0 .part v0000017cf4bcb160_0, 15, 1;
L_0000017cf4bc85a0 .part v0000017cf4bcb160_0, 0, 1;
L_0000017cf4bc88c0 .part v0000017cf4bcb160_0, 1, 1;
L_0000017cf4bc8000 .part v0000017cf4bcb160_0, 2, 1;
L_0000017cf4bc9680 .part v0000017cf4bcb160_0, 3, 1;
L_0000017cf4bc7b00 .part v0000017cf4bcb160_0, 4, 1;
L_0000017cf4bc8fa0 .part v0000017cf4bcb160_0, 5, 1;
L_0000017cf4bc8280 .part v0000017cf4bcb160_0, 6, 1;
L_0000017cf4c33640 .part v0000017cf4bcb160_0, 7, 1;
L_0000017cf4c335a0 .part v0000017cf4bcb160_0, 8, 1;
L_0000017cf4c33fa0 .part v0000017cf4bcb160_0, 9, 1;
L_0000017cf4c34540 .part v0000017cf4bcb160_0, 10, 1;
L_0000017cf4c32420 .part v0000017cf4bcb160_0, 11, 1;
L_0000017cf4c344a0 .part v0000017cf4bcb160_0, 12, 1;
L_0000017cf4c32600 .part v0000017cf4bcb160_0, 13, 1;
L_0000017cf4c34900 .part v0000017cf4bcb160_0, 14, 1;
L_0000017cf4c35940 .part v0000017cf4bcb160_0, 15, 1;
LS_0000017cf4c34ae0_0_0 .concat8 [ 1 1 1 1], L_0000017cf4c35da0, L_0000017cf4c36de0, L_0000017cf4c35bc0, L_0000017cf4c36b60;
LS_0000017cf4c34ae0_0_4 .concat8 [ 1 1 1 1], L_0000017cf4c36ca0, L_0000017cf4c36fc0, L_0000017cf4c35800, L_0000017cf4c37060;
LS_0000017cf4c34ae0_0_8 .concat8 [ 1 1 1 1], L_0000017cf4c36160, L_0000017cf4c34f40, L_0000017cf4c36520, L_0000017cf4c35e40;
LS_0000017cf4c34ae0_0_12 .concat8 [ 1 1 1 1], L_0000017cf4c34fe0, L_0000017cf4c35c60, L_0000017cf4c34a40, L_0000017cf4c365c0;
L_0000017cf4c34ae0 .concat8 [ 4 4 4 4], LS_0000017cf4c34ae0_0_0, LS_0000017cf4c34ae0_0_4, LS_0000017cf4c34ae0_0_8, LS_0000017cf4c34ae0_0_12;
L_0000017cf4c353a0 .reduce/or L_0000017cf4b4dee0;
L_0000017cf4c36200 .part L_0000017cf4b4dee0, 0, 4;
L_0000017cf4c35b20 .reduce/or L_0000017cf4c36200;
L_0000017cf4c34b80 .part L_0000017cf4b4dee0, 4, 4;
L_0000017cf4c34c20 .reduce/or L_0000017cf4c34b80;
L_0000017cf4c35a80 .part L_0000017cf4b4dee0, 8, 4;
L_0000017cf4c358a0 .reduce/or L_0000017cf4c35a80;
L_0000017cf4c34d60 .concat8 [ 1 1 1 1], L_0000017cf4c35b20, L_0000017cf4c34c20, L_0000017cf4c358a0, L_0000017cf4c34e00;
L_0000017cf4c35ee0 .part L_0000017cf4b4dee0, 12, 4;
L_0000017cf4c34e00 .reduce/or L_0000017cf4c35ee0;
L_0000017cf4c35f80 .part L_0000017cf4c34d60, 0, 1;
L_0000017cf4c34ea0 .part L_0000017cf4c34d60, 1, 1;
L_0000017cf4c35120 .part L_0000017cf4c34d60, 2, 1;
L_0000017cf4c35580 .functor MUXZ 2, L_0000017cf4bcf5c8, L_0000017cf4bcf580, L_0000017cf4c35120, C4<>;
L_0000017cf4c35300 .functor MUXZ 2, L_0000017cf4c35580, L_0000017cf4bcf538, L_0000017cf4c34ea0, C4<>;
L_0000017cf4c36020 .functor MUXZ 2, L_0000017cf4c35300, L_0000017cf4bcf4f0, L_0000017cf4c35f80, C4<>;
L_0000017cf4c36340 .part v0000017cf4bcbfc0_0, 0, 1;
L_0000017cf4c35260 .part v0000017cf4bcbfc0_0, 1, 1;
L_0000017cf4c360c0 .part v0000017cf4bcbfc0_0, 2, 1;
L_0000017cf4c35440 .functor MUXZ 2, L_0000017cf4bcf6e8, L_0000017cf4bcf6a0, L_0000017cf4c360c0, C4<>;
L_0000017cf4c35620 .functor MUXZ 2, L_0000017cf4c35440, L_0000017cf4bcf658, L_0000017cf4c35260, C4<>;
L_0000017cf4c354e0 .functor MUXZ 2, L_0000017cf4c35620, L_0000017cf4bcf610, L_0000017cf4c36340, C4<>;
L_0000017cf4c356c0 .reduce/nor L_0000017cf4bcc2e0;
L_0000017cf4c35760 .part L_0000017cf4b4dd20, 54, 10;
L_0000017cf4c363e0 .part L_0000017cf4b4dd20, 44, 10;
L_0000017cf4c36480 .part L_0000017cf4b4dd20, 12, 32;
L_0000017cf4c376a0 .part L_0000017cf4b4dd20, 2, 10;
L_0000017cf4c377e0 .reduce/or L_0000017cf4c34ae0;
L_0000017cf4c37380 .part L_0000017cf4c34ae0, 0, 4;
L_0000017cf4c37100 .reduce/or L_0000017cf4c37380;
L_0000017cf4c37240 .part L_0000017cf4c34ae0, 4, 4;
L_0000017cf4c37420 .reduce/or L_0000017cf4c37240;
L_0000017cf4c37740 .part L_0000017cf4c34ae0, 8, 4;
L_0000017cf4c374c0 .reduce/or L_0000017cf4c37740;
L_0000017cf4c37560 .concat8 [ 1 1 1 1], L_0000017cf4c37100, L_0000017cf4c37420, L_0000017cf4c374c0, L_0000017cf4c37600;
L_0000017cf4c371a0 .part L_0000017cf4c34ae0, 12, 4;
L_0000017cf4c37600 .reduce/or L_0000017cf4c371a0;
L_0000017cf4c372e0 .part L_0000017cf4c37560, 0, 1;
L_0000017cf4c301c0 .part L_0000017cf4c37560, 1, 1;
L_0000017cf4c30da0 .part L_0000017cf4c37560, 2, 1;
L_0000017cf4c31de0 .functor MUXZ 2, L_0000017cf4bcf808, L_0000017cf4bcf7c0, L_0000017cf4c30da0, C4<>;
L_0000017cf4c2fe00 .functor MUXZ 2, L_0000017cf4c31de0, L_0000017cf4bcf778, L_0000017cf4c301c0, C4<>;
L_0000017cf4c30940 .functor MUXZ 2, L_0000017cf4c2fe00, L_0000017cf4bcf730, L_0000017cf4c372e0, C4<>;
L_0000017cf4c30bc0 .part v0000017cf4bcabc0_0, 0, 1;
L_0000017cf4c31520 .part v0000017cf4bcabc0_0, 1, 1;
L_0000017cf4c31980 .part v0000017cf4bcabc0_0, 2, 1;
L_0000017cf4c31d40 .functor MUXZ 2, L_0000017cf4bcf928, L_0000017cf4bcf8e0, L_0000017cf4c31980, C4<>;
L_0000017cf4c30c60 .functor MUXZ 2, L_0000017cf4c31d40, L_0000017cf4bcf898, L_0000017cf4c31520, C4<>;
L_0000017cf4c318e0 .functor MUXZ 2, L_0000017cf4c30c60, L_0000017cf4bcf850, L_0000017cf4c30bc0, C4<>;
S_0000017cf4a3ada0 .scope generate, "gen_match[0]" "gen_match[0]" 7 95, 7 95 0, S_0000017cf4a76900;
 .timescale -9 -12;
P_0000017cf4b30840 .param/l "g" 0 7 95, +C4<00>;
L_0000017cf4b4d1c0 .functor AND 1, L_0000017cf4bc4f40, L_0000017cf4bc4fe0, C4<1>, C4<1>;
L_0000017cf4bccc70 .functor BUFT 1, C4<0000000000>, C4<0>, C4<0>, C4<0>;
v0000017cf4ba3210_0 .net/2u *"_ivl_0", 9 0, L_0000017cf4bccc70;  1 drivers
v0000017cf4ba41b0_0 .net *"_ivl_11", 0 0, L_0000017cf4b4d1c0;  1 drivers
v0000017cf4ba3df0_0 .net *"_ivl_12", 0 0, L_0000017cf4bc63e0;  1 drivers
v0000017cf4ba4930_0 .net *"_ivl_2", 0 0, L_0000017cf4bc5e40;  1 drivers
L_0000017cf4bcccb8 .functor BUFT 1, C4<0>, C4<0>, C4<0>, C4<0>;
v0000017cf4ba38f0_0 .net/2u *"_ivl_4", 0 0, L_0000017cf4bcccb8;  1 drivers
v0000017cf4ba2f90_0 .net *"_ivl_6", 0 0, L_0000017cf4bc4f40;  1 drivers
v0000017cf4ba4a70_0 .net *"_ivl_8", 0 0, L_0000017cf4bc4fe0;  1 drivers
L_0000017cf4bc5e40 .cmp/eq 10, L_0000017cf4c376a0, L_0000017cf4bccc70;
v0000017cf4bca440_0 .array/port v0000017cf4bca440, 0;
L_0000017cf4bc4fe0 .cmp/eq 10, v0000017cf4bca440_0, L_0000017cf4c376a0;
L_0000017cf4bc63e0 .functor MUXZ 1, L_0000017cf4b4d1c0, L_0000017cf4bcccb8, L_0000017cf4bc5e40, C4<>;
S_0000017cf4a3af30 .scope generate, "gen_match[1]" "gen_match[1]" 7 95, 7 95 0, S_0000017cf4a76900;
 .timescale -9 -12;
P_0000017cf4b30880 .param/l "g" 0 7 95, +C4<01>;
L_0000017cf4b4e0a0 .functor AND 1, L_0000017cf4bc5580, L_0000017cf4bc6a20, C4<1>, C4<1>;
L_0000017cf4bccd00 .functor BUFT 1, C4<0000000000>, C4<0>, C4<0>, C4<0>;
v0000017cf4ba4110_0 .net/2u *"_ivl_0", 9 0, L_0000017cf4bccd00;  1 drivers
v0000017cf4ba3670_0 .net *"_ivl_11", 0 0, L_0000017cf4b4e0a0;  1 drivers
v0000017cf4ba4cf0_0 .net *"_ivl_12", 0 0, L_0000017cf4bc5120;  1 drivers
v0000017cf4ba3170_0 .net *"_ivl_2", 0 0, L_0000017cf4bc5440;  1 drivers
L_0000017cf4bccd48 .functor BUFT 1, C4<0>, C4<0>, C4<0>, C4<0>;
v0000017cf4ba3e90_0 .net/2u *"_ivl_4", 0 0, L_0000017cf4bccd48;  1 drivers
v0000017cf4ba4e30_0 .net *"_ivl_6", 0 0, L_0000017cf4bc5580;  1 drivers
v0000017cf4ba4250_0 .net *"_ivl_8", 0 0, L_0000017cf4bc6a20;  1 drivers
L_0000017cf4bc5440 .cmp/eq 10, L_0000017cf4c376a0, L_0000017cf4bccd00;
v0000017cf4bca440_1 .array/port v0000017cf4bca440, 1;
L_0000017cf4bc6a20 .cmp/eq 10, v0000017cf4bca440_1, L_0000017cf4c376a0;
L_0000017cf4bc5120 .functor MUXZ 1, L_0000017cf4b4e0a0, L_0000017cf4bccd48, L_0000017cf4bc5440, C4<>;
S_0000017cf4b48260 .scope generate, "gen_match[2]" "gen_match[2]" 7 95, 7 95 0, S_0000017cf4a76900;
 .timescale -9 -12;
P_0000017cf4b2fbc0 .param/l "g" 0 7 95, +C4<010>;
L_0000017cf4b4d620 .functor AND 1, L_0000017cf4bc6660, L_0000017cf4bc59e0, C4<1>, C4<1>;
L_0000017cf4bccd90 .functor BUFT 1, C4<0000000000>, C4<0>, C4<0>, C4<0>;
v0000017cf4ba3710_0 .net/2u *"_ivl_0", 9 0, L_0000017cf4bccd90;  1 drivers
v0000017cf4ba3850_0 .net *"_ivl_11", 0 0, L_0000017cf4b4d620;  1 drivers
v0000017cf4ba46b0_0 .net *"_ivl_12", 0 0, L_0000017cf4bc51c0;  1 drivers
v0000017cf4ba3030_0 .net *"_ivl_2", 0 0, L_0000017cf4bc54e0;  1 drivers
L_0000017cf4bccdd8 .functor BUFT 1, C4<0>, C4<0>, C4<0>, C4<0>;
v0000017cf4ba32b0_0 .net/2u *"_ivl_4", 0 0, L_0000017cf4bccdd8;  1 drivers
v0000017cf4ba3f30_0 .net *"_ivl_6", 0 0, L_0000017cf4bc6660;  1 drivers
v0000017cf4ba42f0_0 .net *"_ivl_8", 0 0, L_0000017cf4bc59e0;  1 drivers
L_0000017cf4bc54e0 .cmp/eq 10, L_0000017cf4c376a0, L_0000017cf4bccd90;
v0000017cf4bca440_2 .array/port v0000017cf4bca440, 2;
L_0000017cf4bc59e0 .cmp/eq 10, v0000017cf4bca440_2, L_0000017cf4c376a0;
L_0000017cf4bc51c0 .functor MUXZ 1, L_0000017cf4b4d620, L_0000017cf4bccdd8, L_0000017cf4bc54e0, C4<>;
S_0000017cf4b483f0 .scope generate, "gen_match[3]" "gen_match[3]" 7 95, 7 95 0, S_0000017cf4a76900;
 .timescale -9 -12;
P_0000017cf4b2fd40 .param/l "g" 0 7 95, +C4<011>;
L_0000017cf4b4d230 .functor AND 1, L_0000017cf4bc4e00, L_0000017cf4bc6020, C4<1>, C4<1>;
L_0000017cf4bcce20 .functor BUFT 1, C4<0000000000>, C4<0>, C4<0>, C4<0>;
v0000017cf4ba30d0_0 .net/2u *"_ivl_0", 9 0, L_0000017cf4bcce20;  1 drivers
v0000017cf4ba3350_0 .net *"_ivl_11", 0 0, L_0000017cf4b4d230;  1 drivers
v0000017cf4ba33f0_0 .net *"_ivl_12", 0 0, L_0000017cf4bc56c0;  1 drivers
v0000017cf4ba3990_0 .net *"_ivl_2", 0 0, L_0000017cf4bc5620;  1 drivers
L_0000017cf4bcce68 .functor BUFT 1, C4<0>, C4<0>, C4<0>, C4<0>;
v0000017cf4ba3fd0_0 .net/2u *"_ivl_4", 0 0, L_0000017cf4bcce68;  1 drivers
v0000017cf4ba4070_0 .net *"_ivl_6", 0 0, L_0000017cf4bc4e00;  1 drivers
v0000017cf4ba8c50_0 .net *"_ivl_8", 0 0, L_0000017cf4bc6020;  1 drivers
L_0000017cf4bc5620 .cmp/eq 10, L_0000017cf4c376a0, L_0000017cf4bcce20;
v0000017cf4bca440_3 .array/port v0000017cf4bca440, 3;
L_0000017cf4bc6020 .cmp/eq 10, v0000017cf4bca440_3, L_0000017cf4c376a0;
L_0000017cf4bc56c0 .functor MUXZ 1, L_0000017cf4b4d230, L_0000017cf4bcce68, L_0000017cf4bc5620, C4<>;
S_0000017cf4b48580 .scope generate, "gen_match[4]" "gen_match[4]" 7 95, 7 95 0, S_0000017cf4a76900;
 .timescale -9 -12;
P_0000017cf4b30280 .param/l "g" 0 7 95, +C4<0100>;
L_0000017cf4b4da10 .functor AND 1, L_0000017cf4bc4860, L_0000017cf4bc6fc0, C4<1>, C4<1>;
L_0000017cf4bcceb0 .functor BUFT 1, C4<0000000000>, C4<0>, C4<0>, C4<0>;
v0000017cf4ba78f0_0 .net/2u *"_ivl_0", 9 0, L_0000017cf4bcceb0;  1 drivers
v0000017cf4ba7e90_0 .net *"_ivl_11", 0 0, L_0000017cf4b4da10;  1 drivers
v0000017cf4ba7df0_0 .net *"_ivl_12", 0 0, L_0000017cf4bc6980;  1 drivers
v0000017cf4ba7b70_0 .net *"_ivl_2", 0 0, L_0000017cf4bc6d40;  1 drivers
L_0000017cf4bccef8 .functor BUFT 1, C4<0>, C4<0>, C4<0>, C4<0>;
v0000017cf4ba8070_0 .net/2u *"_ivl_4", 0 0, L_0000017cf4bccef8;  1 drivers
v0000017cf4ba81b0_0 .net *"_ivl_6", 0 0, L_0000017cf4bc4860;  1 drivers
v0000017cf4ba8930_0 .net *"_ivl_8", 0 0, L_0000017cf4bc6fc0;  1 drivers
L_0000017cf4bc6d40 .cmp/eq 10, L_0000017cf4c376a0, L_0000017cf4bcceb0;
v0000017cf4bca440_4 .array/port v0000017cf4bca440, 4;
L_0000017cf4bc6fc0 .cmp/eq 10, v0000017cf4bca440_4, L_0000017cf4c376a0;
L_0000017cf4bc6980 .functor MUXZ 1, L_0000017cf4b4da10, L_0000017cf4bccef8, L_0000017cf4bc6d40, C4<>;
S_0000017cf4b52190 .scope generate, "gen_match[5]" "gen_match[5]" 7 95, 7 95 0, S_0000017cf4a76900;
 .timescale -9 -12;
P_0000017cf4b30080 .param/l "g" 0 7 95, +C4<0101>;
L_0000017cf4b4d930 .functor AND 1, L_0000017cf4bc4cc0, L_0000017cf4bc6200, C4<1>, C4<1>;
L_0000017cf4bccf40 .functor BUFT 1, C4<0000000000>, C4<0>, C4<0>, C4<0>;
v0000017cf4ba89d0_0 .net/2u *"_ivl_0", 9 0, L_0000017cf4bccf40;  1 drivers
v0000017cf4ba86b0_0 .net *"_ivl_11", 0 0, L_0000017cf4b4d930;  1 drivers
v0000017cf4ba8570_0 .net *"_ivl_12", 0 0, L_0000017cf4bc6700;  1 drivers
v0000017cf4ba8bb0_0 .net *"_ivl_2", 0 0, L_0000017cf4bc6de0;  1 drivers
L_0000017cf4bccf88 .functor BUFT 1, C4<0>, C4<0>, C4<0>, C4<0>;
v0000017cf4ba8a70_0 .net/2u *"_ivl_4", 0 0, L_0000017cf4bccf88;  1 drivers
v0000017cf4ba7d50_0 .net *"_ivl_6", 0 0, L_0000017cf4bc4cc0;  1 drivers
v0000017cf4ba8610_0 .net *"_ivl_8", 0 0, L_0000017cf4bc6200;  1 drivers
L_0000017cf4bc6de0 .cmp/eq 10, L_0000017cf4c376a0, L_0000017cf4bccf40;
v0000017cf4bca440_5 .array/port v0000017cf4bca440, 5;
L_0000017cf4bc6200 .cmp/eq 10, v0000017cf4bca440_5, L_0000017cf4c376a0;
L_0000017cf4bc6700 .functor MUXZ 1, L_0000017cf4b4d930, L_0000017cf4bccf88, L_0000017cf4bc6de0, C4<>;
S_0000017cf4b52320 .scope generate, "gen_match[6]" "gen_match[6]" 7 95, 7 95 0, S_0000017cf4a76900;
 .timescale -9 -12;
P_0000017cf4b2ff80 .param/l "g" 0 7 95, +C4<0110>;
L_0000017cf4b4df50 .functor AND 1, L_0000017cf4bc5f80, L_0000017cf4bc58a0, C4<1>, C4<1>;
L_0000017cf4bccfd0 .functor BUFT 1, C4<0000000000>, C4<0>, C4<0>, C4<0>;
v0000017cf4ba8b10_0 .net/2u *"_ivl_0", 9 0, L_0000017cf4bccfd0;  1 drivers
v0000017cf4ba8250_0 .net *"_ivl_11", 0 0, L_0000017cf4b4df50;  1 drivers
v0000017cf4ba8cf0_0 .net *"_ivl_12", 0 0, L_0000017cf4bc4900;  1 drivers
v0000017cf4ba82f0_0 .net *"_ivl_2", 0 0, L_0000017cf4bc5300;  1 drivers
L_0000017cf4bcd018 .functor BUFT 1, C4<0>, C4<0>, C4<0>, C4<0>;
v0000017cf4ba84d0_0 .net/2u *"_ivl_4", 0 0, L_0000017cf4bcd018;  1 drivers
v0000017cf4ba8d90_0 .net *"_ivl_6", 0 0, L_0000017cf4bc5f80;  1 drivers
v0000017cf4ba8e30_0 .net *"_ivl_8", 0 0, L_0000017cf4bc58a0;  1 drivers
L_0000017cf4bc5300 .cmp/eq 10, L_0000017cf4c376a0, L_0000017cf4bccfd0;
v0000017cf4bca440_6 .array/port v0000017cf4bca440, 6;
L_0000017cf4bc58a0 .cmp/eq 10, v0000017cf4bca440_6, L_0000017cf4c376a0;
L_0000017cf4bc4900 .functor MUXZ 1, L_0000017cf4b4df50, L_0000017cf4bcd018, L_0000017cf4bc5300, C4<>;
S_0000017cf4b524b0 .scope generate, "gen_match[7]" "gen_match[7]" 7 95, 7 95 0, S_0000017cf4a76900;
 .timescale -9 -12;
P_0000017cf4b304c0 .param/l "g" 0 7 95, +C4<0111>;
L_0000017cf4b4de00 .functor AND 1, L_0000017cf4bc6520, L_0000017cf4bc5800, C4<1>, C4<1>;
L_0000017cf4bcd060 .functor BUFT 1, C4<0000000000>, C4<0>, C4<0>, C4<0>;
v0000017cf4ba7ad0_0 .net/2u *"_ivl_0", 9 0, L_0000017cf4bcd060;  1 drivers
v0000017cf4ba8750_0 .net *"_ivl_11", 0 0, L_0000017cf4b4de00;  1 drivers
v0000017cf4ba87f0_0 .net *"_ivl_12", 0 0, L_0000017cf4bc6e80;  1 drivers
v0000017cf4ba7990_0 .net *"_ivl_2", 0 0, L_0000017cf4bc6ac0;  1 drivers
L_0000017cf4bcd0a8 .functor BUFT 1, C4<0>, C4<0>, C4<0>, C4<0>;
v0000017cf4ba8890_0 .net/2u *"_ivl_4", 0 0, L_0000017cf4bcd0a8;  1 drivers
v0000017cf4ba77b0_0 .net *"_ivl_6", 0 0, L_0000017cf4bc6520;  1 drivers
v0000017cf4ba7850_0 .net *"_ivl_8", 0 0, L_0000017cf4bc5800;  1 drivers
L_0000017cf4bc6ac0 .cmp/eq 10, L_0000017cf4c376a0, L_0000017cf4bcd060;
v0000017cf4bca440_7 .array/port v0000017cf4bca440, 7;
L_0000017cf4bc5800 .cmp/eq 10, v0000017cf4bca440_7, L_0000017cf4c376a0;
L_0000017cf4bc6e80 .functor MUXZ 1, L_0000017cf4b4de00, L_0000017cf4bcd0a8, L_0000017cf4bc6ac0, C4<>;
S_0000017cf4ba9910 .scope generate, "gen_match[8]" "gen_match[8]" 7 95, 7 95 0, S_0000017cf4a76900;
 .timescale -9 -12;
P_0000017cf4b30980 .param/l "g" 0 7 95, +C4<01000>;
L_0000017cf4b4d4d0 .functor AND 1, L_0000017cf4bc5260, L_0000017cf4bc53a0, C4<1>, C4<1>;
L_0000017cf4bcd0f0 .functor BUFT 1, C4<0000000000>, C4<0>, C4<0>, C4<0>;
v0000017cf4ba7a30_0 .net/2u *"_ivl_0", 9 0, L_0000017cf4bcd0f0;  1 drivers
v0000017cf4ba7f30_0 .net *"_ivl_11", 0 0, L_0000017cf4b4d4d0;  1 drivers
v0000017cf4ba7c10_0 .net *"_ivl_12", 0 0, L_0000017cf4bc68e0;  1 drivers
v0000017cf4ba7cb0_0 .net *"_ivl_2", 0 0, L_0000017cf4bc4b80;  1 drivers
L_0000017cf4bcd138 .functor BUFT 1, C4<0>, C4<0>, C4<0>, C4<0>;
v0000017cf4ba7fd0_0 .net/2u *"_ivl_4", 0 0, L_0000017cf4bcd138;  1 drivers
v0000017cf4ba8110_0 .net *"_ivl_6", 0 0, L_0000017cf4bc5260;  1 drivers
v0000017cf4ba8390_0 .net *"_ivl_8", 0 0, L_0000017cf4bc53a0;  1 drivers
L_0000017cf4bc4b80 .cmp/eq 10, L_0000017cf4c376a0, L_0000017cf4bcd0f0;
v0000017cf4bca440_8 .array/port v0000017cf4bca440, 8;
L_0000017cf4bc53a0 .cmp/eq 10, v0000017cf4bca440_8, L_0000017cf4c376a0;
L_0000017cf4bc68e0 .functor MUXZ 1, L_0000017cf4b4d4d0, L_0000017cf4bcd138, L_0000017cf4bc4b80, C4<>;
S_0000017cf4ba9c30 .scope generate, "gen_match[9]" "gen_match[9]" 7 95, 7 95 0, S_0000017cf4a76900;
 .timescale -9 -12;
P_0000017cf4b30200 .param/l "g" 0 7 95, +C4<01001>;
L_0000017cf4b4e030 .functor AND 1, L_0000017cf4bc4a40, L_0000017cf4bc49a0, C4<1>, C4<1>;
L_0000017cf4bcd180 .functor BUFT 1, C4<0000000000>, C4<0>, C4<0>, C4<0>;
v0000017cf4ba8430_0 .net/2u *"_ivl_0", 9 0, L_0000017cf4bcd180;  1 drivers
v0000017cf4ba7710_0 .net *"_ivl_11", 0 0, L_0000017cf4b4e030;  1 drivers
v0000017cf4ba75d0_0 .net *"_ivl_12", 0 0, L_0000017cf4bc6b60;  1 drivers
v0000017cf4ba6130_0 .net *"_ivl_2", 0 0, L_0000017cf4bc5760;  1 drivers
L_0000017cf4bcd1c8 .functor BUFT 1, C4<0>, C4<0>, C4<0>, C4<0>;
v0000017cf4ba5ff0_0 .net/2u *"_ivl_4", 0 0, L_0000017cf4bcd1c8;  1 drivers
v0000017cf4ba55f0_0 .net *"_ivl_6", 0 0, L_0000017cf4bc4a40;  1 drivers
v0000017cf4ba5eb0_0 .net *"_ivl_8", 0 0, L_0000017cf4bc49a0;  1 drivers
L_0000017cf4bc5760 .cmp/eq 10, L_0000017cf4c376a0, L_0000017cf4bcd180;
v0000017cf4bca440_9 .array/port v0000017cf4bca440, 9;
L_0000017cf4bc49a0 .cmp/eq 10, v0000017cf4bca440_9, L_0000017cf4c376a0;
L_0000017cf4bc6b60 .functor MUXZ 1, L_0000017cf4b4e030, L_0000017cf4bcd1c8, L_0000017cf4bc5760, C4<>;
S_0000017cf4ba95f0 .scope generate, "gen_match[10]" "gen_match[10]" 7 95, 7 95 0, S_0000017cf4a76900;
 .timescale -9 -12;
P_0000017cf4b30140 .param/l "g" 0 7 95, +C4<01010>;
L_0000017cf4b4d540 .functor AND 1, L_0000017cf4bc5a80, L_0000017cf4bc67a0, C4<1>, C4<1>;
L_0000017cf4bcd210 .functor BUFT 1, C4<0000000000>, C4<0>, C4<0>, C4<0>;
v0000017cf4ba4fb0_0 .net/2u *"_ivl_0", 9 0, L_0000017cf4bcd210;  1 drivers
v0000017cf4ba5910_0 .net *"_ivl_11", 0 0, L_0000017cf4b4d540;  1 drivers
v0000017cf4ba5f50_0 .net *"_ivl_12", 0 0, L_0000017cf4bc5b20;  1 drivers
v0000017cf4ba6d10_0 .net *"_ivl_2", 0 0, L_0000017cf4bc6340;  1 drivers
L_0000017cf4bcd258 .functor BUFT 1, C4<0>, C4<0>, C4<0>, C4<0>;
v0000017cf4ba6f90_0 .net/2u *"_ivl_4", 0 0, L_0000017cf4bcd258;  1 drivers
v0000017cf4ba7210_0 .net *"_ivl_6", 0 0, L_0000017cf4bc5a80;  1 drivers
v0000017cf4ba7030_0 .net *"_ivl_8", 0 0, L_0000017cf4bc67a0;  1 drivers
L_0000017cf4bc6340 .cmp/eq 10, L_0000017cf4c376a0, L_0000017cf4bcd210;
v0000017cf4bca440_10 .array/port v0000017cf4bca440, 10;
L_0000017cf4bc67a0 .cmp/eq 10, v0000017cf4bca440_10, L_0000017cf4c376a0;
L_0000017cf4bc5b20 .functor MUXZ 1, L_0000017cf4b4d540, L_0000017cf4bcd258, L_0000017cf4bc6340, C4<>;
S_0000017cf4ba9780 .scope generate, "gen_match[11]" "gen_match[11]" 7 95, 7 95 0, S_0000017cf4a76900;
 .timescale -9 -12;
P_0000017cf4b308c0 .param/l "g" 0 7 95, +C4<01011>;
L_0000017cf4b4d2a0 .functor AND 1, L_0000017cf4bc4d60, L_0000017cf4bc6480, C4<1>, C4<1>;
L_0000017cf4bcd2a0 .functor BUFT 1, C4<0000000000>, C4<0>, C4<0>, C4<0>;
v0000017cf4ba54b0_0 .net/2u *"_ivl_0", 9 0, L_0000017cf4bcd2a0;  1 drivers
v0000017cf4ba5c30_0 .net *"_ivl_11", 0 0, L_0000017cf4b4d2a0;  1 drivers
v0000017cf4ba7490_0 .net *"_ivl_12", 0 0, L_0000017cf4bc6840;  1 drivers
v0000017cf4ba6e50_0 .net *"_ivl_2", 0 0, L_0000017cf4bc5bc0;  1 drivers
L_0000017cf4bcd2e8 .functor BUFT 1, C4<0>, C4<0>, C4<0>, C4<0>;
v0000017cf4ba6ef0_0 .net/2u *"_ivl_4", 0 0, L_0000017cf4bcd2e8;  1 drivers
v0000017cf4ba6db0_0 .net *"_ivl_6", 0 0, L_0000017cf4bc4d60;  1 drivers
v0000017cf4ba70d0_0 .net *"_ivl_8", 0 0, L_0000017cf4bc6480;  1 drivers
L_0000017cf4bc5bc0 .cmp/eq 10, L_0000017cf4c376a0, L_0000017cf4bcd2a0;
v0000017cf4bca440_11 .array/port v0000017cf4bca440, 11;
L_0000017cf4bc6480 .cmp/eq 10, v0000017cf4bca440_11, L_0000017cf4c376a0;
L_0000017cf4bc6840 .functor MUXZ 1, L_0000017cf4b4d2a0, L_0000017cf4bcd2e8, L_0000017cf4bc5bc0, C4<>;
S_0000017cf4ba9aa0 .scope generate, "gen_match[12]" "gen_match[12]" 7 95, 7 95 0, S_0000017cf4a76900;
 .timescale -9 -12;
P_0000017cf4b302c0 .param/l "g" 0 7 95, +C4<01100>;
L_0000017cf4b4dcb0 .functor AND 1, L_0000017cf4bc4ae0, L_0000017cf4bc60c0, C4<1>, C4<1>;
L_0000017cf4bcd330 .functor BUFT 1, C4<0000000000>, C4<0>, C4<0>, C4<0>;
v0000017cf4ba6810_0 .net/2u *"_ivl_0", 9 0, L_0000017cf4bcd330;  1 drivers
v0000017cf4ba69f0_0 .net *"_ivl_11", 0 0, L_0000017cf4b4dcb0;  1 drivers
v0000017cf4ba72b0_0 .net *"_ivl_12", 0 0, L_0000017cf4bc5d00;  1 drivers
v0000017cf4ba6a90_0 .net *"_ivl_2", 0 0, L_0000017cf4bc5c60;  1 drivers
L_0000017cf4bcd378 .functor BUFT 1, C4<0>, C4<0>, C4<0>, C4<0>;
v0000017cf4ba73f0_0 .net/2u *"_ivl_4", 0 0, L_0000017cf4bcd378;  1 drivers
v0000017cf4ba7350_0 .net *"_ivl_6", 0 0, L_0000017cf4bc4ae0;  1 drivers
v0000017cf4ba6590_0 .net *"_ivl_8", 0 0, L_0000017cf4bc60c0;  1 drivers
L_0000017cf4bc5c60 .cmp/eq 10, L_0000017cf4c376a0, L_0000017cf4bcd330;
v0000017cf4bca440_12 .array/port v0000017cf4bca440, 12;
L_0000017cf4bc60c0 .cmp/eq 10, v0000017cf4bca440_12, L_0000017cf4c376a0;
L_0000017cf4bc5d00 .functor MUXZ 1, L_0000017cf4b4dcb0, L_0000017cf4bcd378, L_0000017cf4bc5c60, C4<>;
S_0000017cf4ba9dc0 .scope generate, "gen_match[13]" "gen_match[13]" 7 95, 7 95 0, S_0000017cf4a76900;
 .timescale -9 -12;
P_0000017cf4b309c0 .param/l "g" 0 7 95, +C4<01101>;
L_0000017cf4b4dd90 .functor AND 1, L_0000017cf4bc6c00, L_0000017cf4bc5ee0, C4<1>, C4<1>;
L_0000017cf4bcd3c0 .functor BUFT 1, C4<0000000000>, C4<0>, C4<0>, C4<0>;
v0000017cf4ba6b30_0 .net/2u *"_ivl_0", 9 0, L_0000017cf4bcd3c0;  1 drivers
v0000017cf4ba7170_0 .net *"_ivl_11", 0 0, L_0000017cf4b4dd90;  1 drivers
v0000017cf4ba5050_0 .net *"_ivl_12", 0 0, L_0000017cf4bc6160;  1 drivers
v0000017cf4ba5690_0 .net *"_ivl_2", 0 0, L_0000017cf4bc5da0;  1 drivers
L_0000017cf4bcd408 .functor BUFT 1, C4<0>, C4<0>, C4<0>, C4<0>;
v0000017cf4ba6770_0 .net/2u *"_ivl_4", 0 0, L_0000017cf4bcd408;  1 drivers
v0000017cf4ba6950_0 .net *"_ivl_6", 0 0, L_0000017cf4bc6c00;  1 drivers
v0000017cf4ba5230_0 .net *"_ivl_8", 0 0, L_0000017cf4bc5ee0;  1 drivers
L_0000017cf4bc5da0 .cmp/eq 10, L_0000017cf4c376a0, L_0000017cf4bcd3c0;
v0000017cf4bca440_13 .array/port v0000017cf4bca440, 13;
L_0000017cf4bc5ee0 .cmp/eq 10, v0000017cf4bca440_13, L_0000017cf4c376a0;
L_0000017cf4bc6160 .functor MUXZ 1, L_0000017cf4b4dd90, L_0000017cf4bcd408, L_0000017cf4bc5da0, C4<>;
S_0000017cf4ba8fb0 .scope generate, "gen_match[14]" "gen_match[14]" 7 95, 7 95 0, S_0000017cf4a76900;
 .timescale -9 -12;
P_0000017cf4b2fa40 .param/l "g" 0 7 95, +C4<01110>;
L_0000017cf4b4dc40 .functor AND 1, L_0000017cf4bc6ca0, L_0000017cf4bc6f20, C4<1>, C4<1>;
L_0000017cf4bcd450 .functor BUFT 1, C4<0000000000>, C4<0>, C4<0>, C4<0>;
v0000017cf4ba5e10_0 .net/2u *"_ivl_0", 9 0, L_0000017cf4bcd450;  1 drivers
v0000017cf4ba50f0_0 .net *"_ivl_11", 0 0, L_0000017cf4b4dc40;  1 drivers
v0000017cf4ba7530_0 .net *"_ivl_12", 0 0, L_0000017cf4bc4c20;  1 drivers
v0000017cf4ba6630_0 .net *"_ivl_2", 0 0, L_0000017cf4bc65c0;  1 drivers
L_0000017cf4bcd498 .functor BUFT 1, C4<0>, C4<0>, C4<0>, C4<0>;
v0000017cf4ba6bd0_0 .net/2u *"_ivl_4", 0 0, L_0000017cf4bcd498;  1 drivers
v0000017cf4ba6090_0 .net *"_ivl_6", 0 0, L_0000017cf4bc6ca0;  1 drivers
v0000017cf4ba59b0_0 .net *"_ivl_8", 0 0, L_0000017cf4bc6f20;  1 drivers
L_0000017cf4bc65c0 .cmp/eq 10, L_0000017cf4c376a0, L_0000017cf4bcd450;
v0000017cf4bca440_14 .array/port v0000017cf4bca440, 14;
L_0000017cf4bc6f20 .cmp/eq 10, v0000017cf4bca440_14, L_0000017cf4c376a0;
L_0000017cf4bc4c20 .functor MUXZ 1, L_0000017cf4b4dc40, L_0000017cf4bcd498, L_0000017cf4bc65c0, C4<>;
S_0000017cf4ba9140 .scope generate, "gen_match[15]" "gen_match[15]" 7 95, 7 95 0, S_0000017cf4a76900;
 .timescale -9 -12;
P_0000017cf4b30540 .param/l "g" 0 7 95, +C4<01111>;
L_0000017cf4b4d700 .functor AND 1, L_0000017cf4bc8be0, L_0000017cf4bc7060, C4<1>, C4<1>;
L_0000017cf4bcd4e0 .functor BUFT 1, C4<0000000000>, C4<0>, C4<0>, C4<0>;
v0000017cf4ba6310_0 .net/2u *"_ivl_0", 9 0, L_0000017cf4bcd4e0;  1 drivers
v0000017cf4ba7670_0 .net *"_ivl_11", 0 0, L_0000017cf4b4d700;  1 drivers
v0000017cf4ba6270_0 .net *"_ivl_12", 0 0, L_0000017cf4bc9540;  1 drivers
v0000017cf4ba5730_0 .net *"_ivl_2", 0 0, L_0000017cf4bc76a0;  1 drivers
L_0000017cf4bcd528 .functor BUFT 1, C4<0>, C4<0>, C4<0>, C4<0>;
v0000017cf4ba5190_0 .net/2u *"_ivl_4", 0 0, L_0000017cf4bcd528;  1 drivers
v0000017cf4ba52d0_0 .net *"_ivl_6", 0 0, L_0000017cf4bc8be0;  1 drivers
v0000017cf4ba5370_0 .net *"_ivl_8", 0 0, L_0000017cf4bc7060;  1 drivers
L_0000017cf4bc76a0 .cmp/eq 10, L_0000017cf4c376a0, L_0000017cf4bcd4e0;
v0000017cf4bca440_15 .array/port v0000017cf4bca440, 15;
L_0000017cf4bc7060 .cmp/eq 10, v0000017cf4bca440_15, L_0000017cf4c376a0;
L_0000017cf4bc9540 .functor MUXZ 1, L_0000017cf4b4d700, L_0000017cf4bcd528, L_0000017cf4bc76a0, C4<>;
S_0000017cf4ba92d0 .scope generate, "gen_ready[0]" "gen_ready[0]" 7 130, 7 130 0, S_0000017cf4a76900;
 .timescale -9 -12;
P_0000017cf4b2fa80 .param/l "g" 0 7 130, +C4<00>;
L_0000017cf4bcf070 .functor BUFT 1, C4<01>, C4<0>, C4<0>, C4<0>;
v0000017cf4ba5410_0 .net/2u *"_ivl_1", 1 0, L_0000017cf4bcf070;  1 drivers
v0000017cf4ba5550_0 .net *"_ivl_3", 0 0, L_0000017cf4c35da0;  1 drivers
L_0000017cf4c35da0 .cmp/eq 2, L_0000017cf4bc7600, L_0000017cf4bcf070;
S_0000017cf4ba9460 .scope generate, "gen_ready[1]" "gen_ready[1]" 7 130, 7 130 0, S_0000017cf4a76900;
 .timescale -9 -12;
P_0000017cf4b2fac0 .param/l "g" 0 7 130, +C4<01>;
L_0000017cf4bcf0b8 .functor BUFT 1, C4<01>, C4<0>, C4<0>, C4<0>;
v0000017cf4ba5a50_0 .net/2u *"_ivl_1", 1 0, L_0000017cf4bcf0b8;  1 drivers
v0000017cf4ba5d70_0 .net *"_ivl_3", 0 0, L_0000017cf4c36de0;  1 drivers
L_0000017cf4c36de0 .cmp/eq 2, L_0000017cf4bc8320, L_0000017cf4bcf0b8;
S_0000017cf4baadd0 .scope generate, "gen_ready[2]" "gen_ready[2]" 7 130, 7 130 0, S_0000017cf4a76900;
 .timescale -9 -12;
P_0000017cf4b2fdc0 .param/l "g" 0 7 130, +C4<010>;
L_0000017cf4bcf100 .functor BUFT 1, C4<01>, C4<0>, C4<0>, C4<0>;
v0000017cf4ba57d0_0 .net/2u *"_ivl_1", 1 0, L_0000017cf4bcf100;  1 drivers
v0000017cf4ba5870_0 .net *"_ivl_3", 0 0, L_0000017cf4c35bc0;  1 drivers
L_0000017cf4c35bc0 .cmp/eq 2, L_0000017cf4bc95e0, L_0000017cf4bcf100;
S_0000017cf4baaab0 .scope generate, "gen_ready[3]" "gen_ready[3]" 7 130, 7 130 0, S_0000017cf4a76900;
 .timescale -9 -12;
P_0000017cf4b2fc80 .param/l "g" 0 7 130, +C4<011>;
L_0000017cf4bcf148 .functor BUFT 1, C4<01>, C4<0>, C4<0>, C4<0>;
v0000017cf4ba5cd0_0 .net/2u *"_ivl_1", 1 0, L_0000017cf4bcf148;  1 drivers
v0000017cf4ba6c70_0 .net *"_ivl_3", 0 0, L_0000017cf4c36b60;  1 drivers
L_0000017cf4c36b60 .cmp/eq 2, L_0000017cf4bc8a00, L_0000017cf4bcf148;
S_0000017cf4bab730 .scope generate, "gen_ready[4]" "gen_ready[4]" 7 130, 7 130 0, S_0000017cf4a76900;
 .timescale -9 -12;
P_0000017cf4b2fd80 .param/l "g" 0 7 130, +C4<0100>;
L_0000017cf4bcf190 .functor BUFT 1, C4<01>, C4<0>, C4<0>, C4<0>;
v0000017cf4ba61d0_0 .net/2u *"_ivl_1", 1 0, L_0000017cf4bcf190;  1 drivers
v0000017cf4ba66d0_0 .net *"_ivl_3", 0 0, L_0000017cf4c36ca0;  1 drivers
L_0000017cf4c36ca0 .cmp/eq 2, L_0000017cf4bc8140, L_0000017cf4bcf190;
S_0000017cf4baaf60 .scope generate, "gen_ready[5]" "gen_ready[5]" 7 130, 7 130 0, S_0000017cf4a76900;
 .timescale -9 -12;
P_0000017cf4b30180 .param/l "g" 0 7 130, +C4<0101>;
L_0000017cf4bcf1d8 .functor BUFT 1, C4<01>, C4<0>, C4<0>, C4<0>;
v0000017cf4ba5af0_0 .net/2u *"_ivl_1", 1 0, L_0000017cf4bcf1d8;  1 drivers
v0000017cf4ba5b90_0 .net *"_ivl_3", 0 0, L_0000017cf4c36fc0;  1 drivers
L_0000017cf4c36fc0 .cmp/eq 2, L_0000017cf4bc8820, L_0000017cf4bcf1d8;
S_0000017cf4baa2e0 .scope generate, "gen_ready[6]" "gen_ready[6]" 7 130, 7 130 0, S_0000017cf4a76900;
 .timescale -9 -12;
P_0000017cf4b2fe00 .param/l "g" 0 7 130, +C4<0110>;
L_0000017cf4bcf220 .functor BUFT 1, C4<01>, C4<0>, C4<0>, C4<0>;
v0000017cf4ba63b0_0 .net/2u *"_ivl_1", 1 0, L_0000017cf4bcf220;  1 drivers
v0000017cf4ba6450_0 .net *"_ivl_3", 0 0, L_0000017cf4c35800;  1 drivers
L_0000017cf4c35800 .cmp/eq 2, L_0000017cf4c345e0, L_0000017cf4bcf220;
S_0000017cf4baa470 .scope generate, "gen_ready[7]" "gen_ready[7]" 7 130, 7 130 0, S_0000017cf4a76900;
 .timescale -9 -12;
P_0000017cf4b2fe40 .param/l "g" 0 7 130, +C4<0111>;
L_0000017cf4bcf268 .functor BUFT 1, C4<01>, C4<0>, C4<0>, C4<0>;
v0000017cf4ba64f0_0 .net/2u *"_ivl_1", 1 0, L_0000017cf4bcf268;  1 drivers
v0000017cf4ba68b0_0 .net *"_ivl_3", 0 0, L_0000017cf4c37060;  1 drivers
L_0000017cf4c37060 .cmp/eq 2, L_0000017cf4c32880, L_0000017cf4bcf268;
S_0000017cf4baac40 .scope generate, "gen_ready[8]" "gen_ready[8]" 7 130, 7 130 0, S_0000017cf4a76900;
 .timescale -9 -12;
P_0000017cf4b30240 .param/l "g" 0 7 130, +C4<01000>;
L_0000017cf4bcf2b0 .functor BUFT 1, C4<01>, C4<0>, C4<0>, C4<0>;
v0000017cf4baeba0_0 .net/2u *"_ivl_1", 1 0, L_0000017cf4bcf2b0;  1 drivers
v0000017cf4baf320_0 .net *"_ivl_3", 0 0, L_0000017cf4c36160;  1 drivers
L_0000017cf4c36160 .cmp/eq 2, L_0000017cf4c32e20, L_0000017cf4bcf2b0;
S_0000017cf4bab8c0 .scope generate, "gen_ready[9]" "gen_ready[9]" 7 130, 7 130 0, S_0000017cf4a76900;
 .timescale -9 -12;
P_0000017cf4b30300 .param/l "g" 0 7 130, +C4<01001>;
L_0000017cf4bcf2f8 .functor BUFT 1, C4<01>, C4<0>, C4<0>, C4<0>;
v0000017cf4baf5a0_0 .net/2u *"_ivl_1", 1 0, L_0000017cf4bcf2f8;  1 drivers
v0000017cf4bafbe0_0 .net *"_ivl_3", 0 0, L_0000017cf4c34f40;  1 drivers
L_0000017cf4c34f40 .cmp/eq 2, L_0000017cf4c330a0, L_0000017cf4bcf2f8;
S_0000017cf4baa790 .scope generate, "gen_ready[10]" "gen_ready[10]" 7 130, 7 130 0, S_0000017cf4a76900;
 .timescale -9 -12;
P_0000017cf4b2ffc0 .param/l "g" 0 7 130, +C4<01010>;
L_0000017cf4bcf340 .functor BUFT 1, C4<01>, C4<0>, C4<0>, C4<0>;
v0000017cf4bafaa0_0 .net/2u *"_ivl_1", 1 0, L_0000017cf4bcf340;  1 drivers
v0000017cf4baf3c0_0 .net *"_ivl_3", 0 0, L_0000017cf4c36520;  1 drivers
L_0000017cf4c36520 .cmp/eq 2, L_0000017cf4c33b40, L_0000017cf4bcf340;
S_0000017cf4baba50 .scope generate, "gen_ready[11]" "gen_ready[11]" 7 130, 7 130 0, S_0000017cf4a76900;
 .timescale -9 -12;
P_0000017cf4b30040 .param/l "g" 0 7 130, +C4<01011>;
L_0000017cf4bcf388 .functor BUFT 1, C4<01>, C4<0>, C4<0>, C4<0>;
v0000017cf4bae880_0 .net/2u *"_ivl_1", 1 0, L_0000017cf4bcf388;  1 drivers
v0000017cf4baeb00_0 .net *"_ivl_3", 0 0, L_0000017cf4c35e40;  1 drivers
L_0000017cf4c35e40 .cmp/eq 2, L_0000017cf4c33780, L_0000017cf4bcf388;
S_0000017cf4babbe0 .scope generate, "gen_ready[12]" "gen_ready[12]" 7 130, 7 130 0, S_0000017cf4a76900;
 .timescale -9 -12;
P_0000017cf4b30340 .param/l "g" 0 7 130, +C4<01100>;
L_0000017cf4bcf3d0 .functor BUFT 1, C4<01>, C4<0>, C4<0>, C4<0>;
v0000017cf4baec40_0 .net/2u *"_ivl_1", 1 0, L_0000017cf4bcf3d0;  1 drivers
v0000017cf4baf0a0_0 .net *"_ivl_3", 0 0, L_0000017cf4c34fe0;  1 drivers
L_0000017cf4c34fe0 .cmp/eq 2, L_0000017cf4c33820, L_0000017cf4bcf3d0;
S_0000017cf4babd70 .scope generate, "gen_ready[13]" "gen_ready[13]" 7 130, 7 130 0, S_0000017cf4a76900;
 .timescale -9 -12;
P_0000017cf4b30380 .param/l "g" 0 7 130, +C4<01101>;
L_0000017cf4bcf418 .functor BUFT 1, C4<01>, C4<0>, C4<0>, C4<0>;
v0000017cf4baf1e0_0 .net/2u *"_ivl_1", 1 0, L_0000017cf4bcf418;  1 drivers
v0000017cf4baf640_0 .net *"_ivl_3", 0 0, L_0000017cf4c35c60;  1 drivers
L_0000017cf4c35c60 .cmp/eq 2, L_0000017cf4c36c00, L_0000017cf4bcf418;
S_0000017cf4bab410 .scope generate, "gen_ready[14]" "gen_ready[14]" 7 130, 7 130 0, S_0000017cf4a76900;
 .timescale -9 -12;
P_0000017cf4b303c0 .param/l "g" 0 7 130, +C4<01110>;
L_0000017cf4bcf460 .functor BUFT 1, C4<01>, C4<0>, C4<0>, C4<0>;
v0000017cf4baee20_0 .net/2u *"_ivl_1", 1 0, L_0000017cf4bcf460;  1 drivers
v0000017cf4baf960_0 .net *"_ivl_3", 0 0, L_0000017cf4c34a40;  1 drivers
L_0000017cf4c34a40 .cmp/eq 2, L_0000017cf4c34cc0, L_0000017cf4bcf460;
S_0000017cf4baa600 .scope generate, "gen_ready[15]" "gen_ready[15]" 7 130, 7 130 0, S_0000017cf4a76900;
 .timescale -9 -12;
P_0000017cf4b30400 .param/l "g" 0 7 130, +C4<01111>;
L_0000017cf4bcf4a8 .functor BUFT 1, C4<01>, C4<0>, C4<0>, C4<0>;
v0000017cf4baf8c0_0 .net/2u *"_ivl_1", 1 0, L_0000017cf4bcf4a8;  1 drivers
v0000017cf4baeec0_0 .net *"_ivl_3", 0 0, L_0000017cf4c365c0;  1 drivers
L_0000017cf4c365c0 .cmp/eq 2, L_0000017cf4c36f20, L_0000017cf4bcf4a8;
S_0000017cf4ba9fc0 .scope generate, "gen_state[0]" "gen_state[0]" 7 115, 7 115 0, S_0000017cf4a76900;
 .timescale -9 -12;
P_0000017cf4b30440 .param/l "g" 0 7 115, +C4<00>;
v0000017cf4bae9c0_0 .net *"_ivl_1", 0 0, L_0000017cf4bc85a0;  1 drivers
L_0000017cf4bcd5b8 .functor BUFT 1, C4<11>, C4<0>, C4<0>, C4<0>;
v0000017cf4baf500_0 .net/2u *"_ivl_10", 1 0, L_0000017cf4bcd5b8;  1 drivers
v0000017cf4bafb40_0 .net *"_ivl_14", 0 0, L_0000017cf4bc8960;  1 drivers
L_0000017cf4bcd600 .functor BUFT 1, C4<10>, C4<0>, C4<0>, C4<0>;
v0000017cf4bafc80_0 .net/2u *"_ivl_16", 1 0, L_0000017cf4bcd600;  1 drivers
L_0000017cf4bcd648 .functor BUFT 1, C4<0000000000000000>, C4<0>, C4<0>, C4<0>;
v0000017cf4bafa00_0 .net/2u *"_ivl_19", 15 0, L_0000017cf4bcd648;  1 drivers
v0000017cf4baf820_0 .net *"_ivl_21", 0 0, L_0000017cf4bc8e60;  1 drivers
L_0000017cf4bcd690 .functor BUFT 1, C4<01>, C4<0>, C4<0>, C4<0>;
v0000017cf4bafd20_0 .net/2u *"_ivl_23", 1 0, L_0000017cf4bcd690;  1 drivers
L_0000017cf4bcd6d8 .functor BUFT 1, C4<00>, C4<0>, C4<0>, C4<0>;
v0000017cf4baf6e0_0 .net/2u *"_ivl_25", 1 0, L_0000017cf4bcd6d8;  1 drivers
v0000017cf4baf780_0 .net *"_ivl_27", 1 0, L_0000017cf4bc92c0;  1 drivers
v0000017cf4bae920_0 .net *"_ivl_29", 1 0, L_0000017cf4bc77e0;  1 drivers
v0000017cf4baece0_0 .net *"_ivl_3", 0 0, L_0000017cf4bc7100;  1 drivers
v0000017cf4bafdc0_0 .net *"_ivl_31", 1 0, L_0000017cf4bc8460;  1 drivers
L_0000017cf4bcd570 .functor BUFT 1, C4<00>, C4<0>, C4<0>, C4<0>;
v0000017cf4baf460_0 .net/2u *"_ivl_4", 1 0, L_0000017cf4bcd570;  1 drivers
v0000017cf4bafe60_0 .net *"_ivl_8", 0 0, L_0000017cf4bc7ba0;  1 drivers
L_0000017cf4bc7100 .reduce/nor L_0000017cf4bc85a0;
v0000017cf4bc9f40_0 .array/port v0000017cf4bc9f40, 0;
v0000017cf4bcb7a0_0 .array/port v0000017cf4bcb7a0, 0;
L_0000017cf4bc7ba0 .cmp/eq 10, v0000017cf4bc9f40_0, v0000017cf4bcb7a0_0;
v0000017cf4bcbac0_0 .array/port v0000017cf4bcbac0, 0;
L_0000017cf4bc8960 .cmp/eq 10, v0000017cf4bcbac0_0, v0000017cf4bcb7a0_0;
v0000017cf4bc30c0_0 .array/port v0000017cf4bc30c0, 0;
L_0000017cf4bc8e60 .cmp/eq 16, v0000017cf4bc30c0_0, L_0000017cf4bcd648;
L_0000017cf4bc92c0 .functor MUXZ 2, L_0000017cf4bcd6d8, L_0000017cf4bcd690, L_0000017cf4bc8e60, C4<>;
L_0000017cf4bc77e0 .functor MUXZ 2, L_0000017cf4bc92c0, L_0000017cf4bcd600, L_0000017cf4bc8960, C4<>;
L_0000017cf4bc8460 .functor MUXZ 2, L_0000017cf4bc77e0, L_0000017cf4bcd5b8, L_0000017cf4bc7ba0, C4<>;
L_0000017cf4bc7600 .functor MUXZ 2, L_0000017cf4bc8460, L_0000017cf4bcd570, L_0000017cf4bc7100, C4<>;
S_0000017cf4baa150 .scope generate, "gen_state[1]" "gen_state[1]" 7 115, 7 115 0, S_0000017cf4a76900;
 .timescale -9 -12;
P_0000017cf4b30480 .param/l "g" 0 7 115, +C4<01>;
v0000017cf4bae7e0_0 .net *"_ivl_1", 0 0, L_0000017cf4bc88c0;  1 drivers
L_0000017cf4bcd768 .functor BUFT 1, C4<11>, C4<0>, C4<0>, C4<0>;
v0000017cf4baed80_0 .net/2u *"_ivl_10", 1 0, L_0000017cf4bcd768;  1 drivers
v0000017cf4baef60_0 .net *"_ivl_14", 0 0, L_0000017cf4bc8f00;  1 drivers
L_0000017cf4bcd7b0 .functor BUFT 1, C4<10>, C4<0>, C4<0>, C4<0>;
v0000017cf4baea60_0 .net/2u *"_ivl_16", 1 0, L_0000017cf4bcd7b0;  1 drivers
L_0000017cf4bcd7f8 .functor BUFT 1, C4<0000000000000000>, C4<0>, C4<0>, C4<0>;
v0000017cf4baf000_0 .net/2u *"_ivl_19", 15 0, L_0000017cf4bcd7f8;  1 drivers
v0000017cf4baf140_0 .net *"_ivl_21", 0 0, L_0000017cf4bc8640;  1 drivers
L_0000017cf4bcd840 .functor BUFT 1, C4<01>, C4<0>, C4<0>, C4<0>;
v0000017cf4baf280_0 .net/2u *"_ivl_23", 1 0, L_0000017cf4bcd840;  1 drivers
L_0000017cf4bcd888 .functor BUFT 1, C4<00>, C4<0>, C4<0>, C4<0>;
v0000017cf4bac800_0 .net/2u *"_ivl_25", 1 0, L_0000017cf4bcd888;  1 drivers
v0000017cf4bad840_0 .net *"_ivl_27", 1 0, L_0000017cf4bc7380;  1 drivers
v0000017cf4bae100_0 .net *"_ivl_29", 1 0, L_0000017cf4bc90e0;  1 drivers
v0000017cf4badac0_0 .net *"_ivl_3", 0 0, L_0000017cf4bc8dc0;  1 drivers
v0000017cf4bae600_0 .net *"_ivl_31", 1 0, L_0000017cf4bc83c0;  1 drivers
L_0000017cf4bcd720 .functor BUFT 1, C4<00>, C4<0>, C4<0>, C4<0>;
v0000017cf4badfc0_0 .net/2u *"_ivl_4", 1 0, L_0000017cf4bcd720;  1 drivers
v0000017cf4bad020_0 .net *"_ivl_8", 0 0, L_0000017cf4bc9040;  1 drivers
L_0000017cf4bc8dc0 .reduce/nor L_0000017cf4bc88c0;
v0000017cf4bc9f40_1 .array/port v0000017cf4bc9f40, 1;
v0000017cf4bcb7a0_1 .array/port v0000017cf4bcb7a0, 1;
L_0000017cf4bc9040 .cmp/eq 10, v0000017cf4bc9f40_1, v0000017cf4bcb7a0_1;
v0000017cf4bcbac0_1 .array/port v0000017cf4bcbac0, 1;
L_0000017cf4bc8f00 .cmp/eq 10, v0000017cf4bcbac0_1, v0000017cf4bcb7a0_1;
v0000017cf4bc30c0_1 .array/port v0000017cf4bc30c0, 1;
L_0000017cf4bc8640 .cmp/eq 16, v0000017cf4bc30c0_1, L_0000017cf4bcd7f8;
L_0000017cf4bc7380 .functor MUXZ 2, L_0000017cf4bcd888, L_0000017cf4bcd840, L_0000017cf4bc8640, C4<>;
L_0000017cf4bc90e0 .functor MUXZ 2, L_0000017cf4bc7380, L_0000017cf4bcd7b0, L_0000017cf4bc8f00, C4<>;
L_0000017cf4bc83c0 .functor MUXZ 2, L_0000017cf4bc90e0, L_0000017cf4bcd768, L_0000017cf4bc9040, C4<>;
L_0000017cf4bc8320 .functor MUXZ 2, L_0000017cf4bc83c0, L_0000017cf4bcd720, L_0000017cf4bc8dc0, C4<>;
S_0000017cf4baa920 .scope generate, "gen_state[2]" "gen_state[2]" 7 115, 7 115 0, S_0000017cf4a76900;
 .timescale -9 -12;
P_0000017cf4b30500 .param/l "g" 0 7 115, +C4<010>;
v0000017cf4bad0c0_0 .net *"_ivl_1", 0 0, L_0000017cf4bc8000;  1 drivers
L_0000017cf4bcd918 .functor BUFT 1, C4<11>, C4<0>, C4<0>, C4<0>;
v0000017cf4bae420_0 .net/2u *"_ivl_10", 1 0, L_0000017cf4bcd918;  1 drivers
v0000017cf4bae4c0_0 .net *"_ivl_14", 0 0, L_0000017cf4bc7740;  1 drivers
L_0000017cf4bcd960 .functor BUFT 1, C4<10>, C4<0>, C4<0>, C4<0>;
v0000017cf4bac940_0 .net/2u *"_ivl_16", 1 0, L_0000017cf4bcd960;  1 drivers
L_0000017cf4bcd9a8 .functor BUFT 1, C4<0000000000000000>, C4<0>, C4<0>, C4<0>;
v0000017cf4bacf80_0 .net/2u *"_ivl_19", 15 0, L_0000017cf4bcd9a8;  1 drivers
v0000017cf4bacb20_0 .net *"_ivl_21", 0 0, L_0000017cf4bc7880;  1 drivers
L_0000017cf4bcd9f0 .functor BUFT 1, C4<01>, C4<0>, C4<0>, C4<0>;
v0000017cf4badd40_0 .net/2u *"_ivl_23", 1 0, L_0000017cf4bcd9f0;  1 drivers
L_0000017cf4bcda38 .functor BUFT 1, C4<00>, C4<0>, C4<0>, C4<0>;
v0000017cf4bac9e0_0 .net/2u *"_ivl_25", 1 0, L_0000017cf4bcda38;  1 drivers
v0000017cf4bae060_0 .net *"_ivl_27", 1 0, L_0000017cf4bc7420;  1 drivers
v0000017cf4bae560_0 .net *"_ivl_29", 1 0, L_0000017cf4bc80a0;  1 drivers
v0000017cf4bace40_0 .net *"_ivl_3", 0 0, L_0000017cf4bc7240;  1 drivers
v0000017cf4bad160_0 .net *"_ivl_31", 1 0, L_0000017cf4bc79c0;  1 drivers
L_0000017cf4bcd8d0 .functor BUFT 1, C4<00>, C4<0>, C4<0>, C4<0>;
v0000017cf4bad200_0 .net/2u *"_ivl_4", 1 0, L_0000017cf4bcd8d0;  1 drivers
v0000017cf4bacd00_0 .net *"_ivl_8", 0 0, L_0000017cf4bc8500;  1 drivers
L_0000017cf4bc7240 .reduce/nor L_0000017cf4bc8000;
v0000017cf4bc9f40_2 .array/port v0000017cf4bc9f40, 2;
v0000017cf4bcb7a0_2 .array/port v0000017cf4bcb7a0, 2;
L_0000017cf4bc8500 .cmp/eq 10, v0000017cf4bc9f40_2, v0000017cf4bcb7a0_2;
v0000017cf4bcbac0_2 .array/port v0000017cf4bcbac0, 2;
L_0000017cf4bc7740 .cmp/eq 10, v0000017cf4bcbac0_2, v0000017cf4bcb7a0_2;
v0000017cf4bc30c0_2 .array/port v0000017cf4bc30c0, 2;
L_0000017cf4bc7880 .cmp/eq 16, v0000017cf4bc30c0_2, L_0000017cf4bcd9a8;
L_0000017cf4bc7420 .functor MUXZ 2, L_0000017cf4bcda38, L_0000017cf4bcd9f0, L_0000017cf4bc7880, C4<>;
L_0000017cf4bc80a0 .functor MUXZ 2, L_0000017cf4bc7420, L_0000017cf4bcd960, L_0000017cf4bc7740, C4<>;
L_0000017cf4bc79c0 .functor MUXZ 2, L_0000017cf4bc80a0, L_0000017cf4bcd918, L_0000017cf4bc8500, C4<>;
L_0000017cf4bc95e0 .functor MUXZ 2, L_0000017cf4bc79c0, L_0000017cf4bcd8d0, L_0000017cf4bc7240, C4<>;
S_0000017cf4bab0f0 .scope generate, "gen_state[3]" "gen_state[3]" 7 115, 7 115 0, S_0000017cf4a76900;
 .timescale -9 -12;
P_0000017cf4b30580 .param/l "g" 0 7 115, +C4<011>;
v0000017cf4bac3a0_0 .net *"_ivl_1", 0 0, L_0000017cf4bc9680;  1 drivers
L_0000017cf4bcdac8 .functor BUFT 1, C4<11>, C4<0>, C4<0>, C4<0>;
v0000017cf4bacc60_0 .net/2u *"_ivl_10", 1 0, L_0000017cf4bcdac8;  1 drivers
v0000017cf4bad5c0_0 .net *"_ivl_14", 0 0, L_0000017cf4bc71a0;  1 drivers
L_0000017cf4bcdb10 .functor BUFT 1, C4<10>, C4<0>, C4<0>, C4<0>;
v0000017cf4bad520_0 .net/2u *"_ivl_16", 1 0, L_0000017cf4bcdb10;  1 drivers
L_0000017cf4bcdb58 .functor BUFT 1, C4<0000000000000000>, C4<0>, C4<0>, C4<0>;
v0000017cf4bad2a0_0 .net/2u *"_ivl_19", 15 0, L_0000017cf4bcdb58;  1 drivers
v0000017cf4bac8a0_0 .net *"_ivl_21", 0 0, L_0000017cf4bc7ce0;  1 drivers
L_0000017cf4bcdba0 .functor BUFT 1, C4<01>, C4<0>, C4<0>, C4<0>;
v0000017cf4bad340_0 .net/2u *"_ivl_23", 1 0, L_0000017cf4bcdba0;  1 drivers
L_0000017cf4bcdbe8 .functor BUFT 1, C4<00>, C4<0>, C4<0>, C4<0>;
v0000017cf4bacee0_0 .net/2u *"_ivl_25", 1 0, L_0000017cf4bcdbe8;  1 drivers
v0000017cf4bada20_0 .net *"_ivl_27", 1 0, L_0000017cf4bc7a60;  1 drivers
v0000017cf4bad700_0 .net *"_ivl_29", 1 0, L_0000017cf4bc86e0;  1 drivers
v0000017cf4bad980_0 .net *"_ivl_3", 0 0, L_0000017cf4bc9220;  1 drivers
v0000017cf4badde0_0 .net *"_ivl_31", 1 0, L_0000017cf4bc8780;  1 drivers
L_0000017cf4bcda80 .functor BUFT 1, C4<00>, C4<0>, C4<0>, C4<0>;
v0000017cf4bae240_0 .net/2u *"_ivl_4", 1 0, L_0000017cf4bcda80;  1 drivers
v0000017cf4baca80_0 .net *"_ivl_8", 0 0, L_0000017cf4bc9360;  1 drivers
L_0000017cf4bc9220 .reduce/nor L_0000017cf4bc9680;
v0000017cf4bc9f40_3 .array/port v0000017cf4bc9f40, 3;
v0000017cf4bcb7a0_3 .array/port v0000017cf4bcb7a0, 3;
L_0000017cf4bc9360 .cmp/eq 10, v0000017cf4bc9f40_3, v0000017cf4bcb7a0_3;
v0000017cf4bcbac0_3 .array/port v0000017cf4bcbac0, 3;
L_0000017cf4bc71a0 .cmp/eq 10, v0000017cf4bcbac0_3, v0000017cf4bcb7a0_3;
v0000017cf4bc30c0_3 .array/port v0000017cf4bc30c0, 3;
L_0000017cf4bc7ce0 .cmp/eq 16, v0000017cf4bc30c0_3, L_0000017cf4bcdb58;
L_0000017cf4bc7a60 .functor MUXZ 2, L_0000017cf4bcdbe8, L_0000017cf4bcdba0, L_0000017cf4bc7ce0, C4<>;
L_0000017cf4bc86e0 .functor MUXZ 2, L_0000017cf4bc7a60, L_0000017cf4bcdb10, L_0000017cf4bc71a0, C4<>;
L_0000017cf4bc8780 .functor MUXZ 2, L_0000017cf4bc86e0, L_0000017cf4bcdac8, L_0000017cf4bc9360, C4<>;
L_0000017cf4bc8a00 .functor MUXZ 2, L_0000017cf4bc8780, L_0000017cf4bcda80, L_0000017cf4bc9220, C4<>;
S_0000017cf4bab280 .scope generate, "gen_state[4]" "gen_state[4]" 7 115, 7 115 0, S_0000017cf4a76900;
 .timescale -9 -12;
P_0000017cf4b305c0 .param/l "g" 0 7 115, +C4<0100>;
v0000017cf4bad3e0_0 .net *"_ivl_1", 0 0, L_0000017cf4bc7b00;  1 drivers
L_0000017cf4bcdc78 .functor BUFT 1, C4<11>, C4<0>, C4<0>, C4<0>;
v0000017cf4bae6a0_0 .net/2u *"_ivl_10", 1 0, L_0000017cf4bcdc78;  1 drivers
v0000017cf4bad480_0 .net *"_ivl_14", 0 0, L_0000017cf4bc94a0;  1 drivers
L_0000017cf4bcdcc0 .functor BUFT 1, C4<10>, C4<0>, C4<0>, C4<0>;
v0000017cf4bae740_0 .net/2u *"_ivl_16", 1 0, L_0000017cf4bcdcc0;  1 drivers
L_0000017cf4bcdd08 .functor BUFT 1, C4<0000000000000000>, C4<0>, C4<0>, C4<0>;
v0000017cf4bac620_0 .net/2u *"_ivl_19", 15 0, L_0000017cf4bcdd08;  1 drivers
v0000017cf4bacbc0_0 .net *"_ivl_21", 0 0, L_0000017cf4bc9720;  1 drivers
L_0000017cf4bcdd50 .functor BUFT 1, C4<01>, C4<0>, C4<0>, C4<0>;
v0000017cf4bae1a0_0 .net/2u *"_ivl_23", 1 0, L_0000017cf4bcdd50;  1 drivers
L_0000017cf4bcdd98 .functor BUFT 1, C4<00>, C4<0>, C4<0>, C4<0>;
v0000017cf4babfe0_0 .net/2u *"_ivl_25", 1 0, L_0000017cf4bcdd98;  1 drivers
v0000017cf4bac080_0 .net *"_ivl_27", 1 0, L_0000017cf4bc7560;  1 drivers
v0000017cf4bacda0_0 .net *"_ivl_29", 1 0, L_0000017cf4bc97c0;  1 drivers
v0000017cf4bad660_0 .net *"_ivl_3", 0 0, L_0000017cf4bc9400;  1 drivers
v0000017cf4bad7a0_0 .net *"_ivl_31", 1 0, L_0000017cf4bc7c40;  1 drivers
L_0000017cf4bcdc30 .functor BUFT 1, C4<00>, C4<0>, C4<0>, C4<0>;
v0000017cf4bad8e0_0 .net/2u *"_ivl_4", 1 0, L_0000017cf4bcdc30;  1 drivers
v0000017cf4badb60_0 .net *"_ivl_8", 0 0, L_0000017cf4bc74c0;  1 drivers
L_0000017cf4bc9400 .reduce/nor L_0000017cf4bc7b00;
v0000017cf4bc9f40_4 .array/port v0000017cf4bc9f40, 4;
v0000017cf4bcb7a0_4 .array/port v0000017cf4bcb7a0, 4;
L_0000017cf4bc74c0 .cmp/eq 10, v0000017cf4bc9f40_4, v0000017cf4bcb7a0_4;
v0000017cf4bcbac0_4 .array/port v0000017cf4bcbac0, 4;
L_0000017cf4bc94a0 .cmp/eq 10, v0000017cf4bcbac0_4, v0000017cf4bcb7a0_4;
v0000017cf4bc30c0_4 .array/port v0000017cf4bc30c0, 4;
L_0000017cf4bc9720 .cmp/eq 16, v0000017cf4bc30c0_4, L_0000017cf4bcdd08;
L_0000017cf4bc7560 .functor MUXZ 2, L_0000017cf4bcdd98, L_0000017cf4bcdd50, L_0000017cf4bc9720, C4<>;
L_0000017cf4bc97c0 .functor MUXZ 2, L_0000017cf4bc7560, L_0000017cf4bcdcc0, L_0000017cf4bc94a0, C4<>;
L_0000017cf4bc7c40 .functor MUXZ 2, L_0000017cf4bc97c0, L_0000017cf4bcdc78, L_0000017cf4bc74c0, C4<>;
L_0000017cf4bc8140 .functor MUXZ 2, L_0000017cf4bc7c40, L_0000017cf4bcdc30, L_0000017cf4bc9400, C4<>;
S_0000017cf4bab5a0 .scope generate, "gen_state[5]" "gen_state[5]" 7 115, 7 115 0, S_0000017cf4a76900;
 .timescale -9 -12;
P_0000017cf4b31700 .param/l "g" 0 7 115, +C4<0101>;
v0000017cf4badc00_0 .net *"_ivl_1", 0 0, L_0000017cf4bc8fa0;  1 drivers
L_0000017cf4bcde28 .functor BUFT 1, C4<11>, C4<0>, C4<0>, C4<0>;
v0000017cf4badca0_0 .net/2u *"_ivl_10", 1 0, L_0000017cf4bcde28;  1 drivers
v0000017cf4bade80_0 .net *"_ivl_14", 0 0, L_0000017cf4bc7d80;  1 drivers
L_0000017cf4bcde70 .functor BUFT 1, C4<10>, C4<0>, C4<0>, C4<0>;
v0000017cf4badf20_0 .net/2u *"_ivl_16", 1 0, L_0000017cf4bcde70;  1 drivers
L_0000017cf4bcdeb8 .functor BUFT 1, C4<0000000000000000>, C4<0>, C4<0>, C4<0>;
v0000017cf4bae2e0_0 .net/2u *"_ivl_19", 15 0, L_0000017cf4bcdeb8;  1 drivers
v0000017cf4bae380_0 .net *"_ivl_21", 0 0, L_0000017cf4bc7ec0;  1 drivers
L_0000017cf4bcdf00 .functor BUFT 1, C4<01>, C4<0>, C4<0>, C4<0>;
v0000017cf4bac120_0 .net/2u *"_ivl_23", 1 0, L_0000017cf4bcdf00;  1 drivers
L_0000017cf4bcdf48 .functor BUFT 1, C4<00>, C4<0>, C4<0>, C4<0>;
v0000017cf4bac1c0_0 .net/2u *"_ivl_25", 1 0, L_0000017cf4bcdf48;  1 drivers
v0000017cf4bac6c0_0 .net *"_ivl_27", 1 0, L_0000017cf4bc7e20;  1 drivers
v0000017cf4bac260_0 .net *"_ivl_29", 1 0, L_0000017cf4bc7f60;  1 drivers
v0000017cf4bac300_0 .net *"_ivl_3", 0 0, L_0000017cf4bc7920;  1 drivers
v0000017cf4bac440_0 .net *"_ivl_31", 1 0, L_0000017cf4bc81e0;  1 drivers
L_0000017cf4bcdde0 .functor BUFT 1, C4<00>, C4<0>, C4<0>, C4<0>;
v0000017cf4bac4e0_0 .net/2u *"_ivl_4", 1 0, L_0000017cf4bcdde0;  1 drivers
v0000017cf4bac580_0 .net *"_ivl_8", 0 0, L_0000017cf4bc72e0;  1 drivers
L_0000017cf4bc7920 .reduce/nor L_0000017cf4bc8fa0;
v0000017cf4bc9f40_5 .array/port v0000017cf4bc9f40, 5;
v0000017cf4bcb7a0_5 .array/port v0000017cf4bcb7a0, 5;
L_0000017cf4bc72e0 .cmp/eq 10, v0000017cf4bc9f40_5, v0000017cf4bcb7a0_5;
v0000017cf4bcbac0_5 .array/port v0000017cf4bcbac0, 5;
L_0000017cf4bc7d80 .cmp/eq 10, v0000017cf4bcbac0_5, v0000017cf4bcb7a0_5;
v0000017cf4bc30c0_5 .array/port v0000017cf4bc30c0, 5;
L_0000017cf4bc7ec0 .cmp/eq 16, v0000017cf4bc30c0_5, L_0000017cf4bcdeb8;
L_0000017cf4bc7e20 .functor MUXZ 2, L_0000017cf4bcdf48, L_0000017cf4bcdf00, L_0000017cf4bc7ec0, C4<>;
L_0000017cf4bc7f60 .functor MUXZ 2, L_0000017cf4bc7e20, L_0000017cf4bcde70, L_0000017cf4bc7d80, C4<>;
L_0000017cf4bc81e0 .functor MUXZ 2, L_0000017cf4bc7f60, L_0000017cf4bcde28, L_0000017cf4bc72e0, C4<>;
L_0000017cf4bc8820 .functor MUXZ 2, L_0000017cf4bc81e0, L_0000017cf4bcdde0, L_0000017cf4bc7920, C4<>;
S_0000017cf4bb8e80 .scope generate, "gen_state[6]" "gen_state[6]" 7 115, 7 115 0, S_0000017cf4a76900;
 .timescale -9 -12;
P_0000017cf4b31780 .param/l "g" 0 7 115, +C4<0110>;
v0000017cf4bac760_0 .net *"_ivl_1", 0 0, L_0000017cf4bc8280;  1 drivers
L_0000017cf4bcdfd8 .functor BUFT 1, C4<11>, C4<0>, C4<0>, C4<0>;
v0000017cf4bbb4e0_0 .net/2u *"_ivl_10", 1 0, L_0000017cf4bcdfd8;  1 drivers
v0000017cf4bbc3e0_0 .net *"_ivl_14", 0 0, L_0000017cf4bc8c80;  1 drivers
L_0000017cf4bce020 .functor BUFT 1, C4<10>, C4<0>, C4<0>, C4<0>;
v0000017cf4bbaea0_0 .net/2u *"_ivl_16", 1 0, L_0000017cf4bce020;  1 drivers
L_0000017cf4bce068 .functor BUFT 1, C4<0000000000000000>, C4<0>, C4<0>, C4<0>;
v0000017cf4bbad60_0 .net/2u *"_ivl_19", 15 0, L_0000017cf4bce068;  1 drivers
v0000017cf4bba900_0 .net *"_ivl_21", 0 0, L_0000017cf4bc8d20;  1 drivers
L_0000017cf4bce0b0 .functor BUFT 1, C4<01>, C4<0>, C4<0>, C4<0>;
v0000017cf4bbb1c0_0 .net/2u *"_ivl_23", 1 0, L_0000017cf4bce0b0;  1 drivers
L_0000017cf4bce0f8 .functor BUFT 1, C4<00>, C4<0>, C4<0>, C4<0>;
v0000017cf4bbc8e0_0 .net/2u *"_ivl_25", 1 0, L_0000017cf4bce0f8;  1 drivers
v0000017cf4bbc020_0 .net *"_ivl_27", 1 0, L_0000017cf4c327e0;  1 drivers
v0000017cf4bbb3a0_0 .net *"_ivl_29", 1 0, L_0000017cf4c32b00;  1 drivers
v0000017cf4bba9a0_0 .net *"_ivl_3", 0 0, L_0000017cf4bc8aa0;  1 drivers
v0000017cf4bbc0c0_0 .net *"_ivl_31", 1 0, L_0000017cf4c34860;  1 drivers
L_0000017cf4bcdf90 .functor BUFT 1, C4<00>, C4<0>, C4<0>, C4<0>;
v0000017cf4bbb6c0_0 .net/2u *"_ivl_4", 1 0, L_0000017cf4bcdf90;  1 drivers
v0000017cf4bbbb20_0 .net *"_ivl_8", 0 0, L_0000017cf4bc8b40;  1 drivers
L_0000017cf4bc8aa0 .reduce/nor L_0000017cf4bc8280;
v0000017cf4bc9f40_6 .array/port v0000017cf4bc9f40, 6;
v0000017cf4bcb7a0_6 .array/port v0000017cf4bcb7a0, 6;
L_0000017cf4bc8b40 .cmp/eq 10, v0000017cf4bc9f40_6, v0000017cf4bcb7a0_6;
v0000017cf4bcbac0_6 .array/port v0000017cf4bcbac0, 6;
L_0000017cf4bc8c80 .cmp/eq 10, v0000017cf4bcbac0_6, v0000017cf4bcb7a0_6;
v0000017cf4bc30c0_6 .array/port v0000017cf4bc30c0, 6;
L_0000017cf4bc8d20 .cmp/eq 16, v0000017cf4bc30c0_6, L_0000017cf4bce068;
L_0000017cf4c327e0 .functor MUXZ 2, L_0000017cf4bce0f8, L_0000017cf4bce0b0, L_0000017cf4bc8d20, C4<>;
L_0000017cf4c32b00 .functor MUXZ 2, L_0000017cf4c327e0, L_0000017cf4bce020, L_0000017cf4bc8c80, C4<>;
L_0000017cf4c34860 .functor MUXZ 2, L_0000017cf4c32b00, L_0000017cf4bcdfd8, L_0000017cf4bc8b40, C4<>;
L_0000017cf4c345e0 .functor MUXZ 2, L_0000017cf4c34860, L_0000017cf4bcdf90, L_0000017cf4bc8aa0, C4<>;
S_0000017cf4bb86b0 .scope generate, "gen_state[7]" "gen_state[7]" 7 115, 7 115 0, S_0000017cf4a76900;
 .timescale -9 -12;
P_0000017cf4b31840 .param/l "g" 0 7 115, +C4<0111>;
v0000017cf4bba680_0 .net *"_ivl_1", 0 0, L_0000017cf4c33640;  1 drivers
L_0000017cf4bce188 .functor BUFT 1, C4<11>, C4<0>, C4<0>, C4<0>;
v0000017cf4bbb620_0 .net/2u *"_ivl_10", 1 0, L_0000017cf4bce188;  1 drivers
v0000017cf4bbc160_0 .net *"_ivl_14", 0 0, L_0000017cf4c33500;  1 drivers
L_0000017cf4bce1d0 .functor BUFT 1, C4<10>, C4<0>, C4<0>, C4<0>;
v0000017cf4bbbe40_0 .net/2u *"_ivl_16", 1 0, L_0000017cf4bce1d0;  1 drivers
L_0000017cf4bce218 .functor BUFT 1, C4<0000000000000000>, C4<0>, C4<0>, C4<0>;
v0000017cf4bbc200_0 .net/2u *"_ivl_19", 15 0, L_0000017cf4bce218;  1 drivers
v0000017cf4bbc2a0_0 .net *"_ivl_21", 0 0, L_0000017cf4c33dc0;  1 drivers
L_0000017cf4bce260 .functor BUFT 1, C4<01>, C4<0>, C4<0>, C4<0>;
v0000017cf4bbc480_0 .net/2u *"_ivl_23", 1 0, L_0000017cf4bce260;  1 drivers
L_0000017cf4bce2a8 .functor BUFT 1, C4<00>, C4<0>, C4<0>, C4<0>;
v0000017cf4bbb800_0 .net/2u *"_ivl_25", 1 0, L_0000017cf4bce2a8;  1 drivers
v0000017cf4bbb940_0 .net *"_ivl_27", 1 0, L_0000017cf4c34180;  1 drivers
v0000017cf4bbc520_0 .net *"_ivl_29", 1 0, L_0000017cf4c33f00;  1 drivers
v0000017cf4bbc340_0 .net *"_ivl_3", 0 0, L_0000017cf4c33d20;  1 drivers
v0000017cf4bbae00_0 .net *"_ivl_31", 1 0, L_0000017cf4c34360;  1 drivers
L_0000017cf4bce140 .functor BUFT 1, C4<00>, C4<0>, C4<0>, C4<0>;
v0000017cf4bbbee0_0 .net/2u *"_ivl_4", 1 0, L_0000017cf4bce140;  1 drivers
v0000017cf4bba7c0_0 .net *"_ivl_8", 0 0, L_0000017cf4c34040;  1 drivers
L_0000017cf4c33d20 .reduce/nor L_0000017cf4c33640;
v0000017cf4bc9f40_7 .array/port v0000017cf4bc9f40, 7;
v0000017cf4bcb7a0_7 .array/port v0000017cf4bcb7a0, 7;
L_0000017cf4c34040 .cmp/eq 10, v0000017cf4bc9f40_7, v0000017cf4bcb7a0_7;
v0000017cf4bcbac0_7 .array/port v0000017cf4bcbac0, 7;
L_0000017cf4c33500 .cmp/eq 10, v0000017cf4bcbac0_7, v0000017cf4bcb7a0_7;
v0000017cf4bc30c0_7 .array/port v0000017cf4bc30c0, 7;
L_0000017cf4c33dc0 .cmp/eq 16, v0000017cf4bc30c0_7, L_0000017cf4bce218;
L_0000017cf4c34180 .functor MUXZ 2, L_0000017cf4bce2a8, L_0000017cf4bce260, L_0000017cf4c33dc0, C4<>;
L_0000017cf4c33f00 .functor MUXZ 2, L_0000017cf4c34180, L_0000017cf4bce1d0, L_0000017cf4c33500, C4<>;
L_0000017cf4c34360 .functor MUXZ 2, L_0000017cf4c33f00, L_0000017cf4bce188, L_0000017cf4c34040, C4<>;
L_0000017cf4c32880 .functor MUXZ 2, L_0000017cf4c34360, L_0000017cf4bce140, L_0000017cf4c33d20, C4<>;
S_0000017cf4bb8840 .scope generate, "gen_state[8]" "gen_state[8]" 7 115, 7 115 0, S_0000017cf4a76900;
 .timescale -9 -12;
P_0000017cf4b30f40 .param/l "g" 0 7 115, +C4<01000>;
v0000017cf4bba4a0_0 .net *"_ivl_1", 0 0, L_0000017cf4c335a0;  1 drivers
L_0000017cf4bce338 .functor BUFT 1, C4<11>, C4<0>, C4<0>, C4<0>;
v0000017cf4bbbbc0_0 .net/2u *"_ivl_10", 1 0, L_0000017cf4bce338;  1 drivers
v0000017cf4bbc5c0_0 .net *"_ivl_14", 0 0, L_0000017cf4c342c0;  1 drivers
L_0000017cf4bce380 .functor BUFT 1, C4<10>, C4<0>, C4<0>, C4<0>;
v0000017cf4bbb080_0 .net/2u *"_ivl_16", 1 0, L_0000017cf4bce380;  1 drivers
L_0000017cf4bce3c8 .functor BUFT 1, C4<0000000000000000>, C4<0>, C4<0>, C4<0>;
v0000017cf4bbbc60_0 .net/2u *"_ivl_19", 15 0, L_0000017cf4bce3c8;  1 drivers
v0000017cf4bbc7a0_0 .net *"_ivl_21", 0 0, L_0000017cf4c32920;  1 drivers
L_0000017cf4bce410 .functor BUFT 1, C4<01>, C4<0>, C4<0>, C4<0>;
v0000017cf4bbc660_0 .net/2u *"_ivl_23", 1 0, L_0000017cf4bce410;  1 drivers
L_0000017cf4bce458 .functor BUFT 1, C4<00>, C4<0>, C4<0>, C4<0>;
v0000017cf4bbb760_0 .net/2u *"_ivl_25", 1 0, L_0000017cf4bce458;  1 drivers
v0000017cf4bba540_0 .net *"_ivl_27", 1 0, L_0000017cf4c32f60;  1 drivers
v0000017cf4bbaa40_0 .net *"_ivl_29", 1 0, L_0000017cf4c34680;  1 drivers
v0000017cf4bbc700_0 .net *"_ivl_3", 0 0, L_0000017cf4c33e60;  1 drivers
v0000017cf4bbb8a0_0 .net *"_ivl_31", 1 0, L_0000017cf4c32ec0;  1 drivers
L_0000017cf4bce2f0 .functor BUFT 1, C4<00>, C4<0>, C4<0>, C4<0>;
v0000017cf4bbafe0_0 .net/2u *"_ivl_4", 1 0, L_0000017cf4bce2f0;  1 drivers
v0000017cf4bbaf40_0 .net *"_ivl_8", 0 0, L_0000017cf4c326a0;  1 drivers
L_0000017cf4c33e60 .reduce/nor L_0000017cf4c335a0;
v0000017cf4bc9f40_8 .array/port v0000017cf4bc9f40, 8;
v0000017cf4bcb7a0_8 .array/port v0000017cf4bcb7a0, 8;
L_0000017cf4c326a0 .cmp/eq 10, v0000017cf4bc9f40_8, v0000017cf4bcb7a0_8;
v0000017cf4bcbac0_8 .array/port v0000017cf4bcbac0, 8;
L_0000017cf4c342c0 .cmp/eq 10, v0000017cf4bcbac0_8, v0000017cf4bcb7a0_8;
v0000017cf4bc30c0_8 .array/port v0000017cf4bc30c0, 8;
L_0000017cf4c32920 .cmp/eq 16, v0000017cf4bc30c0_8, L_0000017cf4bce3c8;
L_0000017cf4c32f60 .functor MUXZ 2, L_0000017cf4bce458, L_0000017cf4bce410, L_0000017cf4c32920, C4<>;
L_0000017cf4c34680 .functor MUXZ 2, L_0000017cf4c32f60, L_0000017cf4bce380, L_0000017cf4c342c0, C4<>;
L_0000017cf4c32ec0 .functor MUXZ 2, L_0000017cf4c34680, L_0000017cf4bce338, L_0000017cf4c326a0, C4<>;
L_0000017cf4c32e20 .functor MUXZ 2, L_0000017cf4c32ec0, L_0000017cf4bce2f0, L_0000017cf4c33e60, C4<>;
S_0000017cf4bb97e0 .scope generate, "gen_state[9]" "gen_state[9]" 7 115, 7 115 0, S_0000017cf4a76900;
 .timescale -9 -12;
P_0000017cf4b30e00 .param/l "g" 0 7 115, +C4<01001>;
v0000017cf4bbc840_0 .net *"_ivl_1", 0 0, L_0000017cf4c33fa0;  1 drivers
L_0000017cf4bce4e8 .functor BUFT 1, C4<11>, C4<0>, C4<0>, C4<0>;
v0000017cf4bbb120_0 .net/2u *"_ivl_10", 1 0, L_0000017cf4bce4e8;  1 drivers
v0000017cf4bbb300_0 .net *"_ivl_14", 0 0, L_0000017cf4c33000;  1 drivers
L_0000017cf4bce530 .functor BUFT 1, C4<10>, C4<0>, C4<0>, C4<0>;
v0000017cf4bbb260_0 .net/2u *"_ivl_16", 1 0, L_0000017cf4bce530;  1 drivers
L_0000017cf4bce578 .functor BUFT 1, C4<0000000000000000>, C4<0>, C4<0>, C4<0>;
v0000017cf4bbb440_0 .net/2u *"_ivl_19", 15 0, L_0000017cf4bce578;  1 drivers
v0000017cf4bbb580_0 .net *"_ivl_21", 0 0, L_0000017cf4c34220;  1 drivers
L_0000017cf4bce5c0 .functor BUFT 1, C4<01>, C4<0>, C4<0>, C4<0>;
v0000017cf4bbc980_0 .net/2u *"_ivl_23", 1 0, L_0000017cf4bce5c0;  1 drivers
L_0000017cf4bce608 .functor BUFT 1, C4<00>, C4<0>, C4<0>, C4<0>;
v0000017cf4bba5e0_0 .net/2u *"_ivl_25", 1 0, L_0000017cf4bce608;  1 drivers
v0000017cf4bbbf80_0 .net *"_ivl_27", 1 0, L_0000017cf4c32100;  1 drivers
v0000017cf4bba860_0 .net *"_ivl_29", 1 0, L_0000017cf4c331e0;  1 drivers
v0000017cf4bba220_0 .net *"_ivl_3", 0 0, L_0000017cf4c34720;  1 drivers
v0000017cf4bba360_0 .net *"_ivl_31", 1 0, L_0000017cf4c321a0;  1 drivers
L_0000017cf4bce4a0 .functor BUFT 1, C4<00>, C4<0>, C4<0>, C4<0>;
v0000017cf4bbba80_0 .net/2u *"_ivl_4", 1 0, L_0000017cf4bce4a0;  1 drivers
v0000017cf4bbaae0_0 .net *"_ivl_8", 0 0, L_0000017cf4c340e0;  1 drivers
L_0000017cf4c34720 .reduce/nor L_0000017cf4c33fa0;
v0000017cf4bc9f40_9 .array/port v0000017cf4bc9f40, 9;
v0000017cf4bcb7a0_9 .array/port v0000017cf4bcb7a0, 9;
L_0000017cf4c340e0 .cmp/eq 10, v0000017cf4bc9f40_9, v0000017cf4bcb7a0_9;
v0000017cf4bcbac0_9 .array/port v0000017cf4bcbac0, 9;
L_0000017cf4c33000 .cmp/eq 10, v0000017cf4bcbac0_9, v0000017cf4bcb7a0_9;
v0000017cf4bc30c0_9 .array/port v0000017cf4bc30c0, 9;
L_0000017cf4c34220 .cmp/eq 16, v0000017cf4bc30c0_9, L_0000017cf4bce578;
L_0000017cf4c32100 .functor MUXZ 2, L_0000017cf4bce608, L_0000017cf4bce5c0, L_0000017cf4c34220, C4<>;
L_0000017cf4c331e0 .functor MUXZ 2, L_0000017cf4c32100, L_0000017cf4bce530, L_0000017cf4c33000, C4<>;
L_0000017cf4c321a0 .functor MUXZ 2, L_0000017cf4c331e0, L_0000017cf4bce4e8, L_0000017cf4c340e0, C4<>;
L_0000017cf4c330a0 .functor MUXZ 2, L_0000017cf4c321a0, L_0000017cf4bce4a0, L_0000017cf4c34720, C4<>;
S_0000017cf4bb9010 .scope generate, "gen_state[10]" "gen_state[10]" 7 115, 7 115 0, S_0000017cf4a76900;
 .timescale -9 -12;
P_0000017cf4b31540 .param/l "g" 0 7 115, +C4<01010>;
v0000017cf4bba2c0_0 .net *"_ivl_1", 0 0, L_0000017cf4c34540;  1 drivers
L_0000017cf4bce698 .functor BUFT 1, C4<11>, C4<0>, C4<0>, C4<0>;
v0000017cf4bba400_0 .net/2u *"_ivl_10", 1 0, L_0000017cf4bce698;  1 drivers
v0000017cf4bbb9e0_0 .net *"_ivl_14", 0 0, L_0000017cf4c347c0;  1 drivers
L_0000017cf4bce6e0 .functor BUFT 1, C4<10>, C4<0>, C4<0>, C4<0>;
v0000017cf4bba720_0 .net/2u *"_ivl_16", 1 0, L_0000017cf4bce6e0;  1 drivers
L_0000017cf4bce728 .functor BUFT 1, C4<0000000000000000>, C4<0>, C4<0>, C4<0>;
v0000017cf4bbab80_0 .net/2u *"_ivl_19", 15 0, L_0000017cf4bce728;  1 drivers
v0000017cf4bbbd00_0 .net *"_ivl_21", 0 0, L_0000017cf4c33140;  1 drivers
L_0000017cf4bce770 .functor BUFT 1, C4<01>, C4<0>, C4<0>, C4<0>;
v0000017cf4bbbda0_0 .net/2u *"_ivl_23", 1 0, L_0000017cf4bce770;  1 drivers
L_0000017cf4bce7b8 .functor BUFT 1, C4<00>, C4<0>, C4<0>, C4<0>;
v0000017cf4bbac20_0 .net/2u *"_ivl_25", 1 0, L_0000017cf4bce7b8;  1 drivers
v0000017cf4bbacc0_0 .net *"_ivl_27", 1 0, L_0000017cf4c333c0;  1 drivers
v0000017cf4bbca20_0 .net *"_ivl_29", 1 0, L_0000017cf4c32ba0;  1 drivers
v0000017cf4bbcac0_0 .net *"_ivl_3", 0 0, L_0000017cf4c32a60;  1 drivers
v0000017cf4bbcca0_0 .net *"_ivl_31", 1 0, L_0000017cf4c32240;  1 drivers
L_0000017cf4bce650 .functor BUFT 1, C4<00>, C4<0>, C4<0>, C4<0>;
v0000017cf4bbd6a0_0 .net/2u *"_ivl_4", 1 0, L_0000017cf4bce650;  1 drivers
v0000017cf4bbd740_0 .net *"_ivl_8", 0 0, L_0000017cf4c329c0;  1 drivers
L_0000017cf4c32a60 .reduce/nor L_0000017cf4c34540;
v0000017cf4bc9f40_10 .array/port v0000017cf4bc9f40, 10;
v0000017cf4bcb7a0_10 .array/port v0000017cf4bcb7a0, 10;
L_0000017cf4c329c0 .cmp/eq 10, v0000017cf4bc9f40_10, v0000017cf4bcb7a0_10;
v0000017cf4bcbac0_10 .array/port v0000017cf4bcbac0, 10;
L_0000017cf4c347c0 .cmp/eq 10, v0000017cf4bcbac0_10, v0000017cf4bcb7a0_10;
v0000017cf4bc30c0_10 .array/port v0000017cf4bc30c0, 10;
L_0000017cf4c33140 .cmp/eq 16, v0000017cf4bc30c0_10, L_0000017cf4bce728;
L_0000017cf4c333c0 .functor MUXZ 2, L_0000017cf4bce7b8, L_0000017cf4bce770, L_0000017cf4c33140, C4<>;
L_0000017cf4c32ba0 .functor MUXZ 2, L_0000017cf4c333c0, L_0000017cf4bce6e0, L_0000017cf4c347c0, C4<>;
L_0000017cf4c32240 .functor MUXZ 2, L_0000017cf4c32ba0, L_0000017cf4bce698, L_0000017cf4c329c0, C4<>;
L_0000017cf4c33b40 .functor MUXZ 2, L_0000017cf4c32240, L_0000017cf4bce650, L_0000017cf4c32a60, C4<>;
S_0000017cf4bb91a0 .scope generate, "gen_state[11]" "gen_state[11]" 7 115, 7 115 0, S_0000017cf4a76900;
 .timescale -9 -12;
P_0000017cf4b31440 .param/l "g" 0 7 115, +C4<01011>;
v0000017cf4bbcb60_0 .net *"_ivl_1", 0 0, L_0000017cf4c32420;  1 drivers
L_0000017cf4bce848 .functor BUFT 1, C4<11>, C4<0>, C4<0>, C4<0>;
v0000017cf4bbd240_0 .net/2u *"_ivl_10", 1 0, L_0000017cf4bce848;  1 drivers
v0000017cf4bbda60_0 .net *"_ivl_14", 0 0, L_0000017cf4c32740;  1 drivers
L_0000017cf4bce890 .functor BUFT 1, C4<10>, C4<0>, C4<0>, C4<0>;
v0000017cf4bbdec0_0 .net/2u *"_ivl_16", 1 0, L_0000017cf4bce890;  1 drivers
L_0000017cf4bce8d8 .functor BUFT 1, C4<0000000000000000>, C4<0>, C4<0>, C4<0>;
v0000017cf4bbd2e0_0 .net/2u *"_ivl_19", 15 0, L_0000017cf4bce8d8;  1 drivers
v0000017cf4bbdd80_0 .net *"_ivl_21", 0 0, L_0000017cf4c32c40;  1 drivers
L_0000017cf4bce920 .functor BUFT 1, C4<01>, C4<0>, C4<0>, C4<0>;
v0000017cf4bbcc00_0 .net/2u *"_ivl_23", 1 0, L_0000017cf4bce920;  1 drivers
L_0000017cf4bce968 .functor BUFT 1, C4<00>, C4<0>, C4<0>, C4<0>;
v0000017cf4bbe000_0 .net/2u *"_ivl_25", 1 0, L_0000017cf4bce968;  1 drivers
v0000017cf4bbd380_0 .net *"_ivl_27", 1 0, L_0000017cf4c32ce0;  1 drivers
v0000017cf4bbcd40_0 .net *"_ivl_29", 1 0, L_0000017cf4c322e0;  1 drivers
v0000017cf4bbcde0_0 .net *"_ivl_3", 0 0, L_0000017cf4c34400;  1 drivers
v0000017cf4bbce80_0 .net *"_ivl_31", 1 0, L_0000017cf4c32380;  1 drivers
L_0000017cf4bce800 .functor BUFT 1, C4<00>, C4<0>, C4<0>, C4<0>;
v0000017cf4bbcf20_0 .net/2u *"_ivl_4", 1 0, L_0000017cf4bce800;  1 drivers
v0000017cf4bbe0a0_0 .net *"_ivl_8", 0 0, L_0000017cf4c336e0;  1 drivers
L_0000017cf4c34400 .reduce/nor L_0000017cf4c32420;
v0000017cf4bc9f40_11 .array/port v0000017cf4bc9f40, 11;
v0000017cf4bcb7a0_11 .array/port v0000017cf4bcb7a0, 11;
L_0000017cf4c336e0 .cmp/eq 10, v0000017cf4bc9f40_11, v0000017cf4bcb7a0_11;
v0000017cf4bcbac0_11 .array/port v0000017cf4bcbac0, 11;
L_0000017cf4c32740 .cmp/eq 10, v0000017cf4bcbac0_11, v0000017cf4bcb7a0_11;
v0000017cf4bc30c0_11 .array/port v0000017cf4bc30c0, 11;
L_0000017cf4c32c40 .cmp/eq 16, v0000017cf4bc30c0_11, L_0000017cf4bce8d8;
L_0000017cf4c32ce0 .functor MUXZ 2, L_0000017cf4bce968, L_0000017cf4bce920, L_0000017cf4c32c40, C4<>;
L_0000017cf4c322e0 .functor MUXZ 2, L_0000017cf4c32ce0, L_0000017cf4bce890, L_0000017cf4c32740, C4<>;
L_0000017cf4c32380 .functor MUXZ 2, L_0000017cf4c322e0, L_0000017cf4bce848, L_0000017cf4c336e0, C4<>;
L_0000017cf4c33780 .functor MUXZ 2, L_0000017cf4c32380, L_0000017cf4bce800, L_0000017cf4c34400, C4<>;
S_0000017cf4bb9970 .scope generate, "gen_state[12]" "gen_state[12]" 7 115, 7 115 0, S_0000017cf4a76900;
 .timescale -9 -12;
P_0000017cf4b30c80 .param/l "g" 0 7 115, +C4<01100>;
v0000017cf4bbde20_0 .net *"_ivl_1", 0 0, L_0000017cf4c344a0;  1 drivers
L_0000017cf4bce9f8 .functor BUFT 1, C4<11>, C4<0>, C4<0>, C4<0>;
v0000017cf4bbdf60_0 .net/2u *"_ivl_10", 1 0, L_0000017cf4bce9f8;  1 drivers
v0000017cf4bbcfc0_0 .net *"_ivl_14", 0 0, L_0000017cf4c32d80;  1 drivers
L_0000017cf4bcea40 .functor BUFT 1, C4<10>, C4<0>, C4<0>, C4<0>;
v0000017cf4bbd7e0_0 .net/2u *"_ivl_16", 1 0, L_0000017cf4bcea40;  1 drivers
L_0000017cf4bcea88 .functor BUFT 1, C4<0000000000000000>, C4<0>, C4<0>, C4<0>;
v0000017cf4bbd600_0 .net/2u *"_ivl_19", 15 0, L_0000017cf4bcea88;  1 drivers
v0000017cf4bbd060_0 .net *"_ivl_21", 0 0, L_0000017cf4c33280;  1 drivers
L_0000017cf4bcead0 .functor BUFT 1, C4<01>, C4<0>, C4<0>, C4<0>;
v0000017cf4bbd100_0 .net/2u *"_ivl_23", 1 0, L_0000017cf4bcead0;  1 drivers
L_0000017cf4bceb18 .functor BUFT 1, C4<00>, C4<0>, C4<0>, C4<0>;
v0000017cf4bbd1a0_0 .net/2u *"_ivl_25", 1 0, L_0000017cf4bceb18;  1 drivers
v0000017cf4bbd420_0 .net *"_ivl_27", 1 0, L_0000017cf4c324c0;  1 drivers
v0000017cf4bbdc40_0 .net *"_ivl_29", 1 0, L_0000017cf4c33320;  1 drivers
v0000017cf4bbd4c0_0 .net *"_ivl_3", 0 0, L_0000017cf4c32560;  1 drivers
v0000017cf4bbd920_0 .net *"_ivl_31", 1 0, L_0000017cf4c33460;  1 drivers
L_0000017cf4bce9b0 .functor BUFT 1, C4<00>, C4<0>, C4<0>, C4<0>;
v0000017cf4bbd560_0 .net/2u *"_ivl_4", 1 0, L_0000017cf4bce9b0;  1 drivers
v0000017cf4bbd880_0 .net *"_ivl_8", 0 0, L_0000017cf4c33a00;  1 drivers
L_0000017cf4c32560 .reduce/nor L_0000017cf4c344a0;
v0000017cf4bc9f40_12 .array/port v0000017cf4bc9f40, 12;
v0000017cf4bcb7a0_12 .array/port v0000017cf4bcb7a0, 12;
L_0000017cf4c33a00 .cmp/eq 10, v0000017cf4bc9f40_12, v0000017cf4bcb7a0_12;
v0000017cf4bcbac0_12 .array/port v0000017cf4bcbac0, 12;
L_0000017cf4c32d80 .cmp/eq 10, v0000017cf4bcbac0_12, v0000017cf4bcb7a0_12;
v0000017cf4bc30c0_12 .array/port v0000017cf4bc30c0, 12;
L_0000017cf4c33280 .cmp/eq 16, v0000017cf4bc30c0_12, L_0000017cf4bcea88;
L_0000017cf4c324c0 .functor MUXZ 2, L_0000017cf4bceb18, L_0000017cf4bcead0, L_0000017cf4c33280, C4<>;
L_0000017cf4c33320 .functor MUXZ 2, L_0000017cf4c324c0, L_0000017cf4bcea40, L_0000017cf4c32d80, C4<>;
L_0000017cf4c33460 .functor MUXZ 2, L_0000017cf4c33320, L_0000017cf4bce9f8, L_0000017cf4c33a00, C4<>;
L_0000017cf4c33820 .functor MUXZ 2, L_0000017cf4c33460, L_0000017cf4bce9b0, L_0000017cf4c32560, C4<>;
S_0000017cf4bb8390 .scope generate, "gen_state[13]" "gen_state[13]" 7 115, 7 115 0, S_0000017cf4a76900;
 .timescale -9 -12;
P_0000017cf4b31900 .param/l "g" 0 7 115, +C4<01101>;
v0000017cf4bbd9c0_0 .net *"_ivl_1", 0 0, L_0000017cf4c32600;  1 drivers
L_0000017cf4bceba8 .functor BUFT 1, C4<11>, C4<0>, C4<0>, C4<0>;
v0000017cf4bbdb00_0 .net/2u *"_ivl_10", 1 0, L_0000017cf4bceba8;  1 drivers
v0000017cf4bbdba0_0 .net *"_ivl_14", 0 0, L_0000017cf4c33aa0;  1 drivers
L_0000017cf4bcebf0 .functor BUFT 1, C4<10>, C4<0>, C4<0>, C4<0>;
v0000017cf4bbdce0_0 .net/2u *"_ivl_16", 1 0, L_0000017cf4bcebf0;  1 drivers
L_0000017cf4bcec38 .functor BUFT 1, C4<0000000000000000>, C4<0>, C4<0>, C4<0>;
v0000017cf4bc2da0_0 .net/2u *"_ivl_19", 15 0, L_0000017cf4bcec38;  1 drivers
v0000017cf4bc29e0_0 .net *"_ivl_21", 0 0, L_0000017cf4c33be0;  1 drivers
L_0000017cf4bcec80 .functor BUFT 1, C4<01>, C4<0>, C4<0>, C4<0>;
v0000017cf4bc0640_0 .net/2u *"_ivl_23", 1 0, L_0000017cf4bcec80;  1 drivers
L_0000017cf4bcecc8 .functor BUFT 1, C4<00>, C4<0>, C4<0>, C4<0>;
v0000017cf4bc14a0_0 .net/2u *"_ivl_25", 1 0, L_0000017cf4bcecc8;  1 drivers
v0000017cf4bc1180_0 .net *"_ivl_27", 1 0, L_0000017cf4c33c80;  1 drivers
v0000017cf4bc1720_0 .net *"_ivl_29", 1 0, L_0000017cf4c359e0;  1 drivers
v0000017cf4bc17c0_0 .net *"_ivl_3", 0 0, L_0000017cf4c338c0;  1 drivers
v0000017cf4bc2a80_0 .net *"_ivl_31", 1 0, L_0000017cf4c35080;  1 drivers
L_0000017cf4bceb60 .functor BUFT 1, C4<00>, C4<0>, C4<0>, C4<0>;
v0000017cf4bc0fa0_0 .net/2u *"_ivl_4", 1 0, L_0000017cf4bceb60;  1 drivers
v0000017cf4bc28a0_0 .net *"_ivl_8", 0 0, L_0000017cf4c33960;  1 drivers
L_0000017cf4c338c0 .reduce/nor L_0000017cf4c32600;
v0000017cf4bc9f40_13 .array/port v0000017cf4bc9f40, 13;
v0000017cf4bcb7a0_13 .array/port v0000017cf4bcb7a0, 13;
L_0000017cf4c33960 .cmp/eq 10, v0000017cf4bc9f40_13, v0000017cf4bcb7a0_13;
v0000017cf4bcbac0_13 .array/port v0000017cf4bcbac0, 13;
L_0000017cf4c33aa0 .cmp/eq 10, v0000017cf4bcbac0_13, v0000017cf4bcb7a0_13;
v0000017cf4bc30c0_13 .array/port v0000017cf4bc30c0, 13;
L_0000017cf4c33be0 .cmp/eq 16, v0000017cf4bc30c0_13, L_0000017cf4bcec38;
L_0000017cf4c33c80 .functor MUXZ 2, L_0000017cf4bcecc8, L_0000017cf4bcec80, L_0000017cf4c33be0, C4<>;
L_0000017cf4c359e0 .functor MUXZ 2, L_0000017cf4c33c80, L_0000017cf4bcebf0, L_0000017cf4c33aa0, C4<>;
L_0000017cf4c35080 .functor MUXZ 2, L_0000017cf4c359e0, L_0000017cf4bceba8, L_0000017cf4c33960, C4<>;
L_0000017cf4c36c00 .functor MUXZ 2, L_0000017cf4c35080, L_0000017cf4bceb60, L_0000017cf4c338c0, C4<>;
S_0000017cf4bb9330 .scope generate, "gen_state[14]" "gen_state[14]" 7 115, 7 115 0, S_0000017cf4a76900;
 .timescale -9 -12;
P_0000017cf4b30cc0 .param/l "g" 0 7 115, +C4<01110>;
v0000017cf4bc2b20_0 .net *"_ivl_1", 0 0, L_0000017cf4c34900;  1 drivers
L_0000017cf4bced58 .functor BUFT 1, C4<11>, C4<0>, C4<0>, C4<0>;
v0000017cf4bc1ae0_0 .net/2u *"_ivl_10", 1 0, L_0000017cf4bced58;  1 drivers
v0000017cf4bc1d60_0 .net *"_ivl_14", 0 0, L_0000017cf4c36a20;  1 drivers
L_0000017cf4bceda0 .functor BUFT 1, C4<10>, C4<0>, C4<0>, C4<0>;
v0000017cf4bc2800_0 .net/2u *"_ivl_16", 1 0, L_0000017cf4bceda0;  1 drivers
L_0000017cf4bcede8 .functor BUFT 1, C4<0000000000000000>, C4<0>, C4<0>, C4<0>;
v0000017cf4bc1860_0 .net/2u *"_ivl_19", 15 0, L_0000017cf4bcede8;  1 drivers
v0000017cf4bc21c0_0 .net *"_ivl_21", 0 0, L_0000017cf4c349a0;  1 drivers
L_0000017cf4bcee30 .functor BUFT 1, C4<01>, C4<0>, C4<0>, C4<0>;
v0000017cf4bc1360_0 .net/2u *"_ivl_23", 1 0, L_0000017cf4bcee30;  1 drivers
L_0000017cf4bcee78 .functor BUFT 1, C4<00>, C4<0>, C4<0>, C4<0>;
v0000017cf4bc2120_0 .net/2u *"_ivl_25", 1 0, L_0000017cf4bcee78;  1 drivers
v0000017cf4bc24e0_0 .net *"_ivl_27", 1 0, L_0000017cf4c351c0;  1 drivers
v0000017cf4bc0e60_0 .net *"_ivl_29", 1 0, L_0000017cf4c367a0;  1 drivers
v0000017cf4bc12c0_0 .net *"_ivl_3", 0 0, L_0000017cf4c36700;  1 drivers
v0000017cf4bc26c0_0 .net *"_ivl_31", 1 0, L_0000017cf4c36e80;  1 drivers
L_0000017cf4bced10 .functor BUFT 1, C4<00>, C4<0>, C4<0>, C4<0>;
v0000017cf4bc0960_0 .net/2u *"_ivl_4", 1 0, L_0000017cf4bced10;  1 drivers
v0000017cf4bc0780_0 .net *"_ivl_8", 0 0, L_0000017cf4c35d00;  1 drivers
L_0000017cf4c36700 .reduce/nor L_0000017cf4c34900;
v0000017cf4bc9f40_14 .array/port v0000017cf4bc9f40, 14;
v0000017cf4bcb7a0_14 .array/port v0000017cf4bcb7a0, 14;
L_0000017cf4c35d00 .cmp/eq 10, v0000017cf4bc9f40_14, v0000017cf4bcb7a0_14;
v0000017cf4bcbac0_14 .array/port v0000017cf4bcbac0, 14;
L_0000017cf4c36a20 .cmp/eq 10, v0000017cf4bcbac0_14, v0000017cf4bcb7a0_14;
v0000017cf4bc30c0_14 .array/port v0000017cf4bc30c0, 14;
L_0000017cf4c349a0 .cmp/eq 16, v0000017cf4bc30c0_14, L_0000017cf4bcede8;
L_0000017cf4c351c0 .functor MUXZ 2, L_0000017cf4bcee78, L_0000017cf4bcee30, L_0000017cf4c349a0, C4<>;
L_0000017cf4c367a0 .functor MUXZ 2, L_0000017cf4c351c0, L_0000017cf4bceda0, L_0000017cf4c36a20, C4<>;
L_0000017cf4c36e80 .functor MUXZ 2, L_0000017cf4c367a0, L_0000017cf4bced58, L_0000017cf4c35d00, C4<>;
L_0000017cf4c34cc0 .functor MUXZ 2, L_0000017cf4c36e80, L_0000017cf4bced10, L_0000017cf4c36700, C4<>;
S_0000017cf4bb94c0 .scope generate, "gen_state[15]" "gen_state[15]" 7 115, 7 115 0, S_0000017cf4a76900;
 .timescale -9 -12;
P_0000017cf4b31880 .param/l "g" 0 7 115, +C4<01111>;
v0000017cf4bc0c80_0 .net *"_ivl_1", 0 0, L_0000017cf4c35940;  1 drivers
L_0000017cf4bcef08 .functor BUFT 1, C4<11>, C4<0>, C4<0>, C4<0>;
v0000017cf4bc1900_0 .net/2u *"_ivl_10", 1 0, L_0000017cf4bcef08;  1 drivers
v0000017cf4bc0820_0 .net *"_ivl_14", 0 0, L_0000017cf4c36840;  1 drivers
L_0000017cf4bcef50 .functor BUFT 1, C4<10>, C4<0>, C4<0>, C4<0>;
v0000017cf4bc1c20_0 .net/2u *"_ivl_16", 1 0, L_0000017cf4bcef50;  1 drivers
L_0000017cf4bcef98 .functor BUFT 1, C4<0000000000000000>, C4<0>, C4<0>, C4<0>;
v0000017cf4bc19a0_0 .net/2u *"_ivl_19", 15 0, L_0000017cf4bcef98;  1 drivers
v0000017cf4bc0d20_0 .net *"_ivl_21", 0 0, L_0000017cf4c362a0;  1 drivers
L_0000017cf4bcefe0 .functor BUFT 1, C4<01>, C4<0>, C4<0>, C4<0>;
v0000017cf4bc2940_0 .net/2u *"_ivl_23", 1 0, L_0000017cf4bcefe0;  1 drivers
L_0000017cf4bcf028 .functor BUFT 1, C4<00>, C4<0>, C4<0>, C4<0>;
v0000017cf4bc1400_0 .net/2u *"_ivl_25", 1 0, L_0000017cf4bcf028;  1 drivers
v0000017cf4bc1220_0 .net *"_ivl_27", 1 0, L_0000017cf4c36980;  1 drivers
v0000017cf4bc0dc0_0 .net *"_ivl_29", 1 0, L_0000017cf4c36d40;  1 drivers
v0000017cf4bc2260_0 .net *"_ivl_3", 0 0, L_0000017cf4c368e0;  1 drivers
v0000017cf4bc2d00_0 .net *"_ivl_31", 1 0, L_0000017cf4c36ac0;  1 drivers
L_0000017cf4bceec0 .functor BUFT 1, C4<00>, C4<0>, C4<0>, C4<0>;
v0000017cf4bc2440_0 .net/2u *"_ivl_4", 1 0, L_0000017cf4bceec0;  1 drivers
v0000017cf4bc1540_0 .net *"_ivl_8", 0 0, L_0000017cf4c36660;  1 drivers
L_0000017cf4c368e0 .reduce/nor L_0000017cf4c35940;
v0000017cf4bc9f40_15 .array/port v0000017cf4bc9f40, 15;
v0000017cf4bcb7a0_15 .array/port v0000017cf4bcb7a0, 15;
L_0000017cf4c36660 .cmp/eq 10, v0000017cf4bc9f40_15, v0000017cf4bcb7a0_15;
v0000017cf4bcbac0_15 .array/port v0000017cf4bcbac0, 15;
L_0000017cf4c36840 .cmp/eq 10, v0000017cf4bcbac0_15, v0000017cf4bcb7a0_15;
v0000017cf4bc30c0_15 .array/port v0000017cf4bc30c0, 15;
L_0000017cf4c362a0 .cmp/eq 16, v0000017cf4bc30c0_15, L_0000017cf4bcef98;
L_0000017cf4c36980 .functor MUXZ 2, L_0000017cf4bcf028, L_0000017cf4bcefe0, L_0000017cf4c362a0, C4<>;
L_0000017cf4c36d40 .functor MUXZ 2, L_0000017cf4c36980, L_0000017cf4bcef50, L_0000017cf4c36840, C4<>;
L_0000017cf4c36ac0 .functor MUXZ 2, L_0000017cf4c36d40, L_0000017cf4bcef08, L_0000017cf4c36660, C4<>;
L_0000017cf4c36f20 .functor MUXZ 2, L_0000017cf4c36ac0, L_0000017cf4bceec0, L_0000017cf4c368e0, C4<>;
    .scope S_0000017cf4a76770;
T_0 ;
    %pushi/vec4 0, 0, 8;
    %store/vec4 v0000017cf4ba3c10_0, 0, 8;
    %pushi/vec4 0, 0, 8;
    %store/vec4 v0000017cf4ba35d0_0, 0, 8;
    %pushi/vec4 0, 0, 8;
    %store/vec4 v0000017cf4ba44d0_0, 0, 8;
    %pushi/vec4 0, 0, 8;
    %store/vec4 v0000017cf4ba4c50_0, 0, 8;
    %end;
    .thread T_0, $init;
    .scope S_0000017cf4a76770;
T_1 ;
    %wait E_0000017cf4b2d980;
    %load/vec4 v0000017cf4ba47f0_0;
    %nor/r;
    %flag_set/vec4 8;
    %jmp/0xz  T_1.0, 8;
    %pushi/vec4 0, 0, 8;
    %assign/vec4 v0000017cf4ba3c10_0, 0;
    %pushi/vec4 0, 0, 8;
    %assign/vec4 v0000017cf4ba44d0_0, 0;
    %jmp T_1.1;
T_1.0 ;
    %load/vec4 v0000017cf4ba37b0_0;
    %flag_set/vec4 9;
    %flag_get/vec4 9;
    %jmp/0 T_1.4, 9;
    %load/vec4 v0000017cf4ba4d90_0;
    %nor/r;
    %and;
T_1.4;
    %flag_set/vec4 8;
    %jmp/0xz  T_1.2, 8;
    %load/vec4 v0000017cf4ba4390_0;
    %load/vec4 v0000017cf4ba3c10_0;
    %parti/s 7, 0, 2;
    %pad/u 9;
    %ix/vec4 3;
    %ix/load 4, 0, 0; Constant delay
    %assign/vec4/a/d v0000017cf4ba4750, 0, 4;
    %load/vec4 v0000017cf4ba3c10_0;
    %addi 1, 0, 8;
    %assign/vec4 v0000017cf4ba3c10_0, 0;
    %load/vec4 v0000017cf4ba3c10_0;
    %pad/u 32;
    %addi 1, 0, 32;
    %load/vec4 v0000017cf4ba3c10_0;
    %pad/u 32;
    %addi 1, 0, 32;
    %ix/load 4, 1, 0;
    %flag_set/imm 4, 0;
    %shiftr 4;
    %xor;
    %pad/u 8;
    %assign/vec4 v0000017cf4ba44d0_0, 0;
T_1.2 ;
T_1.1 ;
    %jmp T_1;
    .thread T_1;
    .scope S_0000017cf4a76770;
T_2 ;
    %wait E_0000017cf4b2d980;
    %load/vec4 v0000017cf4ba47f0_0;
    %nor/r;
    %flag_set/vec4 8;
    %jmp/0xz  T_2.0, 8;
    %pushi/vec4 0, 0, 8;
    %assign/vec4 v0000017cf4ba35d0_0, 0;
    %pushi/vec4 0, 0, 8;
    %assign/vec4 v0000017cf4ba4c50_0, 0;
    %jmp T_2.1;
T_2.0 ;
    %load/vec4 v0000017cf4ba3490_0;
    %flag_set/vec4 9;
    %flag_get/vec4 9;
    %jmp/0 T_2.4, 9;
    %load/vec4 v0000017cf4ba49d0_0;
    %nor/r;
    %and;
T_2.4;
    %flag_set/vec4 8;
    %jmp/0xz  T_2.2, 8;
    %load/vec4 v0000017cf4ba35d0_0;
    %addi 1, 0, 8;
    %assign/vec4 v0000017cf4ba35d0_0, 0;
    %load/vec4 v0000017cf4ba35d0_0;
    %pad/u 32;
    %addi 1, 0, 32;
    %load/vec4 v0000017cf4ba35d0_0;
    %pad/u 32;
    %addi 1, 0, 32;
    %ix/load 4, 1, 0;
    %flag_set/imm 4, 0;
    %shiftr 4;
    %xor;
    %pad/u 8;
    %assign/vec4 v0000017cf4ba4c50_0, 0;
T_2.2 ;
T_2.1 ;
    %jmp T_2;
    .thread T_2;
    .scope S_0000017cf4a76900;
T_3 ;
    %wait E_0000017cf4b2ff40;
    %load/vec4 v0000017cf4bc3160_0;
    %dup/vec4;
    %pushi/vec4 0, 0, 2;
    %cmp/u;
    %jmp/1 T_3.0, 6;
    %dup/vec4;
    %pushi/vec4 1, 0, 2;
    %cmp/u;
    %jmp/1 T_3.1, 6;
    %dup/vec4;
    %pushi/vec4 2, 0, 2;
    %cmp/u;
    %jmp/1 T_3.2, 6;
    %dup/vec4;
    %pushi/vec4 3, 0, 2;
    %cmp/u;
    %jmp/1 T_3.3, 6;
    %jmp T_3.4;
T_3.0 ;
    %load/vec4 v0000017cf4bc3980_0;
    %parti/s 4, 0, 2;
    %store/vec4 v0000017cf4bcbfc0_0, 0, 4;
    %jmp T_3.4;
T_3.1 ;
    %load/vec4 v0000017cf4bc3980_0;
    %parti/s 4, 4, 4;
    %store/vec4 v0000017cf4bcbfc0_0, 0, 4;
    %jmp T_3.4;
T_3.2 ;
    %load/vec4 v0000017cf4bc3980_0;
    %parti/s 4, 8, 5;
    %store/vec4 v0000017cf4bcbfc0_0, 0, 4;
    %jmp T_3.4;
T_3.3 ;
    %load/vec4 v0000017cf4bc3980_0;
    %parti/s 4, 12, 5;
    %store/vec4 v0000017cf4bcbfc0_0, 0, 4;
    %jmp T_3.4;
T_3.4 ;
    %pop/vec4 1;
    %jmp T_3;
    .thread T_3, $push;
    .scope S_0000017cf4a76900;
T_4 ;
    %wait E_0000017cf4b2ebc0;
    %load/vec4 v0000017cf4bc3160_0;
    %load/vec4 v0000017cf4bc3e80_0;
    %concat/vec4; draw_concat_vec4
    %store/vec4 v0000017cf4bc3b60_0, 0, 4;
    %jmp T_4;
    .thread T_4, $push;
    .scope S_0000017cf4a76900;
T_5 ;
    %wait E_0000017cf4b2e540;
    %load/vec4 v0000017cf4bca9e0_0;
    %dup/vec4;
    %pushi/vec4 0, 0, 2;
    %cmp/u;
    %jmp/1 T_5.0, 6;
    %dup/vec4;
    %pushi/vec4 1, 0, 2;
    %cmp/u;
    %jmp/1 T_5.1, 6;
    %dup/vec4;
    %pushi/vec4 2, 0, 2;
    %cmp/u;
    %jmp/1 T_5.2, 6;
    %dup/vec4;
    %pushi/vec4 3, 0, 2;
    %cmp/u;
    %jmp/1 T_5.3, 6;
    %jmp T_5.4;
T_5.0 ;
    %load/vec4 v0000017cf4bc9b80_0;
    %parti/s 4, 0, 2;
    %store/vec4 v0000017cf4bcabc0_0, 0, 4;
    %jmp T_5.4;
T_5.1 ;
    %load/vec4 v0000017cf4bc9b80_0;
    %parti/s 4, 4, 4;
    %store/vec4 v0000017cf4bcabc0_0, 0, 4;
    %jmp T_5.4;
T_5.2 ;
    %load/vec4 v0000017cf4bc9b80_0;
    %parti/s 4, 8, 5;
    %store/vec4 v0000017cf4bcabc0_0, 0, 4;
    %jmp T_5.4;
T_5.3 ;
    %load/vec4 v0000017cf4bc9b80_0;
    %parti/s 4, 12, 5;
    %store/vec4 v0000017cf4bcabc0_0, 0, 4;
    %jmp T_5.4;
T_5.4 ;
    %pop/vec4 1;
    %jmp T_5;
    .thread T_5, $push;
    .scope S_0000017cf4a76900;
T_6 ;
    %wait E_0000017cf4b2d700;
    %load/vec4 v0000017cf4bca9e0_0;
    %load/vec4 v0000017cf4bcb8e0_0;
    %concat/vec4; draw_concat_vec4
    %store/vec4 v0000017cf4bcb480_0, 0, 4;
    %jmp T_6;
    .thread T_6, $push;
    .scope S_0000017cf4a76900;
T_7 ;
    %wait E_0000017cf4b2d980;
    %load/vec4 v0000017cf4bca1c0_0;
    %nor/r;
    %flag_set/vec4 8;
    %jmp/0xz  T_7.0, 8;
    %pushi/vec4 0, 0, 16;
    %assign/vec4 v0000017cf4bcb160_0, 0;
    %pushi/vec4 0, 0, 1;
    %assign/vec4 v0000017cf4bca620_0, 0;
    %pushi/vec4 0, 0, 4;
    %assign/vec4 v0000017cf4bcbc00_0, 0;
    %pushi/vec4 0, 0, 10;
    %assign/vec4 v0000017cf4bcbca0_0, 0;
    %pushi/vec4 0, 0, 10;
    %assign/vec4 v0000017cf4bc9ea0_0, 0;
    %pushi/vec4 0, 0, 32;
    %assign/vec4 v0000017cf4bcab20_0, 0;
    %pushi/vec4 0, 0, 6;
    %assign/vec4 v0000017cf4bca080_0, 0;
    %pushi/vec4 0, 0, 2;
    %assign/vec4 v0000017cf4bca4e0_0, 0;
    %pushi/vec4 0, 0, 32;
    %store/vec4 v0000017cf4bc3d40_0, 0, 32;
T_7.2 ;
    %load/vec4 v0000017cf4bc3d40_0;
    %cmpi/s 16, 0, 32;
    %jmp/0xz T_7.3, 5;
    %pushi/vec4 0, 0, 10;
    %ix/getv/s 3, v0000017cf4bc3d40_0;
    %ix/load 4, 0, 0; Constant delay
    %assign/vec4/a/d v0000017cf4bca440, 0, 4;
    %pushi/vec4 0, 0, 10;
    %ix/getv/s 3, v0000017cf4bc3d40_0;
    %ix/load 4, 0, 0; Constant delay
    %assign/vec4/a/d v0000017cf4bcb7a0, 0, 4;
    %pushi/vec4 0, 0, 32;
    %ix/getv/s 3, v0000017cf4bc3d40_0;
    %ix/load 4, 0, 0; Constant delay
    %assign/vec4/a/d v0000017cf4bc9ae0, 0, 4;
    %pushi/vec4 0, 0, 10;
    %ix/getv/s 3, v0000017cf4bc3d40_0;
    %ix/load 4, 0, 0; Constant delay
    %assign/vec4/a/d v0000017cf4bcbac0, 0, 4;
    %pushi/vec4 0, 0, 10;
    %ix/getv/s 3, v0000017cf4bc3d40_0;
    %ix/load 4, 0, 0; Constant delay
    %assign/vec4/a/d v0000017cf4bc9f40, 0, 4;
    %pushi/vec4 0, 0, 16;
    %ix/getv/s 3, v0000017cf4bc3d40_0;
    %ix/load 4, 0, 0; Constant delay
    %assign/vec4/a/d v0000017cf4bc30c0, 0, 4;
    %load/vec4 v0000017cf4bc3d40_0;
    %addi 1, 0, 32;
    %store/vec4 v0000017cf4bc3d40_0, 0, 32;
    %jmp T_7.2;
T_7.3 ;
    %jmp T_7.1;
T_7.0 ;
    %pushi/vec4 0, 0, 1;
    %assign/vec4 v0000017cf4bca620_0, 0;
    %pushi/vec4 0, 0, 2;
    %assign/vec4 v0000017cf4bca4e0_0, 0;
    %load/vec4 v0000017cf4bcb0c0_0;
    %flag_set/vec4 8;
    %jmp/0xz  T_7.4, 8;
    %pushi/vec4 1, 0, 1;
    %ix/load 5, 0, 0;
    %ix/getv 4, v0000017cf4bc3b60_0;
    %assign/vec4/off/d v0000017cf4bcb160_0, 4, 5;
    %load/vec4 v0000017cf4bca940_0;
    %load/vec4 v0000017cf4bc3b60_0;
    %pad/u 6;
    %ix/vec4 3;
    %ix/load 4, 0, 0; Constant delay
    %assign/vec4/a/d v0000017cf4bca440, 0, 4;
    %load/vec4 v0000017cf4bcb3e0_0;
    %load/vec4 v0000017cf4bc3b60_0;
    %pad/u 6;
    %ix/vec4 3;
    %ix/load 4, 0, 0; Constant delay
    %assign/vec4/a/d v0000017cf4bcb7a0, 0, 4;
    %load/vec4 v0000017cf4bcbd40_0;
    %load/vec4 v0000017cf4bc3b60_0;
    %pad/u 6;
    %ix/vec4 3;
    %ix/load 4, 0, 0; Constant delay
    %assign/vec4/a/d v0000017cf4bc9ae0, 0, 4;
    %pushi/vec4 0, 0, 10;
    %load/vec4 v0000017cf4bc3b60_0;
    %pad/u 6;
    %ix/vec4 3;
    %ix/load 4, 0, 0; Constant delay
    %assign/vec4/a/d v0000017cf4bcbac0, 0, 4;
    %pushi/vec4 0, 0, 10;
    %load/vec4 v0000017cf4bc3b60_0;
    %pad/u 6;
    %ix/vec4 3;
    %ix/load 4, 0, 0; Constant delay
    %assign/vec4/a/d v0000017cf4bc9f40, 0, 4;
    %load/vec4 v0000017cf4bc9d60_0;
    %load/vec4 v0000017cf4bc3b60_0;
    %pad/u 6;
    %ix/vec4 3;
    %ix/load 4, 0, 0; Constant delay
    %assign/vec4/a/d v0000017cf4bc30c0, 0, 4;
T_7.4 ;
    %load/vec4 v0000017cf4bca760_0;
    %flag_set/vec4 9;
    %flag_get/vec4 9;
    %jmp/0 T_7.8, 9;
    %load/vec4 v0000017cf4bc99a0_0;
    %and;
T_7.8;
    %flag_set/vec4 8;
    %jmp/0xz  T_7.6, 8;
    %pushi/vec4 1, 0, 1;
    %assign/vec4 v0000017cf4bca620_0, 0;
    %load/vec4 v0000017cf4bcb480_0;
    %assign/vec4 v0000017cf4bcbc00_0, 0;
    %load/vec4 v0000017cf4bcb480_0;
    %pad/u 6;
    %ix/vec4 4;
    %load/vec4a v0000017cf4bca440, 4;
    %assign/vec4 v0000017cf4bcbca0_0, 0;
    %load/vec4 v0000017cf4bcb480_0;
    %pad/u 6;
    %ix/vec4 4;
    %load/vec4a v0000017cf4bcbac0, 4;
    %assign/vec4 v0000017cf4bc9ea0_0, 0;
    %load/vec4 v0000017cf4bcb480_0;
    %pad/u 6;
    %ix/vec4 4;
    %load/vec4a v0000017cf4bc9ae0, 4;
    %assign/vec4 v0000017cf4bcab20_0, 0;
    %load/vec4 v0000017cf4bc4060_0;
    %assign/vec4 v0000017cf4bca080_0, 0;
    %load/vec4 v0000017cf4bcb480_0;
    %pad/u 6;
    %ix/vec4 4;
    %load/vec4a v0000017cf4bcbac0, 4;
    %addi 1, 0, 10;
    %load/vec4 v0000017cf4bcb480_0;
    %pad/u 6;
    %ix/vec4 3;
    %ix/load 4, 0, 0; Constant delay
    %assign/vec4/a/d v0000017cf4bcbac0, 0, 4;
T_7.6 ;
    %load/vec4 v0000017cf4bcad00_0;
    %flag_set/vec4 9;
    %flag_get/vec4 9;
    %jmp/0 T_7.11, 9;
    %load/vec4 v0000017cf4bcb160_0;
    %load/vec4 v0000017cf4bcb840_0;
    %part/u 1;
    %and;
T_7.11;
    %flag_set/vec4 8;
    %jmp/0xz  T_7.9, 8;
    %load/vec4 v0000017cf4bcb840_0;
    %pad/u 6;
    %ix/vec4 4;
    %load/vec4a v0000017cf4bc9f40, 4;
    %addi 1, 0, 10;
    %load/vec4 v0000017cf4bcb840_0;
    %pad/u 6;
    %ix/vec4 3;
    %ix/load 4, 0, 0; Constant delay
    %assign/vec4/a/d v0000017cf4bc9f40, 0, 4;
    %load/vec4 v0000017cf4bcb840_0;
    %pad/u 6;
    %ix/vec4 4;
    %load/vec4a v0000017cf4bc9f40, 4;
    %addi 1, 0, 10;
    %load/vec4 v0000017cf4bcb840_0;
    %pad/u 6;
    %ix/vec4 4;
    %load/vec4a v0000017cf4bcb7a0, 4;
    %cmp/e;
    %jmp/0xz  T_7.12, 4;
    %pushi/vec4 0, 0, 1;
    %ix/load 5, 0, 0;
    %ix/getv 4, v0000017cf4bcb840_0;
    %assign/vec4/off/d v0000017cf4bcb160_0, 4, 5;
    %pushi/vec4 0, 0, 32;
    %store/vec4 v0000017cf4bcaa80_0, 0, 32;
T_7.14 ;
    %load/vec4 v0000017cf4bcaa80_0;
    %cmpi/s 16, 0, 32;
    %jmp/0xz T_7.15, 5;
    %pushi/vec4 0, 0, 1;
    %ix/getv/s 4, v0000017cf4bcaa80_0;
    %flag_mov 8, 4;
    %ix/getv 5, v0000017cf4bcb840_0;
    %flag_or 8, 4;
    %ix/load 6, 0, 0; Constant delay
    %ix/mov 3, 4;
    %flag_mov 4, 8;
    %assign/vec4/a/d v0000017cf4bc30c0, 5, 6;
    %load/vec4 v0000017cf4bcaa80_0;
    %addi 1, 0, 32;
    %store/vec4 v0000017cf4bcaa80_0, 0, 32;
    %jmp T_7.14;
T_7.15 ;
T_7.12 ;
T_7.9 ;
    %load/vec4 v0000017cf4bcb160_0;
    %cmpi/e 65535, 0, 16;
    %flag_get/vec4 4;
    %jmp/0 T_7.18, 4;
    %load/vec4 v0000017cf4bc99a0_0;
    %nor/r;
    %and;
T_7.18;
    %flag_set/vec4 8;
    %jmp/0xz  T_7.16, 8;
    %pushi/vec4 1, 0, 2;
    %assign/vec4 v0000017cf4bca4e0_0, 0;
T_7.16 ;
T_7.1 ;
    %jmp T_7;
    .thread T_7;
    .scope S_0000017cf49767a0;
T_8 ;
    %wait E_0000017cf4b2d400;
    %load/vec4 v0000017cf4b376a0_0;
    %or/r;
    %store/vec4 v0000017cf4b36a20_0, 0, 1;
    %pushi/vec4 0, 0, 6;
    %store/vec4 v0000017cf4b36fc0_0, 0, 6;
    %load/vec4 v0000017cf4b38780_0;
    %pushi/vec4 2863311530, 0, 32;
    %concati/vec4 2863311530, 0, 32;
    %and;
    %or/r;
    %ix/load 4, 0, 0;
    %flag_set/imm 4, 0;
    %store/vec4 v0000017cf4b36fc0_0, 4, 1;
    %load/vec4 v0000017cf4b38780_0;
    %pushi/vec4 3435973836, 0, 32;
    %concati/vec4 3435973836, 0, 32;
    %and;
    %or/r;
    %ix/load 4, 1, 0;
    %flag_set/imm 4, 0;
    %store/vec4 v0000017cf4b36fc0_0, 4, 1;
    %load/vec4 v0000017cf4b38780_0;
    %pushi/vec4 4042322160, 0, 32;
    %concati/vec4 4042322160, 0, 32;
    %and;
    %or/r;
    %ix/load 4, 2, 0;
    %flag_set/imm 4, 0;
    %store/vec4 v0000017cf4b36fc0_0, 4, 1;
    %load/vec4 v0000017cf4b38780_0;
    %pushi/vec4 4278255360, 0, 32;
    %concati/vec4 4278255360, 0, 32;
    %and;
    %or/r;
    %ix/load 4, 3, 0;
    %flag_set/imm 4, 0;
    %store/vec4 v0000017cf4b36fc0_0, 4, 1;
    %load/vec4 v0000017cf4b38780_0;
    %pushi/vec4 4294901760, 0, 32;
    %concati/vec4 4294901760, 0, 32;
    %and;
    %or/r;
    %ix/load 4, 4, 0;
    %flag_set/imm 4, 0;
    %store/vec4 v0000017cf4b36fc0_0, 4, 1;
    %load/vec4 v0000017cf4b38780_0;
    %pushi/vec4 4294967295, 0, 32;
    %concati/vec4 0, 0, 32;
    %and;
    %or/r;
    %ix/load 4, 5, 0;
    %flag_set/imm 4, 0;
    %store/vec4 v0000017cf4b36fc0_0, 4, 1;
    %jmp T_8;
    .thread T_8, $push;
    .scope S_0000017cf49767a0;
T_9 ;
    %wait E_0000017cf4b2d200;
    %load/vec4 v0000017cf4b38140_0;
    %or/r;
    %store/vec4 v0000017cf4ba4610_0, 0, 1;
    %pushi/vec4 0, 0, 6;
    %store/vec4 v0000017cf4ba3a30_0, 0, 6;
    %load/vec4 v0000017cf4b372e0_0;
    %pushi/vec4 2863311530, 0, 32;
    %concati/vec4 2863311530, 0, 32;
    %and;
    %or/r;
    %ix/load 4, 0, 0;
    %flag_set/imm 4, 0;
    %store/vec4 v0000017cf4ba3a30_0, 4, 1;
    %load/vec4 v0000017cf4b372e0_0;
    %pushi/vec4 3435973836, 0, 32;
    %concati/vec4 3435973836, 0, 32;
    %and;
    %or/r;
    %ix/load 4, 1, 0;
    %flag_set/imm 4, 0;
    %store/vec4 v0000017cf4ba3a30_0, 4, 1;
    %load/vec4 v0000017cf4b372e0_0;
    %pushi/vec4 4042322160, 0, 32;
    %concati/vec4 4042322160, 0, 32;
    %and;
    %or/r;
    %ix/load 4, 2, 0;
    %flag_set/imm 4, 0;
    %store/vec4 v0000017cf4ba3a30_0, 4, 1;
    %load/vec4 v0000017cf4b372e0_0;
    %pushi/vec4 4278255360, 0, 32;
    %concati/vec4 4278255360, 0, 32;
    %and;
    %or/r;
    %ix/load 4, 3, 0;
    %flag_set/imm 4, 0;
    %store/vec4 v0000017cf4ba3a30_0, 4, 1;
    %load/vec4 v0000017cf4b372e0_0;
    %pushi/vec4 4294901760, 0, 32;
    %concati/vec4 4294901760, 0, 32;
    %and;
    %or/r;
    %ix/load 4, 4, 0;
    %flag_set/imm 4, 0;
    %store/vec4 v0000017cf4ba3a30_0, 4, 1;
    %load/vec4 v0000017cf4b372e0_0;
    %pushi/vec4 4294967295, 0, 32;
    %concati/vec4 0, 0, 32;
    %and;
    %or/r;
    %ix/load 4, 5, 0;
    %flag_set/imm 4, 0;
    %store/vec4 v0000017cf4ba3a30_0, 4, 1;
    %jmp T_9;
    .thread T_9, $push;
    .scope S_0000017cf49767a0;
T_10 ;
    %wait E_0000017cf4b2d980;
    %load/vec4 v0000017cf4b38280_0;
    %nor/r;
    %flag_set/vec4 8;
    %jmp/0xz  T_10.0, 8;
    %pushi/vec4 0, 0, 64;
    %assign/vec4 v0000017cf4b37ba0_0, 0;
    %pushi/vec4 0, 0, 1;
    %assign/vec4 v0000017cf4b36f20_0, 0;
    %pushi/vec4 0, 0, 4;
    %assign/vec4 v0000017cf4b37560_0, 0;
    %pushi/vec4 0, 0, 1;
    %assign/vec4 v0000017cf4b36de0_0, 0;
    %pushi/vec4 0, 0, 6;
    %assign/vec4 v0000017cf4b37420_0, 0;
    %pushi/vec4 0, 0, 2;
    %assign/vec4 v0000017cf4b36e80_0, 0;
    %pushi/vec4 0, 0, 32;
    %store/vec4 v0000017cf4b36ac0_0, 0, 32;
T_10.2 ;
    %load/vec4 v0000017cf4b36ac0_0;
    %cmpi/s 64, 0, 32;
    %jmp/0xz T_10.3, 5;
    %pushi/vec4 0, 0, 4;
    %ix/getv/s 3, v0000017cf4b36ac0_0;
    %ix/load 4, 0, 0; Constant delay
    %assign/vec4/a/d v0000017cf4b38500, 0, 4;
    %pushi/vec4 0, 0, 10;
    %ix/getv/s 3, v0000017cf4b36ac0_0;
    %ix/load 4, 0, 0; Constant delay
    %assign/vec4/a/d v0000017cf4b37880, 0, 4;
    %pushi/vec4 0, 0, 10;
    %ix/getv/s 3, v0000017cf4b36ac0_0;
    %ix/load 4, 0, 0; Constant delay
    %assign/vec4/a/d v0000017cf4b385a0, 0, 4;
    %load/vec4 v0000017cf4b36ac0_0;
    %addi 1, 0, 32;
    %store/vec4 v0000017cf4b36ac0_0, 0, 32;
    %jmp T_10.2;
T_10.3 ;
    %jmp T_10.1;
T_10.0 ;
    %pushi/vec4 0, 0, 1;
    %assign/vec4 v0000017cf4b36f20_0, 0;
    %pushi/vec4 0, 0, 1;
    %assign/vec4 v0000017cf4b36de0_0, 0;
    %pushi/vec4 0, 0, 2;
    %assign/vec4 v0000017cf4b36e80_0, 0;
    %load/vec4 v0000017cf4b38640_0;
    %flag_set/vec4 9;
    %flag_get/vec4 9;
    %jmp/0 T_10.6, 9;
    %load/vec4 v0000017cf4b36d40_0;
    %and;
T_10.6;
    %flag_set/vec4 8;
    %jmp/0xz  T_10.4, 8;
    %pushi/vec4 1, 0, 1;
    %ix/load 5, 0, 0;
    %ix/getv 4, v0000017cf4b36ca0_0;
    %assign/vec4/off/d v0000017cf4b37ba0_0, 4, 5;
    %load/vec4 v0000017cf4b36c00_0;
    %load/vec4 v0000017cf4b36ca0_0;
    %pad/u 8;
    %ix/vec4 3;
    %ix/load 4, 0, 0; Constant delay
    %assign/vec4/a/d v0000017cf4b38500, 0, 4;
    %load/vec4 v0000017cf4b38820_0;
    %load/vec4 v0000017cf4b36ca0_0;
    %pad/u 8;
    %ix/vec4 3;
    %ix/load 4, 0, 0; Constant delay
    %assign/vec4/a/d v0000017cf4b37880, 0, 4;
    %load/vec4 v0000017cf4b37c40_0;
    %load/vec4 v0000017cf4b36ca0_0;
    %pad/u 8;
    %ix/vec4 3;
    %ix/load 4, 0, 0; Constant delay
    %assign/vec4/a/d v0000017cf4b385a0, 0, 4;
T_10.4 ;
    %load/vec4 v0000017cf4ba4610_0;
    %flag_set/vec4 8;
    %jmp/0xz  T_10.7, 8;
    %pushi/vec4 1, 0, 1;
    %assign/vec4 v0000017cf4b36f20_0, 0;
    %load/vec4 v0000017cf4ba3a30_0;
    %pad/u 8;
    %ix/vec4 4;
    %load/vec4a v0000017cf4b38500, 4;
    %assign/vec4 v0000017cf4b37560_0, 0;
    %pushi/vec4 1, 0, 1;
    %assign/vec4 v0000017cf4b36de0_0, 0;
    %load/vec4 v0000017cf4ba3a30_0;
    %assign/vec4 v0000017cf4b37420_0, 0;
    %pushi/vec4 0, 0, 1;
    %ix/load 5, 0, 0;
    %ix/getv 4, v0000017cf4ba3a30_0;
    %assign/vec4/off/d v0000017cf4b37ba0_0, 4, 5;
    %load/vec4 v0000017cf4b37ba0_0;
    %load/vec4 v0000017cf4ba3a30_0;
    %part/u 1;
    %nor/r;
    %flag_set/vec4 8;
    %jmp/0xz  T_10.9, 8;
    %pushi/vec4 2, 0, 2;
    %assign/vec4 v0000017cf4b36e80_0, 0;
T_10.9 ;
T_10.7 ;
T_10.1 ;
    %jmp T_10;
    .thread T_10;
    .scope S_0000017cf4b46ea0;
T_11 ;
    %vpi_func 3 47 "$fopen" 32, "../reports/sim_log.txt", "w" {0 0 0};
    %store/vec4 v0000017cf4bcc240_0, 0, 32;
    %load/vec4 v0000017cf4bcc240_0;
    %nor/r;
    %flag_set/vec4 8;
    %jmp/0xz  T_11.0, 8;
    %vpi_func 3 48 "$fopen" 32, "sim_log.txt", "w" {0 0 0};
    %store/vec4 v0000017cf4bcc240_0, 0, 32;
T_11.0 ;
    %pushi/vec4 0, 0, 1;
    %store/vec4 v0000017cf4bc9900_0, 0, 1;
T_11.2 ;
    %delay 1666, 0;
    %load/vec4 v0000017cf4bc9900_0;
    %inv;
    %store/vec4 v0000017cf4bc9900_0, 0, 1;
    %jmp T_11.2;
    %end;
    .thread T_11;
    .scope S_0000017cf4b46ea0;
T_12 ;
    %delay 705032704, 1;
    %vpi_call/w 3 55 "$display", "\012\033[0;31m[FATAL] Simulation Timeout!\033[0m" {0 0 0};
    %load/vec4 v0000017cf4bcc240_0;
    %cmpi/ne 0, 0, 32;
    %jmp/0xz  T_12.0, 4;
    %vpi_call/w 3 56 "$fclose", v0000017cf4bcc240_0 {0 0 0};
T_12.0 ;
    %vpi_call/w 3 57 "$finish" {0 0 0};
    %end;
    .thread T_12;
    .scope S_0000017cf4b46ea0;
T_13 ;
    %wait E_0000017cf4b2cd80;
    %load/vec4 v0000017cf4bcc560_0;
    %flag_set/vec4 9;
    %flag_get/vec4 9;
    %jmp/0 T_13.2, 9;
    %load/vec4 v0000017cf4bcc240_0;
    %pushi/vec4 0, 0, 32;
    %cmp/ne;
    %flag_get/vec4 4;
    %and;
T_13.2;
    %flag_set/vec4 8;
    %jmp/0xz  T_13.0, 8;
    %vpi_func 3 63 "$countones" 32, v0000017cf4b37ba0_0 {0 0 0};
    %vpi_call/w 3 63 "$fdisplay", v0000017cf4bcc240_0, "LOG_SYS,%0t,%0d,%b", $time, S<0,vec4,s32>, v0000017cf4bcc600_0 {1 0 0};
    %vpi_func 3 64 "$countones" 32, v0000017cf4b37ba0_0 {0 0 0};
    %vpi_call/w 3 64 "$fdisplay", v0000017cf4bcc240_0, "CSV_LOG,%0t,%0d", $time, S<0,vec4,s32> {1 0 0};
    %load/vec4 v0000017cf4bcbb60_0;
    %flag_set/vec4 8;
    %jmp/0xz  T_13.3, 8;
    %vpi_call/w 3 66 "$fdisplay", v0000017cf4bcc240_0, "LOG_ALLOC,%0t,%0d,%0d", $time, v0000017cf4bcb660_0, v0000017cf4bcb200_0 {0 0 0};
T_13.3 ;
    %load/vec4 v0000017cf4bcc380_0;
    %flag_set/vec4 8;
    %jmp/0xz  T_13.5, 8;
    %load/vec4 v0000017cf4bc9e00_0;
    %pad/u 8;
    %ix/vec4 4;
    %load/vec4a v0000017cf4b37880, 4;
    %vpi_call/w 3 69 "$fdisplay", v0000017cf4bcc240_0, "LOG_FREE,%0t,%0d,%0d", $time, S<0,vec4,u10>, v0000017cf4bc9e00_0 {1 0 0};
T_13.5 ;
T_13.0 ;
    %jmp T_13;
    .thread T_13;
    .scope S_0000017cf4b46ea0;
T_14 ;
    %wait E_0000017cf4b2c8c0;
    %load/vec4 v0000017cf4bcc560_0;
    %flag_set/vec4 9;
    %flag_get/vec4 9;
    %jmp/0 T_14.2, 9;
    %load/vec4 v0000017cf4bcc380_0;
    %and;
T_14.2;
    %flag_set/vec4 8;
    %jmp/0xz  T_14.0, 8;
    %pushi/vec4 0, 0, 1;
    %ix/getv 4, v0000017cf4bc9e00_0;
    %store/vec4 v0000017cf4bc9a40_0, 4, 1;
T_14.0 ;
    %jmp T_14;
    .thread T_14;
    .scope S_0000017cf4b46ea0;
T_15 ;
    %wait E_0000017cf4b2cd80;
    %load/vec4 v0000017cf4bcc560_0;
    %flag_set/vec4 8;
    %jmp/0xz  T_15.0, 8;
    %fork t_1, S_0000017cf4b47a70;
    %jmp t_0;
    .scope S_0000017cf4b47a70;
t_1 ;
    %pushi/vec4 0, 0, 32;
    %store/vec4 v0000017cf4b38000_0, 0, 32;
T_15.2 ;
    %load/vec4 v0000017cf4b38000_0;
    %cmpi/s 64, 0, 32;
    %jmp/0xz T_15.3, 5;
    %load/vec4 v0000017cf4b37ba0_0;
    %load/vec4 v0000017cf4b38000_0;
    %part/s 1;
    %cmpi/e 1, 0, 1;
    %flag_get/vec4 4;
    %jmp/0 T_15.6, 4;
    %load/vec4 v0000017cf4bc9a40_0;
    %load/vec4 v0000017cf4b38000_0;
    %part/s 1;
    %pushi/vec4 0, 0, 1;
    %cmp/e;
    %flag_get/vec4 4;
    %and;
T_15.6;
    %flag_set/vec4 8;
    %jmp/0xz  T_15.4, 8;
    %vpi_func 3 84 "$urandom" 32 {0 0 0};
    %pushi/vec4 1000, 0, 32;
    %mod;
    %cmpi/u 5, 0, 32;
    %jmp/0xz  T_15.7, 5;
    %pushi/vec4 1, 0, 1;
    %ix/load 5, 0, 0;
    %ix/getv/s 4, v0000017cf4b38000_0;
    %assign/vec4/off/d v0000017cf4bc9a40_0, 4, 5;
T_15.7 ;
T_15.4 ;
    ; show_stmt_assign_vector: Get l-value for compressed += operand
    %load/vec4 v0000017cf4b38000_0;
    %pushi/vec4 1, 0, 32;
    %add;
    %cast2;
    %store/vec4 v0000017cf4b38000_0, 0, 32;
    %jmp T_15.2;
T_15.3 ;
    %end;
    .scope S_0000017cf4b46ea0;
t_0 %join;
T_15.0 ;
    %jmp T_15;
    .thread T_15;
    .scope S_0000017cf4b46ea0;
T_16 ;
    %fork t_3, S_0000017cf4a82260;
    %jmp t_2;
    .scope S_0000017cf4a82260;
t_3 ;
    %pushi/vec4 0, 0, 1;
    %store/vec4 v0000017cf4bcc560_0, 0, 1;
    %pushi/vec4 0, 0, 1;
    %store/vec4 v0000017cf4bc9fe0_0, 0, 1;
    %pushi/vec4 0, 0, 64;
    %store/vec4 v0000017cf4bc9860_0, 0, 64;
    %pushi/vec4 0, 0, 64;
    %store/vec4 v0000017cf4bc9a40_0, 0, 64;
    %delay 30000, 0;
    %pushi/vec4 1, 0, 1;
    %store/vec4 v0000017cf4bcc560_0, 0, 1;
    %delay 30000, 0;
    %vpi_call/w 3 101 "$display", "STARTING HIGH-PERFORMANCE BENCHMARK (500 TASKS)" {0 0 0};
    %fork t_5, S_0000017cf4a823f0;
    %jmp t_4;
    .scope S_0000017cf4a823f0;
t_5 ;
    %pushi/vec4 1, 0, 32;
    %store/vec4 v0000017cf4b38460_0, 0, 32;
T_16.0 ;
    %load/vec4 v0000017cf4b38460_0;
    %cmpi/s 500, 0, 32;
    %flag_or 5, 4;
    %jmp/0xz T_16.1, 5;
    %load/vec4 v0000017cf4b38460_0;
    %pad/s 10;
    %store/vec4 v0000017cf4b37240_0, 0, 10;
    %vpi_func 3 105 "$urandom" 32 {0 0 0};
    %pushi/vec4 8, 0, 32;
    %mod;
    %addi 1, 0, 32;
    %pad/u 10;
    %store/vec4 v0000017cf4b37a60_0, 0, 10;
    %load/vec4 v0000017cf4b38460_0;
    %cmpi/s 1, 0, 32;
    %flag_or 5, 4; GT is !LE
    %flag_inv 5;
    %flag_get/vec4 5;
    %jmp/0 T_16.4, 5;
    %vpi_func 3 106 "$urandom" 32 {0 0 0};
    %pushi/vec4 100, 0, 32;
    %mod;
    %cmpi/u 20, 0, 32;
    %flag_get/vec4 5;
    %and;
T_16.4;
    %flag_set/vec4 8;
    %jmp/0 T_16.2, 8;
    %load/vec4 v0000017cf4b38460_0;
    %subi 1, 0, 32;
    %jmp/1 T_16.3, 8;
T_16.2 ; End of true expr.
    %pushi/vec4 0, 0, 32;
    %jmp/0 T_16.3, 8;
 ; End of false expr.
    %blend;
T_16.3;
    %pad/s 10;
    %store/vec4 v0000017cf4b37f60_0, 0, 10;
    %load/vec4 v0000017cf4bcc600_0;
    %flag_set/vec4 8;
    %jmp/0xz  T_16.5, 8;
    %wait E_0000017cf4b2d100;
T_16.5 ;
    %wait E_0000017cf4b2cd80;
    %load/vec4 v0000017cf4bcc240_0;
    %cmpi/ne 0, 0, 32;
    %jmp/0xz  T_16.7, 4;
    %vpi_call/w 3 112 "$fdisplay", v0000017cf4bcc240_0, "LOG_HOST,%0t,%0d,%0d,%0d", $time, v0000017cf4b37240_0, v0000017cf4b37a60_0, v0000017cf4b37f60_0 {0 0 0};
T_16.7 ;
    %load/vec4 v0000017cf4b37240_0;
    %load/vec4 v0000017cf4b37a60_0;
    %concat/vec4; draw_concat_vec4
    %pushi/vec4 2684354560, 0, 32;
    %load/vec4 v0000017cf4b37240_0;
    %pad/u 32;
    %add;
    %concat/vec4; draw_concat_vec4
    %load/vec4 v0000017cf4b37f60_0;
    %concat/vec4; draw_concat_vec4
    %concati/vec4 0, 0, 2;
    %store/vec4 v0000017cf4bc9860_0, 0, 64;
    %pushi/vec4 1, 0, 1;
    %store/vec4 v0000017cf4bc9fe0_0, 0, 1;
    %wait E_0000017cf4b2cd80;
    %pushi/vec4 0, 0, 1;
    %store/vec4 v0000017cf4bc9fe0_0, 0, 1;
    %pushi/vec4 0, 0, 64;
    %store/vec4 v0000017cf4bc9860_0, 0, 64;
    %vpi_func 3 121 "$urandom" 32 {0 0 0};
    %pushi/vec4 20, 0, 32;
    %mod;
    %addi 5, 0, 32;
T_16.9 %dup/vec4;
    %pushi/vec4 0, 0, 32;
    %cmp/u;
    %jmp/1 T_16.10, 4;
    %pushi/vec4 1, 0, 32;
    %sub;
    %wait E_0000017cf4b2cd80;
    %jmp T_16.9;
T_16.10 ;
    %pop/vec4 1;
    ; show_stmt_assign_vector: Get l-value for compressed += operand
    %load/vec4 v0000017cf4b38460_0;
    %pushi/vec4 1, 0, 32;
    %add;
    %cast2;
    %store/vec4 v0000017cf4b38460_0, 0, 32;
    %jmp T_16.0;
T_16.1 ;
    %end;
    .scope S_0000017cf4a82260;
t_4 %join;
T_16.11 ;
    %load/vec4 v0000017cf4bcac60_0;
    %cmpi/e 1, 0, 1;
    %flag_get/vec4 4;
    %jmp/0 T_16.13, 4;
    %vpi_func 3 124 "$countones" 32, v0000017cf4b37ba0_0 {0 0 0};
    %pushi/vec4 0, 0, 32;
    %cmp/e;
    %flag_get/vec4 4;
    %and;
T_16.13;
    %cmpi/ne 1, 0, 1;
    %jmp/0xz T_16.12, 6;
    %wait E_0000017cf4b2c900;
    %jmp T_16.11;
T_16.12 ;
    %delay 100000, 0;
    %load/vec4 v0000017cf4bcc240_0;
    %cmpi/ne 0, 0, 32;
    %jmp/0xz  T_16.14, 4;
    %vpi_call/w 3 128 "$fclose", v0000017cf4bcc240_0 {0 0 0};
    %vpi_call/w 3 129 "$display", "High-Performance Telemetry data saved to sim_log.txt" {0 0 0};
T_16.14 ;
    %vpi_call/w 3 131 "$finish" {0 0 0};
    %end;
    .scope S_0000017cf4b46ea0;
t_2 %join;
    %end;
    .thread T_16;
# The file index is used to find the file name in the following table.
:file_names 8;
    "N/A";
    "<interactive>";
    "-";
    "tb\performance_tb.sv";
    "tb/../src/controller.v";
    "tb/../src/modules/cmt.v";
    "tb/../src/modules/fifo.v";
    "tb/../src/modules/tmt.v";
