#! /c/Source/iverilog-install/bin/vvp
:ivl_version "12.0 (devel)" "(s20150603-1539-g2693dd32b)";
:ivl_delay_selection "TYPICAL";
:vpi_time_precision - 12;
:vpi_module "C:\iverilog\lib\ivl\system.vpi";
:vpi_module "C:\iverilog\lib\ivl\vhdl_sys.vpi";
:vpi_module "C:\iverilog\lib\ivl\vhdl_textio.vpi";
:vpi_module "C:\iverilog\lib\ivl\v2005_math.vpi";
:vpi_module "C:\iverilog\lib\ivl\va_math.vpi";
:vpi_module "C:\iverilog\lib\ivl\v2009.vpi";
S_00000143acbf8ab0 .scope package, "$unit" "$unit" 2 1;
 .timescale 0 0;
S_00000143acc95a20 .scope module, "tmt_tb" "tmt_tb" 3 4;
 .timescale -9 -12;
v00000143acd20e80_0 .var "ava_core_id", 5 0;
v00000143acd21060_0 .var "ava_core_valid", 0 0;
v00000143acd21740_0 .var "clk", 0 0;
v00000143acd217e0_0 .net "dispatch_addr", 31 0, v00000143acd1f440_0;  1 drivers
v00000143acd203e0_0 .net "dispatch_core_id", 5 0, v00000143acd1f4e0_0;  1 drivers
v00000143acd21100_0 .var "empty", 0 0;
v00000143acd20200_0 .net "err", 1 0, v00000143acd20c00_0;  1 drivers
v00000143acd202a0_0 .var/2s "error_count", 31 0;
v00000143acd20340_0 .var "fifo_tmt_data", 63 0;
v00000143acd20520_0 .net "instance_id_tmt_cmt", 9 0, v00000143acd20d40_0;  1 drivers
v00000143acd20700_0 .var/2s "pass_count", 31 0;
v00000143acd21380_0 .var "rst_n", 0 0;
v00000143acd207a0_0 .var "task_done_pulse", 0 0;
v00000143acd208e0_0 .net "task_id_tmt_cmt", 9 0, v00000143acd21560_0;  1 drivers
v00000143acd211a0 .array/2s "task_location_map", 0 1023, 31 0;
v00000143acd20ca0_0 .var "terminated_tmt_idx", 3 0;
v00000143acd20de0_0 .net "tmt_cmt_ack", 0 0, v00000143acd20f20_0;  1 drivers
v00000143acd257d0_0 .net "tmt_fifo_ack", 0 0, L_00000143acca3fe0;  1 drivers
v00000143acd24970_0 .net "tmt_idx_tmt_cmt", 3 0, v00000143acd21880_0;  1 drivers
S_00000143acbfadf0 .scope begin, "$unm_blk_20" "$unm_blk_20" 3 163, 3 163 0, S_00000143acc95a20;
 .timescale -9 -12;
v00000143acc93850_0 .var "allocated_idx", 3 0;
v00000143acc92b30_0 .var "allocated_task", 9 0;
E_00000143acc79db0 .event posedge, v00000143acd20160_0;
S_00000143acca2680 .scope begin, "$ivl_for_loop0" "$ivl_for_loop0" 3 244, 3 244 0, S_00000143acbfadf0;
 .timescale -9 -12;
v00000143acc92ef0_0 .var/2s "i", 31 0;
S_00000143accacce0 .scope begin, "$ivl_for_loop1" "$ivl_for_loop1" 3 260, 3 260 0, S_00000143acbfadf0;
 .timescale -9 -12;
v00000143acc92bd0_0 .var/2s "i", 31 0;
S_00000143acc94550 .scope begin, "$ivl_for_loop2" "$ivl_for_loop2" 3 278, 3 278 0, S_00000143acbfadf0;
 .timescale -9 -12;
v00000143acc92f90_0 .var/2s "i", 31 0;
S_00000143acc946e0 .scope begin, "$ivl_for_loop3" "$ivl_for_loop3" 3 287, 3 287 0, S_00000143acbfadf0;
 .timescale -9 -12;
v00000143acc92a90_0 .var/2s "i", 31 0;
S_00000143accae210 .scope begin, "$ivl_for_loop4" "$ivl_for_loop4" 3 297, 3 297 0, S_00000143acbfadf0;
 .timescale -9 -12;
v00000143acc92c70_0 .var/2s "i", 31 0;
S_00000143accae3a0 .scope task, "allocate_core" "allocate_core" 3 126, 3 126 0, S_00000143acc95a20;
 .timescale -9 -12;
v00000143acc93e90_0 .var "core_id", 5 0;
v00000143acc92770_0 .var "out_task_id", 9 0;
v00000143acc93030_0 .var "out_tmt_idx", 3 0;
E_00000143acc79cb0 .event anyedge, v00000143acd20f20_0;
TD_tmt_tb.allocate_core ;
    %wait E_00000143acc79db0;
    %delay 1000, 0;
    %pushi/vec4 1, 0, 1;
    %store/vec4 v00000143acd21060_0, 0, 1;
    %load/vec4 v00000143acc93e90_0;
    %store/vec4 v00000143acd20e80_0, 0, 6;
    %wait E_00000143acc79db0;
    %delay 1000, 0;
    %pushi/vec4 0, 0, 1;
    %store/vec4 v00000143acd21060_0, 0, 1;
    %load/vec4 v00000143acd20de0_0;
    %cmpi/ne 1, 0, 1;
    %jmp/0xz  T_0.0, 6;
T_0.2 ;
    %load/vec4 v00000143acd20de0_0;
    %pushi/vec4 1, 0, 1;
    %cmp/e;
    %flag_get/vec4 4;
    %cmpi/ne 1, 0, 1;
    %jmp/0xz T_0.3, 6;
    %wait E_00000143acc79cb0;
    %jmp T_0.2;
T_0.3 ;
T_0.0 ;
    %load/vec4 v00000143acd208e0_0;
    %store/vec4 v00000143acc92770_0, 0, 10;
    %load/vec4 v00000143acd24970_0;
    %store/vec4 v00000143acc93030_0, 0, 4;
    %load/vec4 v00000143acc93030_0;
    %pad/u 32;
    %cast2;
    %load/vec4 v00000143acc92770_0;
    %pad/u 12;
    %ix/vec4 4;
    %store/vec4a v00000143acd211a0, 4, 0;
    %end;
S_00000143acbc9a70 .scope task, "assert_eq" "assert_eq" 3 102, 3 102 0, S_00000143acc95a20;
 .timescale -9 -12;
v00000143acc92db0_0 .var/2s "actual", 31 0;
v00000143acc930d0_0 .var/2s "expected", 31 0;
v00000143acc92e50_0 .var/str "msg";
TD_tmt_tb.assert_eq ;
    %load/vec4 v00000143acc92db0_0;
    %load/vec4 v00000143acc930d0_0;
    %cmp/ne;
    %jmp/0xz  T_1.4, 6;
    %vpi_call/w 3 104 "$display", "\033[0;31m[FAIL]\033[0m %s | Expected: %0h, Actual: %0h", v00000143acc92e50_0, v00000143acc930d0_0, v00000143acc92db0_0 {0 0 0};
    ; show_stmt_assign_vector: Get l-value for compressed += operand
    %load/vec4 v00000143acd202a0_0;
    %pushi/vec4 1, 0, 32;
    %add;
    %cast2;
    %store/vec4 v00000143acd202a0_0, 0, 32;
    %jmp T_1.5;
T_1.4 ;
    ; show_stmt_assign_vector: Get l-value for compressed += operand
    %load/vec4 v00000143acd20700_0;
    %pushi/vec4 1, 0, 32;
    %add;
    %cast2;
    %store/vec4 v00000143acd20700_0, 0, 32;
T_1.5 ;
    %end;
S_00000143acbc9c00 .scope task, "push_task" "push_task" 3 112, 3 112 0, S_00000143acc95a20;
 .timescale -9 -12;
v00000143acc92810_0 .var "addr", 31 0;
v00000143acc937b0_0 .var "dep", 9 0;
v00000143acc92590_0 .var "id", 9 0;
v00000143acc93cb0_0 .var "quota", 9 0;
E_00000143acc79ff0 .event anyedge, v00000143acd21240_0;
TD_tmt_tb.push_task ;
    %wait E_00000143acc79db0;
    %delay 1000, 0;
    %load/vec4 v00000143acc92590_0;
    %load/vec4 v00000143acc93cb0_0;
    %concat/vec4; draw_concat_vec4
    %load/vec4 v00000143acc92810_0;
    %concat/vec4; draw_concat_vec4
    %load/vec4 v00000143acc937b0_0;
    %concat/vec4; draw_concat_vec4
    %concati/vec4 0, 0, 2;
    %store/vec4 v00000143acd20340_0, 0, 64;
    %pushi/vec4 0, 0, 1;
    %store/vec4 v00000143acd21100_0, 0, 1;
T_2.6 ;
    %load/vec4 v00000143acd257d0_0;
    %pushi/vec4 1, 0, 1;
    %cmp/e;
    %flag_get/vec4 4;
    %cmpi/ne 1, 0, 1;
    %jmp/0xz T_2.7, 6;
    %wait E_00000143acc79ff0;
    %jmp T_2.6;
T_2.7 ;
    %wait E_00000143acc79db0;
    %delay 1000, 0;
    %pushi/vec4 1, 0, 1;
    %store/vec4 v00000143acd21100_0, 0, 1;
    %pushi/vec4 0, 0, 64;
    %store/vec4 v00000143acd20340_0, 0, 64;
    %end;
S_00000143acb567d0 .scope task, "reset_system" "reset_system" 3 87, 3 87 0, S_00000143acc95a20;
 .timescale -9 -12;
TD_tmt_tb.reset_system ;
    %pushi/vec4 0, 0, 1;
    %store/vec4 v00000143acd21380_0, 0, 1;
    %pushi/vec4 1, 0, 1;
    %store/vec4 v00000143acd21100_0, 0, 1;
    %pushi/vec4 0, 0, 64;
    %store/vec4 v00000143acd20340_0, 0, 64;
    %pushi/vec4 0, 0, 1;
    %store/vec4 v00000143acd21060_0, 0, 1;
    %pushi/vec4 0, 0, 6;
    %store/vec4 v00000143acd20e80_0, 0, 6;
    %pushi/vec4 0, 0, 1;
    %store/vec4 v00000143acd207a0_0, 0, 1;
    %pushi/vec4 0, 0, 4;
    %store/vec4 v00000143acd20ca0_0, 0, 4;
    %wait E_00000143acc79db0;
    %wait E_00000143acc79db0;
    %pushi/vec4 1, 0, 1;
    %store/vec4 v00000143acd21380_0, 0, 1;
    %wait E_00000143acc79db0;
    %end;
S_00000143acb56960 .scope task, "terminate_task_instance" "terminate_task_instance" 3 150, 3 150 0, S_00000143acc95a20;
 .timescale -9 -12;
v00000143acc93f30_0 .var "tmt_idx", 3 0;
TD_tmt_tb.terminate_task_instance ;
    %wait E_00000143acc79db0;
    %delay 1000, 0;
    %pushi/vec4 1, 0, 1;
    %store/vec4 v00000143acd207a0_0, 0, 1;
    %load/vec4 v00000143acc93f30_0;
    %store/vec4 v00000143acd20ca0_0, 0, 4;
    %wait E_00000143acc79db0;
    %delay 1000, 0;
    %pushi/vec4 0, 0, 1;
    %store/vec4 v00000143acd207a0_0, 0, 1;
    %end;
S_00000143acc9c0a0 .scope module, "uut" "tmt" 3 39, 4 3 0, S_00000143acc95a20;
 .timescale -9 -12;
    .port_info 0 /INPUT 1 "i_clk";
    .port_info 1 /INPUT 1 "i_rst_n";
    .port_info 2 /INPUT 64 "i_fifo_tmt_data";
    .port_info 3 /INPUT 1 "i_empty";
    .port_info 4 /OUTPUT 1 "o_tmt_fifo_ack";
    .port_info 5 /INPUT 1 "i_ava_core_valid";
    .port_info 6 /INPUT 6 "i_ava_core_id";
    .port_info 7 /OUTPUT 1 "o_tmt_cmt_ack";
    .port_info 8 /OUTPUT 4 "o_tmt_idx_tmt_cmt";
    .port_info 9 /OUTPUT 10 "o_task_id_tmt_cmt";
    .port_info 10 /OUTPUT 10 "o_instance_id_tmt_cmt";
    .port_info 11 /INPUT 1 "i_task_done_pulse";
    .port_info 12 /INPUT 4 "i_terminated_tmt_idx";
    .port_info 13 /OUTPUT 32 "o_dispatch_addr";
    .port_info 14 /OUTPUT 6 "o_dispatch_core_id";
    .port_info 15 /OUTPUT 2 "o_err";
P_00000143acca2810 .param/l "STATE_ALLOCATED" 1 4 106, C4<10>;
P_00000143acca2848 .param/l "STATE_PENDING" 1 4 104, C4<00>;
P_00000143acca2880 .param/l "STATE_READY" 1 4 105, C4<01>;
P_00000143acca28b8 .param/l "STATE_TERMINATED" 1 4 107, C4<11>;
L_00000143acca42f0 .functor NOT 16, v00000143acd20a20_0, C4<0000000000000000>, C4<0000000000000000>, C4<0000000000000000>;
L_00000143acca3fe0 .functor AND 1, L_00000143acd8c710, L_00000143acd8ccb0, C4<1>, C4<1>;
v00000143acd14c80_0 .net *"_ivl_105", 3 0, L_00000143acd8d250;  1 drivers
v00000143acd14d20_0 .net *"_ivl_107", 0 0, L_00000143acd8bbd0;  1 drivers
v00000143acd15860_0 .net *"_ivl_111", 3 0, L_00000143acd8af50;  1 drivers
v00000143acd15400_0 .net *"_ivl_113", 0 0, L_00000143acd8bf90;  1 drivers
v00000143acd148c0_0 .net *"_ivl_117", 3 0, L_00000143acd8b3b0;  1 drivers
v00000143acd14dc0_0 .net *"_ivl_119", 0 0, L_00000143acd8ce90;  1 drivers
v00000143acd14960_0 .net *"_ivl_124", 3 0, L_00000143acd8b310;  1 drivers
v00000143acd15360_0 .net *"_ivl_126", 0 0, L_00000143acd8c030;  1 drivers
v00000143acd150e0_0 .net *"_ivl_128", 0 0, L_00000143acd8bc70;  1 drivers
L_00000143acd2c868 .functor BUFT 1, C4<00>, C4<0>, C4<0>, C4<0>;
v00000143acd157c0_0 .net/2u *"_ivl_129", 1 0, L_00000143acd2c868;  1 drivers
v00000143acd14500_0 .net *"_ivl_132", 0 0, L_00000143acd8c210;  1 drivers
L_00000143acd2c8b0 .functor BUFT 1, C4<01>, C4<0>, C4<0>, C4<0>;
v00000143acd14280_0 .net/2u *"_ivl_133", 1 0, L_00000143acd2c8b0;  1 drivers
v00000143acd14e60_0 .net *"_ivl_136", 0 0, L_00000143acd8c3f0;  1 drivers
L_00000143acd2c8f8 .functor BUFT 1, C4<10>, C4<0>, C4<0>, C4<0>;
v00000143acd15040_0 .net/2u *"_ivl_137", 1 0, L_00000143acd2c8f8;  1 drivers
L_00000143acd2c940 .functor BUFT 1, C4<11>, C4<0>, C4<0>, C4<0>;
v00000143acd1fc60_0 .net/2u *"_ivl_139", 1 0, L_00000143acd2c940;  1 drivers
v00000143acd1dfa0_0 .net *"_ivl_141", 1 0, L_00000143acd8c2b0;  1 drivers
v00000143acd1ee00_0 .net *"_ivl_143", 1 0, L_00000143acd8b590;  1 drivers
v00000143acd1f9e0_0 .net *"_ivl_148", 0 0, L_00000143acd8d110;  1 drivers
L_00000143acd2c988 .functor BUFT 1, C4<00>, C4<0>, C4<0>, C4<0>;
v00000143acd1fda0_0 .net/2u *"_ivl_149", 1 0, L_00000143acd2c988;  1 drivers
v00000143acd1f580_0 .net *"_ivl_152", 0 0, L_00000143acd8cf30;  1 drivers
L_00000143acd2c9d0 .functor BUFT 1, C4<01>, C4<0>, C4<0>, C4<0>;
v00000143acd1e360_0 .net/2u *"_ivl_153", 1 0, L_00000143acd2c9d0;  1 drivers
v00000143acd1ec20_0 .net *"_ivl_156", 0 0, L_00000143acd8cfd0;  1 drivers
L_00000143acd2ca18 .functor BUFT 1, C4<10>, C4<0>, C4<0>, C4<0>;
v00000143acd1e220_0 .net/2u *"_ivl_157", 1 0, L_00000143acd2ca18;  1 drivers
L_00000143acd2ca60 .functor BUFT 1, C4<11>, C4<0>, C4<0>, C4<0>;
v00000143acd1e720_0 .net/2u *"_ivl_159", 1 0, L_00000143acd2ca60;  1 drivers
v00000143acd1e5e0_0 .net *"_ivl_161", 1 0, L_00000143acd8c350;  1 drivers
v00000143acd1f620_0 .net *"_ivl_163", 1 0, L_00000143acd8c490;  1 drivers
v00000143acd1f760_0 .net *"_ivl_168", 0 0, L_00000143acd8c710;  1 drivers
v00000143acd1dd20_0 .net *"_ivl_184", 3 0, L_00000143acd8d430;  1 drivers
v00000143acd1e400_0 .net *"_ivl_186", 0 0, L_00000143acd8c990;  1 drivers
v00000143acd1fa80_0 .net *"_ivl_190", 3 0, L_00000143acd8d570;  1 drivers
v00000143acd1e680_0 .net *"_ivl_192", 0 0, L_00000143acd8b270;  1 drivers
v00000143acd1e7c0_0 .net *"_ivl_196", 3 0, L_00000143acd8d4d0;  1 drivers
v00000143acd1e860_0 .net *"_ivl_198", 0 0, L_00000143acd8b090;  1 drivers
v00000143acd1fd00_0 .net *"_ivl_203", 3 0, L_00000143acd8b630;  1 drivers
v00000143acd1fb20_0 .net *"_ivl_205", 0 0, L_00000143acd8aff0;  1 drivers
v00000143acd1fbc0_0 .net *"_ivl_207", 0 0, L_00000143acd8b130;  1 drivers
L_00000143acd2caa8 .functor BUFT 1, C4<00>, C4<0>, C4<0>, C4<0>;
v00000143acd1ecc0_0 .net/2u *"_ivl_208", 1 0, L_00000143acd2caa8;  1 drivers
v00000143acd1f800_0 .net *"_ivl_211", 0 0, L_00000143acd8b1d0;  1 drivers
L_00000143acd2caf0 .functor BUFT 1, C4<01>, C4<0>, C4<0>, C4<0>;
v00000143acd1f080_0 .net/2u *"_ivl_212", 1 0, L_00000143acd2caf0;  1 drivers
v00000143acd200c0_0 .net *"_ivl_215", 0 0, L_00000143acd8b4f0;  1 drivers
L_00000143acd2cb38 .functor BUFT 1, C4<10>, C4<0>, C4<0>, C4<0>;
v00000143acd1f8a0_0 .net/2u *"_ivl_216", 1 0, L_00000143acd2cb38;  1 drivers
L_00000143acd2cb80 .functor BUFT 1, C4<11>, C4<0>, C4<0>, C4<0>;
v00000143acd1e900_0 .net/2u *"_ivl_218", 1 0, L_00000143acd2cb80;  1 drivers
v00000143acd1dc80_0 .net *"_ivl_220", 1 0, L_00000143acd8f870;  1 drivers
v00000143acd1e180_0 .net *"_ivl_222", 1 0, L_00000143acd8fa50;  1 drivers
v00000143acd1e9a0_0 .net *"_ivl_227", 0 0, L_00000143acd8faf0;  1 drivers
L_00000143acd2cbc8 .functor BUFT 1, C4<00>, C4<0>, C4<0>, C4<0>;
v00000143acd1df00_0 .net/2u *"_ivl_228", 1 0, L_00000143acd2cbc8;  1 drivers
v00000143acd1f120_0 .net *"_ivl_231", 0 0, L_00000143acd8f550;  1 drivers
L_00000143acd2cc10 .functor BUFT 1, C4<01>, C4<0>, C4<0>, C4<0>;
v00000143acd1ddc0_0 .net/2u *"_ivl_232", 1 0, L_00000143acd2cc10;  1 drivers
v00000143acd1e2c0_0 .net *"_ivl_235", 0 0, L_00000143acd8d7f0;  1 drivers
L_00000143acd2cc58 .functor BUFT 1, C4<10>, C4<0>, C4<0>, C4<0>;
v00000143acd1f6c0_0 .net/2u *"_ivl_236", 1 0, L_00000143acd2cc58;  1 drivers
L_00000143acd2cca0 .functor BUFT 1, C4<11>, C4<0>, C4<0>, C4<0>;
v00000143acd1f940_0 .net/2u *"_ivl_238", 1 0, L_00000143acd2cca0;  1 drivers
v00000143acd1fee0_0 .net *"_ivl_240", 1 0, L_00000143acd8db10;  1 drivers
v00000143acd1e040_0 .net *"_ivl_242", 1 0, L_00000143acd8e5b0;  1 drivers
v00000143acd1e4a0 .array "dep_matrix", 15 0, 15 0;
v00000143acd1fe40_0 .net "free_group_enc", 1 0, L_00000143acd8c670;  1 drivers
v00000143acd1eae0_0 .var "free_idx_comb", 3 0;
v00000143acd1dbe0_0 .net "free_slot_valid_comb", 0 0, L_00000143acd8ccb0;  1 drivers
v00000143acd1ff80_0 .net "free_slots", 15 0, L_00000143acca42f0;  1 drivers
v00000143acd20020_0 .net "free_within_group_enc", 1 0, L_00000143acd8d610;  1 drivers
v00000143acd1e540_0 .net "group_free_valid", 3 0, L_00000143acd8cb70;  1 drivers
v00000143acd1e0e0_0 .net "group_ready_valid", 3 0, L_00000143acd8aeb0;  1 drivers
v00000143acd1ea40_0 .var/i "i", 31 0;
v00000143acd1f1c0_0 .net "i_ava_core_id", 5 0, v00000143acd20e80_0;  1 drivers
v00000143acd1eb80_0 .net "i_ava_core_valid", 0 0, v00000143acd21060_0;  1 drivers
v00000143acd20160_0 .net "i_clk", 0 0, v00000143acd21740_0;  1 drivers
v00000143acd1ed60_0 .net "i_empty", 0 0, v00000143acd21100_0;  1 drivers
v00000143acd1da00_0 .net "i_fifo_tmt_data", 63 0, v00000143acd20340_0;  1 drivers
v00000143acd1eea0_0 .net "i_rst_n", 0 0, v00000143acd21380_0;  1 drivers
v00000143acd1daa0_0 .net "i_task_done_pulse", 0 0, v00000143acd207a0_0;  1 drivers
v00000143acd1ef40_0 .net "i_terminated_tmt_idx", 3 0, v00000143acd20ca0_0;  1 drivers
v00000143acd1efe0_0 .net "incoming_addr", 31 0, L_00000143acd8d1b0;  1 drivers
v00000143acd1de60_0 .net "incoming_dep_id", 9 0, L_00000143acd8d390;  1 drivers
v00000143acd1db40_0 .net "incoming_dep_match", 15 0, L_00000143acd259b0;  1 drivers
v00000143acd1f260_0 .net "incoming_quota", 9 0, L_00000143acd8c7b0;  1 drivers
v00000143acd1f300_0 .net "incoming_task_id", 9 0, L_00000143acd8b450;  1 drivers
v00000143acd1f3a0_0 .var/i "j", 31 0;
v00000143acd1f440_0 .var "o_dispatch_addr", 31 0;
v00000143acd1f4e0_0 .var "o_dispatch_core_id", 5 0;
v00000143acd20c00_0 .var "o_err", 1 0;
v00000143acd20d40_0 .var "o_instance_id_tmt_cmt", 9 0;
v00000143acd21560_0 .var "o_task_id_tmt_cmt", 9 0;
v00000143acd20f20_0 .var "o_tmt_cmt_ack", 0 0;
v00000143acd21240_0 .net "o_tmt_fifo_ack", 0 0, L_00000143acca3fe0;  alias, 1 drivers
v00000143acd21880_0 .var "o_tmt_idx_tmt_cmt", 3 0;
v00000143acd212e0_0 .net "ready_group_enc", 1 0, L_00000143acd8f230;  1 drivers
v00000143acd21420_0 .var "ready_idx_comb", 3 0;
v00000143acd20980_0 .net "ready_slots", 15 0, L_00000143acd8bb30;  1 drivers
v00000143acd20660_0 .net "ready_valid_comb", 0 0, L_00000143acd8c8f0;  1 drivers
v00000143acd20ac0_0 .net "ready_within_group_enc", 1 0, L_00000143acd8f2d0;  1 drivers
v00000143acd214c0_0 .var "selected_free_group", 3 0;
v00000143acd21600_0 .var "selected_ready_group", 3 0;
v00000143acd20480 .array "trf_addr", 15 0, 31 0;
v00000143acd20b60 .array "trf_dispatched_count", 15 0, 9 0;
v00000143acd216a0 .array "trf_finished_count", 15 0, 9 0;
v00000143acd20fc0 .array "trf_fsm_state", 15 0;
v00000143acd20fc0_0 .net v00000143acd20fc0 0, 1 0, L_00000143acd28890; 1 drivers
v00000143acd20fc0_1 .net v00000143acd20fc0 1, 1 0, L_00000143acd28b10; 1 drivers
v00000143acd20fc0_2 .net v00000143acd20fc0 2, 1 0, L_00000143acd272b0; 1 drivers
v00000143acd20fc0_3 .net v00000143acd20fc0 3, 1 0, L_00000143acd29510; 1 drivers
v00000143acd20fc0_4 .net v00000143acd20fc0 4, 1 0, L_00000143acd281b0; 1 drivers
v00000143acd20fc0_5 .net v00000143acd20fc0 5, 1 0, L_00000143acd28610; 1 drivers
v00000143acd20fc0_6 .net v00000143acd20fc0 6, 1 0, L_00000143acd29c90; 1 drivers
v00000143acd20fc0_7 .net v00000143acd20fc0 7, 1 0, L_00000143acd29a10; 1 drivers
v00000143acd20fc0_8 .net v00000143acd20fc0 8, 1 0, L_00000143acd24290; 1 drivers
v00000143acd20fc0_9 .net v00000143acd20fc0 9, 1 0, L_00000143acd22670; 1 drivers
v00000143acd20fc0_10 .net v00000143acd20fc0 10, 1 0, L_00000143acd24790; 1 drivers
v00000143acd20fc0_11 .net v00000143acd20fc0 11, 1 0, L_00000143acd239d0; 1 drivers
v00000143acd20fc0_12 .net v00000143acd20fc0 12, 1 0, L_00000143acd23a70; 1 drivers
v00000143acd20fc0_13 .net v00000143acd20fc0 13, 1 0, L_00000143acd228f0; 1 drivers
v00000143acd20fc0_14 .net v00000143acd20fc0 14, 1 0, L_00000143acd23430; 1 drivers
v00000143acd20fc0_15 .net v00000143acd20fc0 15, 1 0, L_00000143acd8ca30; 1 drivers
v00000143acd20840 .array "trf_quota", 15 0, 9 0;
v00000143acd205c0 .array "trf_task_id", 15 0, 9 0;
v00000143acd20a20_0 .var "trf_valid", 15 0;
E_00000143acc79df0/0 .event negedge, v00000143acd1eea0_0;
E_00000143acc79df0/1 .event posedge, v00000143acd20160_0;
E_00000143acc79df0 .event/or E_00000143acc79df0/0, E_00000143acc79df0/1;
E_00000143acc7a930 .event anyedge, v00000143acd212e0_0, v00000143acd20ac0_0;
E_00000143acc7a9b0 .event anyedge, v00000143acd212e0_0, v00000143acd20980_0;
E_00000143acc7ab30 .event anyedge, v00000143acd1fe40_0, v00000143acd20020_0;
E_00000143acc7adf0 .event anyedge, v00000143acd1fe40_0, v00000143acd1ff80_0;
L_00000143acd26450 .part v00000143acd20a20_0, 0, 1;
L_00000143acd26a90 .part v00000143acd20a20_0, 1, 1;
L_00000143acd252d0 .part v00000143acd20a20_0, 2, 1;
L_00000143acd26ef0 .part v00000143acd20a20_0, 3, 1;
L_00000143acd25a50 .part v00000143acd20a20_0, 4, 1;
L_00000143acd25ff0 .part v00000143acd20a20_0, 5, 1;
L_00000143acd26630 .part v00000143acd20a20_0, 6, 1;
L_00000143acd26b30 .part v00000143acd20a20_0, 7, 1;
L_00000143acd26770 .part v00000143acd20a20_0, 8, 1;
L_00000143acd24dd0 .part v00000143acd20a20_0, 9, 1;
L_00000143acd26db0 .part v00000143acd20a20_0, 10, 1;
L_00000143acd25af0 .part v00000143acd20a20_0, 11, 1;
L_00000143acd26270 .part v00000143acd20a20_0, 12, 1;
L_00000143acd263b0 .part v00000143acd20a20_0, 13, 1;
L_00000143acd25870 .part v00000143acd20a20_0, 14, 1;
LS_00000143acd259b0_0_0 .concat8 [ 1 1 1 1], L_00000143acd25f50, L_00000143acd25410, L_00000143acd26950, L_00000143acd26090;
LS_00000143acd259b0_0_4 .concat8 [ 1 1 1 1], L_00000143acd24830, L_00000143acd24bf0, L_00000143acd24c90, L_00000143acd248d0;
LS_00000143acd259b0_0_8 .concat8 [ 1 1 1 1], L_00000143acd26810, L_00000143acd25d70, L_00000143acd24ab0, L_00000143acd25230;
LS_00000143acd259b0_0_12 .concat8 [ 1 1 1 1], L_00000143acd26310, L_00000143acd25550, L_00000143acd25b90, L_00000143acd27030;
L_00000143acd259b0 .concat8 [ 4 4 4 4], LS_00000143acd259b0_0_0, LS_00000143acd259b0_0_4, LS_00000143acd259b0_0_8, LS_00000143acd259b0_0_12;
L_00000143acd277b0 .part v00000143acd20a20_0, 15, 1;
L_00000143acd27a30 .part v00000143acd20a20_0, 0, 1;
L_00000143acd28930 .part v00000143acd20a20_0, 1, 1;
L_00000143acd27990 .part v00000143acd20a20_0, 2, 1;
L_00000143acd28bb0 .part v00000143acd20a20_0, 3, 1;
L_00000143acd27ad0 .part v00000143acd20a20_0, 4, 1;
L_00000143acd27c10 .part v00000143acd20a20_0, 5, 1;
L_00000143acd27df0 .part v00000143acd20a20_0, 6, 1;
L_00000143acd29d30 .part v00000143acd20a20_0, 7, 1;
L_00000143acd29b50 .part v00000143acd20a20_0, 8, 1;
L_00000143acd23cf0 .part v00000143acd20a20_0, 9, 1;
L_00000143acd236b0 .part v00000143acd20a20_0, 10, 1;
L_00000143acd23890 .part v00000143acd20a20_0, 11, 1;
L_00000143acd23d90 .part v00000143acd20a20_0, 12, 1;
L_00000143acd225d0 .part v00000143acd20a20_0, 13, 1;
L_00000143acd22990 .part v00000143acd20a20_0, 14, 1;
L_00000143acd23570 .part v00000143acd20a20_0, 15, 1;
LS_00000143acd8bb30_0_0 .concat8 [ 1 1 1 1], L_00000143acd8b810, L_00000143acd8b6d0, L_00000143acd8ba90, L_00000143acd8cc10;
LS_00000143acd8bb30_0_4 .concat8 [ 1 1 1 1], L_00000143acd8b8b0, L_00000143acd8be50, L_00000143acd8bdb0, L_00000143acd8cd50;
LS_00000143acd8bb30_0_8 .concat8 [ 1 1 1 1], L_00000143acd8bef0, L_00000143acd8b770, L_00000143acd8c5d0, L_00000143acd8d2f0;
LS_00000143acd8bb30_0_12 .concat8 [ 1 1 1 1], L_00000143acd8c0d0, L_00000143acd8cdf0, L_00000143acd8b9f0, L_00000143acd8c170;
L_00000143acd8bb30 .concat8 [ 4 4 4 4], LS_00000143acd8bb30_0_0, LS_00000143acd8bb30_0_4, LS_00000143acd8bb30_0_8, LS_00000143acd8bb30_0_12;
L_00000143acd8ccb0 .reduce/or L_00000143acca42f0;
L_00000143acd8d250 .part L_00000143acca42f0, 0, 4;
L_00000143acd8bbd0 .reduce/or L_00000143acd8d250;
L_00000143acd8af50 .part L_00000143acca42f0, 4, 4;
L_00000143acd8bf90 .reduce/or L_00000143acd8af50;
L_00000143acd8b3b0 .part L_00000143acca42f0, 8, 4;
L_00000143acd8ce90 .reduce/or L_00000143acd8b3b0;
L_00000143acd8cb70 .concat8 [ 1 1 1 1], L_00000143acd8bbd0, L_00000143acd8bf90, L_00000143acd8ce90, L_00000143acd8c030;
L_00000143acd8b310 .part L_00000143acca42f0, 12, 4;
L_00000143acd8c030 .reduce/or L_00000143acd8b310;
L_00000143acd8bc70 .part L_00000143acd8cb70, 0, 1;
L_00000143acd8c210 .part L_00000143acd8cb70, 1, 1;
L_00000143acd8c3f0 .part L_00000143acd8cb70, 2, 1;
L_00000143acd8c2b0 .functor MUXZ 2, L_00000143acd2c940, L_00000143acd2c8f8, L_00000143acd8c3f0, C4<>;
L_00000143acd8b590 .functor MUXZ 2, L_00000143acd8c2b0, L_00000143acd2c8b0, L_00000143acd8c210, C4<>;
L_00000143acd8c670 .functor MUXZ 2, L_00000143acd8b590, L_00000143acd2c868, L_00000143acd8bc70, C4<>;
L_00000143acd8d110 .part v00000143acd214c0_0, 0, 1;
L_00000143acd8cf30 .part v00000143acd214c0_0, 1, 1;
L_00000143acd8cfd0 .part v00000143acd214c0_0, 2, 1;
L_00000143acd8c350 .functor MUXZ 2, L_00000143acd2ca60, L_00000143acd2ca18, L_00000143acd8cfd0, C4<>;
L_00000143acd8c490 .functor MUXZ 2, L_00000143acd8c350, L_00000143acd2c9d0, L_00000143acd8cf30, C4<>;
L_00000143acd8d610 .functor MUXZ 2, L_00000143acd8c490, L_00000143acd2c988, L_00000143acd8d110, C4<>;
L_00000143acd8c710 .reduce/nor v00000143acd21100_0;
L_00000143acd8b450 .part v00000143acd20340_0, 54, 10;
L_00000143acd8c7b0 .part v00000143acd20340_0, 44, 10;
L_00000143acd8d1b0 .part v00000143acd20340_0, 12, 32;
L_00000143acd8d390 .part v00000143acd20340_0, 2, 10;
L_00000143acd8c8f0 .reduce/or L_00000143acd8bb30;
L_00000143acd8d430 .part L_00000143acd8bb30, 0, 4;
L_00000143acd8c990 .reduce/or L_00000143acd8d430;
L_00000143acd8d570 .part L_00000143acd8bb30, 4, 4;
L_00000143acd8b270 .reduce/or L_00000143acd8d570;
L_00000143acd8d4d0 .part L_00000143acd8bb30, 8, 4;
L_00000143acd8b090 .reduce/or L_00000143acd8d4d0;
L_00000143acd8aeb0 .concat8 [ 1 1 1 1], L_00000143acd8c990, L_00000143acd8b270, L_00000143acd8b090, L_00000143acd8aff0;
L_00000143acd8b630 .part L_00000143acd8bb30, 12, 4;
L_00000143acd8aff0 .reduce/or L_00000143acd8b630;
L_00000143acd8b130 .part L_00000143acd8aeb0, 0, 1;
L_00000143acd8b1d0 .part L_00000143acd8aeb0, 1, 1;
L_00000143acd8b4f0 .part L_00000143acd8aeb0, 2, 1;
L_00000143acd8f870 .functor MUXZ 2, L_00000143acd2cb80, L_00000143acd2cb38, L_00000143acd8b4f0, C4<>;
L_00000143acd8fa50 .functor MUXZ 2, L_00000143acd8f870, L_00000143acd2caf0, L_00000143acd8b1d0, C4<>;
L_00000143acd8f230 .functor MUXZ 2, L_00000143acd8fa50, L_00000143acd2caa8, L_00000143acd8b130, C4<>;
L_00000143acd8faf0 .part v00000143acd21600_0, 0, 1;
L_00000143acd8f550 .part v00000143acd21600_0, 1, 1;
L_00000143acd8d7f0 .part v00000143acd21600_0, 2, 1;
L_00000143acd8db10 .functor MUXZ 2, L_00000143acd2cca0, L_00000143acd2cc58, L_00000143acd8d7f0, C4<>;
L_00000143acd8e5b0 .functor MUXZ 2, L_00000143acd8db10, L_00000143acd2cc10, L_00000143acd8f550, C4<>;
L_00000143acd8f2d0 .functor MUXZ 2, L_00000143acd8e5b0, L_00000143acd2cbc8, L_00000143acd8faf0, C4<>;
S_00000143acc9c230 .scope generate, "gen_match[0]" "gen_match[0]" 4 95, 4 95 0, S_00000143acc9c0a0;
 .timescale -9 -12;
P_00000143acc7a330 .param/l "g" 0 4 95, +C4<00>;
L_00000143acca3f70 .functor AND 1, L_00000143acd26450, L_00000143acd25eb0, C4<1>, C4<1>;
L_00000143acd29fe8 .functor BUFT 1, C4<0000000000>, C4<0>, C4<0>, C4<0>;
v00000143acc933f0_0 .net/2u *"_ivl_0", 9 0, L_00000143acd29fe8;  1 drivers
v00000143acc93530_0 .net *"_ivl_11", 0 0, L_00000143acca3f70;  1 drivers
v00000143acc93170_0 .net *"_ivl_12", 0 0, L_00000143acd25f50;  1 drivers
v00000143acc92630_0 .net *"_ivl_2", 0 0, L_00000143acd268b0;  1 drivers
L_00000143acd2a030 .functor BUFT 1, C4<0>, C4<0>, C4<0>, C4<0>;
v00000143acc93210_0 .net/2u *"_ivl_4", 0 0, L_00000143acd2a030;  1 drivers
v00000143acc93990_0 .net *"_ivl_6", 0 0, L_00000143acd26450;  1 drivers
v00000143acc93670_0 .net *"_ivl_8", 0 0, L_00000143acd25eb0;  1 drivers
L_00000143acd268b0 .cmp/eq 10, L_00000143acd8d390, L_00000143acd29fe8;
v00000143acd205c0_0 .array/port v00000143acd205c0, 0;
L_00000143acd25eb0 .cmp/eq 10, v00000143acd205c0_0, L_00000143acd8d390;
L_00000143acd25f50 .functor MUXZ 1, L_00000143acca3f70, L_00000143acd2a030, L_00000143acd268b0, C4<>;
S_00000143acc9c3c0 .scope generate, "gen_match[1]" "gen_match[1]" 4 95, 4 95 0, S_00000143acc9c0a0;
 .timescale -9 -12;
P_00000143acc7aef0 .param/l "g" 0 4 95, +C4<01>;
L_00000143acca4910 .functor AND 1, L_00000143acd26a90, L_00000143acd266d0, C4<1>, C4<1>;
L_00000143acd2a078 .functor BUFT 1, C4<0000000000>, C4<0>, C4<0>, C4<0>;
v00000143acc93710_0 .net/2u *"_ivl_0", 9 0, L_00000143acd2a078;  1 drivers
v00000143acc932b0_0 .net *"_ivl_11", 0 0, L_00000143acca4910;  1 drivers
v00000143acc94110_0 .net *"_ivl_12", 0 0, L_00000143acd25410;  1 drivers
v00000143acc938f0_0 .net *"_ivl_2", 0 0, L_00000143acd24b50;  1 drivers
L_00000143acd2a0c0 .functor BUFT 1, C4<0>, C4<0>, C4<0>, C4<0>;
v00000143acc93d50_0 .net/2u *"_ivl_4", 0 0, L_00000143acd2a0c0;  1 drivers
v00000143acc93fd0_0 .net *"_ivl_6", 0 0, L_00000143acd26a90;  1 drivers
v00000143acc93350_0 .net *"_ivl_8", 0 0, L_00000143acd266d0;  1 drivers
L_00000143acd24b50 .cmp/eq 10, L_00000143acd8d390, L_00000143acd2a078;
v00000143acd205c0_1 .array/port v00000143acd205c0, 1;
L_00000143acd266d0 .cmp/eq 10, v00000143acd205c0_1, L_00000143acd8d390;
L_00000143acd25410 .functor MUXZ 1, L_00000143acca4910, L_00000143acd2a0c0, L_00000143acd24b50, C4<>;
S_00000143accaf860 .scope generate, "gen_match[2]" "gen_match[2]" 4 95, 4 95 0, S_00000143acc9c0a0;
 .timescale -9 -12;
P_00000143acc7a3f0 .param/l "g" 0 4 95, +C4<010>;
L_00000143acca43d0 .functor AND 1, L_00000143acd252d0, L_00000143acd25050, C4<1>, C4<1>;
L_00000143acd2a108 .functor BUFT 1, C4<0000000000>, C4<0>, C4<0>, C4<0>;
v00000143acc93490_0 .net/2u *"_ivl_0", 9 0, L_00000143acd2a108;  1 drivers
v00000143acc941b0_0 .net *"_ivl_11", 0 0, L_00000143acca43d0;  1 drivers
v00000143acc935d0_0 .net *"_ivl_12", 0 0, L_00000143acd26950;  1 drivers
v00000143acc93a30_0 .net *"_ivl_2", 0 0, L_00000143acd26f90;  1 drivers
L_00000143acd2a150 .functor BUFT 1, C4<0>, C4<0>, C4<0>, C4<0>;
v00000143acc928b0_0 .net/2u *"_ivl_4", 0 0, L_00000143acd2a150;  1 drivers
v00000143acc92950_0 .net *"_ivl_6", 0 0, L_00000143acd252d0;  1 drivers
v00000143acc93ad0_0 .net *"_ivl_8", 0 0, L_00000143acd25050;  1 drivers
L_00000143acd26f90 .cmp/eq 10, L_00000143acd8d390, L_00000143acd2a108;
v00000143acd205c0_2 .array/port v00000143acd205c0, 2;
L_00000143acd25050 .cmp/eq 10, v00000143acd205c0_2, L_00000143acd8d390;
L_00000143acd26950 .functor MUXZ 1, L_00000143acca43d0, L_00000143acd2a150, L_00000143acd26f90, C4<>;
S_00000143acd02c90 .scope generate, "gen_match[3]" "gen_match[3]" 4 95, 4 95 0, S_00000143acc9c0a0;
 .timescale -9 -12;
P_00000143acc7a430 .param/l "g" 0 4 95, +C4<011>;
L_00000143acca4600 .functor AND 1, L_00000143acd26ef0, L_00000143acd26590, C4<1>, C4<1>;
L_00000143acd2a198 .functor BUFT 1, C4<0000000000>, C4<0>, C4<0>, C4<0>;
v00000143acc94250_0 .net/2u *"_ivl_0", 9 0, L_00000143acd2a198;  1 drivers
v00000143acc93b70_0 .net *"_ivl_11", 0 0, L_00000143acca4600;  1 drivers
v00000143acc93c10_0 .net *"_ivl_12", 0 0, L_00000143acd26090;  1 drivers
v00000143acc94070_0 .net *"_ivl_2", 0 0, L_00000143acd264f0;  1 drivers
L_00000143acd2a1e0 .functor BUFT 1, C4<0>, C4<0>, C4<0>, C4<0>;
v00000143acc942f0_0 .net/2u *"_ivl_4", 0 0, L_00000143acd2a1e0;  1 drivers
v00000143acc94390_0 .net *"_ivl_6", 0 0, L_00000143acd26ef0;  1 drivers
v00000143acc929f0_0 .net *"_ivl_8", 0 0, L_00000143acd26590;  1 drivers
L_00000143acd264f0 .cmp/eq 10, L_00000143acd8d390, L_00000143acd2a198;
v00000143acd205c0_3 .array/port v00000143acd205c0, 3;
L_00000143acd26590 .cmp/eq 10, v00000143acd205c0_3, L_00000143acd8d390;
L_00000143acd26090 .functor MUXZ 1, L_00000143acca4600, L_00000143acd2a1e0, L_00000143acd264f0, C4<>;
S_00000143acd02e20 .scope generate, "gen_match[4]" "gen_match[4]" 4 95, 4 95 0, S_00000143acc9c0a0;
 .timescale -9 -12;
P_00000143acc7bc30 .param/l "g" 0 4 95, +C4<0100>;
L_00000143acca4360 .functor AND 1, L_00000143acd25a50, L_00000143acd25c30, C4<1>, C4<1>;
L_00000143acd2a228 .functor BUFT 1, C4<0000000000>, C4<0>, C4<0>, C4<0>;
v00000143acc926d0_0 .net/2u *"_ivl_0", 9 0, L_00000143acd2a228;  1 drivers
v00000143acd04ec0_0 .net *"_ivl_11", 0 0, L_00000143acca4360;  1 drivers
v00000143acd056e0_0 .net *"_ivl_12", 0 0, L_00000143acd24830;  1 drivers
v00000143acd05320_0 .net *"_ivl_2", 0 0, L_00000143acd25730;  1 drivers
L_00000143acd2a270 .functor BUFT 1, C4<0>, C4<0>, C4<0>, C4<0>;
v00000143acd04f60_0 .net/2u *"_ivl_4", 0 0, L_00000143acd2a270;  1 drivers
v00000143acd049c0_0 .net *"_ivl_6", 0 0, L_00000143acd25a50;  1 drivers
v00000143acd04b00_0 .net *"_ivl_8", 0 0, L_00000143acd25c30;  1 drivers
L_00000143acd25730 .cmp/eq 10, L_00000143acd8d390, L_00000143acd2a228;
v00000143acd205c0_4 .array/port v00000143acd205c0, 4;
L_00000143acd25c30 .cmp/eq 10, v00000143acd205c0_4, L_00000143acd8d390;
L_00000143acd24830 .functor MUXZ 1, L_00000143acca4360, L_00000143acd2a270, L_00000143acd25730, C4<>;
S_00000143acd03140 .scope generate, "gen_match[5]" "gen_match[5]" 4 95, 4 95 0, S_00000143acc9c0a0;
 .timescale -9 -12;
P_00000143acc77ef0 .param/l "g" 0 4 95, +C4<0101>;
L_00000143acca49f0 .functor AND 1, L_00000143acd25ff0, L_00000143acd255f0, C4<1>, C4<1>;
L_00000143acd2a2b8 .functor BUFT 1, C4<0000000000>, C4<0>, C4<0>, C4<0>;
v00000143acd05000_0 .net/2u *"_ivl_0", 9 0, L_00000143acd2a2b8;  1 drivers
v00000143acd03f20_0 .net *"_ivl_11", 0 0, L_00000143acca49f0;  1 drivers
v00000143acd03d40_0 .net *"_ivl_12", 0 0, L_00000143acd24bf0;  1 drivers
v00000143acd04920_0 .net *"_ivl_2", 0 0, L_00000143acd269f0;  1 drivers
L_00000143acd2a300 .functor BUFT 1, C4<0>, C4<0>, C4<0>, C4<0>;
v00000143acd05140_0 .net/2u *"_ivl_4", 0 0, L_00000143acd2a300;  1 drivers
v00000143acd04560_0 .net *"_ivl_6", 0 0, L_00000143acd25ff0;  1 drivers
v00000143acd051e0_0 .net *"_ivl_8", 0 0, L_00000143acd255f0;  1 drivers
L_00000143acd269f0 .cmp/eq 10, L_00000143acd8d390, L_00000143acd2a2b8;
v00000143acd205c0_5 .array/port v00000143acd205c0, 5;
L_00000143acd255f0 .cmp/eq 10, v00000143acd205c0_5, L_00000143acd8d390;
L_00000143acd24bf0 .functor MUXZ 1, L_00000143acca49f0, L_00000143acd2a300, L_00000143acd269f0, C4<>;
S_00000143acd02970 .scope generate, "gen_match[6]" "gen_match[6]" 4 95, 4 95 0, S_00000143acc9c0a0;
 .timescale -9 -12;
P_00000143acc77d70 .param/l "g" 0 4 95, +C4<0110>;
L_00000143acca4520 .functor AND 1, L_00000143acd26630, L_00000143acd26e50, C4<1>, C4<1>;
L_00000143acd2a348 .functor BUFT 1, C4<0000000000>, C4<0>, C4<0>, C4<0>;
v00000143acd03c00_0 .net/2u *"_ivl_0", 9 0, L_00000143acd2a348;  1 drivers
v00000143acd03980_0 .net *"_ivl_11", 0 0, L_00000143acca4520;  1 drivers
v00000143acd04d80_0 .net *"_ivl_12", 0 0, L_00000143acd24c90;  1 drivers
v00000143acd041a0_0 .net *"_ivl_2", 0 0, L_00000143acd24fb0;  1 drivers
L_00000143acd2a390 .functor BUFT 1, C4<0>, C4<0>, C4<0>, C4<0>;
v00000143acd05280_0 .net/2u *"_ivl_4", 0 0, L_00000143acd2a390;  1 drivers
v00000143acd050a0_0 .net *"_ivl_6", 0 0, L_00000143acd26630;  1 drivers
v00000143acd04c40_0 .net *"_ivl_8", 0 0, L_00000143acd26e50;  1 drivers
L_00000143acd24fb0 .cmp/eq 10, L_00000143acd8d390, L_00000143acd2a348;
v00000143acd205c0_6 .array/port v00000143acd205c0, 6;
L_00000143acd26e50 .cmp/eq 10, v00000143acd205c0_6, L_00000143acd8d390;
L_00000143acd24c90 .functor MUXZ 1, L_00000143acca4520, L_00000143acd2a390, L_00000143acd24fb0, C4<>;
S_00000143acd02fb0 .scope generate, "gen_match[7]" "gen_match[7]" 4 95, 4 95 0, S_00000143acc9c0a0;
 .timescale -9 -12;
P_00000143acc776f0 .param/l "g" 0 4 95, +C4<0111>;
L_00000143acca4440 .functor AND 1, L_00000143acd26b30, L_00000143acd26bd0, C4<1>, C4<1>;
L_00000143acd2a3d8 .functor BUFT 1, C4<0000000000>, C4<0>, C4<0>, C4<0>;
v00000143acd04e20_0 .net/2u *"_ivl_0", 9 0, L_00000143acd2a3d8;  1 drivers
v00000143acd053c0_0 .net *"_ivl_11", 0 0, L_00000143acca4440;  1 drivers
v00000143acd05460_0 .net *"_ivl_12", 0 0, L_00000143acd248d0;  1 drivers
v00000143acd04100_0 .net *"_ivl_2", 0 0, L_00000143acd24d30;  1 drivers
L_00000143acd2a420 .functor BUFT 1, C4<0>, C4<0>, C4<0>, C4<0>;
v00000143acd05500_0 .net/2u *"_ivl_4", 0 0, L_00000143acd2a420;  1 drivers
v00000143acd055a0_0 .net *"_ivl_6", 0 0, L_00000143acd26b30;  1 drivers
v00000143acd05640_0 .net *"_ivl_8", 0 0, L_00000143acd26bd0;  1 drivers
L_00000143acd24d30 .cmp/eq 10, L_00000143acd8d390, L_00000143acd2a3d8;
v00000143acd205c0_7 .array/port v00000143acd205c0, 7;
L_00000143acd26bd0 .cmp/eq 10, v00000143acd205c0_7, L_00000143acd8d390;
L_00000143acd248d0 .functor MUXZ 1, L_00000143acca4440, L_00000143acd2a420, L_00000143acd24d30, C4<>;
S_00000143acd02b00 .scope generate, "gen_match[8]" "gen_match[8]" 4 95, 4 95 0, S_00000143acc9c0a0;
 .timescale -9 -12;
P_00000143acc77970 .param/l "g" 0 4 95, +C4<01000>;
L_00000143acca46e0 .functor AND 1, L_00000143acd26770, L_00000143acd26c70, C4<1>, C4<1>;
L_00000143acd2a468 .functor BUFT 1, C4<0000000000>, C4<0>, C4<0>, C4<0>;
v00000143acd03ca0_0 .net/2u *"_ivl_0", 9 0, L_00000143acd2a468;  1 drivers
v00000143acd05780_0 .net *"_ivl_11", 0 0, L_00000143acca46e0;  1 drivers
v00000143acd05820_0 .net *"_ivl_12", 0 0, L_00000143acd26810;  1 drivers
v00000143acd04380_0 .net *"_ivl_2", 0 0, L_00000143acd24e70;  1 drivers
L_00000143acd2a4b0 .functor BUFT 1, C4<0>, C4<0>, C4<0>, C4<0>;
v00000143acd04880_0 .net/2u *"_ivl_4", 0 0, L_00000143acd2a4b0;  1 drivers
v00000143acd03a20_0 .net *"_ivl_6", 0 0, L_00000143acd26770;  1 drivers
v00000143acd03fc0_0 .net *"_ivl_8", 0 0, L_00000143acd26c70;  1 drivers
L_00000143acd24e70 .cmp/eq 10, L_00000143acd8d390, L_00000143acd2a468;
v00000143acd205c0_8 .array/port v00000143acd205c0, 8;
L_00000143acd26c70 .cmp/eq 10, v00000143acd205c0_8, L_00000143acd8d390;
L_00000143acd26810 .functor MUXZ 1, L_00000143acca46e0, L_00000143acd2a4b0, L_00000143acd24e70, C4<>;
S_00000143acd035f0 .scope generate, "gen_match[9]" "gen_match[9]" 4 95, 4 95 0, S_00000143acc9c0a0;
 .timescale -9 -12;
P_00000143acc77b70 .param/l "g" 0 4 95, +C4<01001>;
L_00000143acca4a60 .functor AND 1, L_00000143acd24dd0, L_00000143acd24a10, C4<1>, C4<1>;
L_00000143acd2a4f8 .functor BUFT 1, C4<0000000000>, C4<0>, C4<0>, C4<0>;
v00000143acd04420_0 .net/2u *"_ivl_0", 9 0, L_00000143acd2a4f8;  1 drivers
v00000143acd03b60_0 .net *"_ivl_11", 0 0, L_00000143acca4a60;  1 drivers
v00000143acd044c0_0 .net *"_ivl_12", 0 0, L_00000143acd25d70;  1 drivers
v00000143acd047e0_0 .net *"_ivl_2", 0 0, L_00000143acd26130;  1 drivers
L_00000143acd2a540 .functor BUFT 1, C4<0>, C4<0>, C4<0>, C4<0>;
v00000143acd04a60_0 .net/2u *"_ivl_4", 0 0, L_00000143acd2a540;  1 drivers
v00000143acd03de0_0 .net *"_ivl_6", 0 0, L_00000143acd24dd0;  1 drivers
v00000143acd03ac0_0 .net *"_ivl_8", 0 0, L_00000143acd24a10;  1 drivers
L_00000143acd26130 .cmp/eq 10, L_00000143acd8d390, L_00000143acd2a4f8;
v00000143acd205c0_9 .array/port v00000143acd205c0, 9;
L_00000143acd24a10 .cmp/eq 10, v00000143acd205c0_9, L_00000143acd8d390;
L_00000143acd25d70 .functor MUXZ 1, L_00000143acca4a60, L_00000143acd2a540, L_00000143acd26130, C4<>;
S_00000143acd032d0 .scope generate, "gen_match[10]" "gen_match[10]" 4 95, 4 95 0, S_00000143acc9c0a0;
 .timescale -9 -12;
P_00000143acc77db0 .param/l "g" 0 4 95, +C4<01010>;
L_00000143acca4750 .functor AND 1, L_00000143acd26db0, L_00000143acd250f0, C4<1>, C4<1>;
L_00000143acd2a588 .functor BUFT 1, C4<0000000000>, C4<0>, C4<0>, C4<0>;
v00000143acd04600_0 .net/2u *"_ivl_0", 9 0, L_00000143acd2a588;  1 drivers
v00000143acd03e80_0 .net *"_ivl_11", 0 0, L_00000143acca4750;  1 drivers
v00000143acd04060_0 .net *"_ivl_12", 0 0, L_00000143acd24ab0;  1 drivers
v00000143acd046a0_0 .net *"_ivl_2", 0 0, L_00000143acd26d10;  1 drivers
L_00000143acd2a5d0 .functor BUFT 1, C4<0>, C4<0>, C4<0>, C4<0>;
v00000143acd04240_0 .net/2u *"_ivl_4", 0 0, L_00000143acd2a5d0;  1 drivers
v00000143acd04740_0 .net *"_ivl_6", 0 0, L_00000143acd26db0;  1 drivers
v00000143acd04ba0_0 .net *"_ivl_8", 0 0, L_00000143acd250f0;  1 drivers
L_00000143acd26d10 .cmp/eq 10, L_00000143acd8d390, L_00000143acd2a588;
v00000143acd205c0_10 .array/port v00000143acd205c0, 10;
L_00000143acd250f0 .cmp/eq 10, v00000143acd205c0_10, L_00000143acd8d390;
L_00000143acd24ab0 .functor MUXZ 1, L_00000143acca4750, L_00000143acd2a5d0, L_00000143acd26d10, C4<>;
S_00000143acd03460 .scope generate, "gen_match[11]" "gen_match[11]" 4 95, 4 95 0, S_00000143acc9c0a0;
 .timescale -9 -12;
P_00000143acc77570 .param/l "g" 0 4 95, +C4<01011>;
L_00000143acca3e20 .functor AND 1, L_00000143acd25af0, L_00000143acd25190, C4<1>, C4<1>;
L_00000143acd2a618 .functor BUFT 1, C4<0000000000>, C4<0>, C4<0>, C4<0>;
v00000143acd042e0_0 .net/2u *"_ivl_0", 9 0, L_00000143acd2a618;  1 drivers
v00000143acd04ce0_0 .net *"_ivl_11", 0 0, L_00000143acca3e20;  1 drivers
v00000143acd06a80_0 .net *"_ivl_12", 0 0, L_00000143acd25230;  1 drivers
v00000143acd073e0_0 .net *"_ivl_2", 0 0, L_00000143acd24f10;  1 drivers
L_00000143acd2a660 .functor BUFT 1, C4<0>, C4<0>, C4<0>, C4<0>;
v00000143acd05a40_0 .net/2u *"_ivl_4", 0 0, L_00000143acd2a660;  1 drivers
v00000143acd05ae0_0 .net *"_ivl_6", 0 0, L_00000143acd25af0;  1 drivers
v00000143acd06c60_0 .net *"_ivl_8", 0 0, L_00000143acd25190;  1 drivers
L_00000143acd24f10 .cmp/eq 10, L_00000143acd8d390, L_00000143acd2a618;
v00000143acd205c0_11 .array/port v00000143acd205c0, 11;
L_00000143acd25190 .cmp/eq 10, v00000143acd205c0_11, L_00000143acd8d390;
L_00000143acd25230 .functor MUXZ 1, L_00000143acca3e20, L_00000143acd2a660, L_00000143acd24f10, C4<>;
S_00000143acd03780 .scope generate, "gen_match[12]" "gen_match[12]" 4 95, 4 95 0, S_00000143acc9c0a0;
 .timescale -9 -12;
P_00000143acc777f0 .param/l "g" 0 4 95, +C4<01100>;
L_00000143acca4670 .functor AND 1, L_00000143acd26270, L_00000143acd25370, C4<1>, C4<1>;
L_00000143acd2a6a8 .functor BUFT 1, C4<0000000000>, C4<0>, C4<0>, C4<0>;
v00000143acd07700_0 .net/2u *"_ivl_0", 9 0, L_00000143acd2a6a8;  1 drivers
v00000143acd064e0_0 .net *"_ivl_11", 0 0, L_00000143acca4670;  1 drivers
v00000143acd075c0_0 .net *"_ivl_12", 0 0, L_00000143acd26310;  1 drivers
v00000143acd07a20_0 .net *"_ivl_2", 0 0, L_00000143acd261d0;  1 drivers
L_00000143acd2a6f0 .functor BUFT 1, C4<0>, C4<0>, C4<0>, C4<0>;
v00000143acd05ea0_0 .net/2u *"_ivl_4", 0 0, L_00000143acd2a6f0;  1 drivers
v00000143acd061c0_0 .net *"_ivl_6", 0 0, L_00000143acd26270;  1 drivers
v00000143acd06440_0 .net *"_ivl_8", 0 0, L_00000143acd25370;  1 drivers
L_00000143acd261d0 .cmp/eq 10, L_00000143acd8d390, L_00000143acd2a6a8;
v00000143acd205c0_12 .array/port v00000143acd205c0, 12;
L_00000143acd25370 .cmp/eq 10, v00000143acd205c0_12, L_00000143acd8d390;
L_00000143acd26310 .functor MUXZ 1, L_00000143acca4670, L_00000143acd2a6f0, L_00000143acd261d0, C4<>;
S_00000143acd099a0 .scope generate, "gen_match[13]" "gen_match[13]" 4 95, 4 95 0, S_00000143acc9c0a0;
 .timescale -9 -12;
P_00000143acc77fb0 .param/l "g" 0 4 95, +C4<01101>;
L_00000143acca3c60 .functor AND 1, L_00000143acd263b0, L_00000143acd254b0, C4<1>, C4<1>;
L_00000143acd2a738 .functor BUFT 1, C4<0000000000>, C4<0>, C4<0>, C4<0>;
v00000143acd05b80_0 .net/2u *"_ivl_0", 9 0, L_00000143acd2a738;  1 drivers
v00000143acd06d00_0 .net *"_ivl_11", 0 0, L_00000143acca3c60;  1 drivers
v00000143acd077a0_0 .net *"_ivl_12", 0 0, L_00000143acd25550;  1 drivers
v00000143acd07840_0 .net *"_ivl_2", 0 0, L_00000143acd25cd0;  1 drivers
L_00000143acd2a780 .functor BUFT 1, C4<0>, C4<0>, C4<0>, C4<0>;
v00000143acd08060_0 .net/2u *"_ivl_4", 0 0, L_00000143acd2a780;  1 drivers
v00000143acd06f80_0 .net *"_ivl_6", 0 0, L_00000143acd263b0;  1 drivers
v00000143acd063a0_0 .net *"_ivl_8", 0 0, L_00000143acd254b0;  1 drivers
L_00000143acd25cd0 .cmp/eq 10, L_00000143acd8d390, L_00000143acd2a738;
v00000143acd205c0_13 .array/port v00000143acd205c0, 13;
L_00000143acd254b0 .cmp/eq 10, v00000143acd205c0_13, L_00000143acd8d390;
L_00000143acd25550 .functor MUXZ 1, L_00000143acca3c60, L_00000143acd2a780, L_00000143acd25cd0, C4<>;
S_00000143acd09cc0 .scope generate, "gen_match[14]" "gen_match[14]" 4 95, 4 95 0, S_00000143acc9c0a0;
 .timescale -9 -12;
P_00000143acc77470 .param/l "g" 0 4 95, +C4<01110>;
L_00000143acca40c0 .functor AND 1, L_00000143acd25870, L_00000143acd25910, C4<1>, C4<1>;
L_00000143acd2a7c8 .functor BUFT 1, C4<0000000000>, C4<0>, C4<0>, C4<0>;
v00000143acd07020_0 .net/2u *"_ivl_0", 9 0, L_00000143acd2a7c8;  1 drivers
v00000143acd06bc0_0 .net *"_ivl_11", 0 0, L_00000143acca40c0;  1 drivers
v00000143acd07b60_0 .net *"_ivl_12", 0 0, L_00000143acd25b90;  1 drivers
v00000143acd06120_0 .net *"_ivl_2", 0 0, L_00000143acd25690;  1 drivers
L_00000143acd2a810 .functor BUFT 1, C4<0>, C4<0>, C4<0>, C4<0>;
v00000143acd078e0_0 .net/2u *"_ivl_4", 0 0, L_00000143acd2a810;  1 drivers
v00000143acd07980_0 .net *"_ivl_6", 0 0, L_00000143acd25870;  1 drivers
v00000143acd07e80_0 .net *"_ivl_8", 0 0, L_00000143acd25910;  1 drivers
L_00000143acd25690 .cmp/eq 10, L_00000143acd8d390, L_00000143acd2a7c8;
v00000143acd205c0_14 .array/port v00000143acd205c0, 14;
L_00000143acd25910 .cmp/eq 10, v00000143acd205c0_14, L_00000143acd8d390;
L_00000143acd25b90 .functor MUXZ 1, L_00000143acca40c0, L_00000143acd2a810, L_00000143acd25690, C4<>;
S_00000143acd09b30 .scope generate, "gen_match[15]" "gen_match[15]" 4 95, 4 95 0, S_00000143acc9c0a0;
 .timescale -9 -12;
P_00000143acc77df0 .param/l "g" 0 4 95, +C4<01111>;
L_00000143acca44b0 .functor AND 1, L_00000143acd277b0, L_00000143acd27f30, C4<1>, C4<1>;
L_00000143acd2a858 .functor BUFT 1, C4<0000000000>, C4<0>, C4<0>, C4<0>;
v00000143acd05d60_0 .net/2u *"_ivl_0", 9 0, L_00000143acd2a858;  1 drivers
v00000143acd06300_0 .net *"_ivl_11", 0 0, L_00000143acca44b0;  1 drivers
v00000143acd07660_0 .net *"_ivl_12", 0 0, L_00000143acd27030;  1 drivers
v00000143acd08100_0 .net *"_ivl_2", 0 0, L_00000143acd25e10;  1 drivers
L_00000143acd2a8a0 .functor BUFT 1, C4<0>, C4<0>, C4<0>, C4<0>;
v00000143acd05f40_0 .net/2u *"_ivl_4", 0 0, L_00000143acd2a8a0;  1 drivers
v00000143acd069e0_0 .net *"_ivl_6", 0 0, L_00000143acd277b0;  1 drivers
v00000143acd07ac0_0 .net *"_ivl_8", 0 0, L_00000143acd27f30;  1 drivers
L_00000143acd25e10 .cmp/eq 10, L_00000143acd8d390, L_00000143acd2a858;
v00000143acd205c0_15 .array/port v00000143acd205c0, 15;
L_00000143acd27f30 .cmp/eq 10, v00000143acd205c0_15, L_00000143acd8d390;
L_00000143acd27030 .functor MUXZ 1, L_00000143acca44b0, L_00000143acd2a8a0, L_00000143acd25e10, C4<>;
S_00000143acd0a490 .scope generate, "gen_ready[0]" "gen_ready[0]" 4 130, 4 130 0, S_00000143acc9c0a0;
 .timescale -9 -12;
P_00000143acc775b0 .param/l "g" 0 4 130, +C4<00>;
L_00000143acd2c3e8 .functor BUFT 1, C4<01>, C4<0>, C4<0>, C4<0>;
v00000143acd07200_0 .net/2u *"_ivl_1", 1 0, L_00000143acd2c3e8;  1 drivers
v00000143acd05fe0_0 .net *"_ivl_3", 0 0, L_00000143acd8b810;  1 drivers
L_00000143acd8b810 .cmp/eq 2, L_00000143acd28890, L_00000143acd2c3e8;
S_00000143acd09e50 .scope generate, "gen_ready[1]" "gen_ready[1]" 4 130, 4 130 0, S_00000143acc9c0a0;
 .timescale -9 -12;
P_00000143acc77cb0 .param/l "g" 0 4 130, +C4<01>;
L_00000143acd2c430 .functor BUFT 1, C4<01>, C4<0>, C4<0>, C4<0>;
v00000143acd059a0_0 .net/2u *"_ivl_1", 1 0, L_00000143acd2c430;  1 drivers
v00000143acd072a0_0 .net *"_ivl_3", 0 0, L_00000143acd8b6d0;  1 drivers
L_00000143acd8b6d0 .cmp/eq 2, L_00000143acd28b10, L_00000143acd2c430;
S_00000143acd0af80 .scope generate, "gen_ready[2]" "gen_ready[2]" 4 130, 4 130 0, S_00000143acc9c0a0;
 .timescale -9 -12;
P_00000143acc77eb0 .param/l "g" 0 4 130, +C4<010>;
L_00000143acd2c478 .functor BUFT 1, C4<01>, C4<0>, C4<0>, C4<0>;
v00000143acd07c00_0 .net/2u *"_ivl_1", 1 0, L_00000143acd2c478;  1 drivers
v00000143acd06da0_0 .net *"_ivl_3", 0 0, L_00000143acd8ba90;  1 drivers
L_00000143acd8ba90 .cmp/eq 2, L_00000143acd272b0, L_00000143acd2c478;
S_00000143acd0b110 .scope generate, "gen_ready[3]" "gen_ready[3]" 4 130, 4 130 0, S_00000143acc9c0a0;
 .timescale -9 -12;
P_00000143acc78030 .param/l "g" 0 4 130, +C4<011>;
L_00000143acd2c4c0 .functor BUFT 1, C4<01>, C4<0>, C4<0>, C4<0>;
v00000143acd07ca0_0 .net/2u *"_ivl_1", 1 0, L_00000143acd2c4c0;  1 drivers
v00000143acd06260_0 .net *"_ivl_3", 0 0, L_00000143acd8cc10;  1 drivers
L_00000143acd8cc10 .cmp/eq 2, L_00000143acd29510, L_00000143acd2c4c0;
S_00000143acd0a300 .scope generate, "gen_ready[4]" "gen_ready[4]" 4 130, 4 130 0, S_00000143acc9c0a0;
 .timescale -9 -12;
P_00000143acc77cf0 .param/l "g" 0 4 130, +C4<0100>;
L_00000143acd2c508 .functor BUFT 1, C4<01>, C4<0>, C4<0>, C4<0>;
v00000143acd068a0_0 .net/2u *"_ivl_1", 1 0, L_00000143acd2c508;  1 drivers
v00000143acd07d40_0 .net *"_ivl_3", 0 0, L_00000143acd8b8b0;  1 drivers
L_00000143acd8b8b0 .cmp/eq 2, L_00000143acd281b0, L_00000143acd2c508;
S_00000143acd09fe0 .scope generate, "gen_ready[5]" "gen_ready[5]" 4 130, 4 130 0, S_00000143acc9c0a0;
 .timescale -9 -12;
P_00000143acc777b0 .param/l "g" 0 4 130, +C4<0101>;
L_00000143acd2c550 .functor BUFT 1, C4<01>, C4<0>, C4<0>, C4<0>;
v00000143acd06940_0 .net/2u *"_ivl_1", 1 0, L_00000143acd2c550;  1 drivers
v00000143acd07480_0 .net *"_ivl_3", 0 0, L_00000143acd8be50;  1 drivers
L_00000143acd8be50 .cmp/eq 2, L_00000143acd28610, L_00000143acd2c550;
S_00000143acd0a170 .scope generate, "gen_ready[6]" "gen_ready[6]" 4 130, 4 130 0, S_00000143acc9c0a0;
 .timescale -9 -12;
P_00000143acc77bb0 .param/l "g" 0 4 130, +C4<0110>;
L_00000143acd2c598 .functor BUFT 1, C4<01>, C4<0>, C4<0>, C4<0>;
v00000143acd07de0_0 .net/2u *"_ivl_1", 1 0, L_00000143acd2c598;  1 drivers
v00000143acd07520_0 .net *"_ivl_3", 0 0, L_00000143acd8bdb0;  1 drivers
L_00000143acd8bdb0 .cmp/eq 2, L_00000143acd29c90, L_00000143acd2c598;
S_00000143acd0b750 .scope generate, "gen_ready[7]" "gen_ready[7]" 4 130, 4 130 0, S_00000143acc9c0a0;
 .timescale -9 -12;
P_00000143acc78070 .param/l "g" 0 4 130, +C4<0111>;
L_00000143acd2c5e0 .functor BUFT 1, C4<01>, C4<0>, C4<0>, C4<0>;
v00000143acd06080_0 .net/2u *"_ivl_1", 1 0, L_00000143acd2c5e0;  1 drivers
v00000143acd07340_0 .net *"_ivl_3", 0 0, L_00000143acd8cd50;  1 drivers
L_00000143acd8cd50 .cmp/eq 2, L_00000143acd29a10, L_00000143acd2c5e0;
S_00000143acd0a7b0 .scope generate, "gen_ready[8]" "gen_ready[8]" 4 130, 4 130 0, S_00000143acc9c0a0;
 .timescale -9 -12;
P_00000143acc77230 .param/l "g" 0 4 130, +C4<01000>;
L_00000143acd2c628 .functor BUFT 1, C4<01>, C4<0>, C4<0>, C4<0>;
v00000143acd07f20_0 .net/2u *"_ivl_1", 1 0, L_00000143acd2c628;  1 drivers
v00000143acd06e40_0 .net *"_ivl_3", 0 0, L_00000143acd8bef0;  1 drivers
L_00000143acd8bef0 .cmp/eq 2, L_00000143acd24290, L_00000143acd2c628;
S_00000143acd0a620 .scope generate, "gen_ready[9]" "gen_ready[9]" 4 130, 4 130 0, S_00000143acc9c0a0;
 .timescale -9 -12;
P_00000143acc771b0 .param/l "g" 0 4 130, +C4<01001>;
L_00000143acd2c670 .functor BUFT 1, C4<01>, C4<0>, C4<0>, C4<0>;
v00000143acd06ee0_0 .net/2u *"_ivl_1", 1 0, L_00000143acd2c670;  1 drivers
v00000143acd05c20_0 .net *"_ivl_3", 0 0, L_00000143acd8b770;  1 drivers
L_00000143acd8b770 .cmp/eq 2, L_00000143acd22670, L_00000143acd2c670;
S_00000143acd0adf0 .scope generate, "gen_ready[10]" "gen_ready[10]" 4 130, 4 130 0, S_00000143acc9c0a0;
 .timescale -9 -12;
P_00000143acc77bf0 .param/l "g" 0 4 130, +C4<01010>;
L_00000143acd2c6b8 .functor BUFT 1, C4<01>, C4<0>, C4<0>, C4<0>;
v00000143acd07fc0_0 .net/2u *"_ivl_1", 1 0, L_00000143acd2c6b8;  1 drivers
v00000143acd05cc0_0 .net *"_ivl_3", 0 0, L_00000143acd8c5d0;  1 drivers
L_00000143acd8c5d0 .cmp/eq 2, L_00000143acd24790, L_00000143acd2c6b8;
S_00000143acd0a940 .scope generate, "gen_ready[11]" "gen_ready[11]" 4 130, 4 130 0, S_00000143acc9c0a0;
 .timescale -9 -12;
P_00000143acc77430 .param/l "g" 0 4 130, +C4<01011>;
L_00000143acd2c700 .functor BUFT 1, C4<01>, C4<0>, C4<0>, C4<0>;
v00000143acd05e00_0 .net/2u *"_ivl_1", 1 0, L_00000143acd2c700;  1 drivers
v00000143acd06b20_0 .net *"_ivl_3", 0 0, L_00000143acd8d2f0;  1 drivers
L_00000143acd8d2f0 .cmp/eq 2, L_00000143acd239d0, L_00000143acd2c700;
S_00000143acd0b430 .scope generate, "gen_ready[12]" "gen_ready[12]" 4 130, 4 130 0, S_00000143acc9c0a0;
 .timescale -9 -12;
P_00000143acc77c30 .param/l "g" 0 4 130, +C4<01100>;
L_00000143acd2c748 .functor BUFT 1, C4<01>, C4<0>, C4<0>, C4<0>;
v00000143acd070c0_0 .net/2u *"_ivl_1", 1 0, L_00000143acd2c748;  1 drivers
v00000143acd06580_0 .net *"_ivl_3", 0 0, L_00000143acd8c0d0;  1 drivers
L_00000143acd8c0d0 .cmp/eq 2, L_00000143acd23a70, L_00000143acd2c748;
S_00000143acd0aad0 .scope generate, "gen_ready[13]" "gen_ready[13]" 4 130, 4 130 0, S_00000143acc9c0a0;
 .timescale -9 -12;
P_00000143acc77c70 .param/l "g" 0 4 130, +C4<01101>;
L_00000143acd2c790 .functor BUFT 1, C4<01>, C4<0>, C4<0>, C4<0>;
v00000143acd06620_0 .net/2u *"_ivl_1", 1 0, L_00000143acd2c790;  1 drivers
v00000143acd066c0_0 .net *"_ivl_3", 0 0, L_00000143acd8cdf0;  1 drivers
L_00000143acd8cdf0 .cmp/eq 2, L_00000143acd228f0, L_00000143acd2c790;
S_00000143acd0ac60 .scope generate, "gen_ready[14]" "gen_ready[14]" 4 130, 4 130 0, S_00000143acc9c0a0;
 .timescale -9 -12;
P_00000143acc77d30 .param/l "g" 0 4 130, +C4<01110>;
L_00000143acd2c7d8 .functor BUFT 1, C4<01>, C4<0>, C4<0>, C4<0>;
v00000143acd06760_0 .net/2u *"_ivl_1", 1 0, L_00000143acd2c7d8;  1 drivers
v00000143acd06800_0 .net *"_ivl_3", 0 0, L_00000143acd8b9f0;  1 drivers
L_00000143acd8b9f0 .cmp/eq 2, L_00000143acd23430, L_00000143acd2c7d8;
S_00000143acd0b2a0 .scope generate, "gen_ready[15]" "gen_ready[15]" 4 130, 4 130 0, S_00000143acc9c0a0;
 .timescale -9 -12;
P_00000143acc77730 .param/l "g" 0 4 130, +C4<01111>;
L_00000143acd2c820 .functor BUFT 1, C4<01>, C4<0>, C4<0>, C4<0>;
v00000143acd07160_0 .net/2u *"_ivl_1", 1 0, L_00000143acd2c820;  1 drivers
v00000143acd082e0_0 .net *"_ivl_3", 0 0, L_00000143acd8c170;  1 drivers
L_00000143acd8c170 .cmp/eq 2, L_00000143acd8ca30, L_00000143acd2c820;
S_00000143acd0b5c0 .scope generate, "gen_state[0]" "gen_state[0]" 4 115, 4 115 0, S_00000143acc9c0a0;
 .timescale -9 -12;
P_00000143acc77e70 .param/l "g" 0 4 115, +C4<00>;
v00000143acd08600_0 .net *"_ivl_1", 0 0, L_00000143acd27a30;  1 drivers
L_00000143acd2a930 .functor BUFT 1, C4<11>, C4<0>, C4<0>, C4<0>;
v00000143acd08880_0 .net/2u *"_ivl_10", 1 0, L_00000143acd2a930;  1 drivers
v00000143acd08560_0 .net *"_ivl_14", 0 0, L_00000143acd29790;  1 drivers
L_00000143acd2a978 .functor BUFT 1, C4<10>, C4<0>, C4<0>, C4<0>;
v00000143acd09640_0 .net/2u *"_ivl_16", 1 0, L_00000143acd2a978;  1 drivers
L_00000143acd2a9c0 .functor BUFT 1, C4<0000000000000000>, C4<0>, C4<0>, C4<0>;
v00000143acd08e20_0 .net/2u *"_ivl_19", 15 0, L_00000143acd2a9c0;  1 drivers
v00000143acd08ba0_0 .net *"_ivl_21", 0 0, L_00000143acd27170;  1 drivers
L_00000143acd2aa08 .functor BUFT 1, C4<01>, C4<0>, C4<0>, C4<0>;
v00000143acd09500_0 .net/2u *"_ivl_23", 1 0, L_00000143acd2aa08;  1 drivers
L_00000143acd2aa50 .functor BUFT 1, C4<00>, C4<0>, C4<0>, C4<0>;
v00000143acd081a0_0 .net/2u *"_ivl_25", 1 0, L_00000143acd2aa50;  1 drivers
v00000143acd09460_0 .net *"_ivl_27", 1 0, L_00000143acd275d0;  1 drivers
v00000143acd087e0_0 .net *"_ivl_29", 1 0, L_00000143acd29010;  1 drivers
v00000143acd095a0_0 .net *"_ivl_3", 0 0, L_00000143acd290b0;  1 drivers
v00000143acd08920_0 .net *"_ivl_31", 1 0, L_00000143acd27210;  1 drivers
L_00000143acd2a8e8 .functor BUFT 1, C4<00>, C4<0>, C4<0>, C4<0>;
v00000143acd086a0_0 .net/2u *"_ivl_4", 1 0, L_00000143acd2a8e8;  1 drivers
v00000143acd08d80_0 .net *"_ivl_8", 0 0, L_00000143acd27850;  1 drivers
L_00000143acd290b0 .reduce/nor L_00000143acd27a30;
v00000143acd216a0_0 .array/port v00000143acd216a0, 0;
v00000143acd20840_0 .array/port v00000143acd20840, 0;
L_00000143acd27850 .cmp/eq 10, v00000143acd216a0_0, v00000143acd20840_0;
v00000143acd20b60_0 .array/port v00000143acd20b60, 0;
L_00000143acd29790 .cmp/eq 10, v00000143acd20b60_0, v00000143acd20840_0;
v00000143acd1e4a0_0 .array/port v00000143acd1e4a0, 0;
L_00000143acd27170 .cmp/eq 16, v00000143acd1e4a0_0, L_00000143acd2a9c0;
L_00000143acd275d0 .functor MUXZ 2, L_00000143acd2aa50, L_00000143acd2aa08, L_00000143acd27170, C4<>;
L_00000143acd29010 .functor MUXZ 2, L_00000143acd275d0, L_00000143acd2a978, L_00000143acd29790, C4<>;
L_00000143acd27210 .functor MUXZ 2, L_00000143acd29010, L_00000143acd2a930, L_00000143acd27850, C4<>;
L_00000143acd28890 .functor MUXZ 2, L_00000143acd27210, L_00000143acd2a8e8, L_00000143acd290b0, C4<>;
S_00000143acd0d760 .scope generate, "gen_state[1]" "gen_state[1]" 4 115, 4 115 0, S_00000143acc9c0a0;
 .timescale -9 -12;
P_00000143acc780b0 .param/l "g" 0 4 115, +C4<01>;
v00000143acd08ec0_0 .net *"_ivl_1", 0 0, L_00000143acd28930;  1 drivers
L_00000143acd2aae0 .functor BUFT 1, C4<11>, C4<0>, C4<0>, C4<0>;
v00000143acd08ce0_0 .net/2u *"_ivl_10", 1 0, L_00000143acd2aae0;  1 drivers
v00000143acd08740_0 .net *"_ivl_14", 0 0, L_00000143acd28250;  1 drivers
L_00000143acd2ab28 .functor BUFT 1, C4<10>, C4<0>, C4<0>, C4<0>;
v00000143acd09000_0 .net/2u *"_ivl_16", 1 0, L_00000143acd2ab28;  1 drivers
L_00000143acd2ab70 .functor BUFT 1, C4<0000000000000000>, C4<0>, C4<0>, C4<0>;
v00000143acd089c0_0 .net/2u *"_ivl_19", 15 0, L_00000143acd2ab70;  1 drivers
v00000143acd08a60_0 .net *"_ivl_21", 0 0, L_00000143acd278f0;  1 drivers
L_00000143acd2abb8 .functor BUFT 1, C4<01>, C4<0>, C4<0>, C4<0>;
v00000143acd09280_0 .net/2u *"_ivl_23", 1 0, L_00000143acd2abb8;  1 drivers
L_00000143acd2ac00 .functor BUFT 1, C4<00>, C4<0>, C4<0>, C4<0>;
v00000143acd08c40_0 .net/2u *"_ivl_25", 1 0, L_00000143acd2ac00;  1 drivers
v00000143acd08b00_0 .net *"_ivl_27", 1 0, L_00000143acd29150;  1 drivers
v00000143acd08f60_0 .net *"_ivl_29", 1 0, L_00000143acd28ed0;  1 drivers
v00000143acd08380_0 .net *"_ivl_3", 0 0, L_00000143acd291f0;  1 drivers
v00000143acd090a0_0 .net *"_ivl_31", 1 0, L_00000143acd28e30;  1 drivers
L_00000143acd2aa98 .functor BUFT 1, C4<00>, C4<0>, C4<0>, C4<0>;
v00000143acd093c0_0 .net/2u *"_ivl_4", 1 0, L_00000143acd2aa98;  1 drivers
v00000143acd09140_0 .net *"_ivl_8", 0 0, L_00000143acd286b0;  1 drivers
L_00000143acd291f0 .reduce/nor L_00000143acd28930;
v00000143acd216a0_1 .array/port v00000143acd216a0, 1;
v00000143acd20840_1 .array/port v00000143acd20840, 1;
L_00000143acd286b0 .cmp/eq 10, v00000143acd216a0_1, v00000143acd20840_1;
v00000143acd20b60_1 .array/port v00000143acd20b60, 1;
L_00000143acd28250 .cmp/eq 10, v00000143acd20b60_1, v00000143acd20840_1;
v00000143acd1e4a0_1 .array/port v00000143acd1e4a0, 1;
L_00000143acd278f0 .cmp/eq 16, v00000143acd1e4a0_1, L_00000143acd2ab70;
L_00000143acd29150 .functor MUXZ 2, L_00000143acd2ac00, L_00000143acd2abb8, L_00000143acd278f0, C4<>;
L_00000143acd28ed0 .functor MUXZ 2, L_00000143acd29150, L_00000143acd2ab28, L_00000143acd28250, C4<>;
L_00000143acd28e30 .functor MUXZ 2, L_00000143acd28ed0, L_00000143acd2aae0, L_00000143acd286b0, C4<>;
L_00000143acd28b10 .functor MUXZ 2, L_00000143acd28e30, L_00000143acd2aa98, L_00000143acd291f0, C4<>;
S_00000143acd0c950 .scope generate, "gen_state[2]" "gen_state[2]" 4 115, 4 115 0, S_00000143acc9c0a0;
 .timescale -9 -12;
P_00000143acc780f0 .param/l "g" 0 4 115, +C4<010>;
v00000143acd096e0_0 .net *"_ivl_1", 0 0, L_00000143acd27990;  1 drivers
L_00000143acd2ac90 .functor BUFT 1, C4<11>, C4<0>, C4<0>, C4<0>;
v00000143acd091e0_0 .net/2u *"_ivl_10", 1 0, L_00000143acd2ac90;  1 drivers
v00000143acd09320_0 .net *"_ivl_14", 0 0, L_00000143acd289d0;  1 drivers
L_00000143acd2acd8 .functor BUFT 1, C4<10>, C4<0>, C4<0>, C4<0>;
v00000143acd09780_0 .net/2u *"_ivl_16", 1 0, L_00000143acd2acd8;  1 drivers
L_00000143acd2ad20 .functor BUFT 1, C4<0000000000000000>, C4<0>, C4<0>, C4<0>;
v00000143acd09820_0 .net/2u *"_ivl_19", 15 0, L_00000143acd2ad20;  1 drivers
v00000143acd08240_0 .net *"_ivl_21", 0 0, L_00000143acd28a70;  1 drivers
L_00000143acd2ad68 .functor BUFT 1, C4<01>, C4<0>, C4<0>, C4<0>;
v00000143acd08420_0 .net/2u *"_ivl_23", 1 0, L_00000143acd2ad68;  1 drivers
L_00000143acd2adb0 .functor BUFT 1, C4<00>, C4<0>, C4<0>, C4<0>;
v00000143acd084c0_0 .net/2u *"_ivl_25", 1 0, L_00000143acd2adb0;  1 drivers
v00000143acd0eb50_0 .net *"_ivl_27", 1 0, L_00000143acd29330;  1 drivers
v00000143acd0e970_0 .net *"_ivl_29", 1 0, L_00000143acd28430;  1 drivers
v00000143acd0f9b0_0 .net *"_ivl_3", 0 0, L_00000143acd28d90;  1 drivers
v00000143acd0db10_0 .net *"_ivl_31", 1 0, L_00000143acd293d0;  1 drivers
L_00000143acd2ac48 .functor BUFT 1, C4<00>, C4<0>, C4<0>, C4<0>;
v00000143acd0f7d0_0 .net/2u *"_ivl_4", 1 0, L_00000143acd2ac48;  1 drivers
v00000143acd0ea10_0 .net *"_ivl_8", 0 0, L_00000143acd29290;  1 drivers
L_00000143acd28d90 .reduce/nor L_00000143acd27990;
v00000143acd216a0_2 .array/port v00000143acd216a0, 2;
v00000143acd20840_2 .array/port v00000143acd20840, 2;
L_00000143acd29290 .cmp/eq 10, v00000143acd216a0_2, v00000143acd20840_2;
v00000143acd20b60_2 .array/port v00000143acd20b60, 2;
L_00000143acd289d0 .cmp/eq 10, v00000143acd20b60_2, v00000143acd20840_2;
v00000143acd1e4a0_2 .array/port v00000143acd1e4a0, 2;
L_00000143acd28a70 .cmp/eq 16, v00000143acd1e4a0_2, L_00000143acd2ad20;
L_00000143acd29330 .functor MUXZ 2, L_00000143acd2adb0, L_00000143acd2ad68, L_00000143acd28a70, C4<>;
L_00000143acd28430 .functor MUXZ 2, L_00000143acd29330, L_00000143acd2acd8, L_00000143acd289d0, C4<>;
L_00000143acd293d0 .functor MUXZ 2, L_00000143acd28430, L_00000143acd2ac90, L_00000143acd29290, C4<>;
L_00000143acd272b0 .functor MUXZ 2, L_00000143acd293d0, L_00000143acd2ac48, L_00000143acd28d90, C4<>;
S_00000143acd0bb40 .scope generate, "gen_state[3]" "gen_state[3]" 4 115, 4 115 0, S_00000143acc9c0a0;
 .timescale -9 -12;
P_00000143acc77170 .param/l "g" 0 4 115, +C4<011>;
v00000143acd0e150_0 .net *"_ivl_1", 0 0, L_00000143acd28bb0;  1 drivers
L_00000143acd2ae40 .functor BUFT 1, C4<11>, C4<0>, C4<0>, C4<0>;
v00000143acd0e6f0_0 .net/2u *"_ivl_10", 1 0, L_00000143acd2ae40;  1 drivers
v00000143acd0fff0_0 .net *"_ivl_14", 0 0, L_00000143acd28cf0;  1 drivers
L_00000143acd2ae88 .functor BUFT 1, C4<10>, C4<0>, C4<0>, C4<0>;
v00000143acd0f370_0 .net/2u *"_ivl_16", 1 0, L_00000143acd2ae88;  1 drivers
L_00000143acd2aed0 .functor BUFT 1, C4<0000000000000000>, C4<0>, C4<0>, C4<0>;
v00000143acd0e470_0 .net/2u *"_ivl_19", 15 0, L_00000143acd2aed0;  1 drivers
v00000143acd0dcf0_0 .net *"_ivl_21", 0 0, L_00000143acd27350;  1 drivers
L_00000143acd2af18 .functor BUFT 1, C4<01>, C4<0>, C4<0>, C4<0>;
v00000143acd0f2d0_0 .net/2u *"_ivl_23", 1 0, L_00000143acd2af18;  1 drivers
L_00000143acd2af60 .functor BUFT 1, C4<00>, C4<0>, C4<0>, C4<0>;
v00000143acd0f410_0 .net/2u *"_ivl_25", 1 0, L_00000143acd2af60;  1 drivers
v00000143acd0dd90_0 .net *"_ivl_27", 1 0, L_00000143acd27e90;  1 drivers
v00000143acd0de30_0 .net *"_ivl_29", 1 0, L_00000143acd282f0;  1 drivers
v00000143acd0f870_0 .net *"_ivl_3", 0 0, L_00000143acd28c50;  1 drivers
v00000143acd0fb90_0 .net *"_ivl_31", 1 0, L_00000143acd28f70;  1 drivers
L_00000143acd2adf8 .functor BUFT 1, C4<00>, C4<0>, C4<0>, C4<0>;
v00000143acd0f690_0 .net/2u *"_ivl_4", 1 0, L_00000143acd2adf8;  1 drivers
v00000143acd0fa50_0 .net *"_ivl_8", 0 0, L_00000143acd29470;  1 drivers
L_00000143acd28c50 .reduce/nor L_00000143acd28bb0;
v00000143acd216a0_3 .array/port v00000143acd216a0, 3;
v00000143acd20840_3 .array/port v00000143acd20840, 3;
L_00000143acd29470 .cmp/eq 10, v00000143acd216a0_3, v00000143acd20840_3;
v00000143acd20b60_3 .array/port v00000143acd20b60, 3;
L_00000143acd28cf0 .cmp/eq 10, v00000143acd20b60_3, v00000143acd20840_3;
v00000143acd1e4a0_3 .array/port v00000143acd1e4a0, 3;
L_00000143acd27350 .cmp/eq 16, v00000143acd1e4a0_3, L_00000143acd2aed0;
L_00000143acd27e90 .functor MUXZ 2, L_00000143acd2af60, L_00000143acd2af18, L_00000143acd27350, C4<>;
L_00000143acd282f0 .functor MUXZ 2, L_00000143acd27e90, L_00000143acd2ae88, L_00000143acd28cf0, C4<>;
L_00000143acd28f70 .functor MUXZ 2, L_00000143acd282f0, L_00000143acd2ae40, L_00000143acd29470, C4<>;
L_00000143acd29510 .functor MUXZ 2, L_00000143acd28f70, L_00000143acd2adf8, L_00000143acd28c50, C4<>;
S_00000143acd0cf90 .scope generate, "gen_state[4]" "gen_state[4]" 4 115, 4 115 0, S_00000143acc9c0a0;
 .timescale -9 -12;
P_00000143acc77870 .param/l "g" 0 4 115, +C4<0100>;
v00000143acd0ed30_0 .net *"_ivl_1", 0 0, L_00000143acd27ad0;  1 drivers
L_00000143acd2aff0 .functor BUFT 1, C4<11>, C4<0>, C4<0>, C4<0>;
v00000143acd0e5b0_0 .net/2u *"_ivl_10", 1 0, L_00000143acd2aff0;  1 drivers
v00000143acd0eab0_0 .net *"_ivl_14", 0 0, L_00000143acd270d0;  1 drivers
L_00000143acd2b038 .functor BUFT 1, C4<10>, C4<0>, C4<0>, C4<0>;
v00000143acd0f910_0 .net/2u *"_ivl_16", 1 0, L_00000143acd2b038;  1 drivers
L_00000143acd2b080 .functor BUFT 1, C4<0000000000000000>, C4<0>, C4<0>, C4<0>;
v00000143acd0ebf0_0 .net/2u *"_ivl_19", 15 0, L_00000143acd2b080;  1 drivers
v00000143acd0ec90_0 .net *"_ivl_21", 0 0, L_00000143acd27b70;  1 drivers
L_00000143acd2b0c8 .functor BUFT 1, C4<01>, C4<0>, C4<0>, C4<0>;
v00000143acd0f230_0 .net/2u *"_ivl_23", 1 0, L_00000143acd2b0c8;  1 drivers
L_00000143acd2b110 .functor BUFT 1, C4<00>, C4<0>, C4<0>, C4<0>;
v00000143acd0fc30_0 .net/2u *"_ivl_25", 1 0, L_00000143acd2b110;  1 drivers
v00000143acd0f4b0_0 .net *"_ivl_27", 1 0, L_00000143acd27670;  1 drivers
v00000143acd0edd0_0 .net *"_ivl_29", 1 0, L_00000143acd273f0;  1 drivers
v00000143acd0fcd0_0 .net *"_ivl_3", 0 0, L_00000143acd295b0;  1 drivers
v00000143acd0f730_0 .net *"_ivl_31", 1 0, L_00000143acd284d0;  1 drivers
L_00000143acd2afa8 .functor BUFT 1, C4<00>, C4<0>, C4<0>, C4<0>;
v00000143acd0faf0_0 .net/2u *"_ivl_4", 1 0, L_00000143acd2afa8;  1 drivers
v00000143acd0e1f0_0 .net *"_ivl_8", 0 0, L_00000143acd28390;  1 drivers
L_00000143acd295b0 .reduce/nor L_00000143acd27ad0;
v00000143acd216a0_4 .array/port v00000143acd216a0, 4;
v00000143acd20840_4 .array/port v00000143acd20840, 4;
L_00000143acd28390 .cmp/eq 10, v00000143acd216a0_4, v00000143acd20840_4;
v00000143acd20b60_4 .array/port v00000143acd20b60, 4;
L_00000143acd270d0 .cmp/eq 10, v00000143acd20b60_4, v00000143acd20840_4;
v00000143acd1e4a0_4 .array/port v00000143acd1e4a0, 4;
L_00000143acd27b70 .cmp/eq 16, v00000143acd1e4a0_4, L_00000143acd2b080;
L_00000143acd27670 .functor MUXZ 2, L_00000143acd2b110, L_00000143acd2b0c8, L_00000143acd27b70, C4<>;
L_00000143acd273f0 .functor MUXZ 2, L_00000143acd27670, L_00000143acd2b038, L_00000143acd270d0, C4<>;
L_00000143acd284d0 .functor MUXZ 2, L_00000143acd273f0, L_00000143acd2aff0, L_00000143acd28390, C4<>;
L_00000143acd281b0 .functor MUXZ 2, L_00000143acd284d0, L_00000143acd2afa8, L_00000143acd295b0, C4<>;
S_00000143acd0d120 .scope generate, "gen_state[5]" "gen_state[5]" 4 115, 4 115 0, S_00000143acc9c0a0;
 .timescale -9 -12;
P_00000143acc78130 .param/l "g" 0 4 115, +C4<0101>;
v00000143acd0ee70_0 .net *"_ivl_1", 0 0, L_00000143acd27c10;  1 drivers
L_00000143acd2b1a0 .functor BUFT 1, C4<11>, C4<0>, C4<0>, C4<0>;
v00000143acd0ef10_0 .net/2u *"_ivl_10", 1 0, L_00000143acd2b1a0;  1 drivers
v00000143acd0fd70_0 .net *"_ivl_14", 0 0, L_00000143acd27d50;  1 drivers
L_00000143acd2b1e8 .functor BUFT 1, C4<10>, C4<0>, C4<0>, C4<0>;
v00000143acd0e8d0_0 .net/2u *"_ivl_16", 1 0, L_00000143acd2b1e8;  1 drivers
L_00000143acd2b230 .functor BUFT 1, C4<0000000000000000>, C4<0>, C4<0>, C4<0>;
v00000143acd0efb0_0 .net/2u *"_ivl_19", 15 0, L_00000143acd2b230;  1 drivers
v00000143acd10090_0 .net *"_ivl_21", 0 0, L_00000143acd27490;  1 drivers
L_00000143acd2b278 .functor BUFT 1, C4<01>, C4<0>, C4<0>, C4<0>;
v00000143acd0d9d0_0 .net/2u *"_ivl_23", 1 0, L_00000143acd2b278;  1 drivers
L_00000143acd2b2c0 .functor BUFT 1, C4<00>, C4<0>, C4<0>, C4<0>;
v00000143acd0f550_0 .net/2u *"_ivl_25", 1 0, L_00000143acd2b2c0;  1 drivers
v00000143acd0e290_0 .net *"_ivl_27", 1 0, L_00000143acd296f0;  1 drivers
v00000143acd0e510_0 .net *"_ivl_29", 1 0, L_00000143acd27cb0;  1 drivers
v00000143acd0f5f0_0 .net *"_ivl_3", 0 0, L_00000143acd29650;  1 drivers
v00000143acd0fe10_0 .net *"_ivl_31", 1 0, L_00000143acd27530;  1 drivers
L_00000143acd2b158 .functor BUFT 1, C4<00>, C4<0>, C4<0>, C4<0>;
v00000143acd0e650_0 .net/2u *"_ivl_4", 1 0, L_00000143acd2b158;  1 drivers
v00000143acd0e790_0 .net *"_ivl_8", 0 0, L_00000143acd28570;  1 drivers
L_00000143acd29650 .reduce/nor L_00000143acd27c10;
v00000143acd216a0_5 .array/port v00000143acd216a0, 5;
v00000143acd20840_5 .array/port v00000143acd20840, 5;
L_00000143acd28570 .cmp/eq 10, v00000143acd216a0_5, v00000143acd20840_5;
v00000143acd20b60_5 .array/port v00000143acd20b60, 5;
L_00000143acd27d50 .cmp/eq 10, v00000143acd20b60_5, v00000143acd20840_5;
v00000143acd1e4a0_5 .array/port v00000143acd1e4a0, 5;
L_00000143acd27490 .cmp/eq 16, v00000143acd1e4a0_5, L_00000143acd2b230;
L_00000143acd296f0 .functor MUXZ 2, L_00000143acd2b2c0, L_00000143acd2b278, L_00000143acd27490, C4<>;
L_00000143acd27cb0 .functor MUXZ 2, L_00000143acd296f0, L_00000143acd2b1e8, L_00000143acd27d50, C4<>;
L_00000143acd27530 .functor MUXZ 2, L_00000143acd27cb0, L_00000143acd2b1a0, L_00000143acd28570, C4<>;
L_00000143acd28610 .functor MUXZ 2, L_00000143acd27530, L_00000143acd2b158, L_00000143acd29650, C4<>;
S_00000143acd0be60 .scope generate, "gen_state[6]" "gen_state[6]" 4 115, 4 115 0, S_00000143acc9c0a0;
 .timescale -9 -12;
P_00000143acc771f0 .param/l "g" 0 4 115, +C4<0110>;
v00000143acd0ded0_0 .net *"_ivl_1", 0 0, L_00000143acd27df0;  1 drivers
L_00000143acd2b350 .functor BUFT 1, C4<11>, C4<0>, C4<0>, C4<0>;
v00000143acd0df70_0 .net/2u *"_ivl_10", 1 0, L_00000143acd2b350;  1 drivers
v00000143acd0feb0_0 .net *"_ivl_14", 0 0, L_00000143acd28070;  1 drivers
L_00000143acd2b398 .functor BUFT 1, C4<10>, C4<0>, C4<0>, C4<0>;
v00000143acd0f050_0 .net/2u *"_ivl_16", 1 0, L_00000143acd2b398;  1 drivers
L_00000143acd2b3e0 .functor BUFT 1, C4<0000000000000000>, C4<0>, C4<0>, C4<0>;
v00000143acd0ff50_0 .net/2u *"_ivl_19", 15 0, L_00000143acd2b3e0;  1 drivers
v00000143acd10130_0 .net *"_ivl_21", 0 0, L_00000143acd28110;  1 drivers
L_00000143acd2b428 .functor BUFT 1, C4<01>, C4<0>, C4<0>, C4<0>;
v00000143acd0e0b0_0 .net/2u *"_ivl_23", 1 0, L_00000143acd2b428;  1 drivers
L_00000143acd2b470 .functor BUFT 1, C4<00>, C4<0>, C4<0>, C4<0>;
v00000143acd0f0f0_0 .net/2u *"_ivl_25", 1 0, L_00000143acd2b470;  1 drivers
v00000143acd0da70_0 .net *"_ivl_27", 1 0, L_00000143acd28750;  1 drivers
v00000143acd0e330_0 .net *"_ivl_29", 1 0, L_00000143acd287f0;  1 drivers
v00000143acd0e830_0 .net *"_ivl_3", 0 0, L_00000143acd27710;  1 drivers
v00000143acd0dbb0_0 .net *"_ivl_31", 1 0, L_00000143acd29e70;  1 drivers
L_00000143acd2b308 .functor BUFT 1, C4<00>, C4<0>, C4<0>, C4<0>;
v00000143acd0f190_0 .net/2u *"_ivl_4", 1 0, L_00000143acd2b308;  1 drivers
v00000143acd0e010_0 .net *"_ivl_8", 0 0, L_00000143acd27fd0;  1 drivers
L_00000143acd27710 .reduce/nor L_00000143acd27df0;
v00000143acd216a0_6 .array/port v00000143acd216a0, 6;
v00000143acd20840_6 .array/port v00000143acd20840, 6;
L_00000143acd27fd0 .cmp/eq 10, v00000143acd216a0_6, v00000143acd20840_6;
v00000143acd20b60_6 .array/port v00000143acd20b60, 6;
L_00000143acd28070 .cmp/eq 10, v00000143acd20b60_6, v00000143acd20840_6;
v00000143acd1e4a0_6 .array/port v00000143acd1e4a0, 6;
L_00000143acd28110 .cmp/eq 16, v00000143acd1e4a0_6, L_00000143acd2b3e0;
L_00000143acd28750 .functor MUXZ 2, L_00000143acd2b470, L_00000143acd2b428, L_00000143acd28110, C4<>;
L_00000143acd287f0 .functor MUXZ 2, L_00000143acd28750, L_00000143acd2b398, L_00000143acd28070, C4<>;
L_00000143acd29e70 .functor MUXZ 2, L_00000143acd287f0, L_00000143acd2b350, L_00000143acd27fd0, C4<>;
L_00000143acd29c90 .functor MUXZ 2, L_00000143acd29e70, L_00000143acd2b308, L_00000143acd27710, C4<>;
S_00000143acd0b9b0 .scope generate, "gen_state[7]" "gen_state[7]" 4 115, 4 115 0, S_00000143acc9c0a0;
 .timescale -9 -12;
P_00000143acc77270 .param/l "g" 0 4 115, +C4<0111>;
v00000143acd0dc50_0 .net *"_ivl_1", 0 0, L_00000143acd29d30;  1 drivers
L_00000143acd2b500 .functor BUFT 1, C4<11>, C4<0>, C4<0>, C4<0>;
v00000143acd0e3d0_0 .net/2u *"_ivl_10", 1 0, L_00000143acd2b500;  1 drivers
v00000143acd10270_0 .net *"_ivl_14", 0 0, L_00000143acd298d0;  1 drivers
L_00000143acd2b548 .functor BUFT 1, C4<10>, C4<0>, C4<0>, C4<0>;
v00000143acd10950_0 .net/2u *"_ivl_16", 1 0, L_00000143acd2b548;  1 drivers
L_00000143acd2b590 .functor BUFT 1, C4<0000000000000000>, C4<0>, C4<0>, C4<0>;
v00000143acd113f0_0 .net/2u *"_ivl_19", 15 0, L_00000143acd2b590;  1 drivers
v00000143acd10310_0 .net *"_ivl_21", 0 0, L_00000143acd29bf0;  1 drivers
L_00000143acd2b5d8 .functor BUFT 1, C4<01>, C4<0>, C4<0>, C4<0>;
v00000143acd112b0_0 .net/2u *"_ivl_23", 1 0, L_00000143acd2b5d8;  1 drivers
L_00000143acd2b620 .functor BUFT 1, C4<00>, C4<0>, C4<0>, C4<0>;
v00000143acd10e50_0 .net/2u *"_ivl_25", 1 0, L_00000143acd2b620;  1 drivers
v00000143acd117b0_0 .net *"_ivl_27", 1 0, L_00000143acd29ab0;  1 drivers
v00000143acd10ef0_0 .net *"_ivl_29", 1 0, L_00000143acd29f10;  1 drivers
v00000143acd10770_0 .net *"_ivl_3", 0 0, L_00000143acd29dd0;  1 drivers
v00000143acd103b0_0 .net *"_ivl_31", 1 0, L_00000143acd29970;  1 drivers
L_00000143acd2b4b8 .functor BUFT 1, C4<00>, C4<0>, C4<0>, C4<0>;
v00000143acd10630_0 .net/2u *"_ivl_4", 1 0, L_00000143acd2b4b8;  1 drivers
v00000143acd10a90_0 .net *"_ivl_8", 0 0, L_00000143acd29830;  1 drivers
L_00000143acd29dd0 .reduce/nor L_00000143acd29d30;
v00000143acd216a0_7 .array/port v00000143acd216a0, 7;
v00000143acd20840_7 .array/port v00000143acd20840, 7;
L_00000143acd29830 .cmp/eq 10, v00000143acd216a0_7, v00000143acd20840_7;
v00000143acd20b60_7 .array/port v00000143acd20b60, 7;
L_00000143acd298d0 .cmp/eq 10, v00000143acd20b60_7, v00000143acd20840_7;
v00000143acd1e4a0_7 .array/port v00000143acd1e4a0, 7;
L_00000143acd29bf0 .cmp/eq 16, v00000143acd1e4a0_7, L_00000143acd2b590;
L_00000143acd29ab0 .functor MUXZ 2, L_00000143acd2b620, L_00000143acd2b5d8, L_00000143acd29bf0, C4<>;
L_00000143acd29f10 .functor MUXZ 2, L_00000143acd29ab0, L_00000143acd2b548, L_00000143acd298d0, C4<>;
L_00000143acd29970 .functor MUXZ 2, L_00000143acd29f10, L_00000143acd2b500, L_00000143acd29830, C4<>;
L_00000143acd29a10 .functor MUXZ 2, L_00000143acd29970, L_00000143acd2b4b8, L_00000143acd29dd0, C4<>;
S_00000143acd0bff0 .scope generate, "gen_state[8]" "gen_state[8]" 4 115, 4 115 0, S_00000143acc9c0a0;
 .timescale -9 -12;
P_00000143acc778b0 .param/l "g" 0 4 115, +C4<01000>;
v00000143acd10450_0 .net *"_ivl_1", 0 0, L_00000143acd29b50;  1 drivers
L_00000143acd2b6b0 .functor BUFT 1, C4<11>, C4<0>, C4<0>, C4<0>;
v00000143acd11490_0 .net/2u *"_ivl_10", 1 0, L_00000143acd2b6b0;  1 drivers
v00000143acd10810_0 .net *"_ivl_14", 0 0, L_00000143acd22030;  1 drivers
L_00000143acd2b6f8 .functor BUFT 1, C4<10>, C4<0>, C4<0>, C4<0>;
v00000143acd11530_0 .net/2u *"_ivl_16", 1 0, L_00000143acd2b6f8;  1 drivers
L_00000143acd2b740 .functor BUFT 1, C4<0000000000000000>, C4<0>, C4<0>, C4<0>;
v00000143acd101d0_0 .net/2u *"_ivl_19", 15 0, L_00000143acd2b740;  1 drivers
v00000143acd109f0_0 .net *"_ivl_21", 0 0, L_00000143acd22a30;  1 drivers
L_00000143acd2b788 .functor BUFT 1, C4<01>, C4<0>, C4<0>, C4<0>;
v00000143acd10f90_0 .net/2u *"_ivl_23", 1 0, L_00000143acd2b788;  1 drivers
L_00000143acd2b7d0 .functor BUFT 1, C4<00>, C4<0>, C4<0>, C4<0>;
v00000143acd10590_0 .net/2u *"_ivl_25", 1 0, L_00000143acd2b7d0;  1 drivers
v00000143acd10b30_0 .net *"_ivl_27", 1 0, L_00000143acd241f0;  1 drivers
v00000143acd106d0_0 .net *"_ivl_29", 1 0, L_00000143acd22df0;  1 drivers
v00000143acd11030_0 .net *"_ivl_3", 0 0, L_00000143acd22170;  1 drivers
v00000143acd110d0_0 .net *"_ivl_31", 1 0, L_00000143acd23e30;  1 drivers
L_00000143acd2b668 .functor BUFT 1, C4<00>, C4<0>, C4<0>, C4<0>;
v00000143acd11170_0 .net/2u *"_ivl_4", 1 0, L_00000143acd2b668;  1 drivers
v00000143acd11850_0 .net *"_ivl_8", 0 0, L_00000143acd23250;  1 drivers
L_00000143acd22170 .reduce/nor L_00000143acd29b50;
v00000143acd216a0_8 .array/port v00000143acd216a0, 8;
v00000143acd20840_8 .array/port v00000143acd20840, 8;
L_00000143acd23250 .cmp/eq 10, v00000143acd216a0_8, v00000143acd20840_8;
v00000143acd20b60_8 .array/port v00000143acd20b60, 8;
L_00000143acd22030 .cmp/eq 10, v00000143acd20b60_8, v00000143acd20840_8;
v00000143acd1e4a0_8 .array/port v00000143acd1e4a0, 8;
L_00000143acd22a30 .cmp/eq 16, v00000143acd1e4a0_8, L_00000143acd2b740;
L_00000143acd241f0 .functor MUXZ 2, L_00000143acd2b7d0, L_00000143acd2b788, L_00000143acd22a30, C4<>;
L_00000143acd22df0 .functor MUXZ 2, L_00000143acd241f0, L_00000143acd2b6f8, L_00000143acd22030, C4<>;
L_00000143acd23e30 .functor MUXZ 2, L_00000143acd22df0, L_00000143acd2b6b0, L_00000143acd23250, C4<>;
L_00000143acd24290 .functor MUXZ 2, L_00000143acd23e30, L_00000143acd2b668, L_00000143acd22170, C4<>;
S_00000143acd0c310 .scope generate, "gen_state[9]" "gen_state[9]" 4 115, 4 115 0, S_00000143acc9c0a0;
 .timescale -9 -12;
P_00000143acc775f0 .param/l "g" 0 4 115, +C4<01001>;
v00000143acd10bd0_0 .net *"_ivl_1", 0 0, L_00000143acd23cf0;  1 drivers
L_00000143acd2b860 .functor BUFT 1, C4<11>, C4<0>, C4<0>, C4<0>;
v00000143acd10d10_0 .net/2u *"_ivl_10", 1 0, L_00000143acd2b860;  1 drivers
v00000143acd115d0_0 .net *"_ivl_14", 0 0, L_00000143acd222b0;  1 drivers
L_00000143acd2b8a8 .functor BUFT 1, C4<10>, C4<0>, C4<0>, C4<0>;
v00000143acd11670_0 .net/2u *"_ivl_16", 1 0, L_00000143acd2b8a8;  1 drivers
L_00000143acd2b8f0 .functor BUFT 1, C4<0000000000000000>, C4<0>, C4<0>, C4<0>;
v00000143acd10c70_0 .net/2u *"_ivl_19", 15 0, L_00000143acd2b8f0;  1 drivers
v00000143acd104f0_0 .net *"_ivl_21", 0 0, L_00000143acd23bb0;  1 drivers
L_00000143acd2b938 .functor BUFT 1, C4<01>, C4<0>, C4<0>, C4<0>;
v00000143acd108b0_0 .net/2u *"_ivl_23", 1 0, L_00000143acd2b938;  1 drivers
L_00000143acd2b980 .functor BUFT 1, C4<00>, C4<0>, C4<0>, C4<0>;
v00000143acd11710_0 .net/2u *"_ivl_25", 1 0, L_00000143acd2b980;  1 drivers
v00000143acd10db0_0 .net *"_ivl_27", 1 0, L_00000143acd23c50;  1 drivers
v00000143acd11210_0 .net *"_ivl_29", 1 0, L_00000143acd23930;  1 drivers
v00000143acd11350_0 .net *"_ivl_3", 0 0, L_00000143acd24010;  1 drivers
v00000143acd119e0_0 .net *"_ivl_31", 1 0, L_00000143acd22350;  1 drivers
L_00000143acd2b818 .functor BUFT 1, C4<00>, C4<0>, C4<0>, C4<0>;
v00000143acd137e0_0 .net/2u *"_ivl_4", 1 0, L_00000143acd2b818;  1 drivers
v00000143acd13d80_0 .net *"_ivl_8", 0 0, L_00000143acd246f0;  1 drivers
L_00000143acd24010 .reduce/nor L_00000143acd23cf0;
v00000143acd216a0_9 .array/port v00000143acd216a0, 9;
v00000143acd20840_9 .array/port v00000143acd20840, 9;
L_00000143acd246f0 .cmp/eq 10, v00000143acd216a0_9, v00000143acd20840_9;
v00000143acd20b60_9 .array/port v00000143acd20b60, 9;
L_00000143acd222b0 .cmp/eq 10, v00000143acd20b60_9, v00000143acd20840_9;
v00000143acd1e4a0_9 .array/port v00000143acd1e4a0, 9;
L_00000143acd23bb0 .cmp/eq 16, v00000143acd1e4a0_9, L_00000143acd2b8f0;
L_00000143acd23c50 .functor MUXZ 2, L_00000143acd2b980, L_00000143acd2b938, L_00000143acd23bb0, C4<>;
L_00000143acd23930 .functor MUXZ 2, L_00000143acd23c50, L_00000143acd2b8a8, L_00000143acd222b0, C4<>;
L_00000143acd22350 .functor MUXZ 2, L_00000143acd23930, L_00000143acd2b860, L_00000143acd246f0, C4<>;
L_00000143acd22670 .functor MUXZ 2, L_00000143acd22350, L_00000143acd2b818, L_00000143acd24010, C4<>;
S_00000143acd0d2b0 .scope generate, "gen_state[10]" "gen_state[10]" 4 115, 4 115 0, S_00000143acc9c0a0;
 .timescale -9 -12;
P_00000143acc774b0 .param/l "g" 0 4 115, +C4<01010>;
v00000143acd12ca0_0 .net *"_ivl_1", 0 0, L_00000143acd236b0;  1 drivers
L_00000143acd2ba10 .functor BUFT 1, C4<11>, C4<0>, C4<0>, C4<0>;
v00000143acd13740_0 .net/2u *"_ivl_10", 1 0, L_00000143acd2ba10;  1 drivers
v00000143acd132e0_0 .net *"_ivl_14", 0 0, L_00000143acd23750;  1 drivers
L_00000143acd2ba58 .functor BUFT 1, C4<10>, C4<0>, C4<0>, C4<0>;
v00000143acd13a60_0 .net/2u *"_ivl_16", 1 0, L_00000143acd2ba58;  1 drivers
L_00000143acd2baa0 .functor BUFT 1, C4<0000000000000000>, C4<0>, C4<0>, C4<0>;
v00000143acd125c0_0 .net/2u *"_ivl_19", 15 0, L_00000143acd2baa0;  1 drivers
v00000143acd127a0_0 .net *"_ivl_21", 0 0, L_00000143acd23f70;  1 drivers
L_00000143acd2bae8 .functor BUFT 1, C4<01>, C4<0>, C4<0>, C4<0>;
v00000143acd11b20_0 .net/2u *"_ivl_23", 1 0, L_00000143acd2bae8;  1 drivers
L_00000143acd2bb30 .functor BUFT 1, C4<00>, C4<0>, C4<0>, C4<0>;
v00000143acd12700_0 .net/2u *"_ivl_25", 1 0, L_00000143acd2bb30;  1 drivers
v00000143acd139c0_0 .net *"_ivl_27", 1 0, L_00000143acd240b0;  1 drivers
v00000143acd11c60_0 .net *"_ivl_29", 1 0, L_00000143acd22850;  1 drivers
v00000143acd11da0_0 .net *"_ivl_3", 0 0, L_00000143acd22710;  1 drivers
v00000143acd13060_0 .net *"_ivl_31", 1 0, L_00000143acd22fd0;  1 drivers
L_00000143acd2b9c8 .functor BUFT 1, C4<00>, C4<0>, C4<0>, C4<0>;
v00000143acd140a0_0 .net/2u *"_ivl_4", 1 0, L_00000143acd2b9c8;  1 drivers
v00000143acd13880_0 .net *"_ivl_8", 0 0, L_00000143acd22f30;  1 drivers
L_00000143acd22710 .reduce/nor L_00000143acd236b0;
v00000143acd216a0_10 .array/port v00000143acd216a0, 10;
v00000143acd20840_10 .array/port v00000143acd20840, 10;
L_00000143acd22f30 .cmp/eq 10, v00000143acd216a0_10, v00000143acd20840_10;
v00000143acd20b60_10 .array/port v00000143acd20b60, 10;
L_00000143acd23750 .cmp/eq 10, v00000143acd20b60_10, v00000143acd20840_10;
v00000143acd1e4a0_10 .array/port v00000143acd1e4a0, 10;
L_00000143acd23f70 .cmp/eq 16, v00000143acd1e4a0_10, L_00000143acd2baa0;
L_00000143acd240b0 .functor MUXZ 2, L_00000143acd2bb30, L_00000143acd2bae8, L_00000143acd23f70, C4<>;
L_00000143acd22850 .functor MUXZ 2, L_00000143acd240b0, L_00000143acd2ba58, L_00000143acd23750, C4<>;
L_00000143acd22fd0 .functor MUXZ 2, L_00000143acd22850, L_00000143acd2ba10, L_00000143acd22f30, C4<>;
L_00000143acd24790 .functor MUXZ 2, L_00000143acd22fd0, L_00000143acd2b9c8, L_00000143acd22710, C4<>;
S_00000143acd0d440 .scope generate, "gen_state[11]" "gen_state[11]" 4 115, 4 115 0, S_00000143acc9c0a0;
 .timescale -9 -12;
P_00000143acc77a70 .param/l "g" 0 4 115, +C4<01011>;
v00000143acd12160_0 .net *"_ivl_1", 0 0, L_00000143acd23890;  1 drivers
L_00000143acd2bbc0 .functor BUFT 1, C4<11>, C4<0>, C4<0>, C4<0>;
v00000143acd13100_0 .net/2u *"_ivl_10", 1 0, L_00000143acd2bbc0;  1 drivers
v00000143acd12c00_0 .net *"_ivl_14", 0 0, L_00000143acd231b0;  1 drivers
L_00000143acd2bc08 .functor BUFT 1, C4<10>, C4<0>, C4<0>, C4<0>;
v00000143acd13ba0_0 .net/2u *"_ivl_16", 1 0, L_00000143acd2bc08;  1 drivers
L_00000143acd2bc50 .functor BUFT 1, C4<0000000000000000>, C4<0>, C4<0>, C4<0>;
v00000143acd13920_0 .net/2u *"_ivl_19", 15 0, L_00000143acd2bc50;  1 drivers
v00000143acd13600_0 .net *"_ivl_21", 0 0, L_00000143acd23070;  1 drivers
L_00000143acd2bc98 .functor BUFT 1, C4<01>, C4<0>, C4<0>, C4<0>;
v00000143acd123e0_0 .net/2u *"_ivl_23", 1 0, L_00000143acd2bc98;  1 drivers
L_00000143acd2bce0 .functor BUFT 1, C4<00>, C4<0>, C4<0>, C4<0>;
v00000143acd13b00_0 .net/2u *"_ivl_25", 1 0, L_00000143acd2bce0;  1 drivers
v00000143acd11a80_0 .net *"_ivl_27", 1 0, L_00000143acd23ed0;  1 drivers
v00000143acd12200_0 .net *"_ivl_29", 1 0, L_00000143acd24510;  1 drivers
v00000143acd12e80_0 .net *"_ivl_3", 0 0, L_00000143acd24150;  1 drivers
v00000143acd11bc0_0 .net *"_ivl_31", 1 0, L_00000143acd237f0;  1 drivers
L_00000143acd2bb78 .functor BUFT 1, C4<00>, C4<0>, C4<0>, C4<0>;
v00000143acd122a0_0 .net/2u *"_ivl_4", 1 0, L_00000143acd2bb78;  1 drivers
v00000143acd12d40_0 .net *"_ivl_8", 0 0, L_00000143acd22b70;  1 drivers
L_00000143acd24150 .reduce/nor L_00000143acd23890;
v00000143acd216a0_11 .array/port v00000143acd216a0, 11;
v00000143acd20840_11 .array/port v00000143acd20840, 11;
L_00000143acd22b70 .cmp/eq 10, v00000143acd216a0_11, v00000143acd20840_11;
v00000143acd20b60_11 .array/port v00000143acd20b60, 11;
L_00000143acd231b0 .cmp/eq 10, v00000143acd20b60_11, v00000143acd20840_11;
v00000143acd1e4a0_11 .array/port v00000143acd1e4a0, 11;
L_00000143acd23070 .cmp/eq 16, v00000143acd1e4a0_11, L_00000143acd2bc50;
L_00000143acd23ed0 .functor MUXZ 2, L_00000143acd2bce0, L_00000143acd2bc98, L_00000143acd23070, C4<>;
L_00000143acd24510 .functor MUXZ 2, L_00000143acd23ed0, L_00000143acd2bc08, L_00000143acd231b0, C4<>;
L_00000143acd237f0 .functor MUXZ 2, L_00000143acd24510, L_00000143acd2bbc0, L_00000143acd22b70, C4<>;
L_00000143acd239d0 .functor MUXZ 2, L_00000143acd237f0, L_00000143acd2bb78, L_00000143acd24150, C4<>;
S_00000143acd0c4a0 .scope generate, "gen_state[12]" "gen_state[12]" 4 115, 4 115 0, S_00000143acc9c0a0;
 .timescale -9 -12;
P_00000143acc773b0 .param/l "g" 0 4 115, +C4<01100>;
v00000143acd12a20_0 .net *"_ivl_1", 0 0, L_00000143acd23d90;  1 drivers
L_00000143acd2bd70 .functor BUFT 1, C4<11>, C4<0>, C4<0>, C4<0>;
v00000143acd13c40_0 .net/2u *"_ivl_10", 1 0, L_00000143acd2bd70;  1 drivers
v00000143acd12520_0 .net *"_ivl_14", 0 0, L_00000143acd243d0;  1 drivers
L_00000143acd2bdb8 .functor BUFT 1, C4<10>, C4<0>, C4<0>, C4<0>;
v00000143acd136a0_0 .net/2u *"_ivl_16", 1 0, L_00000143acd2bdb8;  1 drivers
L_00000143acd2be00 .functor BUFT 1, C4<0000000000000000>, C4<0>, C4<0>, C4<0>;
v00000143acd12b60_0 .net/2u *"_ivl_19", 15 0, L_00000143acd2be00;  1 drivers
v00000143acd12de0_0 .net *"_ivl_21", 0 0, L_00000143acd24470;  1 drivers
L_00000143acd2be48 .functor BUFT 1, C4<01>, C4<0>, C4<0>, C4<0>;
v00000143acd11d00_0 .net/2u *"_ivl_23", 1 0, L_00000143acd2be48;  1 drivers
L_00000143acd2be90 .functor BUFT 1, C4<00>, C4<0>, C4<0>, C4<0>;
v00000143acd13ce0_0 .net/2u *"_ivl_25", 1 0, L_00000143acd2be90;  1 drivers
v00000143acd12ac0_0 .net *"_ivl_27", 1 0, L_00000143acd23110;  1 drivers
v00000143acd11e40_0 .net *"_ivl_29", 1 0, L_00000143acd245b0;  1 drivers
v00000143acd14000_0 .net *"_ivl_3", 0 0, L_00000143acd220d0;  1 drivers
v00000143acd13ec0_0 .net *"_ivl_31", 1 0, L_00000143acd24650;  1 drivers
L_00000143acd2bd28 .functor BUFT 1, C4<00>, C4<0>, C4<0>, C4<0>;
v00000143acd13240_0 .net/2u *"_ivl_4", 1 0, L_00000143acd2bd28;  1 drivers
v00000143acd13e20_0 .net *"_ivl_8", 0 0, L_00000143acd24330;  1 drivers
L_00000143acd220d0 .reduce/nor L_00000143acd23d90;
v00000143acd216a0_12 .array/port v00000143acd216a0, 12;
v00000143acd20840_12 .array/port v00000143acd20840, 12;
L_00000143acd24330 .cmp/eq 10, v00000143acd216a0_12, v00000143acd20840_12;
v00000143acd20b60_12 .array/port v00000143acd20b60, 12;
L_00000143acd243d0 .cmp/eq 10, v00000143acd20b60_12, v00000143acd20840_12;
v00000143acd1e4a0_12 .array/port v00000143acd1e4a0, 12;
L_00000143acd24470 .cmp/eq 16, v00000143acd1e4a0_12, L_00000143acd2be00;
L_00000143acd23110 .functor MUXZ 2, L_00000143acd2be90, L_00000143acd2be48, L_00000143acd24470, C4<>;
L_00000143acd245b0 .functor MUXZ 2, L_00000143acd23110, L_00000143acd2bdb8, L_00000143acd243d0, C4<>;
L_00000143acd24650 .functor MUXZ 2, L_00000143acd245b0, L_00000143acd2bd70, L_00000143acd24330, C4<>;
L_00000143acd23a70 .functor MUXZ 2, L_00000143acd24650, L_00000143acd2bd28, L_00000143acd220d0, C4<>;
S_00000143acd0cc70 .scope generate, "gen_state[13]" "gen_state[13]" 4 115, 4 115 0, S_00000143acc9c0a0;
 .timescale -9 -12;
P_00000143acc77ab0 .param/l "g" 0 4 115, +C4<01101>;
v00000143acd13f60_0 .net *"_ivl_1", 0 0, L_00000143acd225d0;  1 drivers
L_00000143acd2bf20 .functor BUFT 1, C4<11>, C4<0>, C4<0>, C4<0>;
v00000143acd131a0_0 .net/2u *"_ivl_10", 1 0, L_00000143acd2bf20;  1 drivers
v00000143acd14140_0 .net *"_ivl_14", 0 0, L_00000143acd22210;  1 drivers
L_00000143acd2bf68 .functor BUFT 1, C4<10>, C4<0>, C4<0>, C4<0>;
v00000143acd11ee0_0 .net/2u *"_ivl_16", 1 0, L_00000143acd2bf68;  1 drivers
L_00000143acd2bfb0 .functor BUFT 1, C4<0000000000000000>, C4<0>, C4<0>, C4<0>;
v00000143acd11f80_0 .net/2u *"_ivl_19", 15 0, L_00000143acd2bfb0;  1 drivers
v00000143acd12f20_0 .net *"_ivl_21", 0 0, L_00000143acd234d0;  1 drivers
L_00000143acd2bff8 .functor BUFT 1, C4<01>, C4<0>, C4<0>, C4<0>;
v00000143acd12340_0 .net/2u *"_ivl_23", 1 0, L_00000143acd2bff8;  1 drivers
L_00000143acd2c040 .functor BUFT 1, C4<00>, C4<0>, C4<0>, C4<0>;
v00000143acd12020_0 .net/2u *"_ivl_25", 1 0, L_00000143acd2c040;  1 drivers
v00000143acd120c0_0 .net *"_ivl_27", 1 0, L_00000143acd22490;  1 drivers
v00000143acd12480_0 .net *"_ivl_29", 1 0, L_00000143acd232f0;  1 drivers
v00000143acd12980_0 .net *"_ivl_3", 0 0, L_00000143acd23b10;  1 drivers
v00000143acd12660_0 .net *"_ivl_31", 1 0, L_00000143acd227b0;  1 drivers
L_00000143acd2bed8 .functor BUFT 1, C4<00>, C4<0>, C4<0>, C4<0>;
v00000143acd12840_0 .net/2u *"_ivl_4", 1 0, L_00000143acd2bed8;  1 drivers
v00000143acd13380_0 .net *"_ivl_8", 0 0, L_00000143acd223f0;  1 drivers
L_00000143acd23b10 .reduce/nor L_00000143acd225d0;
v00000143acd216a0_13 .array/port v00000143acd216a0, 13;
v00000143acd20840_13 .array/port v00000143acd20840, 13;
L_00000143acd223f0 .cmp/eq 10, v00000143acd216a0_13, v00000143acd20840_13;
v00000143acd20b60_13 .array/port v00000143acd20b60, 13;
L_00000143acd22210 .cmp/eq 10, v00000143acd20b60_13, v00000143acd20840_13;
v00000143acd1e4a0_13 .array/port v00000143acd1e4a0, 13;
L_00000143acd234d0 .cmp/eq 16, v00000143acd1e4a0_13, L_00000143acd2bfb0;
L_00000143acd22490 .functor MUXZ 2, L_00000143acd2c040, L_00000143acd2bff8, L_00000143acd234d0, C4<>;
L_00000143acd232f0 .functor MUXZ 2, L_00000143acd22490, L_00000143acd2bf68, L_00000143acd22210, C4<>;
L_00000143acd227b0 .functor MUXZ 2, L_00000143acd232f0, L_00000143acd2bf20, L_00000143acd223f0, C4<>;
L_00000143acd228f0 .functor MUXZ 2, L_00000143acd227b0, L_00000143acd2bed8, L_00000143acd23b10, C4<>;
S_00000143acd0d5d0 .scope generate, "gen_state[14]" "gen_state[14]" 4 115, 4 115 0, S_00000143acc9c0a0;
 .timescale -9 -12;
P_00000143acc776b0 .param/l "g" 0 4 115, +C4<01110>;
v00000143acd128e0_0 .net *"_ivl_1", 0 0, L_00000143acd22990;  1 drivers
L_00000143acd2c0d0 .functor BUFT 1, C4<11>, C4<0>, C4<0>, C4<0>;
v00000143acd134c0_0 .net/2u *"_ivl_10", 1 0, L_00000143acd2c0d0;  1 drivers
v00000143acd12fc0_0 .net *"_ivl_14", 0 0, L_00000143acd22d50;  1 drivers
L_00000143acd2c118 .functor BUFT 1, C4<10>, C4<0>, C4<0>, C4<0>;
v00000143acd13420_0 .net/2u *"_ivl_16", 1 0, L_00000143acd2c118;  1 drivers
L_00000143acd2c160 .functor BUFT 1, C4<0000000000000000>, C4<0>, C4<0>, C4<0>;
v00000143acd13560_0 .net/2u *"_ivl_19", 15 0, L_00000143acd2c160;  1 drivers
v00000143acd154a0_0 .net *"_ivl_21", 0 0, L_00000143acd22ad0;  1 drivers
L_00000143acd2c1a8 .functor BUFT 1, C4<01>, C4<0>, C4<0>, C4<0>;
v00000143acd146e0_0 .net/2u *"_ivl_23", 1 0, L_00000143acd2c1a8;  1 drivers
L_00000143acd2c1f0 .functor BUFT 1, C4<00>, C4<0>, C4<0>, C4<0>;
v00000143acd14820_0 .net/2u *"_ivl_25", 1 0, L_00000143acd2c1f0;  1 drivers
v00000143acd15220_0 .net *"_ivl_27", 1 0, L_00000143acd22c10;  1 drivers
v00000143acd15540_0 .net *"_ivl_29", 1 0, L_00000143acd22cb0;  1 drivers
v00000143acd143c0_0 .net *"_ivl_3", 0 0, L_00000143acd22530;  1 drivers
v00000143acd14a00_0 .net *"_ivl_31", 1 0, L_00000143acd22e90;  1 drivers
L_00000143acd2c088 .functor BUFT 1, C4<00>, C4<0>, C4<0>, C4<0>;
v00000143acd14320_0 .net/2u *"_ivl_4", 1 0, L_00000143acd2c088;  1 drivers
v00000143acd141e0_0 .net *"_ivl_8", 0 0, L_00000143acd23390;  1 drivers
L_00000143acd22530 .reduce/nor L_00000143acd22990;
v00000143acd216a0_14 .array/port v00000143acd216a0, 14;
v00000143acd20840_14 .array/port v00000143acd20840, 14;
L_00000143acd23390 .cmp/eq 10, v00000143acd216a0_14, v00000143acd20840_14;
v00000143acd20b60_14 .array/port v00000143acd20b60, 14;
L_00000143acd22d50 .cmp/eq 10, v00000143acd20b60_14, v00000143acd20840_14;
v00000143acd1e4a0_14 .array/port v00000143acd1e4a0, 14;
L_00000143acd22ad0 .cmp/eq 16, v00000143acd1e4a0_14, L_00000143acd2c160;
L_00000143acd22c10 .functor MUXZ 2, L_00000143acd2c1f0, L_00000143acd2c1a8, L_00000143acd22ad0, C4<>;
L_00000143acd22cb0 .functor MUXZ 2, L_00000143acd22c10, L_00000143acd2c118, L_00000143acd22d50, C4<>;
L_00000143acd22e90 .functor MUXZ 2, L_00000143acd22cb0, L_00000143acd2c0d0, L_00000143acd23390, C4<>;
L_00000143acd23430 .functor MUXZ 2, L_00000143acd22e90, L_00000143acd2c088, L_00000143acd22530, C4<>;
S_00000143acd0bcd0 .scope generate, "gen_state[15]" "gen_state[15]" 4 115, 4 115 0, S_00000143acc9c0a0;
 .timescale -9 -12;
P_00000143acc778f0 .param/l "g" 0 4 115, +C4<01111>;
v00000143acd14be0_0 .net *"_ivl_1", 0 0, L_00000143acd23570;  1 drivers
L_00000143acd2c280 .functor BUFT 1, C4<11>, C4<0>, C4<0>, C4<0>;
v00000143acd14aa0_0 .net/2u *"_ivl_10", 1 0, L_00000143acd2c280;  1 drivers
v00000143acd15180_0 .net *"_ivl_14", 0 0, L_00000143acd8bd10;  1 drivers
L_00000143acd2c2c8 .functor BUFT 1, C4<10>, C4<0>, C4<0>, C4<0>;
v00000143acd14640_0 .net/2u *"_ivl_16", 1 0, L_00000143acd2c2c8;  1 drivers
L_00000143acd2c310 .functor BUFT 1, C4<0000000000000000>, C4<0>, C4<0>, C4<0>;
v00000143acd155e0_0 .net/2u *"_ivl_19", 15 0, L_00000143acd2c310;  1 drivers
v00000143acd14fa0_0 .net *"_ivl_21", 0 0, L_00000143acd8b950;  1 drivers
L_00000143acd2c358 .functor BUFT 1, C4<01>, C4<0>, C4<0>, C4<0>;
v00000143acd152c0_0 .net/2u *"_ivl_23", 1 0, L_00000143acd2c358;  1 drivers
L_00000143acd2c3a0 .functor BUFT 1, C4<00>, C4<0>, C4<0>, C4<0>;
v00000143acd14780_0 .net/2u *"_ivl_25", 1 0, L_00000143acd2c3a0;  1 drivers
v00000143acd145a0_0 .net *"_ivl_27", 1 0, L_00000143acd8c850;  1 drivers
v00000143acd15680_0 .net *"_ivl_29", 1 0, L_00000143acd8c530;  1 drivers
v00000143acd15720_0 .net *"_ivl_3", 0 0, L_00000143acd23610;  1 drivers
v00000143acd14f00_0 .net *"_ivl_31", 1 0, L_00000143acd8d070;  1 drivers
L_00000143acd2c238 .functor BUFT 1, C4<00>, C4<0>, C4<0>, C4<0>;
v00000143acd14b40_0 .net/2u *"_ivl_4", 1 0, L_00000143acd2c238;  1 drivers
v00000143acd14460_0 .net *"_ivl_8", 0 0, L_00000143acd8cad0;  1 drivers
L_00000143acd23610 .reduce/nor L_00000143acd23570;
v00000143acd216a0_15 .array/port v00000143acd216a0, 15;
v00000143acd20840_15 .array/port v00000143acd20840, 15;
L_00000143acd8cad0 .cmp/eq 10, v00000143acd216a0_15, v00000143acd20840_15;
v00000143acd20b60_15 .array/port v00000143acd20b60, 15;
L_00000143acd8bd10 .cmp/eq 10, v00000143acd20b60_15, v00000143acd20840_15;
v00000143acd1e4a0_15 .array/port v00000143acd1e4a0, 15;
L_00000143acd8b950 .cmp/eq 16, v00000143acd1e4a0_15, L_00000143acd2c310;
L_00000143acd8c850 .functor MUXZ 2, L_00000143acd2c3a0, L_00000143acd2c358, L_00000143acd8b950, C4<>;
L_00000143acd8c530 .functor MUXZ 2, L_00000143acd8c850, L_00000143acd2c2c8, L_00000143acd8bd10, C4<>;
L_00000143acd8d070 .functor MUXZ 2, L_00000143acd8c530, L_00000143acd2c280, L_00000143acd8cad0, C4<>;
L_00000143acd8ca30 .functor MUXZ 2, L_00000143acd8d070, L_00000143acd2c238, L_00000143acd23610, C4<>;
    .scope S_00000143acc9c0a0;
T_5 ;
    %wait E_00000143acc7adf0;
    %load/vec4 v00000143acd1fe40_0;
    %dup/vec4;
    %pushi/vec4 0, 0, 2;
    %cmp/u;
    %jmp/1 T_5.0, 6;
    %dup/vec4;
    %pushi/vec4 1, 0, 2;
    %cmp/u;
    %jmp/1 T_5.1, 6;
    %dup/vec4;
    %pushi/vec4 2, 0, 2;
    %cmp/u;
    %jmp/1 T_5.2, 6;
    %dup/vec4;
    %pushi/vec4 3, 0, 2;
    %cmp/u;
    %jmp/1 T_5.3, 6;
    %jmp T_5.4;
T_5.0 ;
    %load/vec4 v00000143acd1ff80_0;
    %parti/s 4, 0, 2;
    %store/vec4 v00000143acd214c0_0, 0, 4;
    %jmp T_5.4;
T_5.1 ;
    %load/vec4 v00000143acd1ff80_0;
    %parti/s 4, 4, 4;
    %store/vec4 v00000143acd214c0_0, 0, 4;
    %jmp T_5.4;
T_5.2 ;
    %load/vec4 v00000143acd1ff80_0;
    %parti/s 4, 8, 5;
    %store/vec4 v00000143acd214c0_0, 0, 4;
    %jmp T_5.4;
T_5.3 ;
    %load/vec4 v00000143acd1ff80_0;
    %parti/s 4, 12, 5;
    %store/vec4 v00000143acd214c0_0, 0, 4;
    %jmp T_5.4;
T_5.4 ;
    %pop/vec4 1;
    %jmp T_5;
    .thread T_5, $push;
    .scope S_00000143acc9c0a0;
T_6 ;
    %wait E_00000143acc7ab30;
    %load/vec4 v00000143acd1fe40_0;
    %load/vec4 v00000143acd20020_0;
    %concat/vec4; draw_concat_vec4
    %store/vec4 v00000143acd1eae0_0, 0, 4;
    %jmp T_6;
    .thread T_6, $push;
    .scope S_00000143acc9c0a0;
T_7 ;
    %wait E_00000143acc7a9b0;
    %load/vec4 v00000143acd212e0_0;
    %dup/vec4;
    %pushi/vec4 0, 0, 2;
    %cmp/u;
    %jmp/1 T_7.0, 6;
    %dup/vec4;
    %pushi/vec4 1, 0, 2;
    %cmp/u;
    %jmp/1 T_7.1, 6;
    %dup/vec4;
    %pushi/vec4 2, 0, 2;
    %cmp/u;
    %jmp/1 T_7.2, 6;
    %dup/vec4;
    %pushi/vec4 3, 0, 2;
    %cmp/u;
    %jmp/1 T_7.3, 6;
    %jmp T_7.4;
T_7.0 ;
    %load/vec4 v00000143acd20980_0;
    %parti/s 4, 0, 2;
    %store/vec4 v00000143acd21600_0, 0, 4;
    %jmp T_7.4;
T_7.1 ;
    %load/vec4 v00000143acd20980_0;
    %parti/s 4, 4, 4;
    %store/vec4 v00000143acd21600_0, 0, 4;
    %jmp T_7.4;
T_7.2 ;
    %load/vec4 v00000143acd20980_0;
    %parti/s 4, 8, 5;
    %store/vec4 v00000143acd21600_0, 0, 4;
    %jmp T_7.4;
T_7.3 ;
    %load/vec4 v00000143acd20980_0;
    %parti/s 4, 12, 5;
    %store/vec4 v00000143acd21600_0, 0, 4;
    %jmp T_7.4;
T_7.4 ;
    %pop/vec4 1;
    %jmp T_7;
    .thread T_7, $push;
    .scope S_00000143acc9c0a0;
T_8 ;
    %wait E_00000143acc7a930;
    %load/vec4 v00000143acd212e0_0;
    %load/vec4 v00000143acd20ac0_0;
    %concat/vec4; draw_concat_vec4
    %store/vec4 v00000143acd21420_0, 0, 4;
    %jmp T_8;
    .thread T_8, $push;
    .scope S_00000143acc9c0a0;
T_9 ;
    %wait E_00000143acc79df0;
    %load/vec4 v00000143acd1eea0_0;
    %nor/r;
    %flag_set/vec4 8;
    %jmp/0xz  T_9.0, 8;
    %pushi/vec4 0, 0, 16;
    %assign/vec4 v00000143acd20a20_0, 0;
    %pushi/vec4 0, 0, 1;
    %assign/vec4 v00000143acd20f20_0, 0;
    %pushi/vec4 0, 0, 4;
    %assign/vec4 v00000143acd21880_0, 0;
    %pushi/vec4 0, 0, 10;
    %assign/vec4 v00000143acd21560_0, 0;
    %pushi/vec4 0, 0, 10;
    %assign/vec4 v00000143acd20d40_0, 0;
    %pushi/vec4 0, 0, 32;
    %assign/vec4 v00000143acd1f440_0, 0;
    %pushi/vec4 0, 0, 6;
    %assign/vec4 v00000143acd1f4e0_0, 0;
    %pushi/vec4 0, 0, 2;
    %assign/vec4 v00000143acd20c00_0, 0;
    %pushi/vec4 0, 0, 32;
    %store/vec4 v00000143acd1ea40_0, 0, 32;
T_9.2 ;
    %load/vec4 v00000143acd1ea40_0;
    %cmpi/s 16, 0, 32;
    %jmp/0xz T_9.3, 5;
    %pushi/vec4 0, 0, 10;
    %ix/getv/s 3, v00000143acd1ea40_0;
    %ix/load 4, 0, 0; Constant delay
    %assign/vec4/a/d v00000143acd205c0, 0, 4;
    %pushi/vec4 0, 0, 10;
    %ix/getv/s 3, v00000143acd1ea40_0;
    %ix/load 4, 0, 0; Constant delay
    %assign/vec4/a/d v00000143acd20840, 0, 4;
    %pushi/vec4 0, 0, 32;
    %ix/getv/s 3, v00000143acd1ea40_0;
    %ix/load 4, 0, 0; Constant delay
    %assign/vec4/a/d v00000143acd20480, 0, 4;
    %pushi/vec4 0, 0, 10;
    %ix/getv/s 3, v00000143acd1ea40_0;
    %ix/load 4, 0, 0; Constant delay
    %assign/vec4/a/d v00000143acd20b60, 0, 4;
    %pushi/vec4 0, 0, 10;
    %ix/getv/s 3, v00000143acd1ea40_0;
    %ix/load 4, 0, 0; Constant delay
    %assign/vec4/a/d v00000143acd216a0, 0, 4;
    %pushi/vec4 0, 0, 16;
    %ix/getv/s 3, v00000143acd1ea40_0;
    %ix/load 4, 0, 0; Constant delay
    %assign/vec4/a/d v00000143acd1e4a0, 0, 4;
    %load/vec4 v00000143acd1ea40_0;
    %addi 1, 0, 32;
    %store/vec4 v00000143acd1ea40_0, 0, 32;
    %jmp T_9.2;
T_9.3 ;
    %jmp T_9.1;
T_9.0 ;
    %pushi/vec4 0, 0, 1;
    %assign/vec4 v00000143acd20f20_0, 0;
    %pushi/vec4 0, 0, 2;
    %assign/vec4 v00000143acd20c00_0, 0;
    %load/vec4 v00000143acd21240_0;
    %flag_set/vec4 8;
    %jmp/0xz  T_9.4, 8;
    %pushi/vec4 1, 0, 1;
    %ix/load 5, 0, 0;
    %ix/getv 4, v00000143acd1eae0_0;
    %assign/vec4/off/d v00000143acd20a20_0, 4, 5;
    %load/vec4 v00000143acd1f300_0;
    %load/vec4 v00000143acd1eae0_0;
    %pad/u 6;
    %ix/vec4 3;
    %ix/load 4, 0, 0; Constant delay
    %assign/vec4/a/d v00000143acd205c0, 0, 4;
    %load/vec4 v00000143acd1f260_0;
    %load/vec4 v00000143acd1eae0_0;
    %pad/u 6;
    %ix/vec4 3;
    %ix/load 4, 0, 0; Constant delay
    %assign/vec4/a/d v00000143acd20840, 0, 4;
    %load/vec4 v00000143acd1efe0_0;
    %load/vec4 v00000143acd1eae0_0;
    %pad/u 6;
    %ix/vec4 3;
    %ix/load 4, 0, 0; Constant delay
    %assign/vec4/a/d v00000143acd20480, 0, 4;
    %pushi/vec4 0, 0, 10;
    %load/vec4 v00000143acd1eae0_0;
    %pad/u 6;
    %ix/vec4 3;
    %ix/load 4, 0, 0; Constant delay
    %assign/vec4/a/d v00000143acd20b60, 0, 4;
    %pushi/vec4 0, 0, 10;
    %load/vec4 v00000143acd1eae0_0;
    %pad/u 6;
    %ix/vec4 3;
    %ix/load 4, 0, 0; Constant delay
    %assign/vec4/a/d v00000143acd216a0, 0, 4;
    %load/vec4 v00000143acd1db40_0;
    %load/vec4 v00000143acd1eae0_0;
    %pad/u 6;
    %ix/vec4 3;
    %ix/load 4, 0, 0; Constant delay
    %assign/vec4/a/d v00000143acd1e4a0, 0, 4;
T_9.4 ;
    %load/vec4 v00000143acd1eb80_0;
    %flag_set/vec4 9;
    %flag_get/vec4 9;
    %jmp/0 T_9.8, 9;
    %load/vec4 v00000143acd20660_0;
    %and;
T_9.8;
    %flag_set/vec4 8;
    %jmp/0xz  T_9.6, 8;
    %pushi/vec4 1, 0, 1;
    %assign/vec4 v00000143acd20f20_0, 0;
    %load/vec4 v00000143acd21420_0;
    %assign/vec4 v00000143acd21880_0, 0;
    %load/vec4 v00000143acd21420_0;
    %pad/u 6;
    %ix/vec4 4;
    %load/vec4a v00000143acd205c0, 4;
    %assign/vec4 v00000143acd21560_0, 0;
    %load/vec4 v00000143acd21420_0;
    %pad/u 6;
    %ix/vec4 4;
    %load/vec4a v00000143acd20b60, 4;
    %assign/vec4 v00000143acd20d40_0, 0;
    %load/vec4 v00000143acd21420_0;
    %pad/u 6;
    %ix/vec4 4;
    %load/vec4a v00000143acd20480, 4;
    %assign/vec4 v00000143acd1f440_0, 0;
    %load/vec4 v00000143acd1f1c0_0;
    %assign/vec4 v00000143acd1f4e0_0, 0;
    %load/vec4 v00000143acd21420_0;
    %pad/u 6;
    %ix/vec4 4;
    %load/vec4a v00000143acd20b60, 4;
    %addi 1, 0, 10;
    %load/vec4 v00000143acd21420_0;
    %pad/u 6;
    %ix/vec4 3;
    %ix/load 4, 0, 0; Constant delay
    %assign/vec4/a/d v00000143acd20b60, 0, 4;
T_9.6 ;
    %load/vec4 v00000143acd1daa0_0;
    %flag_set/vec4 9;
    %flag_get/vec4 9;
    %jmp/0 T_9.11, 9;
    %load/vec4 v00000143acd20a20_0;
    %load/vec4 v00000143acd1ef40_0;
    %part/u 1;
    %and;
T_9.11;
    %flag_set/vec4 8;
    %jmp/0xz  T_9.9, 8;
    %load/vec4 v00000143acd1ef40_0;
    %pad/u 6;
    %ix/vec4 4;
    %load/vec4a v00000143acd216a0, 4;
    %addi 1, 0, 10;
    %load/vec4 v00000143acd1ef40_0;
    %pad/u 6;
    %ix/vec4 3;
    %ix/load 4, 0, 0; Constant delay
    %assign/vec4/a/d v00000143acd216a0, 0, 4;
    %load/vec4 v00000143acd1ef40_0;
    %pad/u 6;
    %ix/vec4 4;
    %load/vec4a v00000143acd216a0, 4;
    %addi 1, 0, 10;
    %load/vec4 v00000143acd1ef40_0;
    %pad/u 6;
    %ix/vec4 4;
    %load/vec4a v00000143acd20840, 4;
    %cmp/e;
    %jmp/0xz  T_9.12, 4;
    %pushi/vec4 0, 0, 1;
    %ix/load 5, 0, 0;
    %ix/getv 4, v00000143acd1ef40_0;
    %assign/vec4/off/d v00000143acd20a20_0, 4, 5;
    %pushi/vec4 0, 0, 32;
    %store/vec4 v00000143acd1f3a0_0, 0, 32;
T_9.14 ;
    %load/vec4 v00000143acd1f3a0_0;
    %cmpi/s 16, 0, 32;
    %jmp/0xz T_9.15, 5;
    %pushi/vec4 0, 0, 1;
    %ix/getv/s 4, v00000143acd1f3a0_0;
    %flag_mov 8, 4;
    %ix/getv 5, v00000143acd1ef40_0;
    %flag_or 8, 4;
    %ix/load 6, 0, 0; Constant delay
    %ix/mov 3, 4;
    %flag_mov 4, 8;
    %assign/vec4/a/d v00000143acd1e4a0, 5, 6;
    %load/vec4 v00000143acd1f3a0_0;
    %addi 1, 0, 32;
    %store/vec4 v00000143acd1f3a0_0, 0, 32;
    %jmp T_9.14;
T_9.15 ;
T_9.12 ;
T_9.9 ;
    %load/vec4 v00000143acd20a20_0;
    %cmpi/e 65535, 0, 16;
    %flag_get/vec4 4;
    %jmp/0 T_9.18, 4;
    %load/vec4 v00000143acd20660_0;
    %nor/r;
    %and;
T_9.18;
    %flag_set/vec4 8;
    %jmp/0xz  T_9.16, 8;
    %pushi/vec4 1, 0, 2;
    %assign/vec4 v00000143acd20c00_0, 0;
T_9.16 ;
T_9.1 ;
    %jmp T_9;
    .thread T_9;
    .scope S_00000143acc95a20;
T_10 ;
    %pushi/vec4 0, 0, 32;
    %store/vec4 v00000143acd202a0_0, 0, 32;
    %pushi/vec4 0, 0, 32;
    %store/vec4 v00000143acd20700_0, 0, 32;
    %end;
    .thread T_10, $init;
    .scope S_00000143acc95a20;
T_11 ;
    %pushi/vec4 0, 0, 1;
    %store/vec4 v00000143acd21740_0, 0, 1;
T_11.0 ;
    %delay 2000, 0;
    %load/vec4 v00000143acd21740_0;
    %inv;
    %store/vec4 v00000143acd21740_0, 0, 1;
    %jmp T_11.0;
    %end;
    .thread T_11;
    .scope S_00000143acc95a20;
T_12 ;
    %delay 50000000, 0;
    %vpi_call/w 3 78 "$display", "\012\033[0;31m[FATAL] Watchdog Timer Expired! Simulation Hung.\033[0m" {0 0 0};
    %vpi_call/w 3 79 "$finish" {0 0 0};
    %end;
    .thread T_12;
    .scope S_00000143acc95a20;
T_13 ;
    %fork t_1, S_00000143acbfadf0;
    %jmp t_0;
    .scope S_00000143acbfadf0;
t_1 ;
    %vpi_call/w 3 167 "$display", "===============================================================" {0 0 0};
    %vpi_call/w 3 168 "$display", "                 STARTING ADVANCED TMT VERIFICATION              " {0 0 0};
    %vpi_call/w 3 169 "$display", "===============================================================" {0 0 0};
    %fork TD_tmt_tb.reset_system, S_00000143acb567d0;
    %join;
    %vpi_call/w 3 176 "$display", "\012--- [TEST 1] Sanity: Multi-Instance Task ---" {0 0 0};
    %pushi/vec4 100, 0, 10;
    %store/vec4 v00000143acc92590_0, 0, 10;
    %pushi/vec4 2, 0, 10;
    %store/vec4 v00000143acc93cb0_0, 0, 10;
    %pushi/vec4 2863267840, 0, 32;
    %store/vec4 v00000143acc92810_0, 0, 32;
    %pushi/vec4 0, 0, 10;
    %store/vec4 v00000143acc937b0_0, 0, 10;
    %fork TD_tmt_tb.push_task, S_00000143acbc9c00;
    %join;
    %pushi/vec4 10, 0, 6;
    %store/vec4 v00000143acc93e90_0, 0, 6;
    %fork TD_tmt_tb.allocate_core, S_00000143accae3a0;
    %join;
    %load/vec4 v00000143acc92770_0;
    %store/vec4 v00000143acc92b30_0, 0, 10;
    %load/vec4 v00000143acc93030_0;
    %store/vec4 v00000143acc93850_0, 0, 4;
    %load/vec4 v00000143acc92b30_0;
    %pad/u 32;
    %cast2;
    %store/vec4 v00000143acc92db0_0, 0, 32;
    %pushi/vec4 100, 0, 32;
    %store/vec4 v00000143acc930d0_0, 0, 32;
    %pushi/str "T1: Allocated Task ID should be 100";
    %store/str v00000143acc92e50_0;
    %fork TD_tmt_tb.assert_eq, S_00000143acbc9a70;
    %join;
    %load/vec4 v00000143acd20520_0;
    %pad/u 32;
    %cast2;
    %store/vec4 v00000143acc92db0_0, 0, 32;
    %pushi/vec4 0, 0, 32;
    %store/vec4 v00000143acc930d0_0, 0, 32;
    %pushi/str "T1: Instance ID should be 0";
    %store/str v00000143acc92e50_0;
    %fork TD_tmt_tb.assert_eq, S_00000143acbc9a70;
    %join;
    %load/vec4 v00000143acd217e0_0;
    %cast2;
    %store/vec4 v00000143acc92db0_0, 0, 32;
    %pushi/vec4 2863267840, 0, 32;
    %store/vec4 v00000143acc930d0_0, 0, 32;
    %pushi/str "T1: Dispatch Address Mismatch";
    %store/str v00000143acc92e50_0;
    %fork TD_tmt_tb.assert_eq, S_00000143acbc9a70;
    %join;
    %pushi/vec4 11, 0, 6;
    %store/vec4 v00000143acc93e90_0, 0, 6;
    %fork TD_tmt_tb.allocate_core, S_00000143accae3a0;
    %join;
    %load/vec4 v00000143acc92770_0;
    %store/vec4 v00000143acc92b30_0, 0, 10;
    %load/vec4 v00000143acc93030_0;
    %store/vec4 v00000143acc93850_0, 0, 4;
    %load/vec4 v00000143acd20520_0;
    %pad/u 32;
    %cast2;
    %store/vec4 v00000143acc92db0_0, 0, 32;
    %pushi/vec4 1, 0, 32;
    %store/vec4 v00000143acc930d0_0, 0, 32;
    %pushi/str "T1: Instance ID should be 1";
    %store/str v00000143acc92e50_0;
    %fork TD_tmt_tb.assert_eq, S_00000143acbc9a70;
    %join;
    %wait E_00000143acc79db0;
    %load/vec4 v00000143acc93850_0;
    %pad/u 6;
    %ix/vec4 4;
    %load/vec4a v00000143acd20fc0, 4;
    %pad/u 32;
    %cast2;
    %store/vec4 v00000143acc92db0_0, 0, 32;
    %pushi/vec4 2, 0, 32;
    %store/vec4 v00000143acc930d0_0, 0, 32;
    %pushi/str "T1: FSM State should be ALL_ALLOCATED (10)";
    %store/str v00000143acc92e50_0;
    %fork TD_tmt_tb.assert_eq, S_00000143acbc9a70;
    %join;
    %load/vec4 v00000143acc93850_0;
    %store/vec4 v00000143acc93f30_0, 0, 4;
    %fork TD_tmt_tb.terminate_task_instance, S_00000143acb56960;
    %join;
    %load/vec4 v00000143acc93850_0;
    %store/vec4 v00000143acc93f30_0, 0, 4;
    %fork TD_tmt_tb.terminate_task_instance, S_00000143acb56960;
    %join;
    %wait E_00000143acc79db0;
    %load/vec4 v00000143acd20a20_0;
    %load/vec4 v00000143acc93850_0;
    %part/u 1;
    %pad/u 32;
    %cast2;
    %store/vec4 v00000143acc92db0_0, 0, 32;
    %pushi/vec4 0, 0, 32;
    %store/vec4 v00000143acc930d0_0, 0, 32;
    %pushi/str "T1: TRF Slot should be freed after termination";
    %store/str v00000143acc92e50_0;
    %fork TD_tmt_tb.assert_eq, S_00000143acbc9a70;
    %join;
    %vpi_call/w 3 203 "$display", "\012--- [TEST 2] Deep Dependency Chain ---" {0 0 0};
    %pushi/vec4 10, 0, 10;
    %store/vec4 v00000143acc92590_0, 0, 10;
    %pushi/vec4 1, 0, 10;
    %store/vec4 v00000143acc93cb0_0, 0, 10;
    %pushi/vec4 16, 0, 32;
    %store/vec4 v00000143acc92810_0, 0, 32;
    %pushi/vec4 0, 0, 10;
    %store/vec4 v00000143acc937b0_0, 0, 10;
    %fork TD_tmt_tb.push_task, S_00000143acbc9c00;
    %join;
    %pushi/vec4 20, 0, 10;
    %store/vec4 v00000143acc92590_0, 0, 10;
    %pushi/vec4 1, 0, 10;
    %store/vec4 v00000143acc93cb0_0, 0, 10;
    %pushi/vec4 32, 0, 32;
    %store/vec4 v00000143acc92810_0, 0, 32;
    %pushi/vec4 10, 0, 10;
    %store/vec4 v00000143acc937b0_0, 0, 10;
    %fork TD_tmt_tb.push_task, S_00000143acbc9c00;
    %join;
    %pushi/vec4 30, 0, 10;
    %store/vec4 v00000143acc92590_0, 0, 10;
    %pushi/vec4 1, 0, 10;
    %store/vec4 v00000143acc93cb0_0, 0, 10;
    %pushi/vec4 48, 0, 32;
    %store/vec4 v00000143acc92810_0, 0, 32;
    %pushi/vec4 20, 0, 10;
    %store/vec4 v00000143acc937b0_0, 0, 10;
    %fork TD_tmt_tb.push_task, S_00000143acbc9c00;
    %join;
    %pushi/vec4 1, 0, 6;
    %store/vec4 v00000143acc93e90_0, 0, 6;
    %fork TD_tmt_tb.allocate_core, S_00000143accae3a0;
    %join;
    %load/vec4 v00000143acc92770_0;
    %store/vec4 v00000143acc92b30_0, 0, 10;
    %load/vec4 v00000143acc93030_0;
    %store/vec4 v00000143acc93850_0, 0, 4;
    %load/vec4 v00000143acc92b30_0;
    %pad/u 32;
    %cast2;
    %store/vec4 v00000143acc92db0_0, 0, 32;
    %pushi/vec4 10, 0, 32;
    %store/vec4 v00000143acc930d0_0, 0, 32;
    %pushi/str "T2: Only Task 10 should be ready to allocate";
    %store/str v00000143acc92e50_0;
    %fork TD_tmt_tb.assert_eq, S_00000143acbc9a70;
    %join;
    %pushi/vec4 1, 0, 1;
    %store/vec4 v00000143acd21060_0, 0, 1;
    %pushi/vec4 2, 0, 6;
    %store/vec4 v00000143acd20e80_0, 0, 6;
    %wait E_00000143acc79db0;
    %delay 1000, 0;
    %load/vec4 v00000143acd20de0_0;
    %pad/u 32;
    %cast2;
    %store/vec4 v00000143acc92db0_0, 0, 32;
    %pushi/vec4 0, 0, 32;
    %store/vec4 v00000143acc930d0_0, 0, 32;
    %pushi/str "T2: Task 20 should NOT be acknowledged (Blocked by Dep)";
    %store/str v00000143acc92e50_0;
    %fork TD_tmt_tb.assert_eq, S_00000143acbc9a70;
    %join;
    %pushi/vec4 0, 0, 1;
    %store/vec4 v00000143acd21060_0, 0, 1;
    %load/vec4 v00000143acc93850_0;
    %store/vec4 v00000143acc93f30_0, 0, 4;
    %fork TD_tmt_tb.terminate_task_instance, S_00000143acb56960;
    %join;
    %pushi/vec4 2, 0, 6;
    %store/vec4 v00000143acc93e90_0, 0, 6;
    %fork TD_tmt_tb.allocate_core, S_00000143accae3a0;
    %join;
    %load/vec4 v00000143acc92770_0;
    %store/vec4 v00000143acc92b30_0, 0, 10;
    %load/vec4 v00000143acc93030_0;
    %store/vec4 v00000143acc93850_0, 0, 4;
    %load/vec4 v00000143acc92b30_0;
    %pad/u 32;
    %cast2;
    %store/vec4 v00000143acc92db0_0, 0, 32;
    %pushi/vec4 20, 0, 32;
    %store/vec4 v00000143acc930d0_0, 0, 32;
    %pushi/str "T2: Task 20 should now be allocated";
    %store/str v00000143acc92e50_0;
    %fork TD_tmt_tb.assert_eq, S_00000143acbc9a70;
    %join;
    %load/vec4 v00000143acc93850_0;
    %store/vec4 v00000143acc93f30_0, 0, 4;
    %fork TD_tmt_tb.terminate_task_instance, S_00000143acb56960;
    %join;
    %pushi/vec4 3, 0, 6;
    %store/vec4 v00000143acc93e90_0, 0, 6;
    %fork TD_tmt_tb.allocate_core, S_00000143accae3a0;
    %join;
    %load/vec4 v00000143acc92770_0;
    %store/vec4 v00000143acc92b30_0, 0, 10;
    %load/vec4 v00000143acc93030_0;
    %store/vec4 v00000143acc93850_0, 0, 4;
    %load/vec4 v00000143acc92b30_0;
    %pad/u 32;
    %cast2;
    %store/vec4 v00000143acc92db0_0, 0, 32;
    %pushi/vec4 30, 0, 32;
    %store/vec4 v00000143acc930d0_0, 0, 32;
    %pushi/str "T2: Task 30 should now be allocated";
    %store/str v00000143acc92e50_0;
    %fork TD_tmt_tb.assert_eq, S_00000143acbc9a70;
    %join;
    %load/vec4 v00000143acc93850_0;
    %store/vec4 v00000143acc93f30_0, 0, 4;
    %fork TD_tmt_tb.terminate_task_instance, S_00000143acb56960;
    %join;
    %vpi_call/w 3 240 "$display", "\012--- [TEST 3] Stress Test: Full TRF Capacity ---" {0 0 0};
    %fork TD_tmt_tb.reset_system, S_00000143acb567d0;
    %join;
    %fork t_3, S_00000143acca2680;
    %jmp t_2;
    .scope S_00000143acca2680;
t_3 ;
    %pushi/vec4 0, 0, 32;
    %store/vec4 v00000143acc92ef0_0, 0, 32;
T_13.0 ;
    %load/vec4 v00000143acc92ef0_0;
    %cmpi/s 16, 0, 32;
    %jmp/0xz T_13.1, 5;
    %pushi/vec4 1000, 0, 32;
    %load/vec4 v00000143acc92ef0_0;
    %add;
    %pad/s 10;
    %store/vec4 v00000143acc92590_0, 0, 10;
    %pushi/vec4 1, 0, 10;
    %store/vec4 v00000143acc93cb0_0, 0, 10;
    %pushi/vec4 3149594624, 0, 32;
    %load/vec4 v00000143acc92ef0_0;
    %add;
    %store/vec4 v00000143acc92810_0, 0, 32;
    %pushi/vec4 0, 0, 10;
    %store/vec4 v00000143acc937b0_0, 0, 10;
    %fork TD_tmt_tb.push_task, S_00000143acbc9c00;
    %join;
    ; show_stmt_assign_vector: Get l-value for compressed += operand
    %load/vec4 v00000143acc92ef0_0;
    %pushi/vec4 1, 0, 32;
    %add;
    %cast2;
    %store/vec4 v00000143acc92ef0_0, 0, 32;
    %jmp T_13.0;
T_13.1 ;
    %end;
    .scope S_00000143acbfadf0;
t_2 %join;
    %wait E_00000143acc79db0;
    %load/vec4 v00000143acd20a20_0;
    %pad/u 32;
    %cast2;
    %store/vec4 v00000143acc92db0_0, 0, 32;
    %pushi/vec4 65535, 0, 32;
    %store/vec4 v00000143acc930d0_0, 0, 32;
    %pushi/str "T3: TRF should be completely full (FFFF)";
    %store/str v00000143acc92e50_0;
    %fork TD_tmt_tb.assert_eq, S_00000143acbc9a70;
    %join;
    %pushi/vec4 4190113792, 0, 32;
    %concati/vec4 0, 0, 32;
    %store/vec4 v00000143acd20340_0, 0, 64;
    %pushi/vec4 0, 0, 1;
    %store/vec4 v00000143acd21100_0, 0, 1;
    %wait E_00000143acc79db0;
    %delay 1000, 0;
    %load/vec4 v00000143acd257d0_0;
    %pad/u 32;
    %cast2;
    %store/vec4 v00000143acc92db0_0, 0, 32;
    %pushi/vec4 0, 0, 32;
    %store/vec4 v00000143acc930d0_0, 0, 32;
    %pushi/str "T3: FIFO should backpressure when TRF is full";
    %store/str v00000143acc92e50_0;
    %fork TD_tmt_tb.assert_eq, S_00000143acbc9a70;
    %join;
    %pushi/vec4 1, 0, 1;
    %store/vec4 v00000143acd21100_0, 0, 1;
    %fork t_5, S_00000143accacce0;
    %jmp t_4;
    .scope S_00000143accacce0;
t_5 ;
    %pushi/vec4 0, 0, 32;
    %store/vec4 v00000143acc92bd0_0, 0, 32;
T_13.2 ;
    %load/vec4 v00000143acc92bd0_0;
    %cmpi/s 16, 0, 32;
    %jmp/0xz T_13.3, 5;
    %pushi/vec4 20, 0, 32;
    %load/vec4 v00000143acc92bd0_0;
    %add;
    %pad/u 6;
    %store/vec4 v00000143acc93e90_0, 0, 6;
    %fork TD_tmt_tb.allocate_core, S_00000143accae3a0;
    %join;
    %load/vec4 v00000143acc92770_0;
    %store/vec4 v00000143acc92b30_0, 0, 10;
    %load/vec4 v00000143acc93030_0;
    %store/vec4 v00000143acc93850_0, 0, 4;
    %load/vec4 v00000143acc93850_0;
    %store/vec4 v00000143acc93f30_0, 0, 4;
    %fork TD_tmt_tb.terminate_task_instance, S_00000143acb56960;
    %join;
    ; show_stmt_assign_vector: Get l-value for compressed += operand
    %load/vec4 v00000143acc92bd0_0;
    %pushi/vec4 1, 0, 32;
    %add;
    %cast2;
    %store/vec4 v00000143acc92bd0_0, 0, 32;
    %jmp T_13.2;
T_13.3 ;
    %end;
    .scope S_00000143acbfadf0;
t_4 %join;
    %wait E_00000143acc79db0;
    %load/vec4 v00000143acd20a20_0;
    %pad/u 32;
    %cast2;
    %store/vec4 v00000143acc92db0_0, 0, 32;
    %pushi/vec4 0, 0, 32;
    %store/vec4 v00000143acc930d0_0, 0, 32;
    %pushi/str "T3: TRF should be completely empty after drain";
    %store/str v00000143acc92e50_0;
    %fork TD_tmt_tb.assert_eq, S_00000143acbc9a70;
    %join;
    %vpi_call/w 3 271 "$display", "\012--- [TEST 4] FDIR Deadlock Detection ---" {0 0 0};
    %fork TD_tmt_tb.reset_system, S_00000143acb567d0;
    %join;
    %pushi/vec4 1, 0, 10;
    %store/vec4 v00000143acc92590_0, 0, 10;
    %pushi/vec4 10, 0, 10;
    %store/vec4 v00000143acc93cb0_0, 0, 10;
    %pushi/vec4 3735879681, 0, 32;
    %store/vec4 v00000143acc92810_0, 0, 32;
    %pushi/vec4 0, 0, 10;
    %store/vec4 v00000143acc937b0_0, 0, 10;
    %fork TD_tmt_tb.push_task, S_00000143acbc9c00;
    %join;
    %fork t_7, S_00000143acc94550;
    %jmp t_6;
    .scope S_00000143acc94550;
t_7 ;
    %pushi/vec4 1, 0, 32;
    %store/vec4 v00000143acc92f90_0, 0, 32;
T_13.4 ;
    %load/vec4 v00000143acc92f90_0;
    %cmpi/s 16, 0, 32;
    %jmp/0xz T_13.5, 5;
    %pushi/vec4 2, 0, 32;
    %load/vec4 v00000143acc92f90_0;
    %add;
    %pad/u 10;
    %store/vec4 v00000143acc92590_0, 0, 10;
    %pushi/vec4 1, 0, 10;
    %store/vec4 v00000143acc93cb0_0, 0, 10;
    %pushi/vec4 3735879680, 0, 32;
    %load/vec4 v00000143acc92f90_0;
    %add;
    %store/vec4 v00000143acc92810_0, 0, 32;
    %pushi/vec4 1, 0, 10;
    %store/vec4 v00000143acc937b0_0, 0, 10;
    %fork TD_tmt_tb.push_task, S_00000143acbc9c00;
    %join;
    ; show_stmt_assign_vector: Get l-value for compressed += operand
    %load/vec4 v00000143acc92f90_0;
    %pushi/vec4 1, 0, 32;
    %add;
    %cast2;
    %store/vec4 v00000143acc92f90_0, 0, 32;
    %jmp T_13.4;
T_13.5 ;
    %end;
    .scope S_00000143acbfadf0;
t_6 %join;
    %wait E_00000143acc79db0;
    %load/vec4 v00000143acd20a20_0;
    %pad/u 32;
    %cast2;
    %store/vec4 v00000143acc92db0_0, 0, 32;
    %pushi/vec4 65535, 0, 32;
    %store/vec4 v00000143acc930d0_0, 0, 32;
    %pushi/str "T4: TRF should be full";
    %store/str v00000143acc92e50_0;
    %fork TD_tmt_tb.assert_eq, S_00000143acbc9a70;
    %join;
    %load/vec4 v00000143acd20200_0;
    %pad/u 32;
    %cast2;
    %store/vec4 v00000143acc92db0_0, 0, 32;
    %pushi/vec4 0, 0, 32;
    %store/vec4 v00000143acc930d0_0, 0, 32;
    %pushi/str "T4: Err should be 00 before exhaustion";
    %store/str v00000143acc92e50_0;
    %fork TD_tmt_tb.assert_eq, S_00000143acbc9a70;
    %join;
    %fork t_9, S_00000143acc946e0;
    %jmp t_8;
    .scope S_00000143acc946e0;
t_9 ;
    %pushi/vec4 0, 0, 32;
    %store/vec4 v00000143acc92a90_0, 0, 32;
T_13.6 ;
    %load/vec4 v00000143acc92a90_0;
    %cmpi/s 10, 0, 32;
    %jmp/0xz T_13.7, 5;
    %pushi/vec4 40, 0, 32;
    %load/vec4 v00000143acc92a90_0;
    %add;
    %pad/u 6;
    %store/vec4 v00000143acc93e90_0, 0, 6;
    %fork TD_tmt_tb.allocate_core, S_00000143accae3a0;
    %join;
    %load/vec4 v00000143acc92770_0;
    %store/vec4 v00000143acc92b30_0, 0, 10;
    %load/vec4 v00000143acc93030_0;
    %store/vec4 v00000143acc93850_0, 0, 4;
    ; show_stmt_assign_vector: Get l-value for compressed += operand
    %load/vec4 v00000143acc92a90_0;
    %pushi/vec4 1, 0, 32;
    %add;
    %cast2;
    %store/vec4 v00000143acc92a90_0, 0, 32;
    %jmp T_13.6;
T_13.7 ;
    %end;
    .scope S_00000143acbfadf0;
t_8 %join;
    %wait E_00000143acc79db0;
    %delay 1000, 0;
    %load/vec4 v00000143acd20200_0;
    %pad/u 32;
    %cast2;
    %store/vec4 v00000143acc92db0_0, 0, 32;
    %pushi/vec4 1, 0, 32;
    %store/vec4 v00000143acc930d0_0, 0, 32;
    %pushi/str "T4: DEADLOCK SHOULD BE DETECTED! (Err=01)";
    %store/str v00000143acc92e50_0;
    %fork TD_tmt_tb.assert_eq, S_00000143acbc9a70;
    %join;
    %vpi_call/w 3 296 "$display", "T4: Relieving deadlock by terminating Task 1 instances..." {0 0 0};
    %fork t_11, S_00000143accae210;
    %jmp t_10;
    .scope S_00000143accae210;
t_11 ;
    %pushi/vec4 0, 0, 32;
    %store/vec4 v00000143acc92c70_0, 0, 32;
T_13.8 ;
    %load/vec4 v00000143acc92c70_0;
    %cmpi/s 10, 0, 32;
    %jmp/0xz T_13.9, 5;
    %ix/load 4, 1, 0;
    %flag_set/imm 4, 0;
    %load/vec4a v00000143acd211a0, 4;
    %pad/s 4;
    %store/vec4 v00000143acc93f30_0, 0, 4;
    %fork TD_tmt_tb.terminate_task_instance, S_00000143acb56960;
    %join;
    ; show_stmt_assign_vector: Get l-value for compressed += operand
    %load/vec4 v00000143acc92c70_0;
    %pushi/vec4 1, 0, 32;
    %add;
    %cast2;
    %store/vec4 v00000143acc92c70_0, 0, 32;
    %jmp T_13.8;
T_13.9 ;
    %end;
    .scope S_00000143acbfadf0;
t_10 %join;
    %wait E_00000143acc79db0;
    %delay 1000, 0;
    %load/vec4 v00000143acd20200_0;
    %pad/u 32;
    %cast2;
    %store/vec4 v00000143acc92db0_0, 0, 32;
    %pushi/vec4 0, 0, 32;
    %store/vec4 v00000143acc930d0_0, 0, 32;
    %pushi/str "T4: Deadlock should be cleared after blocker terminates";
    %store/str v00000143acc92e50_0;
    %fork TD_tmt_tb.assert_eq, S_00000143acbc9a70;
    %join;
    %vpi_call/w 3 307 "$display", "\012===============================================================" {0 0 0};
    %load/vec4 v00000143acd202a0_0;
    %cmpi/e 0, 0, 32;
    %jmp/0xz  T_13.10, 4;
    %vpi_call/w 3 309 "$display", "\033[0;32m   VERIFICATION PASSED! \033[0m" {0 0 0};
    %vpi_call/w 3 310 "$display", "   All %0d assertions passed with flying colors.", v00000143acd20700_0 {0 0 0};
    %jmp T_13.11;
T_13.10 ;
    %vpi_call/w 3 312 "$display", "\033[0;31m   VERIFICATION FAILED \033[0m" {0 0 0};
    %vpi_call/w 3 313 "$display", "   Found %0d errors during testing.", v00000143acd202a0_0 {0 0 0};
T_13.11 ;
    %vpi_call/w 3 315 "$display", "===============================================================\012" {0 0 0};
    %vpi_call/w 3 316 "$finish" {0 0 0};
    %end;
    .scope S_00000143acc95a20;
t_0 %join;
    %end;
    .thread T_13;
# The file index is used to find the file name in the following table.
:file_names 5;
    "N/A";
    "<interactive>";
    "-";
    "tb\tmt_tb.sv";
    "tb/../src/modules/tmt.v";
